Utterance_Das,Original_Label,DeepSeek
also I was the point person on my company's transition from the KL-5 to GR-6 system. (Statement Non Opinion) ,neutral,neutral
You must've had your hands full. (Statement Opinion) ,neutral,joy
That I did. That I did. (Agreement) ,neutral,neutral
So let's talk a little bit about your duties. (Statement Non Opinion) ,neutral,neutral
My duties? All right. (Agreement) ,surprise,neutral
"Now you'll be heading a whole division, so you'll have a lot of duties. (Statement Non Opinion) ",neutral,neutral
I see. (Agreement) ,neutral,neutral
But there'll be perhaps 30 people under you so you can dump a certain amount on them. (Statement Opinion) ,neutral,joy
Good to know. (Statement Non Opinion) ,neutral,neutral
We can go into detail (Statement Opinion) ,neutral,neutral
No don't I beg of you! (Disagreement) ,fear,fear
"All right then, we'll have a definite answer for you on Monday, but I think I can say with some confidence, you'll fit in well here. (Statement Opinion) ",neutral,joy
Really?! (Question) ,surprise,surprise
Absolutely. You can relax (Answer) ,neutral,joy
But then who? The waitress I went out with last month? (Question) ,surprise,surprise
You know? Forget it! (Statement Opinion) ,sadness,anger
"No-no-no-no, no! Who, who were you talking about? (Question) ",surprise,fear
"No, I-I-I-I don't, I actually don't know (Answer) ",fear,sadness
Ok! (Backchannel) ,neutral,neutral
"All right, well... (Others) ",neutral,neutral
"Yeah, sure! (Backchannel) ",neutral,neutral
"Hey, Mon. (Greeting) ",neutral,neutral
Hey-hey-hey. You wanna hear something that sucks. (Question) ,neutral,sadness
Do I ever. (Others) ,joy,neutral
Chris says they're closing down the bar. (Statement Non Opinion) ,sadness,sadness
No way! (Disagreement) ,surprise,surprise
"Yeah, apparently they're turning it into some kinda coffee place. (Statement Non Opinion) ",neutral,sadness
Just coffee! Where are we gonna hang out now? (Question) ,disgust,anger
Got me. (Others) ,sadness,neutral
Can I get a beer. (Question) ,neutral,neutral
"Hey, did you pick a roommate? (Question) ",neutral,neutral
You betcha! (Others) ,joy,joy
Is it the Italian guy? (Question) ,neutral,neutral
"Um-mm, yeah right! (Answer) ",joy,disgust
"Oh my God, oh my God! Poor Monica! (Statement Non Opinion) ",surprise,fear
"What, what, what?! (Question) ",surprise,surprise
What?! (Question) ,surprise,surprise
He was with her when he wrote this poem. (Statement Non Opinion) ,neutral,sadness
"Look, 'My vessel so empty with nothing inside. (Statement Non Opinion) ",neutral,sadness
"Now that I've touched you, you seem emptier still.' (Statement Non Opinion) ",neutral,sadness
"He thinks Monica is empty, she is the empty vase! (Statement Opinion) ",surprise,anger
"Oh, totally. Oh, God, oh, she seemed so happy too. (Statement Opinion) ",sadness,sadness
Done. (Agreement) ,neutral,neutral
Hey! (Greeting) ,surprise,joy
Hi! (Greeting) ,joy,joy
What are you doing here? (Question) ,surprise,surprise
"Ah y'know, this building is on my paper route so I... (Statement Non Opinion) ",neutral,neutral
Oh. (Backchannel) ,neutral,neutral
Hi. (Greeting) ,neutral,joy
Hi. (Greeting) ,neutral,joy
How'd did it go? (Question) ,neutral,neutral
"Oh well, the woman I interviewed with was pretty tough, but y'know thank God Mark coached me, because once I started talking about the fall line, she got all happy and wouldn't shut up. (Statement Non Opinion) ",joy,joy
I'm so proud of you. (Apology) ,joy,joy
Me too! (Agreement) ,joy,joy
"Listen, I'm ah, I'm sorry I've been so crazy and jealous and, it's just that I like you a lot, so... (Apology) ",sadness,sadness
I know. (Agreement) ,neutral,neutral
Yeah. (Backchannel) ,neutral,neutral
Yeah. (Backchannel) ,neutral,neutral
Ameri-can. (Others) ,neutral,neutral
Ameri-ccan. (Others) ,neutral,neutral
Ameri-can. Y'know it's a (Statement Non Opinion) ,neutral,neutral
Everybody!! (Others) ,surprise,joy
Good job Joe! Well done! Top notch! (Apology) ,joy,joy
You liked it? You really liked it? (Question) ,surprise,surprise
"Oh-ho-ho, yeah! (Answer) ",joy,joy
Which part exactly? (Question) ,neutral,neutral
The whole thing! Can we go? (Answer) ,neutral,joy
"Oh no-no-no, give me some specifics. (Command) ",anger,anger
"I love the specifics, the specifics were the best part! (Statement Opinion) ",joy,joy
"Hey, what about the scene with the kangaroo? Did-did you like that part? (Question) ",neutral,neutral
I was surprised to see a kangaroo in a World War I epic. (Answer) ,surprise,surprise
You fell asleep!! (Statement Non Opinion) ,anger,anger
There was no kangaroo! (Statement Non Opinion) ,anger,anger
They didn't take any of my suggestions! (Statement Non Opinion) ,anger,anger
That's for coming buddy. (Statement Opinion) ,neutral,joy
I'll see you later. (Statement Non Opinion) ,neutral,neutral
Don't go! (Command) ,sadness,fear
I'm sorry. (Apology) ,sadness,sadness
I'm so sorry! (Apology) ,sadness,sadness
Look! (Command) ,surprise,neutral
This guy fell asleep! (Statement Non Opinion) ,anger,neutral
He fell asleep too! (Statement Non Opinion) ,anger,neutral
Be mad at him! (Statement Opinion) ,anger,anger
"Or, call an ambulance. (Statement Opinion) ",anger,neutral
"Okay, look, I think we have to tell Rachel she messed up her dessert. (Statement Opinion) ",neutral,neutral
"What?! What is with everybody? It's Thanksgiving, not...Truth-Day! (Question) ",anger,anger
"Yes, and it is my dying wish to have that ring. (Statement Opinion) ",neutral,sadness
"See, if I'm not buried with that ring then my spirit is going to wander the nether world for all eternity (Statement Opinion) ",neutral,fear
"Okay, that's enough honey! (Statement Non Opinion) ",neutral,anger
I don't know. Let me see the ring. (Statement Non Opinion) ,neutral,neutral
"Great! Okay, here. (Agreement) ",joy,joy
All right. (Others) ,neutral,neutral
Thank you. Thank you. Thank you! And (Acknowledge) ,joy,joy
What've you been up to? (Question) ,neutral,neutral
"Oh, you know, the usual, teaching aerobics, partying way too much. (Answer) ",neutral,joy
"Oh, and in case you were wondering, those are my legs on the new James Bond poster. (Statement Non Opinion) ",neutral,joy
Can you hold on a moment? I have another call. I love her. (Statement Non Opinion) ,joy,joy
I know. (Agreement) ,neutral,neutral
I'm back. (Statement Non Opinion) ,neutral,neutral
"So, are we gonna get together or what? (Question) ",neutral,neutral
"Um, absolutely. Uh, how 'bout tomorrow afternoon? Do you know uh, Central Perk in the Village, say, five-ish? (Answer) ",neutral,joy
"Great, I'll see you then. (Agreement) ",neutral,joy
Ok. Ok. Having a phone has finally paid off. (Statement Non Opinion) ,joy,joy
"Even though you do do a good Bob impression, I'm thinkin' when she sees you tomorow, she's probably gonna realize, ""Hey, you're not Bob."" (Statement Opinion) ",neutral,neutral
"I'm hoping that when Bob doesn't show up, she will seek comfort in the open arms of the wry stranger at the next table. (Statement Opinion) ",neutral,joy
Oh my god. You are pure evil. (Statement Opinion) ,disgust,anger
"Ok, pure evil , horny and alone . I've done this (Statement Non Opinion) ",anger,neutral
Nobody! (Others) ,anger,anger
Nobody respects the bucket! (Statement Opinion) ,anger,anger
You wouldn't believe what people put in here! (Statement Non Opinion) ,anger,disgust
Look! (Command) ,anger,anger
"Okay, does this look like a garbage can to you? (Question) ",anger,anger
No. (Answer) ,neutral,neutral
This is my wedding. (Statement Non Opinion) ,neutral,neutral
"All right, y'know what? We really are late! Let's go! Let's go! Let's go!! (Statement Non Opinion) ",anger,anger
Fine. You'll-you'll watch it on video when we get back. (Statement Non Opinion) ,neutral,sadness
Here you go Phoebe! Here you go Phobo! Phewbedo! Phaybobo. (Statement Non Opinion) ,joy,joy
Thank you. (Greeting) ,neutral,neutral
Thank you. (Greeting) ,neutral,neutral
"All right, let's go! Bye, Pheebs! (Greeting) ",joy,neutral
"Bye, Pheebs! (Greeting) ",joy,neutral
London baby!! (Others) ,joy,joy
"Oh, do you need a hug? You don't have to bring me anything! (Statement Opinion) ",joy,joy
Hey! (Greeting) ,neutral,neutral
Hey! So Estelle lined up a bunch of auditions for me tomorrow and I'll have my health insurance back in no time. (Statement Non Opinion) ,joy,joy
"That's great, but shouldn't you be on the toilet right now? (Question) ",disgust,neutral
What?! (Question) ,surprise,surprise
What's wrong with you? (Question) ,disgust,neutral
Nothing! (Answer) ,neutral,neutral
"Well, I-I got this blinding pain in my stomach when I was lifting weights before, then I uh passed out and uh, haven't been able to stand up since. (Statement Non Opinion) ",fear,fear
"But um, I don't think it's anything serious. (Statement Opinion) ",neutral,neutral
This sounds like a hernia. You have to--you-you go to the doctor! (Statement Opinion) ,surprise,fear
"No way! 'Kay look, if I have to go to the doctor for anything it's gonna be for this thing sticking out of my stomach! (Disagreement) ",fear,fear
That's a hernia. (Statement Non Opinion) ,disgust,neutral
Why did I have to start working out again? Damn you 15s! (Question) ,anger,anger
I love your place! Where is this guy from? (Question) ,joy,joy
Uh that's an eighteenth century Indian artifact from Calcutta. (Answer) ,neutral,neutral
"Oh wow! So, you're more than just dinosaurs. (Statement Opinion) ",surprise,surprise
So much more. (Agreement) ,neutral,joy
"Well, well to sum up, we're having fun, you look young. (Statement Non Opinion) ",neutral,joy
Okay (Agreement) ,neutral,neutral
But that's not enough. So... So...here's a key to my apartment. (Statement Non Opinion) ,neutral,neutral
Really?! (Question) ,surprise,surprise
Really. (Answer) ,neutral,neutral
You don't think this is too fast. (Statement Opinion) ,neutral,fear
Get Out! (Command) ,anger,anger
"Ross, can I talk to you for a minute? (Question) ",neutral,neutral
"Yes, please! So, what's going on? (Answer) ",neutral,joy
"Uh, well... Joey and I broke up. (Statement Non Opinion) ",sadness,sadness
"Oh my God, wh-what happened? (Question) ",surprise,surprise
"Joey is a great guy, but we're just... so different! I mean, during your speech he kept laughing at homo erectus! (Answer) ",sadness,sadness
I knew that was him! (Statement Opinion) ,anger,anger
"Anyway I just, uh, I think it's for the best. (Statement Opinion) ",sadness,sadness
"Hey, you ok? (Question) ",neutral,neutral
I guess. (Answer) ,sadness,sadness
There was hum... there was another reason that I thought it was time to end it with Joey. (Statement Non Opinion) ,neutral,neutral
I started to realize that I was having feelings for someone else. (Statement Opinion) ,neutral,neutral
"Ok Geller. Last day of the conference, you know what happens to the keynote speaker. (Statement Non Opinion) ",neutral,neutral
"Oh, professor Clerk we're kind of in the middle of a conversation, here. (Statement Non Opinion) ",neutral,neutral
"Yeah, can you guys just throw him in the pool later? (Question) ",neutral,neutral
Or we could throw you both in (Statement Opinion) ,joy,joy
"Ok, gentlemen! (Others) ",anger,neutral
Please! (Others) ,anger,neutral
Aren't we a little old for this? (Statement Opinion) ,anger,neutral
"I mean, we're scientists, right? (Statement Opinion) ",neutral,neutral
We're academics. (Statement Non Opinion) ,anger,neutral
And most importantly I... you-you will have to catch us first. (Statement Non Opinion) ,joy,joy
"GO, GO, GO! (Command) ",joy,joy
"Go, go, go! (Command) ",joy,anger
"Oh yeah, now everybody wants to be under this hat! (Statement Opinion) ",joy,disgust
Oy!! (Others) ,disgust,surprise
What's with all this sand? (Question) ,surprise,neutral
"Oh, yeah, Bob said there might be flood damage. (Statement Non Opinion) ",neutral,sadness
"Yeah, either that, or he has a really big cat. (Statement Opinion) ",neutral,joy
"Okay, see that blind guy right there? I'm gonna bash his head in later. (Statement Non Opinion) ",anger,anger
"Oh umm, my big scene is coming up. Big scene coming up. (Statement Non Opinion) ",joy,joy
"If you said, ""Big lima bean, bubbling up."" Would she understand the difference? (Question) ",neutral,neutral
Rach? What are you doing? (Question) ,neutral,surprise
"Oh boy, I just can't watch. It's too scary! (Statement Opinion) ",fear,fear
It's a diaper commercial. (Statement Non Opinion) ,neutral,neutral
"Oh yeah well, you know me, babies, responsibilities, ahhh!!! (Statement Non Opinion) ",fear,fear
Pizza delivery! (Others) ,joy,joy
I'll get it! I will get that! (Statement Non Opinion) ,joy,joy
Hi! (Greeting) ,joy,joy
Hi! (Greeting) ,joy,joy
"Hey, you wanna get something to eat or uh, do you wanna see how long we can throw this ball back and forth? Huh? (Question) ",neutral,joy
"Uhh, the ball thing. (Answer) ",neutral,neutral
Yeah? (Backchannel) ,neutral,neutral
"Hey Ross, wouldn't it be great if we could go two straight hours without dropping it?! (Question) ",joy,joy
"Uhh, (Answer) ",neutral,neutral
Okay! (Agreement) ,joy,joy
Uh-oh. (Backchannel) ,fear,surprise
What? (Question) ,neutral,surprise
I have to pee. And Rachel's in the bathroom! (Answer) ,sadness,sadness
"Man, I didn't think we were gonna make it! (Statement Opinion) ",surprise,joy
"I know! Don't switch hands, okay? (Statement Opinion) ",fear,anger
Hey. (Greeting) ,neutral,neutral
Hey! (Greeting) ,neutral,joy
How did it go with Erin? (Question) ,neutral,neutral
"Oh, unbelievable! We had the best time! (Statement Non Opinion) ",joy,joy
"Yay!! Oh so, you're not, you're not mad at us anymore? (Question) ",joy,surprise
No! (Answer) ,joy,neutral
No! (Answer) ,joy,neutral
No! (Answer) ,joy,neutral
You guys were totally right! (Statement Opinion) ,joy,joy
This is so much better than the first time we went out. (Statement Opinion) ,joy,joy
Y'know? (Others) ,neutral,neutral
"That was so awkward, we were really nervous. (Statement Opinion) ",neutral,sadness
Didn't you sleep together? (Question) ,neutral,surprise
"Yeah, that really calms me down. (Answer) ",neutral,joy
And! (Backchannel) ,joy,neutral
We have so much in common! (Statement Non Opinion) ,joy,joy
"She loves sandwiches, sports, although she is a Met fan, not much of an issue now but if we were ever to have kids, well that's a (Statement Non Opinion) ",joy,neutral
"Oh my God! Listen to you talkin' about having kids. Oh my Joey. Oh, please don't get married before I do. (Statement Opinion) ",surprise,joy
Okay. (Agreement) ,neutral,neutral
How does she do that? (Question) ,surprise,surprise
I cannot sleep in a public place. (Statement Opinion) ,neutral,neutral
Would you look at her? She is so peaceful. (Question) ,joy,joy
Oh! What what what! ...Hi. (Greeting) ,surprise,surprise
"It's okay, y'know, you just nodded off again. (Statement Non Opinion) ",neutral,neutral
What's going on with you? (Question) ,surprise,neutral
I got no sleep last night! (Answer) ,anger,sadness
Why? (Question) ,neutral,neutral
"My grandmother has this new boyfriend, and they're both kind of insecure in bed. (Answer) ",disgust,disgust
"Oh, and deaf. (Others) ",neutral,neutral
"So they're constantly, like, having to reassure each other that they're having a good time. (Statement Non Opinion) ",neutral,disgust
You have no idea how loud they are! (Statement Non Opinion) ,disgust,anger
"Well, if you want, you can stay with Rachel and me tonight. (Statement Opinion) ",neutral,joy
Thanks. (Greeting) ,joy,joy
Ew! What is that? Something exploded! (Question) ,disgust,disgust
"It's just her water breaking. Calm down, will you? (Answer) ",neutral,neutral
"Water breaking, what do you mean? What's that, water breaking? (Question) ",surprise,fear
"Breathe, breathe, breathe. (Others) ",neutral,neutral
"Are you insane? I mean Joey, is going to kill you, he's actually going to kill you dead. (Statement Opinion) ",surprise,anger
Okay! You don't think I thought of that? (Statement Non Opinion) ,anger,anger
How can you not know which one? (Question) ,surprise,surprise
I mean that's unbelievable. (Statement Opinion) ,joy,surprise
"I mean, was it Gina? (Question) ",neutral,neutral
Which one is Gina? (Question) ,neutral,neutral
"Dark, big hair, with the airplane earrings. (Answer) ",neutral,neutral
"No, no, no, that's Dina. (Statement Non Opinion) ",neutral,anger
"You see you can't tell which one is which either, dwha!! (Agreement) ",surprise,joy
"I don't know, you thought 'See you Saturday' was funny. (Statement Non Opinion) ",neutral,neutral
"Look honey, Mark is in fashion okay, I like having a friend that I can share this stuff with. (Statement Opinion) ",neutral,joy
You guys would never want to go to a lecture with me. (Statement Non Opinion) ,neutral,sadness
Pa-haa!! I would love to go with you. (Statement Opinion) ,joy,joy
Really!? (Question) ,surprise,surprise
"Yeah, hey I-I have clothes, I even pick them out. (Answer) ",neutral,neutral
"I mean for, for all you know I could be a fashion..... monger. (Statement Non Opinion) ",neutral,neutral
"Okay. Honey, I would love for you to go with me. What? (Statement Opinion) ",joy,joy
"What should I wear, now I'm all nervous. (Question) ",fear,fear
": I know, we did it!! Hey, that was incredible, huh?! (Statement Opinion) ",joy,joy
"I know, it was amazing! I mean, we totally nailed it, it was beautiful. (Agreement) ",joy,joy
": Thank you, listen, thanks a lot Tribbiani, . Oh my God, look at the time, I gotta catch the bus to the ball. (Statement Non Opinion) ",joy,neutral
"Oh well, okay, good luck. (Greeting) ",joy,neutral
: Yeah. (Others) ,neutral,neutral
Unless you wanna practice the Foxtrot again? Or-or the Tango? (Statement Opinion) ,neutral,joy
": Ahh, thanks but no. You see I-I think I'm ready to dance with girls. (Statement Opinion) ",neutral,joy
Okay. (Agreement) ,neutral,neutral
: Yeah. (Backchannel) ,neutral,neutral
Go get 'em Treeger. (Command) ,neutral,joy
": Right. Hey, ahh, you wanna come? Marge has a girlfriend. (Question) ",neutral,joy
Really? (Backchannel) ,surprise,surprise
": Yeah, you could dance real good with her, she's the same size as me. (Answer) ",neutral,joy
"No, I'm good. (Disagreement) ",neutral,neutral
"Oh God, this is so nerve wracking! How-how do you do this? (Question) ",surprise,fear
"Well, unfortunately, I don't get many callbacks so (Answer) ",neutral,sadness
Is it a good sign that they asked us to hang around after the audition? (Question) ,surprise,surprise
Who knows? (Statement Non Opinion) ,neutral,neutral
"Okay uh, we have narrowed it down to Raymond, Ben, Kyle, and Joey. The rest of you, thank you very much. (Statement Non Opinion) ",neutral,neutral
Yes!! I knew it!! Bye-bye! So long! Later! (Greeting) ,joy,joy
Oh this is great! I might actually get to play Ben's dad! (Statement Non Opinion) ,joy,joy
Yeah! (Backchannel) ,joy,joy
"Actually, that can't happen. (Disagreement) ",neutral,neutral
"Yeah because you all have such different looks, we're putting you with Raymond and Kyle with Ben. (Statement Opinion) ",neutral,neutral
So it'll be either you two or you two. (Statement Opinion) ,neutral,neutral
"Man, this is gonna be kinda weird. (Disagreement) ",sadness,sadness
"Yeah, it is. (Agreement) ",neutral,sadness
"No, we-we're gonna be like best friends, that's why it's gonna be weird. (Statement Opinion) ",neutral,neutral
"Okay, come on, I can't get married until I get something old, something new, something borrowed, and something blue. (Statement Opinion) ",sadness,joy
"Okay, all right, all right, all right! Okay! Okay, here's something, here's something blue and new. (Agreement) ",joy,joy
Please! (Others) ,anger,anger
Are you kidding? (Question) ,anger,surprise
"I-I hurt three huge men, I gave a guy a bloody nose--I mean I-I'm not proud of it but, I really am. (Statement Non Opinion) ",anger,joy
"And it's all because of you, wonderful, amazing you. (Statement Opinion) ",joy,joy
I think you've got concussion. (Statement Opinion) ,fear,neutral
"No, no, I'm serious. Thank you. (Disagreement) ",joy,neutral
You're welcome. I'm sorry. Did I hurt you? (Question) ,fear,sadness
"It's worth the pain. Y'know what, you know what? It's not. (Answer) ",sadness,sadness
Wow! That Mike thing was interesting! I don't know what's gonna happen with Phoebe and David. (Statement Opinion) ,surprise,joy
"I do! Want a hint? huh? ""I do"" ""I do"". (Statement Non Opinion) ",joy,joy
"Ok, I'm sensing that this is some kind of word play, because you are pink with barely controlled glee. (Statement Opinion) ",neutral,joy
David is going to propose to Phoebe. (Statement Non Opinion) ,joy,neutral
What? Why? (Question) ,surprise,surprise
"Chandler, we have talked about this. (Statement Non Opinion) ",anger,anger
You are not supposed to give people advice! (Command) ,anger,anger
Now couldn't you just have made some sort of inappropriate joke? (Statement Opinion) ,anger,anger
I (Others) ,neutral,neutral
They've only been going out for a few weeks and Phoebe is completely hung up on Mike! (Statement Non Opinion) ,anger,sadness
"She'll say ""No"", David's heart will be broken, it will be too hard for them to recover from and then Phoebe will end up alone (Statement Opinion) ",anger,sadness
"Man, that's some (Others) ",surprise,neutral
"Oh, that's not what you want... (Statement Non Opinion) ",neutral,neutral
"This is my father, Paul Stevens. Dad, this is Ross Geller. (Statement Non Opinion) ",neutral,neutral
It-it's great to meet you Paul. (Greeting) ,joy,joy
I usually prefer Elizabeth's boyfriends to address me as Mr. Stevens. (Statement Opinion) ,neutral,anger
"Of course, of course, Mr. Stevens. (Agreement) ",neutral,neutral
"So Ross, what your problem? (Question) ",anger,neutral
Eh-wh--Excuse me? (Answer) ,surprise,surprise
Why can't you get a girlfriend your own age? (Question) ,anger,anger
That's funny. Umm.... It's not funny. (Answer) ,fear,sadness
I (Others) ,neutral,neutral
Okay. (Others) ,neutral,neutral
"I can, I can see that. (Statement Non Opinion) ",neutral,neutral
"Umm, but I think if you give me umm, one chance I can, I can change your mind. (Statement Opinion) ",fear,neutral
Okay. (Agreement) ,neutral,neutral
What? (Question) ,neutral,surprise
Okay. I'll give you one chance to change my mind. You got one minute. (Answer) ,anger,neutral
Daddy! (Others) ,surprise,anger
"Oh well, it's not on TV yet. (Statement Non Opinion) ",neutral,neutral
"Well, then it's not on the wall yet. (Statement Non Opinion) ",neutral,neutral
"Okay, fine, I will bring you a tape, huh? (Statement Non Opinion) ",neutral,neutral
"So umm, now do you have any of Matt Lauer's clothes here? Maybe? Just ones that haven't been cleaned yet? (Question) ",neutral,neutral
Ooooohh! (Others) ,surprise,surprise
"Oh yeah, I'm sure. And all of a sudden his hands weren't the problem anymore. (Statement Opinion) ",neutral,disgust
Was it...? (Question) ,surprise,neutral
"Oh, boy scouts could have camped under there. (Answer) ",neutral,disgust
"""Ooo,"" what? (Question) ",surprise,neutral
Uma Thurman. (Answer) ,neutral,neutral
Oh! (Others) ,surprise,surprise
The actress! (Statement Non Opinion) ,surprise,neutral
Thanks Rach. (Greeting) ,neutral,joy
So what are you gonna do? (Question) ,surprise,neutral
You have to tell her! (Statement Opinion) ,joy,anger
You have to tell her! (Statement Opinion) ,joy,anger
"It's your moral obligation, as a friend, as a woman, I think it's a feminist issue! (Statement Opinion) ",anger,anger
Guys? (Others) ,anger,neutral
Guys? (Others) ,anger,neutral
"Oh, yeah, you have to tell her. (Agreement) ",neutral,neutral
Feminist issue. That's where I went! (Statement Non Opinion) ,neutral,neutral
She is gonna hate me. (Statement Opinion) ,fear,sadness
"Yeah, well... (Others) ",neutral,neutral
Will you marry me? (Question) ,fear,joy
It's the big night! We wanted to wish you good luck! (Statement Non Opinion) ,joy,joy
"Yeah, yeah you have the ring? (Question) ",neutral,neutral
"Yeah, right here in my pocket. Pheebs? (Answer) ",neutral,neutral
Oh! Oop! (Others) ,surprise,surprise
"Okay, now will you guys get out of here? I want this is to be a surprise and she's gonna know. (Statement Opinion) ",neutral,fear
Yeah-yeah you guys. Get out of here! (Agreement) ,neutral,anger
Hi guys. (Greeting) ,neutral,neutral
You are beautiful. (Statement Opinion) ,joy,joy
"Oh, thank you! What's going on? (Question) ",joy,surprise
We're just really...very excited about this charity event that we have to go to. (Answer) ,neutral,joy
"Okay umm, Ross? (Others) ",neutral,neutral
"I'm-I'm really warm, so I'm going to be taking off my sweater. (Statement Non Opinion) ",neutral,neutral
"Now, I'm just letting you know that this is (Statement Non Opinion) ",neutral,neutral
Yep! That's hilarious! (Statement Opinion) ,joy,joy
I'm sorry. I'm done. I'm done. (Apology) ,neutral,sadness
"Y'know, last night was embarrassing for you too. (Statement Non Opinion) ",neutral,neutral
"No, not really. I mean you've seen me naked hundreds of times. (Disagreement) ",neutral,neutral
Uh-huh. But it was a first for the rest of my building. (Statement Non Opinion) ,neutral,neutral
"Okay. All right, that's true! But y'know I just don't embarrass that easily. (Statement Opinion) ",neutral,neutral
What?! You totally get embarrassed! (Question) ,surprise,surprise
"No, I don't! Ross, I think I'm just a more secure person than you are. (Answer) ",neutral,anger
Is that so? (Question) ,neutral,surprise
Yeah. (Answer) ,neutral,neutral
Hey lady! I don't care how much you want it! Okay?! I am (Statement Non Opinion) ,disgust,anger
I can't believe it! (Statement Non Opinion) ,surprise,surprise
I did it! (Statement Non Opinion) ,joy,joy
I rode a bike! (Statement Non Opinion) ,joy,joy
I never thought I'd be able to do that! (Statement Opinion) ,joy,joy
Thank you Ross. (Greeting) ,joy,joy
"Oh hey, don't thank me, thank yourself. You're the one who faced her fears and ultimately overcame them. (Statement Non Opinion) ",joy,neutral
"Hey, both you guys should be up there with me. (Statement Opinion) ",neutral,joy
"I mean, you two are-are my... I mean, I'm lucky to have just one good (Statement Non Opinion) ",neutral,sadness
Thanks man. (Acknowledge) ,neutral,joy
I gotta go check something over here. (Statement Non Opinion) ,neutral,neutral
What a baby. (Statement Non Opinion) ,sadness,disgust
Total wuss! (Others) ,sadness,anger
"Okay, we have a lot of options here, a number of prototypes for you to try on. (Statement Non Opinion) ",neutral,neutral
Wow! This looks great! (Acknowledge) ,joy,joy
"Yeah! Okay, this one is a mushroom cap. Umm, this one is made of bologna. (Statement Non Opinion) ",joy,neutral
And-and-and-and-and the toothpicks? (Statement Non Opinion) ,disgust,neutral
You kissed another woman! (Statement Non Opinion) ,anger,anger
Call it even?! (Others) ,neutral,anger
Okay! (Others) ,joy,neutral
"Well, I'm gonna go get these in some water. (Statement Non Opinion) ",neutral,neutral
Wait you stole those from these people's wedding? (Question) ,surprise,surprise
"No-no, I took them from the hotel lobby. (Answer) ",neutral,neutral
"Yeah, they think they can charge me for some dirty movie and a bag of Mashuga nuts, they got another think coming. (Statement Non Opinion) ",anger,anger
Hey! (Greeting) ,surprise,neutral
My sweater! (Statement Non Opinion) ,surprise,joy
I've been looking for this for like a month! (Statement Non Opinion) ,surprise,joy
Oh my God!! (Others) ,surprise,surprise
Oh my God! (Others) ,surprise,surprise
Happy?! Is that what I'm supposed to be Vic? Happy? (Question) ,anger,anger
"Well, why don't you tell me what you're supposed to be! (Question) ",anger,anger
Huh? (Backchannel) ,surprise,neutral
Because I sure as hell can't figure it out! (Statement Non Opinion) ,anger,anger
I talk to you and nothin'. (Statement Non Opinion) ,anger,sadness
"You look at me, and it's nothin'. (Statement Non Opinion) ",anger,sadness
Nothing. (Others) ,anger,sadness
"Tasty! I'm really starting to feel like you guys have a history, it's-it's nice. (Statement Opinion) ",joy,joy
I have a question about this scene. (Statement Non Opinion) ,neutral,neutral
Yes? (Agreement) ,neutral,neutral
"Well, I don't understand why Adrienne's attracted to Victor. (Question) ",disgust,neutral
"Peel the onion. First of all, he's good looking. (Answer) ",neutral,neutral
Yeah. (Agreement) ,neutral,neutral
I think my character's gonna need a little bit more of reason than that. (Statement Opinion) ,neutral,neutral
"Oh, hey, how about this one. (Statement Non Opinion) ",neutral,neutral
"Ah, it's says so in the script! (Statement Non Opinion) ",anger,neutral
"Y'know ah, I-I don't know why my character likes you either, I mean it says in the script here that you're a bitch. (Statement Non Opinion) ",anger,anger
It doesn't say that in the script. (Statement Non Opinion) ,anger,anger
It does in mine! (Statement Non Opinion) ,anger,anger
I can't (Disagreement) ,anger,sadness
Yeah! You gotta tell a girl before you tape her. Such a rookie mistake. (Statement Opinion) ,anger,anger
Y'know who has a great video camera? (Question) ,neutral,neutral
Greg and Jenny? (Answer) ,neutral,neutral
Do you still wanna call 'em? I wanna call 'em. (Question) ,neutral,joy
Let's call 'em. (Answer) ,neutral,joy
Yeah! Ask them if they brought their friends any souvenirs! (Statement Non Opinion) ,joy,joy
Hello? Eighth street deli? (Greeting) ,neutral,neutral
"Hey, hang up! You get food poisoning just talkin' to that place. (Statement Non Opinion) ",disgust,disgust
"Uh sorry, wrong number. (Apology) ",fear,sadness
Here you go. (Statement Non Opinion) ,neutral,neutral
Hello? It's the deli again! (Statement Non Opinion) ,surprise,surprise
All right! I'll have a sandwich! (Statement Non Opinion) ,joy,joy
I don't think this number's right! (Statement Opinion) ,sadness,anger
Oh come on!! (Others) ,sadness,anger
"Gotta go. I miss you too, I love you, but it's getting real late now (Statement Non Opinion) ",sadness,joy
"Hey Ma. Listen, I made the appointment with Dr. Bazida, and... Excuse me? Did you know this isn't Ma? (Question) ",surprise,surprise
Her name's Ronni. She's a pet mortician. (Answer) ,neutral,neutral
Sure. So how long you been... (Question) ,neutral,neutral
"Remember when you were a little kid, I used to take you to the navy yard and show you the big ships? (Statement Non Opinion) ",neutral,neutral
Since then?! (Question) ,surprise,surprise
"No, it's only been six years. (Answer) ",neutral,neutral
I just wanted to put a nice memory in your head so you'd know that I wasn't always such a terrible guy. (Statement Opinion) ,neutral,sadness
...Joe. (Others) ,neutral,neutral
Y'ever been in love? (Question) ,neutral,neutral
...I d'know. (Answer) ,neutral,neutral
Then y'haven't. You're burning your tomatoes. (Statement Non Opinion) ,neutral,neutral
You're one to talk. (Statement Non Opinion) ,disgust,anger
"Joe, your dad's in love big time. And the worst part of it is, it's with two different women. (Statement Non Opinion) ",neutral,neutral
Oh man. Please tell me one of 'em is Ma. (Statement Opinion) ,disgust,fear
"Of course, course one of 'em's Ma. What's the matter with you. (Statement Non Opinion) ",surprise,anger
"Everything's gonna be all right. Okay, Dick? (Statement Opinion) ",neutral,joy
"Hello, I am Guru Saj--Whoa!! That's supposed to be a duck right? 'Cause otherwise, this is waaay out of my league. (Statement Non Opinion) ",surprise,surprise
"Hey, Rach, how was work? (Question) ",neutral,neutral
"Oh, great. Although I did sit down where there wasn't a chair. (Answer) ",neutral,surprise
"By the way, Ross dropped by a box of your stuff. (Statement Non Opinion) ",neutral,neutral
"Oh, well, I guess I had that one coming. (Statement Non Opinion) ",neutral,sadness
"I'm just gonna throw it out, it's probably just a bunch of shampoo and... (Statement Non Opinion) ",neutral,neutral
Something wrong? (Question) ,neutral,neutral
No. Nothing. (Answer) ,neutral,sadness
"And then, and then you said that thing about, about bringing the Mesozoic era in the 21st century. (Statement Non Opinion) ",neutral,neutral
"Yeah, that's it? (Backchannel) ",surprise,neutral
Yeah. (Others) ,neutral,neutral
"Dude, I am sorry about what I said! (Apology) ",sadness,sadness
"No, no, you're right, it is a ridiculous name! (Agreement) ",disgust,anger
It's not that bad. (Statement Non Opinion) ,neutral,neutral
"Yes it is! From now on, I have no first name. (Disagreement) ",anger,anger
"So, you're just Bing? (Question) ",neutral,surprise
Because we won our apartment back! (Answer) ,joy,joy
"What? Ace is high! Jack, queen, king, ace! (Statement Non Opinion) ",surprise,surprise
"No! Ace is low! Ace, two, three, four! (Statement Non Opinion) ",anger,anger
I don't know. Ooh! Ooh! Look it! Ah-ha! (Statement Non Opinion) ,surprise,surprise
"All right, cut, let's pick again, pick again. (Statement Opinion) ",neutral,neutral
Okay. (Agreement) ,neutral,neutral
Come on apartment! Come on apartment! Oh! I know queen is high! (Statement Non Opinion) ,anger,joy
"Uh-huh, not as high as... It worked! King! (Disagreement) ",surprise,joy
Yeah baby! (Backchannel) ,joy,joy
"But, we pick again! We pick again! (Statement Opinion) ",joy,anger
Why?! (Question) ,neutral,anger
I don't know! (Answer) ,fear,neutral
Tickets please! That's courtside baby! (Statement Non Opinion) ,joy,joy
"Seriously, good game though. Good game. What are they so mad about? They get the apartment back! (Question) ",surprise,surprise
No they didn't! (Answer) ,joy,anger
"You know, I don't think we brought enough stuff. Did you forget to pack the baby's anvil? (Question) ",neutral,anger
It's gonna be worth it. (Statement Opinion) ,neutral,joy
"It's a known fact that women love babies, all right? (Statement Non Opinion) ",neutral,neutral
Women love guys who love babies. (Statement Opinion) ,neutral,joy
It's that whole sensitive thing. (Statement Non Opinion) ,neutral,neutral
"Quick, aim him at that pack o' babes over there. (Others) ",neutral,joy
Maybe one of them will break away. (Statement Opinion) ,neutral,joy
"No, no wait, for get them, we got one, hard left. (Statement Non Opinion) ",joy,neutral
"All right, gimme the baby. (Statement Non Opinion) ",neutral,neutral
"No, I got him. (Disagreement) ",neutral,anger
"Oh, seriously you want him? (Question) ",surprise,surprise
Hello. (Greeting) ,neutral,neutral
"Well, don't, don't think me immodest, but, me? (Statement Opinion) ",surprise,joy
You wanna smell him? (Question) ,neutral,neutral
"Oh, yeah. He's got that great baby smell. Get a whiff of his head. (Statement Opinion) ",joy,joy
What'd I tell you? What'd I tell you? (Question) ,joy,joy
"Well, we are great guys. (Statement Opinion) ",neutral,joy
"Well, not really. (Others) ",neutral,neutral
"I mean technically it's-it's not against the rules or anything, but it is frowned upon. (Statement Non Opinion) ",neutral,neutral
"Especially by that professor we ran into last night, Judgey von Holierthanthou. (Statement Non Opinion) ",anger,neutral
"Well Ross, you be careful now. You don't want to get a reputation as y'know Professor McNailshisstudents. (Statement Opinion) ",joy,anger
Yeah. What-what should I do? (Question) ,fear,sadness
"Well Ross, it seems pretty clear. (Answer) ",neutral,neutral
I mean what's more important? (Question) ,neutral,neutral
"What people think or how you feel, huh? (Question) ",neutral,neutral
"Ross, you gotta follow your heart. (Answer) ",neutral,joy
Joey that is so sweet. (Apology) ,joy,joy
Hey. (Greeting) ,neutral,neutral
"Hey-hey-hey! So, how did it go with Dana? Any reason I should leave a block of time open say Thursday? (Question) ",neutral,joy
I couldn't do it. (Answer) ,sadness,sadness
You couldn't do it?! (Question) ,surprise,surprise
"Hey, relax I just need more time. We're going to dinner tonight. (Answer) ",neutral,neutral
What?! You're going out with her again! (Question) ,surprise,surprise
Going out with who? (Question) ,neutral,neutral
"Uh, Dana Keystone from college. (Answer) ",neutral,neutral
Oh yeah! Wasn't she uh (Others) ,surprise,neutral
"No, that was Dana Caplin. (Disagreement) ",neutral,neutral
Joey! You didn't even know her! (Statement Non Opinion) ,surprise,anger
Ah whatever! (Others) ,anger,disgust
"Morning! Hey, how's my favorite genius and my little robot buddy?! (Question) ",joy,joy
Don't touch him! (Command) ,anger,anger
Okay! (Agreement) ,surprise,neutral
All right. (Statement Non Opinion) ,neutral,neutral
"Umm, all right Wayne, level with me. (Statement Non Opinion) ",neutral,neutral
I-I keep hearing all these rumors that I might get fired. (Statement Non Opinion) ,fear,sadness
"Okay, they even have actors coming in to read for my part! (Statement Non Opinion) ",fear,sadness
"Come on man, you-you got to give me a second chance! (Statement Opinion) ",sadness,sadness
"I mean, I love-I love this little guy! (Statement Non Opinion) ",joy,joy
Ah-ah!! (Backchannel) ,surprise,surprise
"Okay, that's why you didn't want me to touch him right? (Question) ",surprise,fear
Here you go! (Statement Non Opinion) ,neutral,neutral
Okay? (Others) ,neutral,neutral
Stupid! (Others) ,anger,anger
I can't believe it! (Statement Non Opinion) ,surprise,anger
God! (Others) ,anger,anger
"Hey, how you doin'? (Question) ",neutral,joy
Hey. (Greeting) ,neutral,neutral
"Hi. Look um, about what happened earlier... (Statement Non Opinion) ",sadness,neutral
"No, hey, well, I-I completely understand. You were, you were stressed. (Statement Opinion) ",neutral,neutral
I was gonna give you a chance to apologise to me. (Statement Non Opinion) ,disgust,anger
For what? For letting you throw me out of your office? (Disagreement) ,anger,anger
You had no (Others) ,anger,anger
"Yeah, well excuse me for wanting to be with my girlfriend on our anniversary, boy what an ass am I. (Statement Non Opinion) ",anger,anger
"But I told you, I didn't have the time! (Statement Non Opinion) ",anger,anger
"Yeah, well you never have the time. I mean, I don't feel like I even have a girlfriend anymore, Rachel. (Statement Non Opinion) ",anger,sadness
"Wh, Ross what do you want from me? (Question) ",anger,anger
"You want me, you want me to quit my job so you can feel like you have a girlfriend? (Statement Opinion) ",anger,anger
Bye. (Greeting) ,neutral,anger
I know. (Agreement) ,neutral,neutral
"Ooh, I have to tell you something. (Statement Non Opinion) ",joy,joy
What? (Question) ,neutral,surprise
But I can't tell you. (Answer) ,neutral,sadness
"Okay, but wouldn't it be easier if you had to tell me something that you could tell me. (Statement Opinion) ",neutral,neutral
"Well, sure in a perfect world. But, no, I promised I wouldn't tell, and I swore to like all my gods. (Statement Non Opinion) ",neutral,sadness
Okay. Does it have to do with Ross and Rachel? (Question) ,neutral,neutral
No. (Answer) ,neutral,neutral
Does it have to do with Joey? (Question) ,neutral,neutral
No. (Answer) ,neutral,neutral
Does it have to do with-with Chandler and that sock that he keeps by his bed? (Question) ,neutral,disgust
"No, but let's come back to that later! (Answer) ",neutral,joy
Hi! (Greeting) ,joy,joy
Richard! (Others) ,joy,neutral
"Actually, I'm not here to complement the chef. (Statement Non Opinion) ",neutral,neutral
"Ohh... Oh, that's okay I hate when people come back to complement the chef. (Statement Opinion) ",neutral,disgust
Like I have nothing better to do! (Statement Non Opinion) ,neutral,anger
So what's up? (Question) ,neutral,neutral
"Well, it was great seeing you the other night. (Answer) ",joy,joy
"Oh, good to see you too. Did you come down here to tell me that? (Question) ",neutral,neutral
No! I came here to tell you something else. I came here to tell you I still love you. (Answer) ,joy,joy
"One pregnant woman at a time, please! I just want you to be okay. (Statement Opinion) ",disgust,joy
So forcing her to marry Bobby is gonna make that happen? (Question) ,sadness,anger
"Maybe! Well! Well...so-so uh, what kind of music does Numb Nuts--Oh forget it! I can't! (Answer) ",anger,disgust
"Joey, I am scared to death about this. (Statement Non Opinion) ",fear,fear
"But I really think I can do it, I'm just gonna need some help. (Statement Opinion) ",fear,neutral
And Bobby's gonna be here the whole time. (Statement Non Opinion) ,neutral,neutral
"You bet I am! And to answer your earlier question, we're straight-up gangster rap. (Statement Non Opinion) ",joy,joy
"Look, Rachel's told me how much easier you've made all this on her. Why can't you do that for me? (Question) ",anger,sadness
Because! 'Cause... 'Cause you're my baby sister! (Answer) ,sadness,anger
And you're my big brother! (Statement Non Opinion) ,joy,joy
"I mean, you're my favorite guy in the whole world. (Statement Opinion) ",neutral,joy
I'm not even scared to tell mom and dad. (Statement Non Opinion) ,neutral,neutral
I was scared of telling you. (Statement Non Opinion) ,fear,fear
"Well I'd be scared of them, but all right. (Statement Opinion) ",fear,fear
"Joey, I can't stand the thought of having this baby with you mad at me. (Statement Opinion) ",sadness,sadness
I want him to have his uncle. (Statement Non Opinion) ,sadness,neutral
Is my baby gonna have his Uncle Joey? (Question) ,sadness,sadness
Of course he's gonna have his Uncle Joey! (Answer) ,joy,joy
"We're gonna be all right. I mean, even if we're not married this baby is gonna be so loved. Not just by us. (Statement Opinion) ",joy,joy
That's right! By his uncle too! (Agreement) ,joy,joy
And by you. (Others) ,joy,neutral
"Okay Bobby, why don't we just come over here and let them have a little moment. (Statement Non Opinion) ",neutral,neutral
Come here! (Command) ,joy,joy
No! Seriously! What's wrong with you?! (Question) ,anger,anger
I had a really nice time tonight. (Statement Non Opinion) ,joy,joy
So did I. I'm really glad Monica asked us out. (Agreement) ,joy,joy
"I'd love to ask you in, but uh, my sister's visiting and I think she's asleep on the couch. (Statement Opinion) ",neutral,neutral
You're sister? You're sister's asleep on the couch? Ohhh! I saw (Statement Non Opinion) ,surprise,surprise
"Oh hey, great, you're up. Rachel, this is my sister Krista. Krista, this is Rachel. (Statement Non Opinion) ",neutral,neutral
Hi! (Greeting) ,joy,neutral
"Nice to meet you. I wish you'd told me we were having company, I'd fix myself up! (Statement Opinion) ",surprise,neutral
Like it would help. (Statement Non Opinion) ,neutral,neutral
You are so bad! (Statement Non Opinion) ,joy,anger
You are! (Others) ,joy,anger
You are! (Others) ,joy,anger
You are! (Others) ,joy,anger
You are! (Others) ,joy,anger
You are! (Others) ,joy,anger
You are! (Others) ,joy,anger
You are so dead! I'm gonna get you. (Statement Non Opinion) ,joy,anger
"Uh, it was very nice meeting you. (Greeting) ",neutral,neutral
"Oh my God, it's that Victoria's Secret model. Something... something Goodacre. (Statement Non Opinion) ",surprise,surprise
"Hi Mom, it's Jill. (Greeting) ",neutral,neutral
"She's right, it's Jill. Jill Goodacre. Oh my God. I am trapped in an ATM vestibule with Jill Goodacre! (Statement Non Opinion) ",surprise,joy
"Yeah, I'm fine. I'm just stuck at the bank, in an ATM vestibule. (Statement Non Opinion) ",neutral,neutral
Jill says vestibule... I'm going with vestibule. (Statement Non Opinion) ,neutral,neutral
"I'm fine. No, I'm not alone... I don't know, some guy. (Statement Non Opinion) ",neutral,neutral
"Oh! Some guy. Some guy. 'Hey Jill, I saw you with some guy last night. Yes, he was (Statement Non Opinion) ",joy,anger
Are you seeing anybody right now? (Question) ,neutral,neutral
"Og-ee-op, I'm not asking for me, I'm... I mean... No, I'm-I'm not gay, I'm not asking you out. (Statement Non Opinion) ",fear,fear
I'm not-I'm not-I'm not gay! (Statement Non Opinion) ,fear,anger
Personal shopping? What is that? Like where you walk around with snooty rich people and tell them what to buy? (Question) ,neutral,surprise
Uh-huh. (Backchannel) ,neutral,neutral
That sounds great! (Agreement) ,surprise,joy
Hey! (Greeting) ,neutral,joy
"Umm, excuse me, we switched apartments. You can't eat are food anymore, that-that gravy train had ended. (Statement Non Opinion) ",anger,anger
There's gravy? (Question) ,surprise,surprise
If you have the big apartment you have to deal with people coming over all the time. (Statement Opinion) ,neutral,neutral
"That fridge has got to be stocked, okay, that's your department now. (Statement Non Opinion) ",neutral,neutral
What are you doing? (Question) ,neutral,anger
I think I left a donut up here. (Answer) ,neutral,neutral
"So, in conclusion, the lines all go up , so I'm happy. (Statement Opinion) ",neutral,joy
Great job team! (Apology) ,joy,joy
Tomorrow at 8:30. (Statement Non Opinion) ,neutral,neutral
Phil! (Others) ,joy,neutral
Nice job. (Apology) ,joy,joy
Stevens! (Others) ,joy,neutral
Way to go! (Others) ,joy,joy
"Joel-burg, you maniac! (Others) ",joy,joy
I love ya! (Statement Non Opinion) ,joy,joy
Bing! (Others) ,joy,neutral
"Oh, excuse me. I forgot my briefcase y'know, by accident. (Statement Non Opinion) ",neutral,neutral
"Of course, you did. (Statement Non Opinion) ",joy,neutral
Forgot something else too ya bastard! (Statement Non Opinion) ,joy,anger
"Well, what about you? (Question) ",neutral,neutral
You're not feeling left out or anything are ya? (Question) ,neutral,neutral
"No. No, not at all, that's-that's ridiculous. (Answer) ",sadness,neutral
"Everybody else got one, and you want one too. Don't you? (Question) ",joy,neutral
"Ye-ye-yeah, yes I do! (Answer) ",sadness,joy
"Now get on out of here, you! (Statement Non Opinion) ",joy,anger
Hey Bob. (Greeting) ,neutral,neutral
Hey! How's my pal Toby doing today? (Question) ,joy,joy
"If I see him, I'll ask. (Answer) ",neutral,neutral
Toby! (Others) ,joy,neutral
Yeah! (Backchannel) ,joy,joy
Oh then you know each other. (Statement Non Opinion) ,neutral,neutral
We're on a semi-first name basis. (Statement Non Opinion) ,neutral,neutral
What do you think of adding him to our team? (Question) ,neutral,neutral
"Bob? Ooh, working here with us? Everyday? Yeah, I don't know if he has what it takes. (Answer) ",surprise,disgust
Really? They love him down on six. (Statement Non Opinion) ,surprise,neutral
But this is eleven. It's almost twice as hard up here. (Statement Non Opinion) ,neutral,neutral
Hey! Guess what I got for your wedding! (Question) ,joy,joy
A freakish thin date with a hanger for her head? (Answer) ,neutral,disgust
"No. Rachel hooked me up with a tux! But not just any tux, Batman's tux! (Statement Non Opinion) ",joy,joy
What? (Question) ,surprise,surprise
That's right! Made expressly for Val Kilmer and worn by him in the hit film...that Batman film he was in. (Answer) ,joy,joy
You can't wear that! I'm wearing the famous tux! James Bond's tux! (Statement Opinion) ,anger,anger
So? (Question) ,neutral,neutral
So--If you wear that you'll make mine less special. (Answer) ,sadness,sadness
"Sorry, I just don't like the idea of when I say ""I do,"" he's thinking, ""Yeah, I'd do her too!"" (Statement Opinion) ",anger,disgust
Well then we still have a problem. (Statement Non Opinion) ,neutral,neutral
Yeah! (Agreement) ,neutral,joy
With what? (Question) ,neutral,neutral
"Well, we're trying to find someone to perform our wedding and they're all either boring or annoying or y'know, can't stop staring at the ladies. (Answer) ",neutral,sadness
Oo! You should have one of us do it! (Statement Opinion) ,joy,joy
"Phoebe, we're getting (Statement Non Opinion) ",neutral,neutral
No! No! It's-it's uh a real thing! Anyone can get ordained on the Internet and perform like weddings and stuff! (Statement Opinion) ,joy,joy
I call it!! (Statement Non Opinion) ,joy,joy
What?! No! It was my idea! (Disagreement) ,anger,anger
Guys thank you very much but neither of you is marrying us. (Statement Non Opinion) ,neutral,neutral
Does calling it not mean anything anymore?! (Question) ,anger,anger
"We are going to have a legitimate member of the clergy! And when I say legitimate I mean, gay and in control of his saliva! (Statement Non Opinion) ",neutral,joy
"See, I see.... big passion in your future. (Statement Non Opinion) ",joy,neutral
Really? (Backchannel) ,surprise,surprise
I do. (Statement Non Opinion) ,neutral,neutral
"Oh Ross, you're so great. [she playfully rubs his head and gets up] (Apology) ",joy,joy
"That was supposed to be a good thing, I forget why. (Statement Non Opinion) ",neutral,neutral
"Just listen, Monica, I, do you know, okay, do you know, I couldn't sleep for like a month because I got like a dot of ink on one of the sofa cushions. (Statement Non Opinion) ",neutral,sadness
"Well, you-you coulda just turned the cushion over. (Statement Opinion) ",neutral,neutral
"Yeah, I would've except I had a big spaghetti stain on the other side. (Agreement) ",neutral,neutral
What?!?! (Question) ,surprise,surprise
"Okay, this is what I'm talking about, this. I-I need to live in a land where people can spill. (Answer) ",neutral,anger
You can spill. In the sink. (Statement Opinion) ,neutral,neutral
"Aw, honey it's not your fault, y'know this is who you are, and I love you, and I want us to be friends, and if I keep living here I don't see that happening. (Statement Non Opinion) ",sadness,sadness
"I love you, too. (Statement Non Opinion) ",joy,joy
"Aww, good. What? (Question) ",joy,joy
What? I'm just said. (Statement Non Opinion) ,sadness,sadness
"No you're not, you're wondering which cushion it is. (Statement Non Opinion) ",neutral,neutral
Oh my God! Are you serious?! (Question) ,surprise,surprise
Uh-huh. (Answer) ,neutral,neutral
I would love to live with you Ross.. that's-that's great! Thank you! (Statement Opinion) ,joy,joy
"Well, I'm-I'm just glad I could, y'know, help you out. (Statement Non Opinion) ",neutral,joy
"Ross-Ross, you have no idea what this means to me! (Statement Non Opinion) ",joy,joy
"I mean, I mean I was gonna be homeless. (Statement Non Opinion) ",sadness,sadness
You just saved me! (Statement Non Opinion) ,joy,joy
You're my hero! (Statement Opinion) ,joy,joy
"Hero, I uh, I don't know--well, all right. (Agreement) ",neutral,neutral
"Oh, I have to go tell Monica what a wonderful brother she has! (Statement Non Opinion) ",joy,joy
"Oh please! You're gonna say things now, aren't ya? (Question) ",joy,anger
No. (Answer) ,neutral,neutral
"No, I won't. (Answer) ",neutral,neutral
"But I should tell you this, this exact same thing happened to my roommate Denise. (Statement Non Opinion) ",neutral,neutral
"She moved in with a guy who was secretly married to her and he said he didn't love her, but he really did, and it just blew up! (Statement Non Opinion) ",anger,sadness
"...Dammit, hire the girl! Okay, everybody ready? (Question) ",anger,anger
"Uh, listen, I just wanna thank you for this great opportunity. (Apology) ",joy,joy
Lose the robe. (Others) ,neutral,neutral
Me? (Question) ,surprise,surprise
That's great. (Apology) ,joy,neutral
"Well, I'm gonna get another espresso. Can I get you another latte? (Question) ",neutral,neutral
"No, no, I'm still working on mine. (Answer) ",neutral,neutral
That's it? (Question) ,surprise,surprise
"Yeah, it was really hard. (Answer) ",sadness,sadness
"Oh, yeah, that hug looked pretty brutal. (Statement Opinion) ",neutral,joy
"Ok, you weren't there. (Statement Non Opinion) ",anger,anger
"Wow! That's ah, that's pretty nice! (Apology) ",joy,joy
Pretty nice? (Question) ,neutral,surprise
"You'll have to pardon my roommate, he wanted to marry this. (Statement Non Opinion) ",neutral,neutral
"We don't have 50 bucks, but would you be willing to trade for it? We've got a canoe. (Statement Opinion) ",neutral,neutral
"Y'know, I, I really don't think we need a canoe. (Disagreement) ",neutral,anger
You gotta take the canoe! (Statement Non Opinion) ,anger,anger
"All right, just, just take the entertainment center, and then when you get home, throw the canoe away! (Statement Opinion) ",neutral,disgust
We're not throwing it away! I built that canoe! (Disagreement) ,anger,anger
Good for you!! (Statement Non Opinion) ,anger,joy
Pheebs? (Question) ,neutral,neutral
Yeah? (Answer) ,neutral,neutral
"Okay. Then I guess it's just, wait here then. Hi. I need one fake ticket to Yemen. (Statement Non Opinion) ",neutral,neutral
One ticket to Yemen? (Question) ,surprise,surprise
"Oh no-no-no, no. No, no, no, I just, I just need a pretend ticket. (Answer) ",neutral,anger
"I'm sorry sir, I don't understand. (Apology) ",surprise,neutral
What would you give to a kid if he wanted a ticket to play with? (Question) ,neutral,neutral
Are you travelling with a child? (Question) ,neutral,neutral
No. (Answer) ,neutral,neutral
"All right, y'know what, she's gonna think that I'm handing you a credit card, but what I'm really gonna do is hand you a library card. (Statement Opinion) ",neutral,neutral
"Okay, but this is the last time. (Statement Non Opinion) ",neutral,neutral
"With a chick-chick here, and a chick-chick there. (Others) ",joy,joy
"Here a chick, there a chick, everywhere a chick-chick--chickeeeen. (Others) ",joy,joy
Hey. (Greeting) ,neutral,neutral
Hey. (Greeting) ,neutral,neutral
How's she doing? (Question) ,neutral,neutral
She? (Question) ,surprise,surprise
"Well yeah, don't-don't you think it's a she? (Question) ",neutral,neutral
"I don't know. I can't tell, what ever it was went back in too quickly. (Answer) ",neutral,neutral
"Well, anyway, I got to go change, I'm ah, meeting some of the cast for drinks. (Statement Non Opinion) ",neutral,neutral
Excuse me? (Others) ,surprise,surprise
What? (Question) ,neutral,neutral
"Okay, good, so there you go. Go with Vince. (Statement Non Opinion) ",joy,joy
"Yeah, but Jason's really sensitive. (Statement Opinion) ",neutral,neutral
"Well sensitive is important, pick him. (Statement Non Opinion) ",neutral,neutral
Yeah. (Agreement) ,neutral,neutral
"Oh sure, go with the sissy. (Statement Non Opinion) ",disgust,disgust
Jason is not a sissy! (Disagreement) ,anger,anger
"Oh no-no-no-no, I meant Chandler. (Statement Non Opinion) ",anger,fear
Hi. (Greeting) ,neutral,neutral
"So uh, apparently people are familiar with the Europe story? (Question) ",neutral,surprise
Yeah. (Answer) ,neutral,neutral
"Listen about that, the whole uh, who came on to who thing really doesn't matter. (Statement Non Opinion) ",neutral,neutral
"I mean, I think it would've happened either way. (Statement Opinion) ",neutral,neutral
I mean if you hadn't initiated it I-I-I know I would've. (Statement Opinion) ,neutral,neutral
It was an amazing night. (Statement Non Opinion) ,joy,joy
It was. It was an amazing night. (Statement Non Opinion) ,joy,joy
You think it looked amazing? (Question) ,sadness,neutral
Do we have a name yet? (Question) ,neutral,neutral
"No, not yet. (Answer) ",neutral,sadness
"That's fine, for now we'll just call her Baby Girl Green. (Statement Opinion) ",neutral,neutral
"Oh no, Baby Girl Geller-Green. (Disagreement) ",neutral,anger
Hello baby girl. (Greeting) ,joy,joy
"Ah-ha, nowhere to run! (Statement Non Opinion) ",joy,joy
I don't like sitting up here! I'm just gonna over (Statement Opinion) ,anger,fear
No Rachel! They got here first! (Statement Non Opinion) ,anger,anger
Why is Ross doing that? (Question) ,neutral,surprise
DANGER (Others) ,fear,fear
Oh my God! Why is he jumping on those women! (Question) ,surprise,surprise
No that's all right. Don't worry about it. (Statement Opinion) ,neutral,neutral
Oh but look! That's gonna leave a stain! (Statement Non Opinion) ,disgust,anger
Rach! Hey! It's fine! You're at Joey's! (Statement Opinion) ,joy,joy
Really? (Question) ,surprise,surprise
Yeah! Look! (Answer) ,neutral,joy
I've never lived like this before. (Statement Non Opinion) ,disgust,sadness
I know. (Agreement) ,neutral,neutral
"All right, don't waste it, I mean its still food. (Statement Opinion) ",neutral,disgust
"Hey Joey, is this the bed where Olivia lost her virginity? (Question) ",neutral,neutral
"I don't know, but one of the extras sure did! Hey, listen Rach. Thanks again for coming down to watch my scenes! (Answer) ",joy,joy
"Oh, please!Honey, just the fact that you want me here to support you, I'm...OH MY GOD!Is that Christian Sanders?He's so (Statement Non Opinion) ",surprise,surprise
Also so (Others) ,neutral,neutral
"Oh, in my head he's done some pretty ""not-gay-stuff""! (Statement Opinion) ",neutral,joy
"Well, at the Christmas party him and Santa did some definitely gay stuff! (Statement Non Opinion) ",neutral,neutral
"OK, you've got to promise that you'll never, ever tell Ross that I told you. (Statement Non Opinion) ",neutral,neutral
About what? (Question) ,neutral,neutral
He's planning your birthday party. (Answer) ,neutral,neutral
Oh my God! I love him! (Statement Non Opinion) ,joy,joy
You'd better act surprised. (Statement Opinion) ,fear,neutral
About what? (Question) ,neutral,neutral
My surprise party! (Answer) ,joy,joy
What surprise party? (Question) ,surprise,surprise
Oh stop it. Joey already told me. (Statement Non Opinion) ,joy,neutral
"Well, he didn't tell me. (Statement Non Opinion) ",neutral,sadness
"Hey, don't look at me. This is Ross's thing. (Statement Non Opinion) ",neutral,neutral
This is so typical. I'm always the last one to know everything. (Statement Opinion) ,anger,sadness
"No, you are not. We tell you stuff. (Disagreement) ",neutral,neutral
Yuh-huh! (Others) ,anger,neutral
I was the last one to know when Chandler got bitten by the peacock at the zoo. (Statement Non Opinion) ,anger,sadness
I was the last one to know when you had a crush on Joey when he was moving in. (Statement Non Opinion) ,anger,sadness
Looks like I was second to last. (Statement Non Opinion) ,surprise,sadness
"Chandler, we still haven't gotten an RSVP from your dad. (Statement Non Opinion) ",neutral,neutral
"Oh! Right. Umm, maybe that's because I didn't send him an invitation. (Statement Opinion) ",neutral,surprise
Chandler! He's your father. he should be at the wedding. (Statement Opinion) ,anger,anger
I don't even know the man. Okay? We're not that close. I haven't seen him in years. (Statement Non Opinion) ,disgust,sadness
Well what are you gonna do when he finds out he wasn't even asked?! (Question) ,sadness,anger
It's not like we run in the same circles. (Answer) ,neutral,neutral
"I hang out with you guys, and he stars in a drag show in Vegas. (Answer) ",disgust,neutral
"Ooh, I think I wanna trade circles. (Statement Opinion) ",neutral,joy
Nobody is gonna be staring at the bride when the father of the groom is wearing a back-less dress. (Statement Opinion) ,disgust,disgust
So what! As long as he's not wearing a white dress and a veil I don't care. (Disagreement) ,neutral,anger
"Okay, I think I need to do some shopping. (Statement Opinion) ",neutral,joy
Hello! Who's in there? (Question) ,neutral,neutral
How ya doin'? (Question) ,neutral,joy
Who in the hell are you? (Question) ,anger,anger
"I guess you wouldn't believe me if I said I was Kurt Douglas, huh? (Answer) ",neutral,joy
"No-no, Rachel, don't get it! He can't see us! (Statement Non Opinion) ",fear,fear
"No, yeah! The groom cannot see the bride! (Agreement) ",anger,joy
I'm not gonna marry Chandler! (Statement Non Opinion) ,anger,anger
Not after this! (Disagreement) ,anger,disgust
"Okay, you guys, just relax. I doooo. (Statement Non Opinion) ",neutral,joy
I gotta go. (Statement Non Opinion) ,neutral,sadness
"Oh, wait, Joshua! Joshua! Yeah, well, that oughta do it. (Statement Non Opinion) ",sadness,sadness
"Sorry I'm late, but I left late. (Apology) ",neutral,sadness
Okay. (Acknowledge) ,neutral,neutral
"So Pheebs, what is the book about? (Question) ",neutral,neutral
I thought you said you read it in high school. (Answer) ,neutral,surprise
"Well yeah, but then I remembered I started it and there was this pep rally and I was, I was on top of the pyramid but anyway--umm, what is this book about? (Statement Non Opinion) ",neutral,joy
"Excuse me, can I, can I bum one of those? (Question) ",neutral,neutral
"Y'know what, actually... Okay, okay, okay, what's so funny over here? (Question) ",neutral,surprise
I thought you didn't smoke. (Statement Opinion) ,surprise,surprise
"Oh, I thought you guys meant marijuana cigarettes, y'know? (Statement Opinion) ",neutral,neutral
"Y'know what I mean, like dubbies? (Statement Non Opinion) ",neutral,neutral
"And I actually, I thought to myself, ""Wow, those guys are crazy!"" (Statement Non Opinion) ",surprise,joy
"But no, I actually smoke the regular ones all, all the time. (Statement Non Opinion) ",neutral,neutral
We get high. (Statement Non Opinion) ,neutral,neutral
"Oh, me too. (Agreement) ",neutral,joy
I'm kidding. (Statement Non Opinion) ,neutral,neutral
"Oh, me too. (Agreement) ",joy,joy
"Oh, are you sure you're ok? (Question) ",sadness,sadness
Yeah. (Answer) ,neutral,neutral
Does it still hurt? (Question) ,sadness,sadness
Yeah. (Answer) ,sadness,sadness
What a neat idea. All your clothes match. I'm gonna do this. (Statement Opinion) ,joy,joy
Hi. (Greeting) ,neutral,neutral
"Hey, how'd it go? (Question) ",neutral,neutral
Excellent. (Answer) ,joy,joy
"We ripped that couple apart, and kept the pieces for ourselves. (Statement Non Opinion) ",joy,anger
"What a beautiful story. Hey, I'm fine by the way. (Statement Opinion) ",joy,joy
You know what? You are right. I (Agreement) ,neutral,joy
Good for you Pheebs! (Statement Non Opinion) ,joy,joy
Ok. (Acknowledge) ,neutral,neutral
"Okay If you guys have microphones in there too, I didn't mean (Statement Non Opinion) ",neutral,fear
This sucks! I didn't know I had to stay up all night before I went to this stupid sleep clinic! I'm so tired! (Statement Opinion) ,anger,anger
It's 6:00. (Statement Non Opinion) ,neutral,neutral
Hi! (Greeting) ,joy,joy
"Yeah, Rach, I think you're handling that really well. (Statement Opinion) ",neutral,joy
Handling it? (Question) ,neutral,surprise
"What do you mean, handling it? (Question) ",joy,surprise
There's nothing to handle. (Statement Non Opinion) ,joy,neutral
"Now, maybe I would have a problem with this if it wasn't for me and Joshua. (Statement Opinion) ",neutral,neutral
"Y'know, they're not gonna get married anyway! (Statement Opinion) ",anger,joy
What? (Disagreement) ,surprise,surprise
Come on! (Disagreement) ,anger,anger
They rushed into this thing so fast it's ridiculous! (Statement Opinion) ,disgust,anger
"And somewhere along the way, one of them is gonna realise what they've done and they're call the whole thing off. (Statement Opinion) ",neutral,neutral
"I'm telling ya, you're gonna be dancing at my wedding before you're dancing at there's. (Statement Opinion) ",joy,joy
What the hell is this?! (Question) ,surprise,anger
"What, did you actually thought it would make me feel better to give me stuff that I can't use for another two months?! (Question) ",anger,anger
This sucks! (Statement Opinion) ,anger,sadness
"All right, what's my next present? (Question) ",neutral,neutral
"All right, there's a nuclear holocaust, I'm the last man on Earth. Would you go out with me? (Question) ",neutral,joy
Enhh (Disagreement) ,neutral,disgust
I've got canned goods. (Statement Non Opinion) ,neutral,neutral
"Hey, you guys! Take a look at this! Check this baby out, dug me a hole! (Statement Non Opinion) ",surprise,joy
"Excellent hole, Joe. (Apology) ",neutral,joy
Oh no! No!! My hole!! (Others) ,surprise,anger
Ow!! Ow!!! (Others) ,disgust,sadness
What?! What?!! What is it?! (Question) ,surprise,fear
My drinking? (Others) ,neutral,neutral
"Oh, I must've said that after you left. (Statement Opinion) ",neutral,neutral
Said what? Exactly. (Question) ,fear,neutral
That you enjoyed the occasional drink...ing binge. (Answer) ,neutral,neutral
"Oh my God!! Ohh, that is it! I'm leaving! You are just a horrible person! (Statement Non Opinion) ",disgust,anger
Wait-wait-wait-wait-wait-wait-wait-wait!! (Command) ,fear,fear
If you're gonna get all sensitive about it! (Statement Non Opinion) ,anger,anger
I don't want to lose you. (Statement Opinion) ,sadness,sadness
"What if I, create a position for you? (Question) ",neutral,neutral
I'll make you an assistant buyer in this department. (Answer) ,neutral,joy
Say more things like that. (Command) ,joy,joy
"You can have your own office, and a raise! Effective tomorrow. (Statement Opinion) ",joy,joy
I'd need an expense account. (Statement Non Opinion) ,neutral,neutral
Done! (Agreement) ,joy,joy
And an assistant. (Others) ,neutral,neutral
"Sophie, get in here! (Agreement) ",joy,joy
Monica? You gonna be very proud of me. I just got us dates with two unbelievably cute nurses. (Statement Non Opinion) ,joy,joy
Oh my! (Others) ,surprise,surprise
They're male nurses. (Statement Non Opinion) ,neutral,neutral
Not in my head. (Disagreement) ,neutral,disgust
"Anyway, they want to take us out Saturday night! What do you say? (Question) ",joy,joy
Umm. Umm. Umm. I don't think so. (Disagreement) ,joy,sadness
What? (Question) ,surprise,surprise
What are you talking about?! (Question) ,surprise,anger
You-you're the one who's been telling me to get over Ross and move on. (Statement Non Opinion) ,anger,anger
"I'm moving on, and you're moving on with me. (Statement Non Opinion) ",neutral,neutral
"Come on, give me one good reason why you don't wanna go. (Command) ",neutral,anger
"Umm, why don't you give (Statement Non Opinion) ",neutral,neutral
What? (Question) ,surprise,surprise
Harder than it sounds. Isn't it? (Question) ,neutral,sadness
"Okay, you're coming with me, and I also told them that if we're still here when they get off that we'll go down to the cafeteria and have some (Statement Non Opinion) ",neutral,joy
Yep! There's always room for (Statement Non Opinion) ,neutral,joy
"Joey, how do you make (Question) ",neutral,neutral
"Oh, it's easy. Yeah, I-I can do it with anything. Watch uh, Grandma's chicken salad (Answer) ",neutral,joy
"Hello, this is Monica... (Greeting) ",neutral,neutral
Yeah??? (Backchannel) ,neutral,neutral
Oh... (Backchannel) ,neutral,surprise
"Okay, yes, we'll be right, we'll be right down. (Agreement) ",neutral,joy
Thank you. (Greeting) ,neutral,joy
Okay. Let's bring it in. (Statement Non Opinion) ,neutral,neutral
"Wait no, honey, honey throw it to me, throw it to me. (Command) ",neutral,fear
Here you go. (Agreement) ,neutral,neutral
That almost hit me in the face. (Statement Non Opinion) ,anger,surprise
"Well, if the magician can open my beer with his but cheeks, then all right. (Statement Opinion) ",neutral,disgust
Hey! (Greeting) ,joy,joy
Hey! (Greeting) ,joy,joy
Y'know I'm-I'm really glad we decided not to sleep together before the wedding. (Statement Non Opinion) ,joy,neutral
"Oh boy, me too! (Agreement) ",joy,joy
Y'know I was thinking if we had a...a big fight and uh we broke up for a few hours (Statement Opinion) ,neutral,neutral
Yeah? (Backchannel) ,fear,neutral
"Technically we could have sex again. What do you think, bossy and domineering?! (Question) ",neutral,joy
"The wedding is off, sloppy and immature! (Answer) ",anger,anger
That's me! Come on! (Disagreement) ,joy,joy
"Okay. But wait, we can't. My Cousin Cassie is in the guest room, we're supposed to have lunch. (Statement Opinion) ",neutral,neutral
"Well, get rid of her, obsessive and shrill. (Statement Opinion) ",neutral,anger
Shrill?! The wedding is back on! (Statement Non Opinion) ,anger,anger
I thought I heard voices. You must be Chandler. (Statement Opinion) ,neutral,neutral
Hi! Nice to meet you! (Greeting) ,joy,joy
Nice to meet you too. (Greeting) ,neutral,joy
"So, are you ready to go? (Question) ",neutral,neutral
Yeah. (Answer) ,neutral,neutral
Chandler! (Others) ,anger,neutral
I'll be right with you. (Statement Non Opinion) ,neutral,neutral
"Th-th-that's all it is, a third nipple. (Statement Non Opinion) ",neutral,neutral
Just your run-of-the-mill third nipple. (Statement Non Opinion) ,neutral,neutral
You can take it off. (Statement Opinion) ,neutral,neutral
Just slice that baby right off! (Statement Non Opinion) ,fear,joy
"Take your shirt off, and let's see what we're dealing with here. What are you doing? (Question) ",neutral,neutral
Just showing you my run-of-the-mill-slice-it-right-off third nipple. (Answer) ,neutral,neutral
Well that's not a third nipple. (Disagreement) ,neutral,surprise
No? (Backchannel) ,surprise,surprise
"First of all, it's on your ass. (Statement Non Opinion) ",neutral,neutral
"Well then, what is it?! (Question) ",surprise,anger
"Wait a minute, hold it. Johnson! Will you come in here a moment? (Statement Non Opinion) ",neutral,neutral
I'm with Hamilton! (Statement Non Opinion) ,neutral,neutral
"He's good with rear things, bring him in too. (Statement Non Opinion) ",neutral,neutral
"Umm, this is great wine. (Statement Opinion) ",joy,joy
"It's from France...In Europe...Western Europe. Y'know umm, a few years ago I actually was backpacking across Western Europe. (Statement Non Opinion) ",neutral,neutral
Really? (Backchannel) ,surprise,surprise
"Uh-hmm--Wait! It gets better. Um, yeah I was in Barcelona. (Statement Non Opinion) ",joy,neutral
I studied for a year in Barcelona. (Statement Non Opinion) ,neutral,neutral
"Anyway, umm so I was um, I was hiking (Statement Non Opinion) ",neutral,neutral
I love hiking! (Statement Non Opinion) ,joy,joy
Oh that's great! I was hiking along the foothills of Mount Tibidaybo (Statement Non Opinion) ,joy,joy
"So? Congratulations you two, I didn't even know you got married. (Statement Non Opinion) ",surprise,joy
Oh we-we didn't. (Disagreement) ,joy,sadness
No-no. We (Others) ,fear,neutral
What?! (Question) ,surprise,surprise
"Um uh...We're-we're just having this baby together but uh, uh that's all. (Answer) ",neutral,neutral
Why?!! (Question) ,surprise,anger
"Uh well umm...we're just not in that place, y'know? But we're very excited about this. (Answer) ",neutral,neutral
Oh. Well then shut me up. (Others) ,neutral,neutral
Just tell me how. (Question) ,neutral,neutral
"Uh-oh, I feel another one coming. (Statement Opinion) ",fear,disgust
"Let it go, Ross. (Statement Opinion) ",neutral,anger
"Yeah, well, you didn't know Chi Chi. (Disagreement) ",neutral,sadness
Do you all promise? (Question) ,neutral,fear
Chandler? Do you promise to be good? (Question) ,neutral,fear
"You can come in, but your filter-tipped little buddy has to stay outside! (Statement Non Opinion) ",joy,disgust
"Hey, Pheebs. (Greeting) ",neutral,joy
Dear Ms. Buffay. (Greeting) ,neutral,neutral
Thank you for calling attention to our error. (Greeting) ,neutral,neutral
We have credited your account with five hundred dollars. (Statement Non Opinion) ,neutral,neutral
"We're sorry for the inconvenience, and hope you'll accept this- - (Apology) ",neutral,sadness
"Oh my God, honey we are so meant to be together. We both have copies of the (Statement Non Opinion) ",neutral,joy
"Honey, both yours. (Others) ",neutral,neutral
Hey! Great advice on that Joey thing! (Apology) ,joy,joy
Yeah? The work problem? (Backchannel) ,neutral,neutral
Oh it was perfect! I mean it really felt like he was my friend again. (Statement Opinion) ,joy,joy
What problem did you tell him you had? (Question) ,neutral,neutral
"Oh that's not important. The point is, I really--I think everything's gonna be okay. (Answer) ",neutral,joy
"Okay, I've got some Ones, you wanna put them in her panties? (Question) ",neutral,joy
"No thanks, Mom! (Answer) ",disgust,disgust
"Ha-ha, it's not my baby, ha-ha-ha! (Statement Non Opinion) ",anger,joy
"Very good, so good. (Acknowledge) ",joy,joy
"I really, really enjoyed it. Very exotic. (Statement Non Opinion) ",joy,joy
"Well, I just checked our messages and Joshua didn't call. (Statement Non Opinion) ",sadness,sadness
I mean you'd think he'd be worried about me not showing up at his club. (Statement Opinion) ,sadness,anger
"Ugh, you know what makes it so much worse, Ross is all happy in Vermont! (Statement Non Opinion) ",sadness,anger
Come on! Look where you are!! (Statement Non Opinion) ,joy,surprise
"When you get a sec, another round of daiquiris. (Statement Non Opinion) ",neutral,neutral
"Remember, a virgin for me please. (Statement Non Opinion) ",neutral,neutral
Oh! And don't let me leave without getting the name of that carpet guy. (Statement Opinion) ,neutral,neutral
"Ahh, come on! Y'know what--y'know what, I think I'm just gonna go home and call Kathy. (Statement Opinion) ",neutral,sadness
"Well, if you think it will help. (Agreement) ",neutral,neutral
No! (Disagreement) ,anger,anger
That was a test! (Statement Non Opinion) ,fear,neutral
In a couple of hours I'm gonna get really drunk and wanna call Kathy and you guys are gonna have to stop me! (Statement Opinion) ,fear,sadness
"And then after that, I'm gonna get so drunk, I'm gonna wanna call Janice (Statement Opinion) ",fear,sadness
You should! How is she? (Question) ,surprise,surprise
Ohhh!! (Backchannel) ,anger,surprise
I think somebody needs another lap dance. (Statement Opinion) ,joy,joy
"All right, I definitely taste nutmeg. (Statement Non Opinion) ",neutral,neutral
You do? (Question) ,surprise,surprise
"You don't? Well, that's the difference between a professional and a layman. (Statement Opinion) ",surprise,anger
That and arrogance. (Others) ,anger,disgust
Hey. (Greeting) ,neutral,joy
Hey! How was sailing? (Question) ,joy,joy
Wow thanks! (Greeting) ,joy,joy
Joe? (Others) ,fear,neutral
Yeah! (Backchannel) ,joy,joy
"Uh, you've had a lot of sex right? (Question) ",neutral,neutral
"When? Today? Some, not a lot. (Answer) ",surprise,neutral
"Well, it's just the reason that I'm asking is because I kind of eh, uh, I was unable to--I mean I really wanted to, but I couldn't.... (Statement Non Opinion) ",fear,sadness
"There huh--hmm, there-there was an incident. (Statement Non Opinion) ",fear,sadness
"Don't worry about that man, that happens. (Statement Opinion) ",neutral,neutral
It's happened to you? (Question) ,surprise,neutral
Yeah! Once. (Answer) ,neutral,neutral
"Well, what'd you do? (Question) ",surprise,neutral
I did it anyway. (Answer) ,neutral,neutral
Sup? 'Sup dude? (Greeting) ,neutral,joy
"Take whatever you want, just please don't hurt me. (Statement Opinion) ",fear,fear
So you're playing a little (Statement Non Opinion) ,neutral,neutral
"Yes, on a scale from 1 to 10, 10 being the dumbest a person can look, you are definitely 19. (Statement Opinion) ",disgust,anger
"Come on man, really how old?! (Question) ",surprise,anger
"Young! You're a man-child okay?! Now go get changed because everybody's ready and please, oh please, keep my underwear! (Answer) ",disgust,anger
And they knew about it? (Statement Non Opinion) ,surprise,anger
"Okay, well Ross, what is this really about? (Question) ",surprise,neutral
"Look, this is my home and I want to be able to come and go whenever I want! (Answer) ",anger,anger
"Okay, I will find someplace else to do the rest of my appointments. I just don't know what the big deal is! (Question) ",anger,sadness
"The big deal is I don't want naked, greasy strangers in my apartment when I want to kick back with a puzzle--beer! Cold beer. (Answer) ",disgust,disgust
"Okay, look, he's not gonna hurt them, right? (Statement Opinion) ",neutral,fear
Do you always have to bring him here? (Question) ,anger,anger
I didn't wanna leave him alone. (Answer) ,neutral,sadness
Alright? (Others) ,neutral,neutral
We- we had our first fight this morning. (Statement Non Opinion) ,neutral,sadness
I think it has to do with my working late. (Statement Opinion) ,neutral,sadness
"I said some things that I didn't mean, and he- he threw some faeces... (Statement Non Opinion) ",neutral,disgust
"Y'know, if you're gonna work late, I could look in on him for you. (Statement Opinion) ",neutral,joy
"Oh, that'd be great! (Apology) ",joy,joy
"Okay, but if you do, make sure it seems like you're there to see him, okay, and you're not like doing it as a favour to me. (Statement Opinion) ",neutral,fear
"Okay, but if he asks, I'm not going to lie. (Statement Non Opinion) ",neutral,neutral
Check this out. (Command) ,neutral,joy
It says here that there's a place you can go to rent videos of all the museums! (Statement Non Opinion) ,surprise,neutral
"""It's almost as good as being there."" (Statement Opinion) ",neutral,joy
It's better! You can't go to a museum in your underwear! (Statement Non Opinion) ,joy,joy
Oh-ho! I bet the British version is gooooood! (Statement Opinion) ,joy,joy
"Uh, may I help you? (Question) ",neutral,neutral
"Yeah, I talked to you on the phone, I'm the lady that got stuck with the racecar bed. (Answer) ",neutral,neutral
"Look, it's like I told you, there's nothing I can do. You signed for it, Monica Velula Geller. (Statement Non Opinion) ",neutral,anger
"All right, Jester man, look we wanna see the king. (Statement Non Opinion) ",neutral,neutral
Nobody sees the king! (Disagreement) ,anger,anger
"Oh-ho-kay, I'm talking to the king. (Statement Non Opinion) ",neutral,neutral
Hey! You can't go back there! (Statement Non Opinion) ,surprise,anger
Oh my God. (Others) ,surprise,surprise
"So, this must be kinda neat for ya, huh? (Question) ",neutral,joy
"I mean, your Dad tells me that you get a couple of days off school, and you, you ah, don't have to sell those cookies anymore. (Statement Non Opinion) ",neutral,neutral
"Well, I kinda wanted to sell the cookies. The girl who sells the most wins a trip to Spacecamp, and gets to sit in a (Statement Opinion) ",sadness,sadness
"Wow, you ah, you really like all this space stuff, huh? (Question) ",surprise,surprise
Yeah. (Answer) ,neutral,neutral
"My Dad says if I spend as much time helping him clean apartments, as I do daydreaming about outer space, he'd be able to afford a trip to the Taj Mahal. (Statement Non Opinion) ",neutral,neutral
I think you would have to clean a whole lot of apartments to go all the way to India. (Statement Opinion) ,neutral,neutral
"No. The one in Atlantic City, Dad loves the slots. He says he's gonna double the college money my Grandma left me. (Disagreement) ",sadness,anger
"Oh, um, I don't know if that's a good idea. (Statement Opinion) ",joy,fear
"Oh. Look, just friends, I won't grope you. I promise. (Statement Opinion) ",neutral,neutral
"No, I just I think that it's too soon. (Disagreement) ",joy,sadness
"No it's not too soon, I had lunch at a eleven. (Disagreement) ",neutral,anger
I invented the game of Cups as a way to give Joey money. (Statement Non Opinion) ,neutral,neutral
And now you want that money back. (Statement Non Opinion) ,surprise,neutral
Exactly. (Agreement) ,neutral,neutral
"Chandler, what kind of an idiot do you take me for? (Statement Opinion) ",joy,anger
It's not a real game! I made it up! (Statement Non Opinion) ,anger,neutral
"I'm sorry you lost your money, but I won it fair and square. (Apology) ",joy,sadness
I don't know. (Statement Non Opinion) ,neutral,neutral
But I can see through your sheet. (Statement Non Opinion) ,neutral,neutral
"Yeah, yeah, that's her. (Statement Non Opinion) ",neutral,joy
But y'know what? (Others) ,neutral,neutral
"Doesn't matter, I'm never gonna get to meet her anyway. (Statement Opinion) ",sadness,sadness
Why? (Question) ,neutral,neutral
"Because it's impossible to find her apartment! She lives in some like of hot girl parallel universe, or something. (Answer) ",sadness,anger
"What are you talking about? She obviously lives on the second floor, seventh apartment from the left! (Question) ",surprise,surprise
No. No. No. She lives on the (Disagreement) ,neutral,anger
"No, those first two windows, that's the lobby. (Statement Non Opinion) ",neutral,neutral
"And y'know the other one over there, that's the stairway. (Statement Non Opinion) ",neutral,neutral
You've been counting wrong. (Statement Non Opinion) ,neutral,neutral
I did (Agreement) ,anger,neutral
"Monica, betting the apartment, I don't know about this. (Statement Non Opinion) ",fear,fear
"Rachel, I have not missed one question the whole game. I own this game! Look at my hand. (Statement Opinion) ",joy,joy
Why? Do you have the answers written on there? (Question) ,surprise,surprise
"No! Steady as a rock! Now, are you with me. (Answer) ",neutral,anger
"All right, let's do it. (Statement Non Opinion) ",fear,neutral
"All right, gentlemen, you're up first. (Statement Non Opinion) ",neutral,neutral
Okay. (Agreement) ,neutral,neutral
Okay. (Agreement) ,neutral,neutral
You have 30 seconds. And the lightning round begins--stop it --now. What was Monica's nickname when she was a field hockey goalie? (Question) ,neutral,neutral
Big fat goalie. (Answer) ,neutral,joy
Correct. Rachel claims (Question) ,neutral,neutral
Dangerous Liaisons (Answer) ,neutral,neutral
Correct. Her actual favorite movie is... (Question) ,neutral,neutral
Weekend at Bernie's (Answer) ,neutral,joy
"Well, look, why don't you just, why don't you do your Phase Two strip club thing with us. (Statement Opinion) ",neutral,joy
"Yeah, come on, we can be guys! (Agreement) ",joy,joy
No you can't. (Disagreement) ,joy,neutral
"You don't want to be guys, you'd be all hairy and wouldn't live as long. (Statement Opinion) ",disgust,neutral
"Y'know you, you just stop being such a wuss and get those off and you come with us and watch naked girls dance around!! (Statement Opinion) ",anger,anger
Okay. (Agreement) ,neutral,neutral
I'm sorry. (Apology) ,sadness,sadness
"And y'know what, I just realised, in the last year I've only gone out with two guys, Richard and Julio. (Statement Non Opinion) ",surprise,neutral
"You gotta help me out here, you gotta set me up, you gotta get me back in the game. (Statement Opinion) ",fear,sadness
"Well, that shouldn't be a problem. I mean I work in fashion and all I meet are eligible straight men. (Disagreement) ",neutral,joy
"Pete, can I get you something else? (Question) ",neutral,neutral
"Yeah, a slice of cheesecake and-and a date if you're given' 'em out. (Answer) ",neutral,joy
Haven't you and I covered that topic? (Question) ,neutral,anger
"Hmm, come on, you just said to her that you.... (Answer) ",neutral,neutral
"Aww, the only reason you want to go out with me because my blond wig, and the big boobs, and the fact that I serve you food. (Statement Opinion) ",joy,anger
"Well, if that were true, I'd dating my Aunt Ruth. (Statement Non Opinion) ",joy,neutral
And the two times we went out were just plain awkward. (Statement Non Opinion) ,disgust,sadness
"Come on, you think she should go out with me, don't you? (Question) ",neutral,neutral
"Well, I mean, are you sure you want to go out with her? (Question) ",neutral,neutral
"I mean that ain't a pretty picture in the morning, y'know what I mean. (Statement Non Opinion) ",disgust,disgust
"That wig all in disarray, and boobs flung over the night stand, y'know. (Statement Non Opinion) ",disgust,disgust
"I mean really, think about it. (Statement Non Opinion) ",neutral,neutral
"Ho-ho, I will. (Agreement) ",neutral,joy
I believe I read that somewhere! (Statement Non Opinion) ,surprise,neutral
"That only is not funny, it's physically impossible! (Statement Opinion) ",anger,anger
Okay? (Others) ,anger,neutral
Depending on the species I'd have to have a six foot long... (Statement Non Opinion) ,anger,neutral
It's not funny! (Statement Opinion) ,anger,anger
I respectfully disagree. (Disagreement) ,neutral,neutral
I can't believe you put that on my alumni page! (Statement Non Opinion) ,anger,anger
Who cares? Nobody reads those things (Statement Opinion) ,neutral,neutral
You'd better hope not because I just read what you put on your page today. (Statement Opinion) ,anger,anger
I don't have a page. (Statement Non Opinion) ,neutral,neutral
Oh oh oh! I RESPECTFULLY DISAGREE!! (Disagreement) ,anger,anger
I know I miss you too. I can't wait to see you. I love you. Bye. (Statement Non Opinion) ,joy,joy
"Okay, what is in here? Rocks? (Question) ",surprise,surprise
"No-no, this is my collection of fossil samples. (Answer) ",neutral,neutral
"So, rocks. (Others) ",disgust,disgust
"I'm really gonna miss this apartment. Y'know, Ben-Ben took his first steps right over there. (Statement Non Opinion) ",sadness,sadness
"Ohh. Hey, remember when I ran into this thing and it kinda knocked me out a little? (Statement Non Opinion) ",joy,neutral
"I loved this place! To tell you the truth, I wish I didn't have to move. (Statement Opinion) ",joy,sadness
"Uhh, are you saying that you're not entirely happy about this? (Question) ",surprise,surprise
"Well, I mean if uh, if Emily gave me a choice (Answer) ",sadness,sadness
You (Others) ,neutral,neutral
Why? (Question) ,neutral,surprise
"Hey, you guys! Look what I found in the giiiiiiift shop. Get up! Get up! Get up! (Command) ",joy,joy
"I left a bra drying on the shower rod, you don't think your son will think it's yours and be horribly traumatised? (Statement Opinion) ",joy,fear
"Hey, if mommy can have a wife, daddy can have a bra. (Statement Opinion) ",neutral,joy
"Ohh, it's time to go. (Statement Non Opinion) ",neutral,neutral
"Oh, no-no-no, see, that-that clock's a little fast, uh, we have 17 minutes. (Statement Non Opinion) ",neutral,neutral
"Huh, what can we do in 17 minutes? (Question) ",neutral,surprise
Twice? (Others) ,neutral,surprise
Well that's ambitious. (Statement Opinion) ,neutral,joy
"Hey, uh, you can ignore that. (Statement Opinion) ",neutral,neutral
That's Carol with your son! (Statement Non Opinion) ,surprise,surprise
"Morning's here! Sunshine is here! The sky is clear, the morning's here! The morning's here! (Others) ",joy,joy
HEY!! Do you (Question) ,anger,anger
Oh come on! Morning's here! Morning's here! The morning is here! Sunshine is here! (Others) ,joy,joy
I (Others) ,neutral,neutral
Are you kidding? I love that guy! Morning's here! Morning is here-- (Answer) ,joy,joy
Stop it! I will kill you. I hate the fact that my room is so small. (Statement Opinion) ,anger,anger
"Hey, I have all the space I need. Just do what I did. (Statement Non Opinion) ",neutral,neutral
"Monica, you don't even have a bed, you sleep in a ball on the floor! (Statement Non Opinion) ",anger,neutral
Y'know what? I am (Statement Non Opinion) ,neutral,neutral
I'm sorry. I'm so sorry. (Apology) ,sadness,sadness
Okay. (Others) ,neutral,neutral
"See, this is a (Others) ",neutral,neutral
Shut up! This place is a hole! (Statement Opinion) ,anger,anger
"All right buddy, time to roll over. (Statement Non Opinion) ",neutral,neutral
No-no! (Disagreement) ,fear,anger
"No, no-n-n-n-no!! (Disagreement) ",fear,anger
You are going to a clinic! (Statement Non Opinion) ,disgust,anger
"You're going to a clinic, and a pyjama store! (Statement Non Opinion) ",disgust,joy
Are you under the sheet? (Question) ,neutral,neutral
Yes. (Answer) ,neutral,neutral
"Great, let's begin. How's the pressure? (Question) ",joy,neutral
Nice! Wow Phoebe you are good! (Answer) ,joy,joy
"Stating the obvious, but thank you. And it's not weird is it. (Question) ",joy,neutral
No. Ooohh (Answer) ,joy,joy
"That's right, you just enjoy. (Statement Non Opinion) ",neutral,neutral
Oh. Oh yeah! Ohhhhh! Ohh! Oh yeah! (Others) ,joy,joy
Okay. (Others) ,neutral,neutral
Oh God Phoebe!! Oh that's it! That's it! Right there! Oh! Ooooh-oooh-ooooh (Others) ,joy,joy
Become a drama critic! (Statement Opinion) ,joy,joy
I am hurt! A plague on both your houses! (Statement Non Opinion) ,sadness,anger
"By the way, he dumped me tonight after he read my review. (Statement Non Opinion) ",sadness,sadness
"Oh, classy. (Statement Opinion) ",disgust,disgust
"Yep! I sure know how to pick 'em, huh? Y'know I gave up a part on a soap for this! (Statement Non Opinion) ",sadness,sadness
"Wow! Yeah I ah, I gave up a job too. (Statement Non Opinion) ",anger,sadness
Really. What? (Question) ,surprise,neutral
"Uh, de-clawing cats. (Others) ",anger,neutral
"Hey, tell ya what. (Statement Non Opinion) ",neutral,neutral
Let me walk you home. (Statement Opinion) ,neutral,joy
We'll stop by every news stand and burn every copy of their Times and the Post. (Statement Non Opinion) ,anger,anger
Why the Post? (Question) ,surprise,neutral
"Oh, you didn't see the Post? (Question) ",surprise,surprise
No. You? (Answer) ,neutral,neutral
No. Why? (Question) ,neutral,neutral
Hi Joey! What are you doing here? (Question) ,joy,joy
"Uhh, well I've got an audition down the street and I spilled sauce all over the front of my shirt. You got an extra one? (Question) ",neutral,sadness
"Yeah, sure. Umm...here. (Answer) ",neutral,neutral
Great. You got anything that's not (Question) ,disgust,disgust
"Yeah, I don't think so Joe. (Answer) ",neutral,neutral
"All right, I guess this will be fine. (Statement Opinion) ",neutral,neutral
"Hey, listen umm, what-what are you doing tonight? (Question) ",neutral,neutral
"Nothing, why? (Answer) ",neutral,neutral
How would you feel about taking out my assistant Tag? I'll pay. (Question) ,neutral,neutral
"Huh, Rach I got to say it's gonna take a lot of money for me to go out on a date with a dude. (Answer) ",disgust,surprise
I'm not asking you to go on a (Statement Non Opinion) ,neutral,neutral
Really? 'Cause I could kinda use the money. (Statement Opinion) ,surprise,joy
"Joey, just-just he-he's new in town and I know he doesn't have any guy friends. (Statement Non Opinion) ",neutral,neutral
Just take him to like a ball game or something. (Statement Opinion) ,neutral,neutral
I'll really appreciate it. (Statement Opinion) ,neutral,joy
"Yeah, okay. (Agreement) ",neutral,joy
Yeah? (Backchannel) ,surprise,joy
"Sure, no problem. Ooh--Hey, donuts! (Statement Non Opinion) ",joy,joy
"Problem odour in the litter box? Don't change your kitty, change your kitty litter. (Statement Opinion) ",neutral,neutral
"Sorry, Pheebs. (Apology) ",sadness,sadness
Yeah. You okay? (Question) ,neutral,neutral
"No! Sorry, I just thought you were somebody else. Hi! (Answer) ",surprise,surprise
"Hi. Well, look, I was just gonna leave a message, isn't tonight your, your big anniversary dinner? (Question) ",neutral,neutral
"Yeah. Well, umm..... (Answer) ",sadness,sadness
"Rach, are you okay? (Question) ",surprise,neutral
"Yeah, I'm fine. (Answer) ",sadness,neutral
"You wanna talk, I mean I can come over? (Statement Opinion) ",neutral,neutral
"No! Really, no, please, please, that's, that's okay. (Statement Opinion) ",sadness,fear
"All right, all right, I'm coming over, and I'm bringing Chinese food. (Statement Non Opinion) ",neutral,neutral
"Oh, yeah, I'm not, I'm not hungry. (Statement Non Opinion) ",sadness,sadness
It's for me. (Statement Non Opinion) ,neutral,neutral
"Oh. Okay, bye. (Greeting) ",neutral,neutral
"Come on, pick up, pick up! (Command) ",fear,fear
Hello? (Greeting) ,neutral,neutral
Transit Authority? (Question) ,neutral,neutral
"Yes, hello. (Answer) ",neutral,neutral
"I'm doing research for a book, and I was wondering what someone might do if they left a baby on a city bus. (Statement Opinion) ",neutral,neutral
"Hi, here's the deal. (Statement Non Opinion) ",neutral,neutral
We lost a carseat on a bus today. (Statement Non Opinion) ,neutral,neutral
"It's white plastic, with a handle, and it fits onto a stroller. (Statement Non Opinion) ",neutral,neutral
"Oh, and there was a baby in it. (Statement Non Opinion) ",neutral,surprise
He wants to talk to you again. (Statement Non Opinion) ,neutral,neutral
Hello. (Greeting) ,neutral,neutral
I'm sorry I'm a little late. (Apology) ,neutral,sadness
Whoa (Others) ,surprise,surprise
"Let me start by uh, by introducing myself, I am Professor Geller. (Statement Non Opinion) ",neutral,neutral
"So to sum up, I'm Professor Geller. (Statement Non Opinion) ",neutral,neutral
"Good evening, sir. (Greeting) ",neutral,neutral
My name is Ross Geller. (Statement Non Opinion) ,neutral,neutral
I'm one of the people who applied for the apartment. (Statement Non Opinion) ,neutral,neutral
And I-I realize that the competition is fierce but--I'm sorry. (Statement Opinion) ,neutral,sadness
"I, I can't help but notice you're naked and I applaud you. (Statement Non Opinion) ",joy,surprise
"Man, I wish I was naked. (Statement Opinion) ",neutral,joy
"I mean, this-this looks so great. (Statement Opinion) ",joy,joy
That is how God intended it. (Statement Opinion) ,neutral,joy
"Okay, I have to tell you something that I have never admitted during our entire friendship! (Statement Non Opinion) ",anger,neutral
"But, when we were in high school I made out with James Farrell even when I knew that you liked him! (Statement Non Opinion) ",anger,sadness
"Wow, that feels so good to get off my chest! (Statement Opinion) ",joy,joy
"Okay, you go! (Command) ",anger,neutral
My turn? What-what are you talking about? (Question) ,surprise,surprise
"Ugh, Monica, I know about you and Chandler. (Answer) ",disgust,anger
What?! (Question) ,surprise,surprise
"I overheard you guys on the phone the other day, and you said, ""I'll just tell Rachel that I'm doing laundry for a couple of hours."" (Answer) ",neutral,neutral
"And he said, ""Laundry? (Statement Non Opinion) ",neutral,neutral
Is (Others) ,neutral,neutral
Well. Sounds like you're writing yourself a little play there Rach. Wow! Let me know how that one turns out. (Statement Non Opinion) ,joy,anger
"Well, I wouldn't know because I got so freaked out that I hung up the phone. (Statement Non Opinion) ",anger,fear
"Well, if you had kept listening, you-you would have heard me call him Mr. Big......ot. (Statement Non Opinion) ",neutral,neutral
What?! (Question) ,surprise,surprise
Mr. Bigot. He tells the most (Answer) ,neutral,neutral
All right. So you're telling me that there is nothing going on between you and Chandler. (Statement Non Opinion) ,anger,neutral
Me and Chandler?! (Question) ,surprise,surprise
"I really thought you making a good point. I mean y'know, until you got cut off. (Statement Opinion) ",neutral,joy
"Yeah, what's up with that girl Monica? (Question) ",neutral,anger
I don't know! I didn't come with her! (Answer) ,anger,neutral
All right everybody! Everybody guess what? I just convinced Paul to give us a test next week! (Statement Non Opinion) ,joy,joy
A test?!! (Question) ,surprise,surprise
Come on! Tests make us all better learners! Oh yeah! We should have essay questions!! (Statement Opinion) ,joy,joy
"Okay I've got one for you, if you had too which one would you rather eat, a seeing eye dog or a talking gorilla? (Question) ",neutral,joy
"I'd have to say...the talking gorilla, because at least I can explain to him that you're making me eat him. (Answer) ",neutral,neutral
Somebody went to college. Wow. What is it? I'm sorry. (Statement Non Opinion) ,surprise,surprise
"Okay, I hear you loud and clear. Bob will stay put. (Statement Non Opinion) ",neutral,neutral
I think it's best sir. (Statement Opinion) ,neutral,neutral
But we really do need to find someone up here. (Statement Opinion) ,neutral,sadness
The work is starting to pile up. (Statement Non Opinion) ,neutral,sadness
I've got a stack of documents on my desk this high. (Statement Non Opinion) ,neutral,sadness
"Y'know what you should do, just toss 'em in the shedder and claim you never got 'em. (Statement Opinion) ",neutral,joy
That's a good one. (Apology) ,neutral,joy
What does a guy have to (Others) ,neutral,neutral
"Yeah, yeah, everybody's here. Hey, everybody, say hi to Julie in New Mexico. (Greeting) ",neutral,joy
"Hi, Julie! (Greeting) ",joy,joy
Isn't there a national football league. (Question) ,neutral,neutral
"Yes. Yes, there is, they play on Sundays and Monday nights. (Answer) ",neutral,neutral
Oh shoot! I work Monday nights. (Statement Non Opinion) ,sadness,sadness
"Umm, this stuffing is amazing. Do you think we should bring them some? (Question) ",joy,joy
"When they're hungry enough, they'll come in. (Answer) ",neutral,neutral
"Hey Joey, you wanted to talk to me? (Question) ",neutral,neutral
"I don't know. You uh, you got something for me? (Question) ",neutral,neutral
"Oh, yeah, this is from Rachel. (Answer) ",neutral,joy
Ten. Okay. Now Tag there's such a thing as too many women. (Statement Non Opinion) ,neutral,neutral
Really? (Question) ,surprise,surprise
"Yeah, for you! (Answer) ",joy,joy
"Oh, Danielle! I wasn't expecting the machine... Give me a call when you get a chance. Bye-bye. Oh God! (Statement Non Opinion) ",surprise,surprise
That's (Others) ,neutral,neutral
"Hey, I've been honing! (Statement Non Opinion) ",anger,neutral
What was with the dishes? (Question) ,neutral,anger
"Oh, uh.. (Backchannel) ",fear,neutral
I want her to think I might be in a restaurant.. y'know? (Answer) ,fear,neutral
"I might have some kind of life, like I haven't been sitting around here honing for the past few hours. (Statement Opinion) ",anger,neutral
"Look look! He's doing it again, the guy with the telescope! (Statement Non Opinion) ",surprise,surprise
Oh my God! Go away! Stop looking in here! (Command) ,anger,anger
"Great, now he's waving back. (Statement Non Opinion) ",disgust,neutral
"Man, we gotta do something about that guy. (Statement Opinion) ",disgust,anger
"This morning, I caught him looking into our apartment. (Statement Non Opinion) ",disgust,neutral
It creeps me out! (Statement Opinion) ,anger,disgust
I feel like I can't do stuff! (Statement Opinion) ,anger,sadness
What kinda stuff? (Question) ,joy,neutral
"Will you grow up? I'm not talking about sexy stuff, but, like, when I'm cooking naked. (Answer) ",disgust,anger
You cook naked? (Question) ,surprise,surprise
"Yeah, toast, oatmeal... nothing that spatters. (Answer) ",neutral,neutral
What are you looking at me for? I didn't know that. (Question) ,surprise,anger
Y'know they say a watched pot never beeps. (Statement Non Opinion) ,neutral,neutral
"It's just y'know, been a couple of hours, and she hasn't called. Not that I even care, y'know. (Statement Opinion) ",sadness,sadness
Phoebe why don't you just call her? You obviously want to. (Statement Opinion) ,neutral,neutral
You think you know me so well. (Statement Non Opinion) ,anger,neutral
"Well, don't 'cha wanna? (Question) ",neutral,neutral
Yeah. (Answer) ,neutral,neutral
"Okay, well I do know you. (Agreement) ",neutral,joy
That's what I said. (Acknowledge) ,neutral,neutral
Well so? (Question) ,neutral,neutral
I can't. (Answer) ,sadness,sadness
I can't. (Answer) ,sadness,sadness
"She dumped me, I mean I totally trusted her and then one day it was 'Okay, bye Pheebs' gone. (Statement Non Opinion) ",sadness,sadness
"Y'know what the saddest part is, when we were playing together, that was like the most fun I've ever had in like all my lives. (Statement Opinion) ",sadness,sadness
"Ok, bye. Well, Monica's not coming, it's just gonna be me and Rachel. (Statement Non Opinion) ",neutral,neutral
"Oh. Well, hold on camper, are you sure you've thought this thing through? (Question) ",neutral,surprise
It's laundry. The thinking through is minimal. (Answer) ,neutral,neutral
"It's just you and Rachel, just the two of you? This is a date. You're going on a date. (Question) ",joy,surprise
Nuh-uh. (Answer) ,fear,neutral
Yuh-huh. (Disagreement) ,joy,anger
"So what're you saying here? I should shave again, pick up some wine, what? (Question) ",surprise,surprise
"Well, you may wanna rethink the dirty underwear. (Answer) ",disgust,neutral
This is basically the first time she's gonna see your underwear--you want it to be dirty? (Question) ,surprise,disgust
No. (Answer) ,neutral,neutral
"Oh, and uh, the fabric softener? (Question) ",neutral,neutral
"Ok, ok, now what is wrong with my (Question) ",anger,anger
"Ok, so it's just because it was my table, I have to buy a new one? (Question) ",anger,anger
That's the rule. (Answer) ,neutral,neutral
"What rule? There's no rule, if anything, you owe me a table! (Statement Opinion) ",anger,anger
How'd you get to that? (Question) ,anger,surprise
"Well, I believe the piece of furniture was fine until your little breakfast adventure with Angela Delvecchio (Answer) ",anger,disgust
You knew about that? (Question) ,surprise,surprise
"Well, let's just say the impressions you made in the butter left little to the imagination. (Statement Non Opinion) ",disgust,disgust
"Ok, ok, How about if we split it? (Question) ",neutral,neutral
"What do you mean, like, buy it together? (Answer) ",neutral,neutral
Yeah (Agreement) ,neutral,neutral
You think we're ready for something like that? (Question) ,neutral,neutral
Why not? (Answer) ,neutral,neutral
"Well, it's a pretty big commitment, I mean, what if one of us wants to move out? (Statement Opinion) ",neutral,sadness
"Why, are you moving out? (Question) ",surprise,surprise
I'm not moving out. (Answer) ,neutral,neutral
You'd tell me if you were moving out right (Statement Non Opinion) ,fear,neutral
"Yeah, yeah, it's just that with my last roommate Kip... (Statement Non Opinion) ",neutral,sadness
"Aw, I know all about Kip! (Statement Non Opinion) ",anger,neutral
"It's just that we bought a hibachi together, and then he ran off and got married, and things got pretty ugly. (Statement Non Opinion) ",anger,sadness
"Well, let me ask you something, was Kip a better roommate than me? (Question) ",sadness,neutral
"Aw, don't do that (Answer) ",sadness,sadness
"Ooh, oh no! I have to go! I have a massage appointment. (Statement Non Opinion) ",sadness,fear
"Oh no, stay here we'll keep doing this. I'll pay you. (Command) ",neutral,anger
"No, I got in trouble for that before. I'll see you later. (Disagreement) ",neutral,sadness
Absolutely. I love the way you kiss. (Statement Opinion) ,joy,joy
Oh my God! Oh my God! I'm so sorry! (Apology) ,fear,fear
"Aw forget it, it's from (Statement Non Opinion) ",neutral,neutral
You think you can knock up my daughter and then not marry her?! I'm gonna kill you!! (Statement Non Opinion) ,anger,anger
Y'know this is actually not a great time for me. (Statement Opinion) ,sadness,sadness
"Okay! So, we'll just stay married. (Statement Non Opinion) ",joy,joy
"Yes, exactly! (Agreement) ",joy,joy
And I will make everyone call me Mrs. Geller! (Statement Non Opinion) ,joy,joy
"Wow! This is so amazing. I uh, I really thought I'd have to talk you into this more. (Statement Opinion) ",joy,surprise
What-wh-what so we'll just stay married forever?! (Question) ,surprise,surprise
"Okay, look, how is this gonna affect you? (Question) ",neutral,neutral
Really? (Others) ,anger,surprise
I mean you fill some form out once and a while and instead of checking the box that says Ms you check the box that says Mrs.! (Statement Non Opinion) ,joy,neutral
It's (Others) ,neutral,neutral
"Ohh, okay, I'm sorry. (Apology) ",sadness,sadness
You're right. (Statement Opinion) ,neutral,neutral
Y'know what? (Others) ,neutral,neutral
I'm asking you to do me a favor. (Statement Non Opinion) ,neutral,neutral
You are asking me to be your wife! (Statement Non Opinion) ,anger,anger
And as my wife I think you should grant me this favor. (Statement Opinion) ,neutral,neutral
Oh my God! (Others) ,surprise,surprise
"I know, I know, I'm such an idiot. (Statement Opinion) ",joy,sadness
"My brother's going through that right now, he's such a mess. How did you get through it? (Question) ",neutral,sadness
"Well, you might try accidentally breaking something valuable of hers, say her- (Answer) ",neutral,neutral
#NAME? (Answer) ,neutral,neutral
"That's one way! Me, I- I went for the watch. (Statement Opinion) ",neutral,neutral
You actually broke her watch? (Question) ,surprise,surprise
"Barry, I'm sorry... (Apology) ",sadness,sadness
I am so sorry... (Apology) ,sadness,sadness
"I know you probably think that this is all about what I said the other day about you making love with your socks on, but it isn't... it isn't, it's about me, and I ju- Hi, machine cut me off again... anyway... (Statement Opinion) ",sadness,sadness
"No real-, honey, really it's fine, just g-go with Susan. (Statement Non Opinion) ",neutral,sadness
"Really, I, no, I think girls night out is a great idea. (Statement Opinion) ",joy,joy
"Okay, okay, bye (Greeting) ",neutral,neutral
So what are they doing? (Question) ,neutral,neutral
"I don't know, something girlie. (Answer) ",joy,neutral
"Hey, you're early. (Statement Opinion) ",neutral,joy
What are you doing with the lamp? (Question) ,surprise,neutral
I'm just taking it to be re-wired. (Answer) ,neutral,neutral
"Oh, well don't take it to the same place you took the stereo, 'cause they've had that thing for over a week. (Statement Opinion) ",disgust,anger
"No, no, Mr. Heckles no one is making any noise up here. (Statement Non Opinion) ",neutral,neutral
You're disturbing my oboe practice. (Statement Non Opinion) ,anger,anger
You don't play the oboe! (Statement Non Opinion) ,anger,anger
I could play the oboe! (Statement Opinion) ,anger,anger
Ohhh! That is soo sweet! (Apology) ,joy,joy
"Okay, okay look, I know I'm being Mr. Inappropriate today, but it's just so tough, I mean see you walking around and I just wanna touch you and hold you, come on no one's around, just, just kiss me. (Statement Opinion) ",joy,neutral
"All right that's, that's it!! Get off her! (Command) ",anger,anger
What is going on? (Question) ,surprise,surprise
What's going on?! That's what's going on!! (Answer) ,anger,anger
Ross! (Others) ,surprise,surprise
I have been down in your store for twenty minutes trying to get a tie! (Statement Non Opinion) ,anger,anger
What do I have to do to get some service?! (Question) ,anger,anger
Hi Rach. (Greeting) ,neutral,neutral
Ross? (Statement Non Opinion) ,neutral,neutral
Yeah? (Backchannel) ,neutral,neutral
Hey it's Mona! From the wedding. (Greeting) ,joy,joy
Oh hi! (Greeting) ,joy,joy
Hi! (Greeting) ,joy,joy
Wow! Uh...how are you? (Question) ,surprise,surprise
"I'm good except umm, you still owe me a dance. (Answer) ",neutral,neutral
"Oh that's right. Well uh, would you be interested in seeing a Ukrainian film? (Question) ",joy,neutral
Oh you're serious. Sure! (Answer) ,surprise,joy
Great! Well umm (Others) ,joy,neutral
I think I might need one more cup of coffee. (Statement Opinion) ,neutral,neutral
"Sure! Uh, let me get it for ya. (Agreement) ",neutral,joy
Okay. (Others) ,neutral,neutral
"Look, I feel really bad about how I freaked you out before, so I called the father and asked him to meet you here so you can tell him. (Statement Opinion) ",sadness,sadness
Go! (Command) ,anger,neutral
"What? Hey wait a minute! Phoebe, how do you even know who the father is? (Question) ",surprise,surprise
"I may play the fool at times, but I'm a little more than a pretty blond girl with an ass that won't quit. (Answer) ",anger,joy
I believe this belongs to the father of your baby. (Statement Opinion) ,neutral,neutral
"Oh God... Oh, he's in there right now? (Statement Non Opinion) ",surprise,fear
Uh-huh. Now you can turn around or you can go in there and rip the Band-Aid off. What to you want to do? (Question) ,neutral,neutral
"Uh, let's rip! (Answer) ",fear,anger
Really? Are you sure? (Question) ,surprise,surprise
Oh Phoebe! (Backchannel) ,joy,surprise
"Okay, sorry. Yeah. (Apology) ",neutral,sadness
Hey Rach. (Greeting) ,neutral,neutral
"Hey, thank you so much for these tickets, Chandler. (Statement Non Opinion) ",joy,joy
"Oh well, this was a really important experience for me, and I wanted to share it with you. (Statement Non Opinion) ",joy,joy
"Oh, you're so wonderful. (Statement Opinion) ",joy,joy
"It can't be me, I'm standing right here. (Statement Opinion) ",neutral,anger
Wanna peek? (Question) ,neutral,joy
No! (Answer) ,disgust,anger
Come on! (Command) ,surprise,joy
We're not peeking? (Question) ,sadness,surprise
Well I'm peeking. Oh my God! (Answer) ,surprise,surprise
"Hello sir, you know Monica. (Statement Non Opinion) ",neutral,neutral
Chandler is fantastic!! (Statement Opinion) ,joy,joy
What?! (Question) ,surprise,surprise
Y'know how people just click? (Statement Non Opinion) ,joy,neutral
"Like he came by to pick me up, and I opened the door, and it was just like, click! (Statement Non Opinion) ",joy,neutral
Did he tell you? (Question) ,surprise,neutral
"Oh, and he's got such a good heart! Doesn't he have a good heart? (Question) ",joy,joy
"Oh, I know... (Answer) ",joy,neutral
"Oh, I know and he's soo sweet! Listen, he said he was going to call, so put him straight through. (Answer) ",joy,joy
Isn't this great?! (Statement Opinion) ,joy,joy
Don't spoil it. (Command) ,neutral,anger
Hi. (Greeting) ,neutral,neutral
"Hi, sweetie! (Greeting) ",joy,joy
Hello. (Greeting) ,neutral,neutral
"Hi, Ross. (Greeting) ",neutral,neutral
"Yeah, huh. (Backchannel) ",neutral,neutral
I?ve got some bad news. (Statement Non Opinion) ,sadness,sadness
What? (Question) ,fear,surprise
"I can get a quick bite to eat, but then I have to come back up here. (Answer) ",neutral,neutral
"Come on sweetie! You?ve had to work late every night for the past two weeks, what is it this time? (Question) ",sadness,anger
"But work comes first! Oh hey, but that?s sad about you though, what happened? Burn out? Burn all out, did ya? (Question) ",joy,sadness
"Nooo, he?s leaving for a better job. (Answer) ",neutral,neutral
"Oh well that?s great, so I guess this is ah, this is good bye then. Huh? Good bye. (Greeting) ",joy,sadness
"Okay, then. (Agreement) ",neutral,neutral
Okay. (Others) ,neutral,neutral
Well we?re gonna miss you around here. (Statement Opinion) ,sadness,sadness
"Yeah, me too. (Agreement) ",sadness,sadness
"So, see ya on Saturday. (Greeting) ",neutral,neutral
"Yeah, you bet. (Agreement) ",neutral,joy
Whazzup?? (Question) ,neutral,joy
"Seriously dude, 3 years ago. (Statement Non Opinion) ",joy,neutral
"Listen, can you do me a favor? (Question) ",neutral,neutral
I'm gonna be out today. (Statement Non Opinion) ,neutral,neutral
"Can you just keep an eye on Joey, make sure nothing happens between him and Molly? (Question) ",neutral,sadness
You don't trust him? (Question) ,surprise,surprise
I think the check in is that way. (Statement Opinion) ,neutral,neutral
Ahh. (Backchannel) ,neutral,surprise
"Monica face it, Chandler is against marriage. And-and always will be! (Statement Opinion) ",neutral,anger
Well there's some people who do want to marry me. (Statement Non Opinion) ,anger,neutral
There are? (Others) ,surprise,surprise
Yeah! Richard! (Backchannel) ,anger,joy
R-R-Richard said he wants to marry you?! And-and Chandler's tellin' ya how much he hates marriage?! (Statement Non Opinion) ,surprise,surprise
That's right. (Agreement) ,neutral,neutral
Chandler (Others) ,neutral,neutral
You just told me that he hates marriage! (Statement Non Opinion) ,surprise,sadness
That-that he's a-a complex fellow who's unlikely to take a wife! (Statement Non Opinion) ,anger,sadness
That-that he's against marriage and always will be! (Statement Non Opinion) ,anger,sadness
You got (Others) ,neutral,neutral
"You know you probably didn't know this, but back in high school, I had a, um, major crush on you. (Statement Non Opinion) ",fear,neutral
I knew. (Statement Non Opinion) ,neutral,neutral
You did! Oh.... I always figured you just thought I was Monica's geeky older brother. (Statement Opinion) ,surprise,surprise
I did. (Agreement) ,neutral,neutral
Oh. (Backchannel) ,sadness,sadness
"Listen, do you think- and try not to let my intense vulnerability become any kind of a factor here--but do you think it would be okay if I asked you out? (Question) ",fear,fear
Sometime? (Question) ,neutral,fear
Maybe? (Question) ,neutral,fear
"Yeah, maybe... (Answer) ",joy,joy
"Okay... okay, maybe I will... (Others) ",joy,joy
"Well, I just thought it'd make me feel good to do something nice for my friend. (Statement Opinion) ",neutral,joy
"Well, you're amazing. (Apology) ",joy,joy
Oh no-no-no. (Disagreement) ,neutral,anger
"A TV as if it appears from nowhere! That's the dream! Man, how did you afford this stuff? (Question) ",surprise,surprise
"Well, y'know I'm 29. I mean who needs a savings account. (Answer) ",neutral,neutral
"Oh, you are the best friends anyone has ever had. (Statement Opinion) ",joy,joy
"Oh, I don't know. (Statement Non Opinion) ",fear,neutral
"Oh-no-no-no, you are! (Statement Non Opinion) ",joy,neutral
"You do this, you give me the great advice, and hey listen, I was thinking about what you said yesterday about focusing on one woman, I'm gonna do that. (Statement Opinion) ",joy,joy
You mean with Casey. (Question) ,neutral,neutral
"No-no-no, I think I'm gonna see how things go with Kathy. She's pretty cool. (Answer) ",neutral,neutral
Or Casey. (Others) ,neutral,neutral
"No-no, Kathy. (Disagreement) ",neutral,anger
Could be Casey. (Statement Opinion) ,neutral,neutral
"No. No, Kathy. (Disagreement) ",neutral,anger
Consider Casey. (Statement Opinion) ,neutral,neutral
I think somebody's got a little crush on Casey. (Statement Opinion) ,joy,joy
How 'bout I fix you two up? (Question) ,joy,neutral
What do you think? (Question) ,joy,neutral
That all the pieces of my life are falling right into place! (Answer) ,joy,joy
"Hey, anybody got a length of rope about six feet long with a little nouse at the end? (Question) ",neutral,neutral
"Honey, what's the matter? (Question) ",neutral,sadness
I just saw Janice. (Answer) ,neutral,fear
"Cause every time I see your face, I can't help but fall from grace. I know..... (Others) ",joy,joy
Wow! This girl is good. (Statement Opinion) ,surprise,surprise
"Oh-ho yeah! A song with rhyming words. Oo, I never thought of that before. (Statement Non Opinion) ",anger,surprise
I like her. (Statement Opinion) ,neutral,joy
Why? Because she can sing and play guitar and do both at the same time? (Statement Opinion) ,neutral,disgust
"Well, that's pretty much all I'm looking for from these people. (Statement Non Opinion) ",neutral,neutral
Look at you. All jealous. (Statement Non Opinion) ,anger,joy
"Yeah Pheebs, come on, you two have completely different styles. Y'know, she's more.. y'know, and you're more (Statement Opinion) ",neutral,neutral
Say you'll stay beside me (Others) ,sadness,neutral
"Okay, see, see, everyone else is happy she's done. (Statement Non Opinion) ",anger,neutral
"Okay, my next song's called: Phoebe Buffay, What Can I Say. (Statement Non Opinion) ",neutral,neutral
"I Really Loved When We Were Singing Partners, And I Shouldn't Have Left You That Way. (Statement Opinion) ",neutral,sadness
"Oh no, one of those 'look for the hidden meaning' songs. (Statement Non Opinion) ",neutral,disgust
"Yes, hello. (Greeting) ",neutral,neutral
I have a question. (Statement Non Opinion) ,neutral,neutral
"Umm, I used your pen to draw on my friend's face. (Statement Non Opinion) ",neutral,neutral
A beard and a moustache. (Statement Non Opinion) ,neutral,neutral
Thank you. (Greeting) ,neutral,joy
"No, (Disagreement) ",neutral,anger
What?! What else did he say? (Question) ,surprise,surprise
"Umm, he said he thought I was funny. (Answer) ",neutral,neutral
"So... Okay, look-look umm, let's just go downstairs, we'll have some fun, and you will forget all about it. (Statement Opinion) ",neutral,neutral
"Ross, no! There is (Disagreement) ",anger,anger
"Oh, come on! Rach, it's-it's not that bad. (Statement Opinion) ",neutral,neutral
"Ross, I am a human doodle!! (Statement Non Opinion) ",anger,anger
"Look, just because some idiot drew on your face doesn't mean you shouldn't have any fun! (Statement Opinion) ",neutral,anger
"And besides, hey-hey-hey no one is even gonna (Statement Non Opinion) ",neutral,neutral
"Okay, there was (Others) ",neutral,neutral
Come on! (Others) ,joy,anger
"Oh wait, don't you have to pay for your, Busty Ladies? (Question) ",joy,disgust
"No, it's okay. Some-some kid asked me to pick it up for him, but I don't (Answer) ",neutral,neutral
Oh my God!!! What are you doing?!! (Question) ,surprise,surprise
"You said, you wanna come in for some lemonade? (Answer) ",neutral,neutral
So?! (Question) ,disgust,anger
"Whoa, ah!! We're you just gonna give me some lemonade? (Answer) ",surprise,surprise
Yeah huh!! Cover yourself up! (Command) ,disgust,disgust
"Oh right, right. (Agreement) ",neutral,neutral
"I don't believe this! When someone asks you in for lemonade, and to you that means they wanna have sex? (Question) ",disgust,anger
Well usually...yeah! (Answer) ,surprise,joy
"Well, not just lemonade, iced tea, sometimes juice. (Statement Non Opinion) ",neutral,neutral
"Well, sorry, I just, I thought you liked me. (Statement Opinion) ",neutral,sadness
I'm such a jerk. (Statement Non Opinion) ,sadness,sadness
"It's okay. I suppose it could happen to anyone, not anyone I know, but... By the way I can still see it. (Statement Opinion) ",neutral,disgust
Hmmm... this is so nice. (Statement Opinion) ,joy,joy
"OK, I have a question. Well, actually, it's not so much a question as.. more of a general wondering... ment. (Statement Non Opinion) ",neutral,neutral
OK. (Backchannel) ,neutral,neutral
"OK. Here goes. For a while now, I've been wanting to, um.... (Statement Non Opinion) ",neutral,neutral
Ohhh!!!! (Backchannel) ,surprise,surprise
"Yes, yes, that's right... (Statement Non Opinion) ",neutral,neutral
"Oh, look at the little cat! (Command) ",surprise,joy
What? Ow! (Question) ,surprise,anger
"Well, I was probably going to do it at some point. (Statement Opinion) ",neutral,neutral
I didn't mean (Statement Non Opinion) ,neutral,neutral
It's brilliant! (Statement Opinion) ,joy,joy
"Goodbye Mike, we'll see you at the wedding, fella! (Greeting) ",joy,joy
"well, we probably won't invite you to the wedding... (Statement Non Opinion) ",neutral,neutral
"Thank you, Chandler. (Greeting) ",neutral,joy
Sincerely. (Others) ,neutral,neutral
"Well, you're welcome! Glad I could help. (Greeting) ",joy,joy
"David, I'm pretending to (Others) ",neutral,neutral
"Okay, you have 19 questions left. Use them wisely. Come on Joey! You can't win if you don't ask any (Statement Opinion) ",joy,joy
What?! (Question) ,surprise,surprise
"Well, you promised me a fun road trip! (Answer) ",joy,neutral
We've been on the road six hours and you've been asleep for five and a half! (Statement Non Opinion) ,anger,anger
We are switching at the next rest stop and (Statement Non Opinion) ,anger,neutral
All right. All right. (Agreement) ,neutral,neutral
Yeah! And until then you are going to sing to me because the radio's broken and you are selfish but have a nice voice. (Statement Opinion) ,anger,joy
Really? I don't (Question) ,surprise,surprise
Sing!! (Command) ,anger,anger
Morning! (Others) ,joy,neutral
Everything was delicious! (Statement Opinion) ,joy,joy
Thank you! (Greeting) ,joy,joy
It was. The duck in particular was superb. (Statement Opinion) ,joy,joy
Thank you! You haven't said anything... (Statement Non Opinion) ,joy,neutral
Actually I do have one small complaint. (Statement Non Opinion) ,neutral,neutral
Oh..please!I-I welcome criticism. (Statement Opinion) ,neutral,neutral
The musician right outside the restaurant...it's kind of a mood-killer! (Statement Opinion) ,sadness,disgust
What musician? (Question) ,surprise,surprise
We did? (Question) ,neutral,surprise
You owe me 20 bucks. (Statement Non Opinion) ,joy,neutral
Thank you. Thank you so much! (Greeting) ,joy,joy
"Chandler, here you go, got your traditional Thanksgiving feast, you got your tomato soup, your grilled cheese fixin's, and your family size bag of Funyuns. (Statement Non Opinion) ",neutral,neutral
"Wait, wait, Chandler, this is what you're havin' for Thanksgiving dinner? (Question) ",surprise,surprise
"What, what, what is it with you and this holiday? (Question) ",anger,anger
"All right, I'm nine years old. (Answer) ",neutral,neutral
"Oh, I hate this story. (Statement Opinion) ",sadness,sadness
We just finished this magnificent Thanksgiving dinner. (Statement Non Opinion) ,neutral,neutral
"I have--and I remember this part vividly--a mouthful of pumpkin pie, and this is the moment my parents choose to tell me they're getting divorced. (Statement Non Opinion) ",sadness,sadness
Oh my god. (Backchannel) ,surprise,surprise
Yes. It's very difficult to appreciate a Thanksgiving dinner once you've seen it in reverse. (Statement Opinion) ,sadness,sadness
"Hey, who's this little naked guy? (Question) ",surprise,surprise
That little naked guy would be me. (Answer) ,neutral,neutral
"Aww, look at the little thing. (Statement Non Opinion) ",surprise,joy
Who are those people? (Question) ,surprise,surprise
Got me. (Others) ,surprise,neutral
"Oh, that's Nana, right there in the middle. 'Me and the gang at Java Joe's'. (Answer) ",neutral,joy
"Wow, Monica, you look just like your grandmother. How old was she there? (Question) ",surprise,surprise
"Let's see, 1939... yeah, 24, 25? (Answer) ",neutral,neutral
Looks like a fun gang. (Statement Opinion) ,neutral,joy
"Ooh, look-look-look-look-look! I got Monica naked! (Statement Non Opinion) ",joy,joy
"So, what's this about? (Question) ",joy,neutral
"Rachel has something that she wants to tell you and umm, I believe that this is your red sweater. (Answer) ",neutral,neutral
No. This is my red sweater. (Disagreement) ,neutral,anger
Oh no. Could I get anyone a coffee or...poison? No? Just for me? Okay. (Question) ,fear,disgust
What's going on Rach? (Question) ,joy,neutral
"Nothing! Phoebe kinda made a mistake. But y'know you do wear that sweater a lot, are you involved in some kind of dare? (Answer) ",fear,neutral
"Y'know, I'm actually glad Phoebe called. (Statement Opinion) ",joy,joy
"I know we broke up because you thought I wasn't mature enough, but I've really grown up and think we should get back together. (Statement Opinion) ",joy,joy
"Oh, it's just not the right time. (Disagreement) ",sadness,sadness
It is the right time. (Agreement) ,joy,anger
Okay. (Backchannel) ,neutral,neutral
Kay! (Others) ,joy,joy
in the category of Favorite Returning Male Character the nominees are: John Wheeler from (Statement Non Opinion) ,neutral,neutral
What the?! (Question) ,surprise,surprise
Yeah. (Answer) ,neutral,neutral
"You're an Aquarius, huh? (Question) ",neutral,neutral
I bet you're a Gemini. (Question) ,neutral,neutral
Nope. (Answer) ,neutral,neutral
Taurus? (Question) ,neutral,neutral
Nope. (Answer) ,neutral,neutral
Virgo? (Question) ,neutral,neutral
Nope. (Answer) ,neutral,neutral
Sagittarius? (Question) ,neutral,neutral
Yep. (Answer) ,neutral,neutral
"I knew it! I knew it, ahh.... (Statement Non Opinion) ",joy,joy
You're not gonna speed anymore right? (Question) ,neutral,neutral
I won't speed. (Answer) ,neutral,neutral
And you promise you'll get this taken care of right away? (Question) ,neutral,neutral
I promise. (Answer) ,neutral,neutral
And in the meantime you better let him drive. Does he have a license? (Question) ,neutral,neutral
Yeah! (Answer) ,neutral,neutral
Can he handle the stick? (Question) ,neutral,neutral
Oh well (Backchannel) ,neutral,neutral
I can handle the stick!! (Answer) ,anger,anger
Hey! (Greeting) ,joy,joy
I can't believe this is taking so long. How are you doing? (Question) ,sadness,anger
Oh not bad. Do you know that feeling when you're trying to blow a Saint Bernard out your ass? (Answer) ,sadness,disgust
Weirdest thing. Did I hear----Mother of God it's true! (Statement Non Opinion) ,surprise,surprise
Chandler Bing! (Others) ,surprise,joy
Janice (Others) ,surprise,neutral
"Not just Janice, Janice in labor, contracting and everything. (Statement Non Opinion) ",joy,surprise
"Oh, this should be easy. I have a very wide pelvis. You remember Chandler. (Statement Opinion) ",neutral,joy
Janice I didn't even know you were pregnant! Who's the unwitting human who's essence you've stolen? (Question) ,surprise,surprise
It's you. This is yours. (Answer) ,neutral,joy
What?! (Question) ,surprise,surprise
Look how nervous he gets! We haven't slept together in years! (Statement Non Opinion) ,joy,joy
That's funny. Does it-does it hurt? Does the labor hurt? (Question) ,fear,fear
"Man, I'm starving! What the hell was I thinking at dinner?! ""Do you want soup or salad?"" Both! Always order both! (Statement Non Opinion) ",anger,anger
"Y'know, y'know I'm lookin' and I don't think anyone's home here. (Statement Opinion) ",neutral,neutral
"I say we just break the window, crawl through, and-and y'know explain later. (Statement Opinion) ",neutral,anger
Yeah? Really? No one's home? (Question) ,surprise,surprise
I don't think so. Hello? When you get in there (Answer) ,neutral,neutral
"Hey, what's up? (Question) ",neutral,neutral
I just saw Danny getting on the subway with a girl and he had his arm around her. (Answer) ,sadness,sadness
"Oh, honey, I'm sorry. (Apology) ",sadness,sadness
"Well, you should be, this is all your fault! You meddled in our relationship!! (Statement Opinion) ",anger,anger
You had no relationship!! (Disagreement) ,anger,anger
"No, but I was doing my thing and everything was going according to the plan! (Disagreement) ",anger,anger
"Oh God, stop with the plan! (Command) ",anger,anger
"So what, so what you saw him with a girl? (Question) ",neutral,neutral
Who cares?! (Statement Opinion) ,anger,neutral
That doesn't mean anything! (Statement Non Opinion) ,anger,neutral
"Now look, you're going to go out on a date with Danny and you're going to be so charming he's gonna forget all about that stupid subway girl. (Statement Opinion) ",neutral,joy
She was kinda stupid. (Statement Non Opinion) ,neutral,disgust
You're right. (Agreement) ,neutral,neutral
"All right, I'm just gonna go on the date. (Statement Non Opinion) ",neutral,neutral
I'm gonna go on the date. (Statement Non Opinion) ,neutral,neutral
That is the new plan. (Statement Opinion) ,neutral,neutral
Hi. (Greeting) ,neutral,joy
Phoebe! (Greeting) ,surprise,joy
Ta-da. (Greeting) ,joy,joy
Hey. (Greeting) ,neutral,joy
Hi. (Greeting) ,neutral,joy
"Ahh, look at you, you look great. (Statement Opinion) ",joy,joy
"Do I? Thank you, so do you. (Statement Opinion) ",neutral,joy
Thanks. (Greeting) ,neutral,joy
Sparkly. (Statement Non Opinion) ,neutral,neutral
"So, wow, this is pretty wonerful, huh. (Statement Opinion) ",joy,joy
Mr. major capades guy. (Others) ,neutral,joy
"I, I remember when you were just, like, King Friday in Mr. Roger's Ice is Nice. (Statement Opinion) ",neutral,joy
You always said I'd make it. (Statement Non Opinion) ,joy,neutral
"Yeah, well, ya know, I'm kind of spooky that way. Wooo. (Statement Opinion) ",neutral,joy
I missed you. I'm gonna get changed. (Statement Opinion) ,neutral,sadness
OK. (Backchannel) ,neutral,neutral
"Um, now. Phoebs. (Backchannel) ",neutral,neutral
"Oh, right, OK. Ole. (Statement Non Opinion) ",neutral,neutral
What? (Question) ,neutral,surprise
"Um, the matador. Ole, ha ha ha. (Answer) ",joy,joy
"Hi Joey it's Jane Rogers, can't wait for your party tonight. (Statement Opinion) ",joy,joy
"Listen, I forgot your address, can you give me a call? (Question) ",neutral,neutral
"Thanks, bye. (Greeting) ",neutral,neutral
Hey! (Greeting) ,joy,joy
Hey! (Greeting) ,joy,joy
What's happening? (Question) ,joy,neutral
"Yeah, it's a real shame you can't make it to that one-woman show tonight. (Statement Opinion) ",sadness,sadness
"Oh, I'd love to, but I gotta get up so early the next day and so, you know me, work comes first (Statement Non Opinion) ",neutral,neutral
"Oh, yeah, yeah, yeah... (Agreement) ",neutral,neutral
"""Hi Joey, it's Jane Rogers can't wait for your party tonight"" (Statement Non Opinion) ",joy,joy
Stupid Jane Rogers!! (Statement Opinion) ,anger,anger
You are having a party tonight?? (Question) ,surprise,surprise
Kinda have a... a thing for the Days Of Our Life's people. (Answer) ,neutral,neutral
And you weren't going to tell us? How did you think you were gonna get away with that? (Question) ,anger,anger
I do it every year. (Answer) ,neutral,neutral
You do that every year?? (Question) ,surprise,surprise
I didn't have to tell you that!! I'm stupider than Jane Rogers!! (Statement Opinion) ,anger,anger
"Oh, that's why you got these tickets to that play, to get rid of us?? (Question) ",anger,anger
Yeah... (Answer) ,neutral,neutral
And last year is that why you sent us to that medieval times restaurant? (Question) ,anger,anger
Yeah... (Answer) ,neutral,neutral
"OH! And the year before that, when you set up that nighttime tour of that button factory? (Question) ",anger,anger
Who's this from? (Question) ,surprise,neutral
"Oh, that's Ross's. (Answer) ",neutral,neutral
Oh... Oh my God. He remembered. (Statement Non Opinion) ,surprise,joy
Remembered what? (Question) ,neutral,neutral
It was like months ago. (Answer) ,surprise,neutral
"We were walking by this antique store, and I saw this pin in the window, and I told him that it was just like one my grandmother had when I was a little girl. (Answer) ",sadness,neutral
Oh! (Backchannel) ,surprise,surprise
I can't believe he remembered! (Statement Non Opinion) ,surprise,joy
"Oh, it's so pretty. This must have cost him a fortune. (Statement Opinion) ",surprise,joy
I can't believe he did this. (Statement Non Opinion) ,surprise,surprise
"Come on, Ross? Remember back in college, when he fell in love with Carol and bought her that ridiculously expensive crystal duck? (Statement Non Opinion) ",neutral,neutral
What did you just say? (Question) ,surprise,surprise
F-hah.... flennin.... (Others) ,fear,neutral
Oh.... my God. (Others) ,surprise,surprise
I really like waking up with you. (Statement Opinion) ,joy,joy
"I like waking up with you too. Oh! It's such a beautiful morning. Oh, I can stay here all day. (Agreement) ",joy,joy
That would be great! (Statement Opinion) ,joy,joy
We could have breakfast in bed (Statement Opinion) ,joy,joy
"Wait, just a second. (Statement Non Opinion) ",neutral,neutral
Okay. Oh! Oh no. (Others) ,surprise,surprise
"Well that was depressing, I think I just bought a soft pretzel from one of the kids from (Statement Opinion) ",sadness,sadness
Um-hmm. Oh wait! This is Bonnie. (Statement Non Opinion) ,surprise,neutral
Hi! (Greeting) ,joy,neutral
This is Bonnie? This is Bonnie? You're Bonnie? (Question) ,surprise,surprise
I can show you an ID if you want? (Answer) ,neutral,neutral
"Oh no, I'm sorry, you look a lot different from the last time I-I saw you. (Apology) ",surprise,sadness
"Oh yeah, well I just started wearing bras again. (Statement Non Opinion) ",neutral,neutral
"Oh, that must be it. (Agreement) ",neutral,neutral
Well I hope you have fun tonight. (Statement Opinion) ,neutral,joy
Thanks! You too. (Greeting) ,joy,joy
I believe it. (Statement Non Opinion) ,neutral,neutral
"Yes, I do. (Agreement) ",neutral,joy
"No you do--y'know what, you're not gonna suck me into this. (Statement Opinion) ",anger,anger
"Oh sure I am, because you always have to be right. (Statement Non Opinion) ",anger,anger
"I do not always have to be--okay, okay. (Statement Non Opinion) ",anger,anger
Jurassic Park (Others) ,neutral,neutral
"I'm telling you, something's wrong! My brother does not stay out all night. (Statement Opinion) ",fear,fear
Maybe we should check the trash chute. (Statement Opinion) ,neutral,neutral
Ross couldn't fit down the trash chute. (Statement Non Opinion) ,neutral,neutral
"That's right, he almost could. Which is exactly how I got stuck there. (Agreement) ",neutral,joy
Hey! (Greeting) ,neutral,joy
There he is! (Statement Non Opinion) ,joy,joy
Oh my God! Where the hell have you been?!! (Question) ,anger,anger
"Just, y'know out. (Answer) ",neutral,neutral
"Ohh, out, oh God, I don't know why we didn't think to check there! (Statement Opinion) ",anger,anger
What were you doing? (Question) ,neutral,surprise
"I uh, went to a bar. And then I just uh, just walked around for a while. (Answer) ",neutral,neutral
He hooked up! He hooked up with someone. (Statement Non Opinion) ,surprise,joy
"Look, I don't have to answer your questions! Okay? I'm a big boy, I can do whatever I want! (Statement Non Opinion) ",anger,anger
He hooked up!! Tell us about her! (Command) ,joy,joy
Ross you left you scarf in... Hey you guys. (Greeting) ,neutral,joy
"Oh yeah, that looks good. (Statement Opinion) ",neutral,joy
You guys make a (Others) ,neutral,neutral
"Yeah, we look great together. (Agreement) ",joy,joy
Okay. (Backchannel) ,neutral,neutral
Wow! Imagine what our kids would look like! (Statement Opinion) ,joy,joy
"Y'know, we don't have to imagine. (Disagreement) ",neutral,anger
I'm marrying her. (Statement Non Opinion) ,joy,neutral
We'll just see. (Statement Non Opinion) ,neutral,neutral
Hey! Hey! Be careful around my Porsche! (Command) ,anger,anger
Hi Joey. (Greeting) ,neutral,neutral
Hey! How you doin'? (Greeting) ,neutral,joy
He has the most amazing Porsche under there! (Statement Opinion) ,joy,joy
"I'd love to show ya, but I just tucked her in. (Statement Non Opinion) ",neutral,neutral
She's sleeping. (Statement Non Opinion) ,neutral,neutral
"Hey uh, would you two girls like to go for a drink? (Question) ",neutral,joy
"Well, the old lady died. (Statement Non Opinion) ",sadness,sadness
And how do I know? (Question) ,neutral,anger
Her dying wish was for one last kiss. (Answer) ,neutral,sadness
"But I don't care, because you got the apartment. (Statement Non Opinion) ",joy,neutral
Yes! (Agreement) ,joy,joy
Ewww. Yeah. Umm. I think I'm gonna stay here. (Statement Opinion) ,disgust,disgust
Isn't that great? (Question) ,joy,joy
Ezels!! (Others) ,disgust,surprise
"Smelly cat, smelly cat, what are they feeding you? Smelly cat, smelly cat, it's not your fault. (Others) ",neutral,disgust
"Wow, that's great. (Statement Opinion) ",joy,joy
"Oh, yeah! (Agreement) ",joy,joy
"Y'know you could totally sell this. It'd be perfect for like umm, a kitty litter campaign. (Statement Opinion) ",neutral,joy
"I..., a jingle? No, no-no-no, no. (Disagreement) ",neutral,anger
What? Why not? You could make a ton of money. (Question) ,surprise,surprise
"Okay, well if I was in this for the money, I'd be a millionaire by now, y'know. (Answer) ",neutral,neutral
You just got to get out of that jingle head sweetie. (Statement Non Opinion) ,neutral,neutral
"Aw, you're right, you're right. I'm sorry. (Agreement) ",neutral,sadness
"That's okay. All right, I'm gonna play song that's really, really sad. It's called Magician Box Mix Up. (Statement Non Opinion) ",joy,sadness
"Okay sir, um-mm, let see if I got this right. (Statement Non Opinion) ",neutral,neutral
"Ah, so this is a half-caf, double tall, easy hazel nut, non-fat, no foam, with whip, extra hot latte, right? (Question) ",neutral,neutral
"Okay, great. (Agreement) ",joy,joy
You freak. (Statement Opinion) ,disgust,disgust
Thank you. (Greeting) ,joy,joy
"Um, coffee to go, please. (Statement Non Opinion) ",neutral,neutral
Isabella Rosselini. (Others) ,neutral,neutral
Are you serious? Oh my God. (Question) ,surprise,surprise
Damn! I can't believe I took her off my list. (Statement Opinion) ,anger,anger
Why? 'Cause otherwise you'd go for it? (Question) ,neutral,surprise
"Yeah, maybe. (Answer) ",neutral,neutral
"Oh-oh, you lie. (Statement Non Opinion) ",disgust,anger
What you don't think I'd go up to her? (Question) ,neutral,anger
"Ross, it took you ten years to finally admit you liked me. (Statement Non Opinion) ",neutral,neutral
"Yeah, well missy, you better be glad that list is laminated. (Statement Opinion) ",anger,anger
"You know what honey, you go ahead, we'll call her an alternate. (Statement Opinion) ",neutral,neutral
"Okay, hold my crawler. (Statement Non Opinion) ",neutral,neutral
Okay. (Agreement) ,neutral,neutral
"Rach, are you really gonna let him do this? (Question) ",surprise,surprise
"Honey, he's about to go hit on Isabella Rosselini. I'm just sorry we don't got popcorn. (Answer) ",joy,joy
"Okay, that's, that's enough. (Disagreement) ",neutral,anger
Won't you dance around with me. (Question) ,neutral,joy
A-ha!!! (Answer) ,surprise,joy
"Oh-oh-oh, yeah! That's right, you take good care of those babies! (Statement Opinion) ",joy,joy
Excuse me? (Question) ,surprise,surprise
"It's me, Joey! (Answer) ",joy,neutral
Do I know you? (Question) ,surprise,surprise
Joey! (Answer) ,joy,neutral
"Oh-ho, yeah. Yeah, the hand guy. (Acknowledge) ",neutral,joy
Okay that's fair. (Agreement) ,neutral,neutral
All right. (Others) ,neutral,neutral
Good! (Apology) ,neutral,joy
Pick one. (Command) ,neutral,neutral
Left! Thank you. (Greeting) ,joy,joy
You're welcome. (Statement Non Opinion) ,neutral,neutral
Ross! (Others) ,surprise,surprise
Joey! We should just switch. (Statement Opinion) ,neutral,neutral
Yeah absolutely! (Agreement) ,joy,joy
"Rachel, we're sorry for pushing those guys on you. (Apology) ",sadness,sadness
Oh that's all right! (Statement Non Opinion) ,joy,neutral
"Y'know, I ended up having a really good time. (Statement Non Opinion) ",joy,joy
"Y'know, the charity was a big success and they raised a lot of money and awareness. (Statement Non Opinion) ",joy,joy
So what was it for anyway? (Question) ,neutral,neutral
I wanna say a disease. (Answer) ,neutral,neutral
Hey! (Greeting) ,surprise,neutral
Hey! (Greeting) ,surprise,neutral
I just got this really weird message from Ross. He said turn on (Statement Non Opinion) ,neutral,surprise
"Oh my God, look! That's Elizabeth! (Statement Non Opinion) ",surprise,surprise
Oh-oh Professor Geller. (Statement Non Opinion) ,neutral,neutral
"Ahh, to be 13 again. (Statement Opinion) ",neutral,joy
"Hey! So uh, was he excited about the tickets? (Question) ",neutral,neutral
No! He blew us off! (Answer) ,anger,anger
What?! (Question) ,surprise,surprise
I know! (Agreement) ,surprise,neutral
I can't believe it. Can I tell you something? I'm a little mad at him now. (Statement Opinion) ,anger,anger
Can I tell you something? Me too. (Agreement) ,anger,anger
"Y'know what? He didn't want to talk to us about being angry, well maybe we don't talk to him (Statement Opinion) ",anger,anger
Ooooh! Freeze him out. (Command) ,joy,joy
That's right! (Agreement) ,joy,joy
I like it! (Statement Opinion) ,joy,joy
Doorknob? (Question) ,neutral,neutral
"Yeah, it kinda grows on you. Actually, I wanted to finish talking to you about uh, spring vacation. (Answer) ",neutral,neutral
Oh good. (Agreement) ,joy,joy
"Look, I... Look, I'm having a great time with you and I just don't want us to move to fast or put to much pressure on us. (Statement Opinion) ",fear,sadness
"So, I'm sorry I just don't think we should go away together yet. (Apology) ",sadness,sadness
It's-it's too soon. (Statement Opinion) ,fear,sadness
"Ross, I think you misunderstood what I was saying. I just wanted to tell you that I'm going to Florida for a couple weeks. (Statement Opinion) ",surprise,neutral
No. I think you misunderstood what (Statement Opinion) ,surprise,anger
You are so adorable. (Statement Opinion) ,joy,joy
That! Let's talk about that. (Statement Non Opinion) ,joy,neutral
Hey! (Greeting) ,joy,joy
How do you feel? (Question) ,neutral,neutral
"Well, let's just say that Krog will be fully equipped to destroy the universe again in twelve to fourteen hours. (Answer) ",neutral,anger
"Okay, so I (Others) ",neutral,neutral
And protected them from a tornado? (Question) ,neutral,surprise
Oh my God. (Others) ,surprise,surprise
"I know, the babies are asleep. (Statement Non Opinion) ",neutral,neutral
"Phoebe, what, what happened here?! (Question) ",surprise,anger
I did it! I took care of the babies all by myself! (Answer) ,joy,joy
But my apartment! (Others) ,surprise,anger
Is not as important as the fact that Phoebe took care of the babies all by herself. (Statement Non Opinion) ,neutral,neutral
"You're right, you're right I shouldn't freak out. (Agreement) ",neutral,neutral
Cause this is what will happen when you and I have babies! (Statement Non Opinion) ,neutral,joy
When will that be? (Question) ,neutral,neutral
"Phoebe, would you take a look at this mess!!!! (Question) ",anger,anger
Hey Ross! The baby's kicking! (Statement Non Opinion) ,joy,joy
What?! It is?! (Question) ,surprise,surprise
It's not kicking right now. Although we would love to see you do that again. (Answer) ,joy,neutral
"Hey, when-when was it kicking? What happened? (Question) ",joy,surprise
Last night! I just felt it and I went into Joey's room and he was sleeping (Answer) ,joy,joy
A dreamless sleep. (Statement Non Opinion) ,neutral,neutral
"So c'mon, you guys, tell me all the dirt! (Statement Non Opinion) ",joy,joy
"Well, the biggest news is still you dumping Barry at the altar! (Statement Non Opinion) ",neutral,surprise
Alright. Let's talk reality for a second. (Statement Non Opinion) ,neutral,neutral
Okay. (Statement Non Opinion) ,neutral,neutral
When are you coming home? (Question) ,neutral,neutral
"What? Guys, I'm not. (Answer) ",surprise,anger
"C'mon, this is us. (Statement Non Opinion) ",neutral,neutral
I'm not! This is what I'm doing now. I've got this job- (Statement Non Opinion) ,neutral,anger
Waitressing? (Question) ,surprise,disgust
"Okay, I'm not just waitressing. (Answer) ",neutral,anger
I'm.. (Backchannel) ,neutral,sadness
"I, um... (Backchannel) ",neutral,sadness
"I write the specials on the specials board, and, uh... and I, uh... (Statement Non Opinion) ",neutral,sadness
"I take the uh dead flowers out of the vase... Oh, and, um, sometimes Artelle lets me put the little chocolate blobbies on the cookies. (Statement Non Opinion) ",sadness,sadness
"We get off around midnight, why don't we pick you up then? (Question) ",neutral,neutral
"So, um, will you bring the truck? (Question) ",neutral,neutral
I'll even let you ring the bell. (Answer) ,neutral,joy
"Oh, my god. (Others) ",surprise,surprise
"See, there you go, the cleansing works! (Statement Non Opinion) ",joy,joy
They're nice guys. (Statement Opinion) ,neutral,joy
"Oh, they're firemen guys. (Statement Non Opinion) ",joy,neutral
Your son. (Question) ,neutral,neutral
"No-no-no. I don't have a son named Jordie. We all agreed, my son's name is Jamie. (Answer) ",anger,anger
"Well, Jamie was the name of Susan's first girlfriend, so we went back to Jordie. (Statement Non Opinion) ",neutral,neutral
"What? Whoa, whoa whoa whoa, what do you mean, (Question) ",surprise,surprise
"Ow, ow, ow, ow, leg cramp, leg cramp, leg cramp. (Statement Non Opinion) ",anger,sadness
I got it. (Statement Non Opinion) ,neutral,neutral
I got it. (Statement Non Opinion) ,neutral,neutral
"I got it! Hey, you get to sleep with her, I get the cramps. (Statement Opinion) ",anger,anger
"No, you don't. (Disagreement) ",neutral,anger
"All right, that's it. I want both of you out. (Statement Opinion) ",anger,anger
Why? (Question) ,surprise,neutral
He started it! (Statement Non Opinion) ,anger,anger
"No, you started it. (Disagreement) ",anger,anger
"I don't care. I am trying to get a person out of my body here, and you're not making it any easier. (Statement Non Opinion) ",anger,anger
Now go! (Statement Non Opinion) ,anger,anger
Thanks a lot. (Greeting) ,anger,anger
See what you did. (Statement Non Opinion) ,anger,anger
"Yeah, listen... (Command) ",neutral,neutral
Out (Command) ,anger,anger
"Oh, and I can also speak a little French. Voulez-vous coucher avec moi ce soir? Why? What did I say? (Question) ",joy,surprise
"Well, you just asked if I wanted to go to bed with you tonight. (Answer) ",neutral,neutral
Oh my God! No wonder I get such great service at Cafe Maurice. (Statement Non Opinion) ,surprise,surprise
"Knock, knock, knock, knock, hi. (Greeting) ",neutral,joy
"Um, could you please tell Sergei that um, I was fascinated by what Boutros Boutros Gali said in the New York Times. (Statement Non Opinion) ",neutral,neutral
You didn't say Boutros Boutros Gali. (Statement Non Opinion) ,neutral,neutral
Boutros Boutros Gali. (Others) ,neutral,neutral
He says he was too. (Statement Non Opinion) ,neutral,neutral
Interesting. (Statement Opinion) ,neutral,neutral
So I was wondering.... (Others) ,neutral,neutral
"Okay, ah, before you get all talky again, umm, could you also please tell Sergei that I really like his suit. (Statement Non Opinion) ",joy,neutral
"Eh, he said, thank you very much, he thinks you look very pretty tonight, your hair, golden like the sun. (Statement Non Opinion) ",joy,joy
So you're a chef? (Question) ,neutral,neutral
I'm also thinking about opening up my own restaurant. (Answer) ,joy,joy
"Oh, really. (Backchannel) ",surprise,neutral
"Monica, can I talk to you behind my menu, please. What are you doing? (Question) ",neutral,anger
"Well, I was having a conversation. (Answer) ",neutral,neutral
"Yeah but, Mischa is so interested in you, that Sergei and I haven't been able to say two words to each other. (Statement Non Opinion) ",anger,anger
What do you want me to do? Just sit here silently while you three have a conversation? (Question) ,anger,anger
That would be great. Thank you. (Answer) ,neutral,joy
so we finally get to the top of the mountain and airhead here forgets the camera! (Statement Non Opinion) ,disgust,anger
"Oh, y'know the same thing happened to me one time. (Statement Non Opinion) ",neutral,neutral
When did that happen to you?! (Question) ,surprise,surprise
Don't you remember when we were jogging in the park and we saw that really pretty bird and wanted to take a picture--I didn't have my camera! (Answer) ,neutral,neutral
"Oh yeah. First off all, chasing the Churo guy isn't jogging. (Statement Opinion) ",disgust,neutral
"Oh, this is so good you have got to try it. (Statement Opinion) ",joy,joy
"Oh, damn! I got it on my pants. (Statement Non Opinion) ",anger,anger
"Here, I'll get it. (Statement Non Opinion) ",neutral,neutral
We'd better take these pants off upstairs or that stain's gonna set. (Statement Opinion) ,neutral,neutral
Yep. I'm gonna wear these on our date tonight. (Agreement) ,joy,joy
"Oh, great! (Others) ",surprise,joy
"Okay, bye! Oh my God!! (Greeting) ",joy,surprise
That was unbelievable! (Statement Opinion) ,surprise,surprise
"Yeah, wow, sorry Rach. (Apology) ",sadness,sadness
I don't believe they're brother and sister. (Statement Opinion) ,surprise,surprise
They're brother and sister!!! (Statement Non Opinion) ,surprise,surprise
Action! (Command) ,neutral,neutral
I found the picture! (Statement Non Opinion) ,anger,joy
What picture?! (Question) ,surprise,surprise
The picture of my wife! In your pack! (Answer) ,anger,anger
You went through my personal property? (Question) ,anger,anger
Why do have a picture of Paulette in your pack?! (Question) ,anger,anger
"Because Vincent, we were lovers. For two years! (Answer) ",anger,neutral
Cut! Wonderful! (Apology) ,joy,joy
Great scene yeah? (Statement Opinion) ,joy,joy
"Oh you're awesome! And, in that last speech? You soaked me. (Apology) ",joy,joy
Here's your call sheet for tomorrow. (Statement Non Opinion) ,neutral,neutral
I know. (Statement Non Opinion) ,neutral,neutral
"So Chandler, your parents must've been thrilled when you told them you were engaged. (Statement Opinion) ",joy,joy
"Oh yeah, I should probably call them. (Statement Opinion) ",neutral,neutral
I remember when we first got engaged. (Statement Non Opinion) ,joy,neutral
"Oh, I don't think I ever heard that story. (Statement Opinion) ",neutral,neutral
"Well, I'd gotten Judy pregnant. I still don't know how that happened. (Statement Non Opinion) ",joy,neutral
You don't know how that happened?! Your dog thought my diaphragm was a chew toy! (Statement Non Opinion) ,disgust,anger
What a sweet story. (Statement Opinion) ,neutral,neutral
"Well, at least you're not hearing it for the first time at your fifth grade Halloween party. (Statement Non Opinion) ",disgust,neutral
What?! They wanted a scary story! (Statement Non Opinion) ,surprise,surprise
"Anyway, we're really excited about our wedding plans, and well I guess pretty soon we'll be making a big withdrawal from the Monica wedding fund. (Statement Non Opinion) ",joy,joy
What? (Question) ,surprise,surprise
"You tell her Jack, I can't do it. (Answer) ",fear,sadness
What happened? You still have the Monica wedding fund don't you? (Question) ,surprise,fear
"We have it. Only now, we call it the beach house. (Answer) ",neutral,neutral
"After applying the Waxine and linen strips to leg number one, (Statement Non Opinion) ",neutral,neutral
Did that! (Statement Non Opinion) ,joy,joy
Grasp one of the linen strips by its 'easy grab tab' and pull it off in one quick pain free motion. (Command) ,neutral,neutral
Okay. Ow!!!!! Ow-oh-oh! (Others) ,surprise,anger
Was it not pain-free? (Question) ,surprise,neutral
"No. It was painful. Oh my God , they should call it Pain-zine, now with a little wax. (Answer) ",disgust,anger
"Huh, well, the girls in the satin nighties on the commercial don't seem to think it's that bad. (Statement Non Opinion) ",neutral,neutral
That's because their nerves are probably deadened from being so stupid. (Statement Opinion) ,anger,anger
"But hey, y'know if you don't believe me, please, by my guest. (Statement Opinion) ",neutral,neutral
Ow-ow-ow-ow! Oh my God!!! (Others) ,surprise,anger
"Now umm, remember I'm still learning. (Statement Non Opinion) ",neutral,neutral
"One, two, three, four! (Others) ",neutral,joy
You know the song! Sing along! (Statement Non Opinion) ,joy,joy
So? (Question) ,neutral,neutral
No! (Disagreement) ,sadness,anger
Oh my God! That's David! (Statement Non Opinion) ,surprise,surprise
David who? (Question) ,neutral,neutral
"David the scientist guy, David that I was in love with, David who went to Russia and broke my heart David! (Answer) ",sadness,sadness
Oh my God! (Others) ,surprise,surprise
"Oh, you say someone's name enough, they turn around. (Statement Non Opinion) ",neutral,neutral
Phoebe? (Others) ,surprise,surprise
David! What-what are you doing here? Aren't you supposed to be in Russia? (Question) ,surprise,surprise
"Yeah, I'm just, I'm just in town for a conference. Umm, (Answer) ",neutral,neutral
Well... Yeah. You look great too. Did you get a haircut? (Question) ,joy,neutral
Yeah. Well I-I got like thirty of them. (Answer) ,neutral,joy
Yeah. (Backchannel) ,neutral,neutral
Yes! Santa's coming! (Statement Non Opinion) ,joy,joy
"Hey, uh, I'm really, really sorry about what happened in the cafeteria today. (Apology) ",sadness,sadness
"It's no big deal. Hey, y'know, you do what you gotta do. Right? (Question) ",neutral,neutral
"But hey, it's not just me, I mean the scientists and the tour guides (Statement Non Opinion) ",neutral,neutral
Whatever. (Others) ,neutral,neutral
"Okay, Mon, back me up here. (Command) ",neutral,neutral
"Where you work the uh, waiters eat with the waiters, right? (Question) ",neutral,neutral
"And the chefs eat with the other chefs, right? (Question) ",neutral,neutral
I eat by myself in the alley because everybody hates me. (Answer) ,sadness,sadness
"Look, Ross, really it's-it's no big deal. (Statement Opinion) ",neutral,neutral
"Y'know you wear a white coat, I wear a blue blazer, if that means we can't be friends at work, then so be it. (Statement Opinion) ",sadness,neutral
"Y'know, hey I understand. (Statement Non Opinion) ",neutral,neutral
Y'know? (Backchannel) ,neutral,neutral
"Hey, when I'm in a play and you're in the audience, I don't talk to you, right? (Statement Non Opinion) ",neutral,neutral
"So it's y'know, it's uh, it's cool. (Statement Opinion) ",neutral,neutral
I'll see you tomorrow. (Statement Non Opinion) ,neutral,neutral
"Yeah, when we're in the audience he doesn't talk to us, but he does wave. (Statement Non Opinion) ",neutral,neutral
You did look like an idiot. (Statement Opinion) ,joy,anger
"Hey, I wasn't the only one who looked like an idiot. (Statement Opinion) ",neutral,anger
All right? (Backchannel) ,neutral,neutral
"Remember when Ross tried to say, ""Butternut squash?"" (Statement Non Opinion) ",joy,neutral
"And it came out, ""Squatternut buash?"" (Statement Non Opinion) ",joy,neutral
Yeah that's the same. (Statement Opinion) ,neutral,neutral
That's it. That's my worse Thanksgiving. (Statement Opinion) ,sadness,sadness
Oh wait! That can't be the one Rachel's talking about. She didn't even know that happened. So which one was it? (Question) ,neutral,surprise
"Umm, I-I really don't want to tell this story. (Answer) ",sadness,sadness
"Oh, come on Monica, reliving past pain and getting depressed is what Thanksgiving is all about. (Statement Opinion) ",neutral,joy
"Y'know, for me anyway. (Others) ",sadness,neutral
"And of course, the Indians. (Statement Non Opinion) ",sadness,neutral
"Look umm, of all people, you do not want me to tell this story! (Statement Opinion) ",anger,anger
"Hi, guys. (Greeting) ",neutral,neutral
Hi! Phoebe. (Greeting) ,joy,neutral
Hi Phoebe. (Greeting) ,neutral,neutral
"I-I wanted to apologise if I--y'know seemed a tad edgy yesterday at my shower. Y'know it's just the hormones, y'know. (Apology) ",sadness,sadness
No we (Backchannel) ,neutral,neutral
Hormones. (Others) ,neutral,neutral
"hormones, yeah. (Agreement) ",neutral,neutral
Your parents'? (Question) ,neutral,neutral
"Yeah, they're out of town. (Answer) ",neutral,neutral
Ohh. (Backchannel) ,surprise,surprise
"Yeah-yeah, it's this (Others) ",neutral,neutral
Yeah that works. (Statement Opinion) ,neutral,neutral
They-they-they can smell fear. (Statement Non Opinion) ,fear,fear
Bing! Ho! And the Bing-ette! (Others) ,joy,neutral
"Honey, you remember my boss Doug right? (Question) ",neutral,joy
"Yes, hi. (Answer) ",neutral,neutral
"Hi. So good news, the divorce is final. I signed the papers this A.M. (Statement Non Opinion) ",joy,joy
"I didn't know you and Carol were getting divorced, I'm sorry. (Statement Non Opinion) ",sadness,sadness
"Sorry? Finally chewed my leg out of that bear trap. Hey, congratulations to you guys though! (Greeting) ",joy,joy
No leg-chewing for us sir. (Statement Non Opinion) ,neutral,neutral
"Oh well, give it time. (Statement Opinion) ",neutral,neutral
"So the divorce, the marriage, we've got a lot to celebrate. (Statement Opinion) ",joy,joy
How about we all go out to dinner tomorrow night? (Question) ,neutral,neutral
"Tomorrow night it is then, I should be out of court by six. (Answer) ",joy,neutral
They keep throwing these sexual harassment cases at me and I keep knocking them out of the park! (Statement Non Opinion) ,joy,anger
"Okay, I'll see you tomorrow! (Statement Non Opinion) ",joy,neutral
"Just so you know, we're not seeing him tomorrow. (Statement Non Opinion) ",neutral,anger
I-I cannot spend another evening with that man. (Statement Opinion) ,disgust,disgust
Do you remember how he behaved at our wedding? (Question) ,disgust,anger
No. (Answer) ,neutral,neutral
That's because he wasn't invited because of the way he behaved at our engagement party. (Statement Opinion) ,disgust,anger
"Oh yeah. Boy, urine cuts (Agreement) ",disgust,disgust
"Now maybe you just like wanna but the whole duck in there! Who cares, y'know? Now I got the legs (Others) ",neutral,joy
"How many times have I told you guys, you (Statement Opinion) ",neutral,anger
Hi Chandler. (Greeting) ,neutral,neutral
Hey! (Greeting) ,neutral,neutral
"Uh, listen, I need that broiling pan that Joey borrowed the other day. (Statement Non Opinion) ",neutral,neutral
"Oh that was yours? Uh, yeah, we used it when the duck was throwing up caterpillars. (Statement Non Opinion) ",sadness,disgust
William Sonoma (Others) ,neutral,neutral
Expect it in 4-6 weeks. (Statement Non Opinion) ,neutral,neutral
"Umm, hey, umm, Joey's gonna be at the telethon for the rest of the day, we have the whole place to ourselves. (Statement Non Opinion) ",neutral,joy
"Yeah, so? (Question) ",neutral,neutral
"Well I just, thought maybe you'd wanna book some time with the best you'd ever had. (Answer) ",neutral,joy
"Y'know what, champ? I think I'll pass. (Statement Opinion) ",neutral,sadness
Why? (Question) ,surprise,surprise
Why? (Question) ,neutral,surprise
What's your point? (Question) ,neutral,anger
"So uh, what's your name? (Question) ",neutral,neutral
It's Jake. (Answer) ,neutral,neutral
"Joey. Hey Jake, do you like the Knicks? (Question) ",neutral,neutral
"Yeah, big fan. (Answer) ",neutral,joy
"Me too! There's a game on Tuesday, do you wanna go? (Question) ",joy,joy
Yeah that would be great! Let me make sure I'm not doing anything Tuesday. (Answer) ,joy,joy
Ugh. Ross! (Greeting) ,disgust,disgust
Hi! Sorry I'm late. Were you sleeping? (Question) ,neutral,neutral
"Ahh, nooo!! (Answer) ",joy,surprise
"Oh, great! (Statement Opinion) ",joy,joy
"Listen, oh I had to get you a whole new battery. (Statement Non Opinion) ",neutral,neutral
"I got you the best one I could, 'cause that's not where you want to skimp. (Statement Non Opinion) ",neutral,neutral
"You're a genius, Ross. (Statement Opinion) ",joy,joy
"Yeah, well it came to about $112, but what the hell, just call it an even 110? (Statement Non Opinion) ",neutral,neutral
"Okay, I'll pay you tomorrow. (Statement Non Opinion) ",neutral,neutral
"So they ah, they all took off, it was pretty hard watching them go, y'know? (Statement Non Opinion) ",sadness,sadness
"Yeah, okay, bye. (Greeting) ",neutral,neutral
So I'm gonna take off then! (Statement Non Opinion) ,neutral,neutral
"Hey! Oh right, tonight was your party. (Statement Non Opinion) ",surprise,neutral
"Oh wow, you look great! Glad you could make it. (Statement Opinion) ",joy,joy
"Oh well, y'know, the gala had to end sometime. (Statement Non Opinion) ",neutral,sadness
"Don't go anywhere, I'll be right back. (Command) ",neutral,neutral
"Yeah, sure. All right, whose court is the ball in now? (Question) ",neutral,neutral
I thought there wasn't a ball? (Question) ,neutral,surprise
"Oh, come on! He's glad that I came, he doesn't want me to go anywhere, balls flying all over the place! (Statement Opinion) ",neutral,joy
"Rachel, this is my friend Tom. (Statement Non Opinion) ",neutral,neutral
"Oh, go on! You telling people about me? (Question) ",surprise,surprise
You two could really hit it off! I'm gonna go mingle. (Statement Opinion) ,joy,joy
So you work at (Statement Non Opinion) ,neutral,neutral
"Yeah, okay, at ease solider! (Command) ",neutral,anger
I'm sorry? (Apology) ,surprise,surprise
"No, it's all right, you can just drop the act Tommy. (Statement Opinion) ",neutral,anger
"I'm gonna go talk to uh, a friend. (Statement Non Opinion) ",sadness,neutral
"Yeah, yeah, you go talk to your friend. You tell him, ""Nice try."" (Statement Opinion) ",disgust,anger
Man! He just keeps lobbing them up and I just keep knocking them right out of the park! (Statement Non Opinion) ,joy,joy
I think I need a drink. (Statement Opinion) ,neutral,neutral
Yeah! (Agreement) ,joy,joy
"Hey, Pheebs? (Greeting) ",neutral,neutral
"No, I can't talk to you! I don't have a fancy ad in the Yellow Pages! (Statement Non Opinion) ",anger,anger
"Look, Pheebs, I just, I wanna apologize for, for saying that your method was stupid and-and maybe ask you to be my teacher again. (Apology) ",sadness,sadness
"And-and I promise, I won't touch a guitar until you say I'm ready. (Statement Non Opinion) ",neutral,neutral
You really think I'm ready? (Question) ,surprise,surprise
Uh-huh! (Answer) ,joy,joy
Wow! Cool! (Statement Opinion) ,joy,joy
Was the chord at least right (Question) ,neutral,fear
No! (Answer) ,anger,disgust
"Well, this has been fun. (Statement Opinion) ",neutral,joy
"Yes. Yes, thanks for letting me use your phone... and for saving my life. (Statement Non Opinion) ",joy,joy
"Well, goodbye Chandler. I had a great blackout. See ya. (Greeting) ",neutral,joy
"Hi, um, I'm account number 7143457. (Statement Non Opinion) ",neutral,neutral
"And, uh, I don't know if you got any of that, but I would really like a copy of the tape. (Statement Opinion) ",neutral,neutral
We're beginning to see a lot of layering of sheer fabrics and colours. For instance a sheer navy blouse over a pink.... (Statement Non Opinion) ,neutral,neutral
I'm really glad we came. You're so pretty. I love you. (Statement Opinion) ,joy,joy
"Okay, that's a fire. Oh yeah. Oh yeah. (Statement Non Opinion) ",neutral,neutral
"Excuse me, I'm sorry, I'm gonna have to call you back, I've got a Schemp in my office. (Apology) ",neutral,neutral
What are you doing? (Question) ,neutral,anger
I'm sorry. (Apology) ,neutral,sadness
"But ah, hey, oh, somebody's off the phone, how 'bout a glass of wine by the fire, I could get it going again. (Statement Opinion) ",neutral,joy
"Ross you're not listening to me, I don't have time to stop. (Statement Opinion) ",neutral,anger
"Come on Rach, you don't have what, ten minutes? (Question) ",neutral,neutral
I don't have ten minutes!! (Answer) ,anger,anger
"What? Sophie, does she have ten minutes? (Question) ",neutral,surprise
"Hey, Ross!!! I told you I don't! (Answer) ",anger,anger
"Don't yell at me okay, this is the most I've seen you all week. (Command) ",sadness,anger
"Look, I cannot do this right now, okay, I've got a deadline, would you just go home, I'll talk to you later. (Statement Non Opinion) ",neutral,anger
"Yeah, but wait... (Others) ",neutral,neutral
Good bye! (Greeting) ,neutral,anger
"Actually, that's our three hole punch. (Statement Non Opinion) ",neutral,neutral
Oh yeah? When? (Question) ,surprise,neutral
I'll tell you what. (Answer) ,neutral,neutral
"When we're 40, if neither one of us are married, what do you say you and I get together and have one? (Question) ",neutral,neutral
Why won't I be married when I'm 40? (Question) ,surprise,anger
"Oh, no, no. I just meant hypothetically. (Answer) ",neutral,fear
"Ok, hypothetically, why won't I be married when I'm 40? (Question) ",anger,anger
"No, no, no. (Answer) ",neutral,fear
What is it? Is there something fundamentally unmarriable about me? (Question) ,anger,sadness
"Uh, uh. (Backchannel) ",neutral,fear
Well? (Others) ,surprise,anger
Dear God! This parachute is a knapsack! (Statement Non Opinion) ,surprise,surprise
Hey. (Greeting) ,neutral,neutral
"Hey. Ooh, look at you, dressy-dress. (Greeting) ",surprise,joy
Did you go home and change? (Question) ,surprise,neutral
"Yeah, well, it's an important day. I wanna look nice. Um, has uh Dr. Franzblau been by? (Question) ",neutral,neutral
"No, I haven't seen him. (Answer) ",neutral,neutral
"Well, where is he? He is supposed to be here. What if the baby needs him? (Question) ",surprise,fear
"Rachel, what is the deal with you and doctors, anyway? Was, like, your father a doctor? (Question) ",neutral,neutral
"Yeah, why? (Answer) ",neutral,neutral
No reason. (Answer) ,neutral,neutral
I'm the holiday armadillo! I'm a friend of Santa's and he sent me here to wish you a Merry Christmas! (Statement Non Opinion) ,joy,joy
"What happened to Santa, Holiday Armadillo? (Question) ",surprise,surprise
"Yes! Yes! Please, just give it to me! (Statement Non Opinion) ",joy,joy
"Yeah, that's her. (Agreement) ",neutral,neutral
Thank you. (Greeting) ,neutral,joy
It's unbelievable! I-I can't believe that sign didn't work! (Statement Opinion) ,surprise,anger
Y'know what would work? (Question) ,neutral,neutral
Stop making candy! (Command) ,anger,anger
You mean they like you. (Question) ,neutral,neutral
Maybe. (Answer) ,neutral,neutral
Is that why you became a chef? So that people would like you? (Question) ,surprise,neutral
"Oh, you really want to talk about getting people to like you huh, funny man? (Question) ",anger,anger
"We were on the platform, ready to dance the world into the new Millennium, and the guy yelled 'CUT!' (Statement Non Opinion) ",anger,surprise
"Uh, wait, so you guys are telling me you actually did the routine from eighth grade? (Question) ",surprise,surprise
"Yeah. But of course we had to update it a little bit. Hey, by the way, great thinking about catching me! (Answer) ",joy,joy
Cos I was gonna say there's no way you could've done the end the way you guys did it back then! (Statement Non Opinion) ,joy,neutral
What? We could do it! (Question) ,surprise,anger
"I don't know, I mean you were a lot bigger, I mean, stronger back then. (Answer) ",joy,neutral
"I can do it, okay? Come on, let's go. (Statement Non Opinion) ",neutral,anger
"1, 2, 3, 4, 5, 6, 7, 8 (Others) ",neutral,neutral
I can't do it! (Statement Opinion) ,sadness,sadness
"Now you do that, you're on TV. (Statement Opinion) ",neutral,neutral
Hey! (Greeting) ,joy,joy
"So, what are you guys in the market for? We've got uh, scarves, tulip post cards... (Question) ",neutral,neutral
Check this out? Huh? Yeah. That's the stuff. What do you think? (Question) ,neutral,joy
"Well, I don't have to buy that, ""I'm with stupid"" T-shirt anymore. (Answer) ",neutral,joy
"Well, I like it. Here you go. (Statement Non Opinion) ",neutral,neutral
"All right, look, you're not really gonna buy that are you? Don't you think you've embarrassed me enough for one day? (Question) ",anger,anger
"Oh, I embarrass you? (Question) ",surprise,anger
How can I answer that when I'm pretending I don't know you? (Question) ,neutral,anger
Oh really? Then how come no one here is wearing them? (Question) ,neutral,anger
They're all tourists. (Answer) ,neutral,neutral
"All right, look, if you insist on wearing that, in public, y'know, you're gonna spend the rest of the afternoon all by yourself. (Statement Opinion) ",disgust,anger
Oh yeah? If you're gonna make me choose between you and the hat? I choose the hat. (Statement Opinion) ,neutral,anger
Good choice. (Agreement) ,anger,joy
Thanks. (Greeting) ,joy,neutral
"Okay, wait. All right, that's it, okay, I'm out of here. I am not going to be embarrassed anymore! (Statement Non Opinion) ",anger,anger
"So! I'm just an empty vase, huh? (Question) ",surprise,anger
What? (Question) ,surprise,surprise
"Y'know, so I don't read as many important books as you do, and I don't write trick poems that seem to be about one thing but are actually about something else. (Answer) ",anger,anger
"And y'know what, I get excited about stupid stuff, like when I my (Statement Non Opinion) ",neutral,joy
"Whoa, whoa, whoa. (Backchannel) ",surprise,surprise
You don't even know me... (Statement Opinion) ,anger,sadness
"Whoa, whoa, whoa, the poem is not about you. (Statement Non Opinion) ",surprise,neutral
What? (Question) ,surprise,surprise
"The Empty Vase is not about you. My baby, you make me so sad that you would think this. (Statement Non Opinion) ",sadness,sadness
"I'm sorry, my friend Phoebe... (Apology) ",sadness,sadness
"No, it's about all women. Well, all American women. You feel better now? (Question) ",neutral,neutral
Oh yeah. (Answer) ,neutral,joy
"Okay, forward. Forward--Stop! Okay, back--Stop! Okay, forward--Stop! Stop! Stop! (Command) ",neutral,anger
"Okay, here's what we're gonna do. (Statement Non Opinion) ",neutral,neutral
"Okay, I'm gonna break into this mini-van and put it in neutral. (Statement Non Opinion) ",neutral,neutral
You guys push it forward so Ross can drive out of his spot. (Statement Opinion) ,neutral,neutral
Okay? (Backchannel) ,neutral,neutral
"All right, here we go. (Agreement) ",neutral,joy
Haul ass!!! (Others) ,neutral,joy
"So it said that by the year 2030, there'll be computers that can carry out the same number of functions as an actual human brain. (Statement Non Opinion) ",neutral,neutral
So theoretically we could download our thoughts and our memories into this computer... (Statement Non Opinion) ,neutral,neutral
...and live forever as a machine! (Statement Non Opinion) ,joy,joy
"That's so Janine, you-you-you know what, do you know we're doing right now? (Question) ",joy,anger
"You and I, we're interfacing. (Answer) ",neutral,neutral
"Yeah, I gotta go. (Statement Non Opinion) ",fear,disgust
Ba dum bumb cheshhh! (Others) ,joy,joy
"David, can you help me?! I'm trying to explain to Chandler how a plane stays in the air. (Question) ",neutral,fear
"Oh, certainly. That's a combination of Bernoulli's principle and Newton's third law of motion. (Answer) ",neutral,neutral
See? (Question) ,neutral,joy
"Yeah, that's the same as ""it has something to do with wind"". (Answer) ",fear,anger
"Alright, I'm gonna go pick up a few things for the trip. (Statement Non Opinion) ",neutral,neutral
"Oh, I should go, too. (Statement Opinion) ",neutral,joy
"Oh, now... tomorrow do you guys wanna share a cab to the airport or should Mike and I just meet you there. (Question) ",neutral,neutral
"Oh... Mike's sister just invited me to a party tonight, he's gonna be there. (Statement Non Opinion) ",anger,neutral
"And she was like ""Oh, don't worry! (Statement Non Opinion) ",sadness,neutral
I asked him. (Statement Non Opinion) ,neutral,neutral
"He's totally ok with seeing you!"". (Statement Non Opinion) ",anger,neutral
So now I have to go so he'll think that I'm totally ok with seeing him! (Statement Non Opinion) ,joy,neutral
"Which you're not, because you've totally hung up on him! (Statement Opinion) ",anger,anger
Exactly! (Agreement) ,neutral,joy
And you're gonna want him to eat his heart out so you're gonna have to look fabulous! (Statement Opinion) ,neutral,joy
"I didn't even think about that! Aaargh, (Statement Opinion) ",anger,surprise
"Hey Pheebs, I'm-I'm taking Charlie shopping, why don't you come and I'll help you find something. (Statement Opinion) ",neutral,joy
"Ok, that'll be great! (Agreement) ",joy,joy
"Oh, ain't that nice? The three of you trying on slutty lingerie together. (Statement Opinion) ",disgust,disgust
That's not what we're gonna do! (Disagreement) ,disgust,anger
"Why would you ruin it, who was that hurtin'? (Question) ",disgust,anger
"Julie hi! Chandler Bing, I, I guess you remember me. (Greeting) ",joy,joy
Hello Skidmark. (Greeting) ,neutral,neutral
"It's a nickname, I'll explain later. (Statement Non Opinion) ",neutral,neutral
It's pretty clear. (Statement Opinion) ,neutral,neutral
"Ah, uh, I owe you a long overdue apology. I never should have broken up with you because you were overweight. (Statement Opinion) ",neutral,sadness
That's why you broke up with me? (Question) ,surprise,surprise
"You-you-you didn't know that. Well, I guess my work here is done! (Answer) ",sadness,joy
Ni-chou chi-ma! (Others) ,joy,joy
"Ross! Excuse me, pardon me, excuse me.... (Greeting) ",surprise,neutral
Hi everyone. (Greeting) ,neutral,neutral
"I just, I wanted to thank you for our uh, our little talk before. (Greeting) ",neutral,joy
"Well, I was going to, but after I talked to you, I talked to Joey. (Statement Opinion) ",neutral,neutral
"What did, what did he say? (Question) ",fear,surprise
"Basically he told me to get over myself and just do it, ya know. (Answer) ",neutral,neutral
"So I though about what you said and I though about what he said and, well, his way I get to have sex tonight so. (Statement Opinion) ",neutral,joy
"Oh, great! (Others) ",joy,joy
"We couldn't keep our eyes off each other all night and then every once and a while y'know, he'd kinda lean over and stroke my hair and touch my neck. (Statement Non Opinion) ",joy,joy
"Okay, stop it Phoebe, you're getting me all tingly. (Command) ",joy,disgust
"All I could think of was y'know, ""Is he gonna kiss me? Is he gonna kiss me?"" (Statement Non Opinion) ",joy,joy
And did he? (Question) ,neutral,neutral
"I'm a lady Monica, I don't kiss and tell. But this hickey speaks for itself. (Answer) ",joy,joy
"Okay-okay, I got it. I got it. (Statement Non Opinion) ",neutral,neutral
I just like him so much that I just feel like I've had 10 drinks today and I've only had six. (Statement Non Opinion) ,joy,joy
"Oh, I haven't had that feeling since I first started going out with Chandler. (Statement Non Opinion) ",joy,joy
"Wow, I'm never gonna have that feeling again, am I? (Question) ",sadness,sadness
You sound like a guy. (Statement Opinion) ,disgust,neutral
"No, a guy would be saying, ""I'm never gonna get to sleep with anyone else."" (Statement Opinion) ",disgust,neutral
Oh my God! (Others) ,surprise,surprise
I'm never gonna get to sleep with anyone else! (Statement Opinion) ,sadness,anger
I've been so busy planning the wedding that I forgot about all the things that I'd be giving up! (Statement Non Opinion) ,surprise,sadness
"I mean, I...I'm never gonna have a first kiss again. (Statement Non Opinion) ",sadness,sadness
You'll have a last kiss. (Statement Non Opinion) ,neutral,neutral
Thank you so much for coming back over. (Statement Non Opinion) ,joy,joy
"Oh good, you're here. Yeah, and I was worried that it was going to be uncomfortable. (Statement Non Opinion) ",sadness,fear
"I know Mona, just hear me out. (Statement Non Opinion) ",neutral,neutral
"First of all, I'm so sorry about my father yelling at you, but I heard you totally held your own. (Apology) ",neutral,sadness
You're gonna have to tell me how you did that. (Command) ,neutral,joy
Focus. (Command) ,neutral,anger
"Okay. Um...But--Okay, yes Ross and I used to date. And yes we are gonna have a baby. But we are (Statement Non Opinion) ",neutral,neutral
All right where's that turkey! (Question) ,neutral,anger
Joey! Those are my maternity pants! (Statement Non Opinion) ,surprise,surprise
Not now! These are my Thanksgiving pants! (Statement Non Opinion) ,joy,anger
No. (Disagreement) ,neutral,anger
No! (Disagreement) ,anger,anger
"Oh, would you look at that Monica? (Question) ",joy,surprise
"I just knocked off all of your top scores, how sad. (Statement Opinion) ",joy,joy
"Okay, I'm next. Don't! Don't start another game! I said I'm next! Phoebe! (Command) ",anger,anger
"Oh, I'm sorry. I didn't hear you over all the winning. (Apology) ",joy,joy
Chandler! Phoebe's hogging the game! (Statement Non Opinion) ,anger,anger
Remember I had to leave the room the other day when you had that roast chicken? (Question) ,neutral,disgust
Yeah. But I thought that was because I put the whole thing on my hand and made it walk across the table. (Answer) ,neutral,joy
"Anyway, it just doesn't seem worth it to make a whole turkey for just three people. Okay? It's a lot of work. (Statement Opinion) ",neutral,sadness
But you gotta have turkey on Thanksgiving! (Statement Non Opinion) ,joy,anger
"I mean, Thanksgiving with no turkey is like-like Fourth of July with no apple pie! (Statement Opinion) ",sadness,anger
Or Friday with no two pizzas! (Statement Opinion) ,sadness,joy
All right fine! If it means that much to you! But just--there's gonna be a ton left over. (Agreement) ,sadness,neutral
No there won't! I promise I will finish that turkey! (Statement Non Opinion) ,joy,joy
"All right, you're telling me you can eat an entire turkey in just one sitting? (Question) ",neutral,surprise
That's right! (Answer) ,joy,joy
Cause I'm a Tribbiani! (Statement Non Opinion) ,joy,joy
And this is what we do! (Statement Non Opinion) ,neutral,joy
We can eat! (Statement Non Opinion) ,joy,joy
"Wow! It's huge! It's so much bigger than the cubicle. Oh, this is a cube. (Statement Opinion) ",surprise,surprise
Look at this! (Command) ,joy,joy
Oh! You have a window! (Statement Non Opinion) ,surprise,surprise
Yes indeedy! With a beautiful view of... (Agreement) ,joy,joy
Oh look! That guy's peeing! (Statement Non Opinion) ,surprise,disgust
Hi. (Greeting) ,neutral,neutral
Hi. (Greeting) ,neutral,neutral
"Y'know what? I cannot do this with my left hand! Would you please, help me with this too? (Statement Non Opinion) ",anger,anger
Okay. Let's use this brush. (Agreement) ,neutral,neutral
Okay. This stuff? (Question) ,neutral,neutral
Yeah. (Answer) ,neutral,neutral
All right. (Agreement) ,neutral,neutral
"Careful. Light. Okay, do you know how, just sweep it across the lid. Okay? Just sweep it. (Statement Non Opinion) ",neutral,neutral
Okay-Dokey (Agreement) ,sadness,neutral
Where exactly is your zoo? (Question) ,neutral,neutral
"Well, it's technically not a zoo per se, it's more of an interactive wildlife experience. (Answer) ",neutral,neutral
"Let me ask you some questions about, is it, uh, Marcel? (Statement Non Opinion) ",neutral,neutral
Yes. (Agreement) ,neutral,neutral
"Does he, uh, fight with other animals? (Question) ",neutral,neutral
"No-no, he's, he's very docile. (Answer) ",neutral,neutral
Even if he were... cornered? (Question) ,neutral,fear
"Well I, I don't know. Why? (Answer) ",neutral,fear
"Uh, how is he at handling small objects? (Question) ",neutral,neutral
"He can hold a banana, if that's whatcha mean... (Answer) ",neutral,neutral
"How about a hammer, or a small blade? (Question) ",neutral,fear
Otherwise it's just cruel. (Statement Opinion) ,neutral,disgust
"He- he- he got in, he- he got in to San Diego. (Statement Non Opinion) ",joy,joy
"We, we come back from our walk and the- the phone was ringing... (Statement Non Opinion) ",neutral,neutral
...He's in. (Statement Non Opinion) ,neutral,neutral
"He's in! Oh, did you hear that, Marcel? San Diego. San Diego! (Statement Non Opinion) ",joy,joy
You're making a big mistake here. (Statement Opinion) ,disgust,anger
"I mean, San Diego's all well and good, but if you give him to me, I'll start him off against a blind rabbit and give you twenty percent of the gains. (Statement Opinion) ",neutral,disgust
My specimen is in the room and I just want to thank whoever knocked on the door while I was in there. (Statement Non Opinion) ,neutral,neutral
Really helped speed the process along! (Statement Opinion) ,joy,joy
Janice! (Others) ,surprise,surprise
You're not... gone? (Question) ,surprise,surprise
Sid is still in his room. (Answer) ,neutral,neutral
I don't allow porn at home so this is like a vacation for him. (Statement Non Opinion) ,joy,neutral
So did you do it? (Question) ,surprise,neutral
Did you make your deposit? (Question) ,neutral,neutral
Yeah! yeah... The hard part is over! (Answer) ,joy,joy
"That's not the hard part honey! The hard part is what comes next, I mean aren't you worried about the results? (Question) ",fear,fear
I haven't... I haven't even thought about the results yet... I just assumed that everything was gonna be ok. (Answer) ,joy,sadness
"Oh! Well, you know what? It probably is. (Statement Opinion) ",neutral,joy
"Phoebe, where's your purse? (Question) ",fear,neutral
"No, no! Give it to me! (Command) ",anger,anger
You can't have it. (Statement Opinion) ,anger,neutral
Give it to me! (Command) ,anger,anger
No (Disagreement) ,anger,anger
I'll go in there. (Statement Non Opinion) ,anger,neutral
Oh yeah. (Agreement) ,anger,neutral
Phoebe come here (Command) ,neutral,anger
Haha! (Others) ,joy,joy
Damn you Monica Geller hyphen Bing! (Others) ,anger,anger
"What we did was wrong. Oh god, I just had sex with somebody that wasn't alive during the Bicentennial. (Statement Non Opinion) ",disgust,disgust
I just had sex. (Statement Non Opinion) ,neutral,joy
"Ethan, focus. How could you not tell me? (Question) ",surprise,anger
"Well, you never told me how old you were. (Answer) ",neutral,neutral
"Well, that's different. My lie didn't make one of us a felon in 48 states. What were you thinking? (Question) ",disgust,anger
I wasn't thinking. I was too busy fallin'... (Answer) ,joy,neutral
Don't say it. (Command) ,fear,anger
...in love with you. (Statement Non Opinion) ,joy,joy
Really? (Question) ,surprise,surprise
Sorry. (Apology) ,sadness,sadness
"Well,fall out of it. (Statement Non Opinion) ",anger,anger
"You know, you shouldn't even be here, it's a school night. (Statement Opinion) ",anger,anger
"Oh god, oh god. (Others) ",joy,fear
I'm like those women that you see with shiny guys named Chad. (Statement Non Opinion) ,disgust,sadness
I'm Joan Collins. (Statement Non Opinion) ,disgust,neutral
Who? (Question) ,neutral,neutral
"That's right, still no baby! Come on people! Please make some room! (Statement Non Opinion) ",sadness,anger
"Uh sweetie, maybe you'd be more comfortable here? (Statement Opinion) ",neutral,neutral
You. Like you haven't done enough. (Statement Opinion) ,anger,anger
"Look, I-I know how miserable you are, I wish there was something I can do. (Statement Non Opinion) ",neutral,sadness
I mean I wish I were a seahorse. (Statement Opinion) ,neutral,joy
"Because with seahorses it's the male, they carry the babies. (Statement Non Opinion) ",neutral,neutral
"And then also umm, I'd be far away in the sea. (Statement Non Opinion) ",anger,neutral
God. I have never been so uncomfortable in my entire life! (Statement Non Opinion) ,joy,sadness
"Oh I know, I've been there. I remember toward the end (Statement Non Opinion) ",neutral,neutral
"Oh Phoebe, that's a great story. (Statement Opinion) ",neutral,joy
Can you tell it to me when you're getting me some iced tea? (Question) ,sadness,neutral
"Oh God, get out! (Command) ",anger,anger
Get out!! (Command) ,anger,anger
Get out!! (Command) ,anger,anger
Get out! (Command) ,anger,anger
Let's. (Others) ,neutral,neutral
"All right, I know! I know. Yeah, it'll be okay. (Statement Non Opinion) ",joy,neutral
Oh my God....What's he gonna do now? (Question) ,fear,fear
I can't watch! (Statement Non Opinion) ,fear,fear
Oh. (Others) ,neutral,surprise
"Seriously, how can you watch this? (Question) ",sadness,disgust
Aren't you scared? (Question) ,fear,fear
Terrified. (Answer) ,fear,fear
Oh-hey-hey-hey! There you are! (Greeting) ,joy,joy
"Umm, listen there's something I think you should know. (Statement Opinion) ",neutral,neutral
"Oh, is this about you-you dating the nurse? (Question) ",surprise,neutral
"Yeah, Joey already told me, and I am so-so fine. (Answer) ",neutral,sadness
"I mean, you and I we're just, y'know, we're nothing, we're goofin' around. (Statement Non Opinion) ",neutral,neutral
"Umm, actually I was about to tell you that I was, I was going to get out of it, but hey, if we're just goofing around then uh, maybe I (Statement Opinion) ",neutral,sadness
Fine! Maybe I will too! (Statement Opinion) ,joy,anger
"Well, it was quite large. I-I-I-I-I had to throw most of it away. (Statement Non Opinion) ",fear,neutral
You-you-you-you threw my sandwich away! (Question) ,fear,anger
MY SANDWICH?!!! (Question) ,anger,anger
MY SANDWICH!!!!!! (Question) ,anger,anger
"What's the matter, Pheebs? (Question) ",neutral,neutral
She cancelled! My namesake cancelled on me! (Answer) ,anger,anger
What?! (Question) ,surprise,surprise
"Yeah, she clamed she had to go out of town suddenly. (Answer) ",sadness,sadness
"She's avoiding me, she doesn't want to tell me where my Father is. (Statement Non Opinion) ",sadness,anger
"She knows, and she won't tell me. (Statement Non Opinion) ",sadness,anger
"Aww Pheebs, that sucks! (Statement Opinion) ",sadness,sadness
"Yeah, well, don't “Aww Pheebs, that sucks!” me yet. (Statement Non Opinion) ",sadness,anger
Where ya going? (Question) ,neutral,neutral
"Well, she's out of town so, there's gotta be something in her house that tells me where my Father is. (Answer) ",neutral,neutral
"Uh, Pheebs, some people call that breaking and entering. (Statement Non Opinion) ",fear,neutral
"Well, are any of those people here?! (Question) ",anger,anger
"Oh my God, so do I! (Agreement) ",surprise,joy
"I knew it, wow!! (Statement Non Opinion) ",surprise,surprise
"Wait-wait-wait, wait! Puppies. Cute or ugly? (Question) ",neutral,neutral
"Ohh, so cute. (Answer) ",joy,joy
"Uh-huh, well! But umm, still I'm-I'm mad at you. (Statement Non Opinion) ",anger,anger
I know. I'm mad at me too. (Agreement) ,anger,sadness
"Well umm, do you wanna get something to eat? I'm kinda hungry. (Question) ",neutral,neutral
Hey! Me too! (Agreement) ,surprise,joy
"All right, stop it. Now you're just doing it to freak me out. (Command) ",sadness,anger
"Ok, you can do this. (Statement Non Opinion) ",neutral,neutral
It's just like pulling off a Band-aid. (Statement Non Opinion) ,neutral,neutral
"Just do it really fast, and then the wound is exposed. (Statement Non Opinion) ",neutral,neutral
"Janice. Hi, Janice. Ok, here we go. I don't think we should go out anymore. Janice. (Statement Opinion) ",sadness,sadness
"All right. Well, there you go. Stop it, stop it, stop it. (Command) ",anger,anger
Oh my God! That guy at the counter is totally checking you out! (Statement Non Opinion) ,surprise,surprise
"Really? My God, he's really cute. (Statement Opinion) ",surprise,joy
Go for it. (Command) ,neutral,neutral
"Phoebe, I'm engaged! (Disagreement) ",surprise,anger
"I'm just saying, get his number just in case. (Statement Non Opinion) ",neutral,neutral
But no: Chandler is in an accident and can't perform sexually and he would want you to take a lover to satisfy the needs that he can no longer fulfill. (Statement Opinion) ,neutral,disgust
"Op, can I just tell you something? Very flattered but umm, I'm engaged. (Statement Non Opinion) ",joy,neutral
Well you should be embarrassed. (Statement Opinion) ,disgust,anger
"I did, but that was really fun. (Statement Opinion) ",joy,joy
Hey. (Greeting) ,neutral,neutral
Chandler. I sensed it was you. (Statement Non Opinion) ,neutral,neutral
What?! (Question) ,surprise,surprise
Unagi. I'm always aware. (Statement Non Opinion) ,neutral,neutral
"Okay, are you aware unagi is an eel? (Question) ",joy,neutral
What's up? (Question) ,neutral,neutral
I can't figure out what to make Monica. (Statement Non Opinion) ,neutral,sadness
"Oh, why don't you make her one of your little jokes. (Statement Opinion) ",anger,neutral
I'm going crazy! Okay? Do you have any thing around here that looks homemade? (Question) ,fear,anger
Y'know what? (Question) ,neutral,neutral
She'd-she'd love this. (Statement Non Opinion) ,neutral,joy
"Uh, it's an exact replica of Apollo 8. (Statement Non Opinion) ",neutral,neutral
I made it in the sixth grade. (Statement Non Opinion) ,neutral,neutral
"Yeah, I guess I could use that. I could say that your love sends me to the moon. (Statement Opinion) ",neutral,joy
"Yeah-yeah, except Apollo 8 didn't actually land on the moon. (Statement Non Opinion) ",neutral,neutral
"But you-you-you could write that umm, your love lets me orbit the moon twice and return safely. (Statement Non Opinion) ",joy,neutral
"Wait a minute, I can't give this to her. (Statement Opinion) ",neutral,anger
Why not? (Question) ,neutral,neutral
"Because it says ""Captain Ross"" on the side and ""I hate Monica"" on the bottom. (Answer) ",neutral,disgust
Oh. Oh I just cannot believe Clark stood me up! (Statement Opinion) ,anger,anger
He might still show up. (Statement Non Opinion) ,neutral,neutral
"Oh, what are you, stupid? It's been three hours. (Statement Non Opinion) ",anger,anger
Is that all? (Question) ,neutral,surprise
"I should just go on to happier things, okay? Umm, why don't you tell about your lovely wedding? (Statement Non Opinion) ",sadness,sadness
"Well actually uh, there was something we wanted to tell you about the wedding. (Statement Non Opinion) ",neutral,neutral
"Um, it's going to be a small ceremony. (Statement Non Opinion) ",neutral,neutral
"Uh, tiny! (Statement Non Opinion) ",surprise,neutral
We're not even sure why we're having it. (Statement Non Opinion) ,neutral,neutral
It's actually going to be just family. (Statement Non Opinion) ,neutral,neutral
"Oh...wait...you two think of me as family?! Oh, I have to ask you something now and be honest; do you want me to sing (Question) ",surprise,surprise
"Come here to me. No-no, you come here to me. (Command) ",neutral,anger
Hey Ross! I brought reinforcements. (Greeting) ,joy,joy
"Oh great! What, you brought Joey? (Question) ",joy,surprise
"Well, I brought the next best thing. (Answer) ",neutral,neutral
Whoa! Y'know what Katie? I gotta tell ya I-I-I-I think you are the one who is too much. (Statement Opinion) ,surprise,anger
"Ohh, Joey has the nicest friends! (Statement Non Opinion) ",joy,joy
"Ohh, and the nicest girlfriend! (Statement Non Opinion) ",joy,joy
You're so sweet! (Statement Opinion) ,joy,joy
"Ohh, you're so sweet! (Statement Opinion) ",joy,joy
"Oww!!!! Joey, she just kicked me. (Statement Non Opinion) ",surprise,anger
Huh. (Backchannel) ,neutral,neutral
Well? Aren't you gonna do something? (Question) ,neutral,anger
Uhh.... (Backchannel) ,neutral,neutral
"You'd better do something, or I'm gonna walk out that door right now! Well? Are you gonna? (Question) ",anger,anger
Nah. (Answer) ,neutral,neutral
"How could you pick up a hitchhiker?! He could be a rape--, a rapist or a killer or something! (Question) ",fear,fear
Don't you think I asked him that before he got in?! (Question) ,surprise,anger
"Y'know what? I'm not talking to you! You go back to sleep! And you, are you a rapist?! (Question) ",anger,anger
No! (Answer) ,anger,neutral
Do you like car games? (Question) ,neutral,neutral
"Yeah, y'know the license plate game? (Question) ",neutral,joy
I (Others) ,neutral,neutral
"Ooh, I'll play! I'll play! (Statement Non Opinion) ",joy,joy
No-No! You need your sleep. Night-night! Shh! (Disagreement) ,anger,anger
"Pheebs, can you help me pick out an engagement ring for Monica? (Question) ",neutral,joy
I can't figure this out! (Statement Non Opinion) ,anger,sadness
It's so hard! (Statement Non Opinion) ,sadness,sadness
Should I get her a Tiffany cut or a Princess cut or a--ah-ah! (Question) ,sadness,fear
Paper cut! (Answer) ,sadness,surprise
"Now, have you told anyone else? (Question) ",neutral,neutral
"No, I don't want to tell anybody else because I don't want Monica to find out. (Answer) ",neutral,neutral
You told me. (Statement Non Opinion) ,surprise,neutral
"Well, it's because I trust you, you're one of my best friends, and you walked in on me when I was looking at ring brochures. (Statement Opinion) ",anger,joy
"Yeah well, once again not knocking pays off. I only wish you hadn't been on the toilet. (Statement Non Opinion) ",surprise,disgust
Me too. (Statement Non Opinion) ,neutral,neutral
Hey. (Greeting) ,neutral,neutral
Hey. (Greeting) ,neutral,neutral
"Hey! So Chandler, wanna go to the coffeehouse? (Question) ",joy,joy
Oh all right. (Answer) ,neutral,neutral
"Oh perfect, we were just gonna see if you wanted to go. (Statement Non Opinion) ",neutral,neutral
"Oh well, we don't because we got...the...other pl-place. (Statement Non Opinion) ",neutral,fear
How rude. (Statement Opinion) ,disgust,anger
"Oh, I'm sorry. You wanna bite? (Question) ",surprise,neutral
"The stripper stole the ring!! The stripper stole the ring!! Chandler! Chandler, get up! Get up! The stripper stole the ring! (Statement Non Opinion) ",surprise,anger
What? (Question) ,surprise,surprise
The ring is gone! (Answer) ,surprise,sadness
Ugh. (Backchannel) ,disgust,disgust
"Just a sec, give me a minute to wake up for this--Ah-ha-ha!! (Statement Non Opinion) ",neutral,joy
You lost the ring! (Statement Non Opinion) ,joy,anger
You're the worst best man ever! (Statement Opinion) ,anger,anger
"Dude, this isn't funny! (Statement Opinion) ",anger,anger
What am I gonna do?! (Question) ,fear,fear
"I go to bed last night, everything's cool! (Statement Non Opinion) ",joy,neutral
"I wake up this morning, the stripper's gone and the ring is gone! (Statement Non Opinion) ",fear,sadness
You slept with the stripper? (Question) ,surprise,surprise
Of course!! (Answer) ,fear,joy
What difference does that make?! (Question) ,anger,anger
"Well, I'm just--if the paste matches the pants, you can make yourself a pair of paste pants and she won't know the difference! (Answer) ",anger,joy
"Joey, do you have a minute? (Question) ",neutral,neutral
"Dude, what am I gonna (Question) ",fear,sadness
"Uh, Rachel's here, so good luck man, let me know how it works out. (Statement Non Opinion) ",anger,neutral
"Oh, Joey, I have such a problem! (Statement Non Opinion) ",fear,sadness
"Oh well, you're timing couldn't be better. I am putting out fires all over the place. (Statement Non Opinion) ",neutral,neutral
"Okay. Okay. Okay. Joey, I have (Others) ",neutral,surprise
"What-what is it, what is it? (Question) ",neutral,surprise
"Oh my God, it's so huge, but you just have to promise me that you cannot tell anyone. (Answer) ",surprise,surprise
"Oh no, no-no-no-no! I don't want to know! (Statement Non Opinion) ",fear,fear
"Yes! Yes! Yes, you do want to know! This is unbelievable! (Disagreement) ",anger,joy
"I don't care, Rach! Look, I am tired of being the guy who knows all the secrets but can't tell anyone! (Statement Non Opinion) ",disgust,anger
What? What secrets? You know secrets? What are they? (Question) ,surprise,surprise
And you're not supposed to be gossiping!! (Statement Non Opinion) ,disgust,anger
"I know, I know! I just can't keep this one in, so I pick up the phone (Statement Non Opinion) ",fear,sadness
I'm not listening to you! (Statement Non Opinion) ,anger,anger
Oh! Yay! Look! There's a piece that doesn't have floor on it! (Statement Non Opinion) ,joy,joy
"Hey, come on now! (Statement Non Opinion) ",anger,anger
"All right, what are we havin'? (Question) ",neutral,neutral
"Uhh, I don't believe in these crazy diets y'know, just everything in moderation. (Statement Opinion) ",neutral,disgust
I'll take those to go. For the kids. (Statement Non Opinion) ,neutral,neutral
"Oh, I know what I wanted to ask you. You were on the show years ago and then they killed you off. What happened there? (Question) ",neutral,surprise
"It was so stupid, I said some stuff in an interview that I shouldn't have said. (Statement Opinion) ",anger,sadness
"But believe me, that's not gonna happen today. (Statement Opinion) ",neutral,joy
"Understood. So, what'd you say back then? (Question) ",neutral,neutral
"Well, I said that I (Answer) ",neutral,neutral
Ha! (Statement Non Opinion) ,neutral,joy
So you like the drums! (Statement Non Opinion) ,joy,neutral
"That's, that's great! (Statement Opinion) ",joy,joy
"Y'know, I was worried, that, you know, they would maybe an unbearable living situation. (Statement Opinion) ",neutral,fear
"All right, okay, well, apparently not! (Statement Non Opinion) ",sadness,neutral
"So, yay! (Others) ",joy,joy
"Hey-hey, Pheebs, check it out, we already learned a song. Ready? One, two, three, four... (Command) ",neutral,joy
Tequila!! (Others) ,joy,joy
That's fun. (Statement Opinion) ,joy,joy
"Whoa-whoa, Treeger made you cry? (Question) ",surprise,surprise
Yes! And he said really mean things that were only partly true. (Answer) ,sadness,sadness
I'm gonna go down there and teach that guy a lesson. (Statement Non Opinion) ,anger,anger
"Joey, please don't do that. I think it's best that we just forget about it. (Statement Opinion) ",fear,neutral
"That's easy for you to say, you weren't almost just killed. (Statement Non Opinion) ",anger,anger
"All right that's it, school is in session! (Statement Non Opinion) ",neutral,anger
My God! Is this a gym card? (Question) ,surprise,surprise
"Oh yeah, gym member. I try to go four times a week, but I've missed the last 1200 times. (Answer) ",neutral,neutral
So why don't you quit? (Question) ,neutral,neutral
You don't think I've tried? You think I (Answer) ,joy,neutral
Who is Maria? (Question) ,neutral,neutral
"Oh Maria. You can't say no to her, she's like this lycra spandex covered gym...treat. (Answer) ",joy,joy
You need me to go down there with you and hold your hand? (Question) ,neutral,neutral
No! (Answer) ,anger,neutral
So you're strong enough to face her on your own? (Question) ,neutral,neutral
"Oh no, you'll have to come. (Answer) ",fear,neutral
"Pheebs, I don't think anyone's mad about that. (Statement Opinion) ",neutral,neutral
Exactly! Because it's in the past! (Agreement) ,anger,joy
Anybody gonna eat that? (Question) ,neutral,neutral
Pheebs! (Others) ,joy,neutral
Hey! (Greeting) ,joy,joy
"Listen, you know how uh, when you're wearing pants and you lean forward I check out your underwear? (Statement Non Opinion) ",neutral,neutral
Yeah! (Backchannel) ,neutral,joy
"Well, when Jake did it I saw that...he was wearing women's underwear! (Statement Non Opinion) ",surprise,surprise
I know. They were mine. (Statement Non Opinion) ,neutral,neutral
"Oh. No! No wait, that's weird! (Statement Opinion) ",disgust,disgust
"No, it's not! We were just goofing around and I dared him to try them on. (Statement Non Opinion) ",neutral,neutral
That's weird! (Statement Opinion) ,disgust,disgust
I'm wearing his briefs right now. (Statement Non Opinion) ,neutral,neutral
That's...kinda hot. (Statement Opinion) ,surprise,joy
I think so too. And that little flap? Great for holding my lipstick. (Agreement) ,joy,joy
"Yeah, I wouldn't know about that. (Statement Non Opinion) ",neutral,neutral
And! Y'know what Jake says? That women's underwear is actually more comfortable. And he loves the way the silk feels against his skin. (Statement Non Opinion) ,joy,neutral
"Yeah well next thing you know, he'll be telling you that your high heels are good for his posture! (Statement Non Opinion) ",disgust,anger
There is nothing wrong with Jake! Okay? He is all man! I'm thinking even more than you. (Statement Non Opinion) ,neutral,anger
"Oh yeah, he looked like a real lumberjack in those pink lacys. (Statement Non Opinion) ",disgust,anger
I'm just saying that only a man completely secure with his masculinity could walk around in women's underwear! (Statement Non Opinion) ,neutral,neutral
I don't think you could ever do that. (Statement Opinion) ,neutral,neutral
Hey! I (Greeting) ,neutral,neutral
"Okay, whatever. (Others) ",disgust,neutral
Lusts of the flesh. (Statement Opinion) ,neutral,disgust
What? (Question) ,neutral,surprise
I don't know. A cowboy theme? (Answer) ,neutral,neutral
"Hey uh, is it okay to come in? (Question) ",neutral,neutral
"Of course! Oh Joey, this ring I...it's beautiful I love it! (Answer) ",joy,joy
"Yeah uh look Rach, there's something I gotta tell ya. (Statement Non Opinion) ",neutral,neutral
Hey! (Greeting) ,joy,neutral
Hey! Are you ready to try nursing again? (Question) ,neutral,neutral
"Yeah! Hi Emma. Hey, why do you think she won't take my breast? (Question) ",neutral,sadness
"It's all right honey, it takes some babies a while to get it, but don't worry. It'll happen. (Answer) ",neutral,neutral
Yowza (Others) ,anger,surprise
"Okay sweetie, you can do it. Just open up and put it in your mouth. (Command) ",neutral,neutral
Dear Lord. (Others) ,surprise,surprise
"I'm sorry honey, what were you saying? (Question) ",neutral,neutral
"Oh uh-uh yeah, I think that... (Answer) ",neutral,neutral
Do you think my nipples are too big for her mouth? (Question) ,neutral,sadness
She looks scared. (Statement Opinion) ,neutral,sadness
Doesn't she look scared? (Question) ,neutral,sadness
"Y'know, I don't really know her. (Answer) ",neutral,neutral
Can you see my nipples through this shirt? (Question) ,neutral,neutral
"No. But don't worry, I'm sure they're still there. (Answer) ",neutral,joy
"Where are you going, Mr. Suity-Man? (Question) ",neutral,surprise
"Well, I have an appointment to see Dr. Robert Pillman, career counselor a-gogo. I added the ""a-gogo."" (Answer) ",neutral,neutral
"Actually, tomorrow night kinda depends on how tonight goes. (Statement Non Opinion) ",neutral,neutral
"Oh, uh, listen, about tonight... (Statement Non Opinion) ",sadness,neutral
"No, no, no, don't you dare bail on me. (Command) ",anger,anger
The only reason she's goin' out with me is because I said I could bring a friend for her friend. (Statement Non Opinion) ,neutral,neutral
"Yes, I know, but her friend sounds like such a... (Statement Non Opinion) ",anger,neutral
Pathetic mess? (Statement Opinion) ,neutral,disgust
"I know, but--come on, man, she's needy, she's vulnerable. (Statement Opinion) ",neutral,sadness
"I'm thinkin', cha-ching! (Others) ",joy,joy
Thanks. (Greeting) ,neutral,joy
"Look, you have not been out with a woman since Janice. (Statement Non Opinion) ",neutral,neutral
You're doin' this. (Statement Non Opinion) ,neutral,neutral
Hi. She said yes. (Statement Non Opinion) ,neutral,joy
"Yes! Way to go, man! Still got the egg, huh? (Apology) ",joy,joy
"""Happy birthday to you!"" (Greeting) ",joy,joy
You're paying for that. (Statement Non Opinion) ,neutral,neutral
What? No-no it's her birthday! (Disagreement) ,surprise,anger
You've sung Happy Birthday to 20 different women today! (Statement Non Opinion) ,surprise,neutral
But it really (Statement Non Opinion) ,neutral,neutral
You are no longer authorized to distribute birthday muffins. (Statement Non Opinion) ,neutral,neutral
Damnit! (Others) ,anger,anger
Rach? Hi! (Greeting) ,joy,joy
Hi! (Greeting) ,joy,joy
Did you tell your sister to ask me out? (Question) ,neutral,surprise
Well yeah (Answer) ,neutral,neutral
Oh wow! (Backchannel) ,surprise,surprise
"I mean, wow! (Backchannel) ",surprise,surprise
"I mean, I-I-I think she's cute but I-I would never have thought of going out with her, never! (Statement Opinion) ",neutral,surprise
Really?! (Question) ,surprise,surprise
"Yeah but after you said it was okay, I figured, ""Why not?!"" (Answer) ",joy,joy
Oh so-so not really never. (Statement Non Opinion) ,neutral,neutral
I have to say you are a much bigger person than I am. (Statement Opinion) ,neutral,joy
"I mean after all we've been through, I just--y'know I wish I had a brother to reciprocate. (Statement Opinion) ",neutral,sadness
"Hey, if you ever want to go out with Monica, you have my blessing. (Statement Non Opinion) ",neutral,neutral
"Oh-ho, and mine! (Statement Non Opinion) ",joy,joy
No-no wait-wait! I can't just let you hang up! Just please talk to me. (Command) ,fear,fear
Well...I only have one thing to do today. I guess I could push it back. (Statement Non Opinion) ,neutral,neutral
"Yeah! Now, why do you want to kill yourself? (Question) ",sadness,fear
"It's just that I uh, have been working for ten years now at this meaningless, dead-end job and nobody here even knows I exist! (Answer) ",sadness,sadness
Chandler? (Question) ,neutral,surprise
I-I'm sorry? (Apology) ,sadness,sadness
"No look, I-I'm sure that people know you exist! (Statement Non Opinion) ",sadness,neutral
Oh yeah? (Backchannel) ,sadness,neutral
I work in a cubicle surrounded by people. (Statement Non Opinion) ,neutral,neutral
I've been talking to you for five minutes now about killing myself and no one's even looked up from their desk. (Statement Non Opinion) ,sadness,sadness
Hang-hang on. (Command) ,neutral,neutral
Hey everybody! (Greeting) ,neutral,neutral
"Uh, I'm gonna kill myself! (Statement Non Opinion) ",sadness,sadness
I got nothing. (Statement Non Opinion) ,neutral,sadness
"Apparently, there's like a million guys out there that can play Mac, and there's only this one robot and this one guy who controls it! (Statement Opinion) ",surprise,surprise
I didn't know he could get me fired! (Statement Non Opinion) ,surprise,fear
What am I going to do? (Question) ,fear,sadness
"Well y'know Joey, you're a pretty charming guy. (Statement Opinion) ",neutral,joy
"Thanks, but I kinda have a problem to deal with here. (Statement Non Opinion) ",fear,neutral
"No sweetie, you've got to win over the guy that controls C.H.E.E.S.E.! You've got to kiss some serious robot ass! (Statement Opinion) ",neutral,anger
That's not a bad idea. (Agreement) ,neutral,joy
"Okay, but if I got to turn on the charm tomorrow I'm not wasting anymore of it over here with you guys. (Statement Opinion) ",neutral,neutral
"Well, actually I got a little bit saved for you Pheebs. (Statement Non Opinion) ",joy,joy
"So do you think uh, Joey's more charming than me? (Question) ",neutral,sadness
Yeah! That's why I'm sleeping with him on the side. (Answer) ,sadness,joy
"Yeah, you wish. (Others) ",neutral,disgust
"""You wish."" (Others) ",joy,disgust
Why are you yelling? (Question) ,joy,anger
"Whoa, that (Others) ",neutral,surprise
"Whoa-whoa, what is it? (Question) ",surprise,surprise
Well... It's a date. (Answer) ,neutral,neutral
A date?! (Question) ,surprise,surprise
"No, no Pheebs you-you must be mistaken, because I know you wouldn't schedule a date on the same night you have plans with a friend! (Statement Opinion) ",surprise,anger
"Come on Joey, don't make me feel badly about this. (Statement Non Opinion) ",sadness,sadness
"No, I'm gonna!! (Statement Non Opinion) ",anger,anger
That's right! (Statement Non Opinion) ,anger,anger
"Yeah, you made me feel really guilty about goin' out with that girl! (Statement Non Opinion) ",anger,anger
Like-like-like I did something terrible to you! (Statement Non Opinion) ,anger,anger
"And now Pheebs, you're doing the same thing! (Statement Non Opinion) ",anger,anger
That--It's not the same thing! This is (Statement Non Opinion) ,anger,anger
"Okay, well my girl from the other night was special. She was a scientist too! (Statement Non Opinion) ",anger,neutral
She was? (Question) ,surprise,surprise
"Well, she graduated from high school! (Answer) ",anger,neutral
"Okay, whatever. (Others) ",joy,neutral
Y'know what? (Question) ,neutral,neutral
"I don't have time to convince you because he's only here for four hours, and I'm gonna go see him! (Answer) ",anger,neutral
Fine! (Agreement) ,anger,anger
Yeah! (Backchannel) ,anger,neutral
Fine! (Statement Non Opinion) ,anger,anger
Yeah! (Backchannel) ,anger,neutral
"What are you still doin' here?! I told you, lobster ravioli! (Question) ",anger,anger
"Sorry I'm late, I was stuck at work. There was this big dinosaur.. thing.. anyway. (Statement Non Opinion) ",neutral,neutral
Hi. (Greeting) ,neutral,neutral
"Ross, you remember Susan. (Question) ",neutral,neutral
How could I forget? (Answer) ,surprise,anger
Ross. (Greeting) ,neutral,neutral
"Hello, Susan. Good shake. Good shake. So, uh, we're just waiting for...? (Question) ",anger,neutral
Dr. Oberman. (Answer) ,neutral,neutral
..Dr. Oberman. Okay. And is he- (Question) ,neutral,neutral
She. (Answer) ,neutral,neutral
#NAME? (Statement Non Opinion) ,neutral,surprise
"Yes, and she's very supportive. (Statement Non Opinion) ",neutral,neutral
"Okay, that's great. No, I'm- Oh. (Statement Opinion) ",joy,anger
Thanks. (Greeting) ,neutral,neutral
"Quack, quack.. (Others) ",neutral,neutral
Ross? That opens my cervix. (Statement Non Opinion) ,surprise,neutral
Barry? (Greeting) ,surprise,neutral
C'mon in. (Statement Non Opinion) ,neutral,neutral
Are you sure? (Question) ,surprise,fear
"Yeah! It's fine, it's fine. Robbie's gonna be here for hours. (Answer) ",neutral,neutral
Huh?! (Backchannel) ,surprise,surprise
"So, how ya doin? (Question) ",neutral,neutral
Does she use the cups? Yes! I believe she does. Does she use the plates? Yes! I believe she does. (Statement Non Opinion) ,neutral,neutral
"Oh. Thank you. Ohhh, thank you very much. Oh, thank you for coming. Uh, just a second! (Greeting) ",joy,joy
"No-no, let me in! (Statement Non Opinion) ",anger,anger
Phoebe? (Greeting) ,neutral,neutral
Yeah! (Backchannel) ,joy,neutral
Can you just hold on for one minute? (Question) ,neutral,neutral
"No, you have to let me in right now!! (Answer) ",joy,anger
Are you alone? (Question) ,neutral,neutral
Yes! (Answer) ,joy,neutral
All right. (Statement Non Opinion) ,neutral,neutral
Let go! (Command) ,anger,anger
No! You let go! (Disagreement) ,anger,anger
How come it's always us left in the field holding the ball? (Question) ,joy,sadness
I don't know. I guess the other people just don't care enough. (Answer) ,neutral,sadness
Hey! It's starting to snow. (Statement Non Opinion) ,sadness,joy
Gimme the this! (Command) ,anger,anger
Let go! (Command) ,anger,anger
Y'know what? (Question) ,neutral,neutral
Umm? (Backchannel) ,neutral,neutral
I bet 'ya ya I could fit in there. (Statement Opinion) ,neutral,joy
I've got five bucks says you can't. (Statement Non Opinion) ,neutral,anger
"Shoot! Shoot! Shoot! Shoot, or just fall down. That's good too. (Command) ",joy,anger
Knick fan? (Question) ,neutral,neutral
"Oh, yeah. (Answer) ",neutral,joy
"Oh, boy, do they suck. (Question) ",anger,disgust
"Hey, listen, lady.......whoa. (Command) ",surprise,anger
"Look, look at your man, Ewing. Nice shot. You know what, he couldn't hit water if he was standing on a boat. (Statement Non Opinion) ",disgust,disgust
Oh yeah? And who do you like? (Question) ,neutral,neutral
The Celtics. (Answer) ,neutral,neutral
"The Celtics? Ha. They couldn't hit a boat if...wait. They suck, alright? (Statement Opinion) ",disgust,anger
"Oh, shut up. You know, it's a rebuilding year. You... waah! (Statement Non Opinion) ",anger,anger
"Wha? Wha..aa? Let me get the father. Hey, we need a father over here! We need a father! (Statement Non Opinion) ",anger,surprise
There is no father. (Statement Non Opinion) ,neutral,sadness
"Oh, oh, oh, sorry. (Apology) ",fear,sadness
"Oh, uh, ok. Right this way. All the other pregnant women seem to be goin' in here. (Statement Non Opinion) ",neutral,neutral
Ok. (Statement Non Opinion) ,neutral,neutral
"Sweetheart, just gimme- gimme another chance, okay, we'll start all over again. We'll go back to Aruba. (Statement Non Opinion) ",fear,sadness
"Dr. Farber, we've got a bit of an emergency here...Jason Costalano is choking on his retainer. (Statement Non Opinion) ",fear,fear
Oh God... (Others) ,fear,fear
"I'll be right there, Bernice. (Statement Non Opinion) ",neutral,neutral
"Look, please, please don't go anywhere, okay? (Statement Non Opinion) ",fear,sadness
Okay. (Agreement) ,neutral,neutral
"Okay, we'll be here! (Statement Non Opinion) ",neutral,joy
Hating you! (Statement Non Opinion) ,anger,anger
Did you see how he was sweating when he walked out of there? (Question) ,surprise,surprise
"Listen honey, if I'm hogging the ball too much you just jump right in there and take a couple punches because I'm telling you, this feels (Statement Non Opinion) ",neutral,anger
Yeah... I'm pretty sure I'm still gonna marry him. (Statement Opinion) ,joy,joy
"What are you talking about?! Mindy, the guy is the devil! He's Satan in a smock! (Statement Opinion) ",disgust,anger
"Look, I know he's not perfect, but the truth is, at the end of the day, I still really wanna be Mrs. Dr. Barry Farber, D.D.S. (Statement Opinion) ",neutral,sadness
Oh God. (Others) ,surprise,disgust
I hope you can find some way to be happy for me. And I hope you'll still be my maid of honor...? (Statement Non Opinion) ,fear,sadness
And I hope Barry doesn't kill you and eat you in Aruba. (Statement Non Opinion) ,sadness,anger
"Listen, Robert's gonna be here any second so, will one of you just tell him? (Question) ",neutral,fear
Oh. (Others) ,sadness,neutral
"Please, right now, no, every time I see him it's like 'Is it on the lose?' 'Is it watching me?' (Statement Opinion) ",fear,disgust
"We can't tell him, you can't go up to a guy you barely know and talk about his.... stuff. (Statement Opinion) ",anger,anger
"He's right, even if it's to say something complementary. (Agreement) ",neutral,neutral
Hey! (Greeting) ,surprise,joy
Hey. (Greeting) ,neutral,neutral
"So are ready for the gym? They've got this new rock climbing wall, we can spot each other. (Question) ",neutral,joy
"No, I can spot you from here. (Answer) ",neutral,anger
What? (Question) ,surprise,surprise
"Okay, listen Robert... (Command) ",neutral,neutral
I don't have time for this. (Statement Non Opinion) ,anger,anger
"No, that is what the game is. (Disagreement) ",neutral,anger
Which you just gave up really quickly. (Statement Non Opinion) ,neutral,neutral
Have you seen Joey? (Question) ,neutral,neutral
What's the matter? (Question) ,neutral,neutral
"Oh, just this! Y'know what it's my fault really, because the couch is usually where we (Statement Non Opinion) ",neutral,sadness
"Hey, does somebody wanna hand me one of those tiles. (Statement Non Opinion) ",neutral,neutral
What's going on? (Question) ,surprise,neutral
He's retiling my floor. (Answer) ,neutral,neutral
Yo!! Spackel boy! Get up! (Command) ,neutral,anger
"Ah-ah-ah, now you started this, you will finish it. (Statement Opinion) ",anger,anger
He started mine first! (Statement Non Opinion) ,anger,anger
"Build the unit Cinderelly, lay the tile Cinderelly. (Command) ",anger,joy
Come on Chloe! Finish up with your customer first. Come on Chloe! Come on Chloe!! (Command) ,joy,anger
Can I help you? (Question) ,neutral,neutral
Uh-oh. (Others) ,fear,surprise
"Uh, y'know what, we're having second thoughts about our copying needs. And we'll need a little more time to think about it. (Statement Non Opinion) ",neutral,neutral
"Chloe, switch with me, there's some guys here that got a crush on you. (Statement Non Opinion) ",neutral,neutral
"Okay, that hurt us. (Statement Non Opinion) ",joy,sadness
Hi guys. I haven't seen you since this morning. (Statement Non Opinion) ,neutral,joy
"Well ah, ........y'know. (Others) ",neutral,neutral
"Hey, what are you guys doing tomorrow night? (Question) ",neutral,joy
Both of us? (Question) ,surprise,surprise
Maybe. Does that scare ya? (Question) ,neutral,fear
Relax. It's just Issac's D.J.-ing at the Philly. You should come. (Answer) ,neutral,joy
We'll be there. (Statement Non Opinion) ,joy,joy
"Great. I'll ah, see ya then. (Statement Non Opinion) ",joy,joy
"All right, rock on. (Statement Non Opinion) ",joy,joy
"Umm, candles, champagne, yeah anniversaries are great. (Statement Opinion) ",joy,joy
"Cause you know love lasts forever, y'know. (Statement Opinion) ",joy,joy
"Nothing like it in this lifetime, money in the bank, so Rachel and I broke up. (Statement Non Opinion) ",sadness,sadness
"Oh God, Ross I am so sorry. (Apology) ",joy,sadness
"Y'know what, I want to talk to you about this so much, but we should probably do it when we could really get into it, are you free for dinner tomorrow night? (Statement Opinion) ",neutral,neutral
"Oh yeah, I'd love that. (Agreement) ",joy,joy
"Oh, great! Me too. (Agreement) ",joy,joy
I guess it all started when Rachel got this new job. (Statement Opinion) ,neutral,sadness
And why do you care so much? (Question) ,neutral,anger
Because! You could get to live out my fantasy! (Answer) ,joy,joy
You had fantasies about Emily? (Question) ,sadness,surprise
"No! Y'know, (Answer) ",neutral,neutral
Is that why in junior high you were the only one that hung out with that Ukrainian kid? (Question) ,neutral,disgust
"Yeah that, plus his mom used to put sour cream on everything! (Answer) ",neutral,joy
Do you love her? (Question) ,neutral,sadness
"We said it was only going to be two weeks, y'know? (Answer) ",neutral,sadness
You love her! (Statement Non Opinion) ,surprise,joy
What-what is love really? (Question) ,neutral,sadness
"Ohhh, I (Others) ",neutral,neutral
I am a good kisser. (Statement Non Opinion) ,neutral,joy
"Then you two can, can sneak into the cockpit, and things will start to heat up, and then a stewardess comes in... I've been watching too much porn. (Statement Opinion) ",neutral,joy
So basically this is very easy. You read from the script and try to sell as much toner as you possibly can. (Statement Non Opinion) ,neutral,neutral
"Okay, I can do that! Oh, by the way, I (Agreement) ",joy,joy
Why don't we do a trial run. (Statement Opinion) ,neutral,neutral
"Oh okay. Umm, all right. Hi, this is Phoebe from Empire Office Supplies, can I speak to your supply manager please? (Question) ",neutral,neutral
I'm the supply manager. (Statement Non Opinion) ,neutral,neutral
"Umm, okay I would like to talk to you about your toner needs. (Statement Non Opinion) ",neutral,neutral
"Kathy! Kathy! Hi!! Kathy! Kathy! (She doesn't hear him and keeps running, Chandler starts chasing her as the theme to (Greeting) ",joy,joy
"Hey, Chandler! What are you doing here? (Greeting) ",surprise,joy
"Oh, I just wanted to say, ""Hey!"" (Greeting) ",joy,joy
Hey! (Greeting) ,neutral,joy
Okay. (Others) ,neutral,neutral
"Oh, hey, Mon, do you still have your like old blouses and dresses from high school? (Question) ",neutral,neutral
"Yeah, I think I have some around here somewhere. Why? (Question) ",neutral,neutral
"Well, it's just that maternity clothes are so expensive. (Answer) ",joy,sadness
"Hey, Rach! I made a pile of your stuff over on this side of the room. If you could just......throw your purses at it. (Statement Non Opinion) ",sadness,neutral
Bloomingdale's (Others) ,neutral,neutral
"Oh my God, are you out of a job? (Question) ",surprise,surprise
"No, but they stuck me in personal shopping. Which is just a (Answer) ",sadness,anger
Okay! (Others) ,neutral,joy
"Come on, no peeking! (Command) ",joy,anger
Our eyes are closed and we're about to cross the street. Very good. (Statement Non Opinion) ,joy,neutral
"Okayyyyy, open up! (Command) ",joy,joy
What did you want to show us? Because all I can see is this (Question) ,neutral,surprise
"Yeah, it's for our catering business! (Answer) ",joy,joy
I think I know that girl. (Statement Opinion) ,neutral,neutral
"All right, umm, we're not gonna really keep it this way though. (Statement Non Opinion) ",joy,neutral
No? (Others) ,surprise,surprise
"No, we're gonna paint over the sword, and replace it with a baguette. (Statement Opinion) ",neutral,joy
Oh! (Backchannel) ,surprise,surprise
"And also, we don't know what to do with this. (Statement Non Opinion) ",neutral,neutral
"Oh yeah, I definitely know her. (Statement Non Opinion) ",neutral,neutral
"You don't know?! Rach, you balded my girlfriend! (Statement Non Opinion) ",neutral,anger
"All right! Ross, do you think it's easy for me to see you with somebody else? (Question) ",anger,sadness
"Y'know, hey! You're the one who ended it, remember? (Question) ",anger,anger
"Yeah, because I was (Answer) ",neutral,sadness
You still love me? (Question) ,sadness,surprise
Noo. (Answer) ,sadness,neutral
You still love me. (Statement Non Opinion) ,neutral,joy
"Oh, y-yeah, so, you-you love me! (Statement Non Opinion) ",surprise,joy
"Noo, nnnnn. What does this mean? What do you, I mean do you wanna, get back together? (Question) ",surprise,surprise
Noo! (Answer) ,anger,neutral
Maybe! (Statement Opinion) ,surprise,joy
"I, I don't know. (Statement Non Opinion) ",neutral,sadness
"Ross, I still can't forgive you for what you did, I can't, I just, but sometimes when I'm with you I just, I feel so... (Statement Non Opinion) ",sadness,sadness
What?! (Question) ,sadness,surprise
"I just, I feel, I-I just... (Others) ",neutral,sadness
What? (Question) ,neutral,surprise
I feel... (Others) ,neutral,sadness
"Noo!! I don't care! I'm not, I'm not gonna playing one-on-one strip poker with you for practice! (Statement Opinion) ",anger,disgust
But I made cards!! (Statement Non Opinion) ,sadness,neutral
Well! Good night. I'm going upstairs. (Greeting) ,neutral,neutral
Good night. (Greeting) ,neutral,neutral
Wanna play strip poker for practice? (Question) ,sadness,joy
What are you doing? (Question) ,neutral,neutral
The key's stuck in the lock. (Answer) ,neutral,neutral
I can fix it. Hold on. Look out. Look out. (Command) ,neutral,anger
It still doesn't work. (Statement Non Opinion) ,joy,sadness
"Isn't it incredible?! Monica and Chandler, gettin' married. (Question) ",joy,joy
"I know, they're gonna be (Answer) ",joy,joy
"Ohh... I mean two best friends falling in love, how often does that happen? (Question) ",joy,joy
Not (Answer) ,neutral,neutral
No! I'm so happy for them! (Statement Non Opinion) ,joy,joy
Me too! So happy for them! (Agreement) ,joy,joy
"Oh no! No God, definitely not jealous! (Statement Non Opinion) ",neutral,anger
"I mean I'm probably 98% happy, maybe 2% jealous. And I mean what's 2%? That's nothing. (Statement Non Opinion) ",neutral,sadness
Totally. I'm like 90/10. (Statement Non Opinion) ,joy,neutral
Yeah me too. (Agreement) ,neutral,neutral
"Hey uh, have you guys scene Chandler? (Question) ",neutral,neutral
"Wh--no, but y'know who did stop in here looking for ya, Tennille. (Answer) ",neutral,neutral
Remember that guy from cooking school I told you about that put cilantro with everything? (Question) ,neutral,neutral
"Oh sure, Cilantro Larry. (Answer) ",neutral,neutral
"Well, I'm gonna fill in for him as food critic for the Chelsea Reporter. (Statement Non Opinion) ",joy,joy
"Wow, Monica! What an amazing opportunity to influence... dozens of people. (Apology) ",joy,disgust
"How could you say yes, what about our catering business? (Question) ",anger,anger
"Oh no-no-no, it's only one night a week, and plus I get to take all of you out for a (Answer) ",neutral,joy
Yay!! (Others) ,joy,joy
"Oh, in that case----Yay! That was me hopping on board. (Statement Non Opinion) ",joy,joy
Oh. (Backchannel) ,joy,neutral
"Hey, you guys! Hey, Ross, quick question for ya. Are you ready to party? (Question) ",joy,joy
Hello. (Greeting) ,neutral,neutral
"Hey, it's me. (Greeting) ",neutral,neutral
"I know you can't stand to be in the same room as me, so I just thought I'd try and apologize over the phone. (Statement Non Opinion) ",sadness,sadness
Hello. (Greeting) ,neutral,neutral
"Look I never should have kissed your girlfriend, but I'm (Statement Opinion) ",fear,sadness
Stop callin'!! (Command) ,anger,anger
"Hey! Hey! Hey! This is 92.3, WXRK, K-Rock for our $1,000 daily challenge. (Statement Non Opinion) ",joy,joy
All right! (Statement Non Opinion) ,neutral,joy
"What is the name of your roommate who is very, very sorry and would do anything (Question) ",neutral,neutral
Joseph Francis Tribbiani are you home yet?!! (Question) ,neutral,anger
"Umm, I think he's still out. What's wrong? (Question) ",joy,neutral
"Well, I'll tell you Rachel Karen Green, I had plans with Joey tonight and he left me this note. (Answer) ",neutral,anger
"""Pheebs, can't make it, got a date. Talk to you later. Big Daddy."" Big Daddy? (Statement Non Opinion) ",anger,surprise
Oh that's a nickname we were trying out. (Statement Non Opinion) ,neutral,neutral
"Hey, y'know what nickname never caught on? The Ross-A-Tron! (Statement Non Opinion) ",joy,neutral
Hey! (Greeting) ,joy,joy
Oh! Here's Joseph Francis! (Statement Non Opinion) ,joy,neutral
Oh-Wha-Ho! What are you middle naming me for?! I left you a note! (Statement Non Opinion) ,surprise,anger
So what?! That doesn't give you the right to ditch me! (Statement Opinion) ,anger,anger
"Hey, you can cancel plans with friends if there is the possibility for sex! (Statement Opinion) ",anger,joy
"Phoebe he's right, that is the rule. (Agreement) ",neutral,neutral
I don't accept this rule. (Disagreement) ,anger,anger
"When we make plans, I expect you to show up. (Statement Non Opinion) ",anger,anger
"Okay, I can't just be a way to kill time 'til you meet someone better! (Statement Non Opinion) ",anger,sadness
"Y'know boyfriends and girlfriends come and go, but this is for life! (Statement Opinion) ",anger,sadness
Did you know he was in there? (Question) ,neutral,surprise
No. (Answer) ,neutral,surprise
How long have we been home? (Question) ,neutral,fear
About a half an hour. (Answer) ,neutral,neutral
Love (Statement Non Opinion) ,neutral,joy
"Lights. Uh, romantic lights. (Statement Non Opinion) ",neutral,neutral
"Ooh, nice. (Statement Opinion) ",joy,joy
"So ah, there was this thing I wanted to talk to you about. (Statement Non Opinion) ",neutral,neutral
"Oh, right! I completely forgot about that. (Statement Non Opinion) ",neutral,sadness
"Well ah, I've been doing a lot of thinking, and I look at my life (Statement Non Opinion) ",neutral,neutral
Yeah? (Backchannel) ,neutral,neutral
"And I feel like I've conquered the business world, and I feel like I've conquered the intellectual world, and now I-I have the most beautiful woman in the world. (Statement Opinion) ",anger,joy
Wow. (Backchannel) ,surprise,surprise
There's one thing missing. (Statement Non Opinion) ,sadness,neutral
What's that? (Question) ,neutral,neutral
It's time for me to conquer the physical world. (Answer) ,neutral,neutral
Okay. (Backchannel) ,neutral,neutral
"Monica, I want to become the Ultimate Fighting Champion. (Statement Non Opinion) ",neutral,neutral
You wanna what?! (Question) ,surprise,surprise
"I want to become the Ultimate Fighting Champion! It's the most intense physical competition in the world, it's banned in 49 states! (Answer) ",joy,anger
What are you talking about? (Question) ,surprise,surprise
"Okay, my trainer, Ho Chi, is teaching me a combination of Gee Koon Doe and Brazilian street fighting, I've even had my own octagon training ring designed. (Answer) ",neutral,neutral
And I suppose you used a ring designer for that. (Statement Non Opinion) ,joy,disgust
Yeah. (Agreement) ,neutral,neutral
"Monica, I want you there in the front row when I win. (Statement Non Opinion) ",joy,neutral
I want you close enough to smell the blood. (Statement Non Opinion) ,joy,disgust
What do you think? (Question) ,neutral,neutral
My parents will be so happy. (Answer) ,disgust,neutral
Okay to come in? (Question) ,neutral,neutral
"Yeah, come on, eat, whatever you want. Dr. Roger got beeped again. (Answer) ",neutral,joy
"Yeah I know, guess who beeped him? (Question) ",neutral,neutral
What?! (Question) ,surprise,surprise
I'm the ruptured spleen. (Answer) ,sadness,neutral
Why would you do that? (Question) ,joy,anger
Because you shouldn't be with him. You should be with me. (Answer) ,sadness,sadness
Really? (Question) ,surprise,surprise
"When you were talking about Roger, that was killing me! (Answer) ",sadness,sadness
"Look, things like last night they don't just happen. (Statement Non Opinion) ",neutral,neutral
Or at least not to me. (Statement Non Opinion) ,neutral,neutral
"Or with the other two women, in the morning y'know I was just lying there and I couldn't wait to just go hang out with my friends, but with you I always y'know with a friend. (Statement Non Opinion) ",neutral,neutral
Chandler! (Greeting) ,surprise,neutral
"I know you probably don't want to go out with me, y'know because I make too many jokes and I've never been in a serious relationship and I guess I'm not technically a ""doctor..."" (Statement Opinion) ",sadness,sadness
"There was just one woman, wasn't there? (Statement Opinion) ",neutral,anger
"No, there were two. (Statement Non Opinion) ",neutral,neutral
Including me? (Question) ,surprise,surprise
Oh yeah. (Answer) ,joy,neutral
Hey! (Greeting) ,joy,joy
Welcome back! (Greeting) ,joy,joy
Hey! Can we pick up where we left off? (Question) ,joy,neutral
"I don't know, I'm still pretty tired out from this afternoon. (Answer) ",neutral,sadness
Why? (Question) ,surprise,neutral
"Uh, the sex. (Answer) ",neutral,neutral
What sex? (Question) ,surprise,surprise
Our sex. (Answer) ,joy,neutral
We didn't have sex. (Statement Non Opinion) ,surprise,anger
"Well if I didn't have sex with you, I had sex with someone that looked an awful lot like (Statement Non Opinion) ",neutral,neutral
Ew! Ew! Ew! Ew! Ew! Ew! (Others) ,disgust,disgust
Oh no! Oh no! Oh no! Oh no! No! No! No! (Others) ,disgust,fear
Oh my God Stu! I-I can't believe you did this! Now are you absolutely sure she's a hooker? (Question) ,disgust,surprise
"Either that or she's just the best, most expensive date I ever had. (Answer) ",surprise,joy
Would you look at them. Am I ever gonna find a boyfriend again? I gonna die an old maid. (Statement Non Opinion) ,sadness,sadness
I'm your mother. (Statement Non Opinion) ,neutral,neutral
Ehh? (Others) ,surprise,surprise
"Oh, and then Monica joked that she wouldn't go out with a guy like Chandler... (Statement Non Opinion) ",neutral,neutral
Hi there. (Greeting) ,neutral,joy
"...and he couldn't let it go, and... I don't really know what happened with that either. (Statement Non Opinion) ",neutral,neutral
"And then Ross's new girlfriend, Bonnie, shows up and Rachel convinced her to save her head. (Statement Non Opinion) ",neutral,neutral
"And then Ross and Rachel kiss, and now Ross has to choose between Rachel and the bald girl and I don't know what happened there either... (Statement Non Opinion) ",neutral,neutral
"Y'know what, hold on, let me go get Chandler. (Command) ",neutral,neutral
"Well yeah, I lied before. (Answer) ",sadness,neutral
Oh! (Backchannel) ,surprise,surprise
Oh God (Backchannel) ,surprise,fear
Now you know how you really feel about it. (Statement Non Opinion) ,neutral,neutral
"Oh-oh, that's a risky little game! (Statement Opinion) ",surprise,anger
Are you really gonna do this? (Question) ,fear,fear
Yeah. I'm gonna have a baby. I'm gonna have a baby. I'm gonna have a baby! (Answer) ,joy,joy
With who? (Question) ,neutral,surprise
"Ah, it's still not the time. (Statement Non Opinion) ",neutral,sadness
You said I was boring--Ohh! (Statement Non Opinion) ,anger,sadness
When did I say you were boring?! (Question) ,neutral,anger
"Oh my God, I remember now! We were playing chess! (Answer) ",surprise,surprise
Phoebe! You and I have (Statement Non Opinion) ,neutral,neutral
"Oh, come on! (Others) ",joy,anger
"Yes, remember that time on the frozen lake? (Question) ",neutral,neutral
"We were playing chess, you said I was boring, and then you took off your energy mask and you were Cameron Diaz! (Answer) ",anger,surprise
"Okay, there's a (Others) ",neutral,neutral
"All right, I'm leaving! (Statement Non Opinion) ",anger,anger
Because I'm not going to spend one more day with someone whose out to sabotage my every move. (Statement Non Opinion) ,anger,anger
That's you Rachel! (Statement Non Opinion) ,anger,anger
"Yeah, I got that. (Acknowledge) ",neutral,neutral
"And you! I throw myself at you and you say no, how gay are you? (Statement Non Opinion) ",anger,anger
You take care Jill. (Statement Non Opinion) ,neutral,neutral
"Okay, see ya! (Greeting) ",joy,neutral
Bye-bye (Greeting) ,joy,neutral
"I-I can't believe Jill's gone. I can't help it, I opened a gate. (Statement Non Opinion) ",sadness,sadness
"How about, you're moving!! (Statement Non Opinion) ",joy,joy
Look! This is ridiculous. We should be packing you!! (Statement Opinion) ,anger,anger
"Hey, how are you guys doing? (Question) ",neutral,neutral
Great! Monica's moving! (Answer) ,joy,joy
I am not! (Disagreement) ,anger,anger
Oh really?! Then how come all your stuff is in this box?! (Question) ,surprise,anger
"Okay, you guys. You guys I think I know what's going on here. Okay, you guys (Statement Non Opinion) ",neutral,neutral
No Phoebe I am mad! (Statement Non Opinion) ,anger,anger
"Well, deep-deep-deep down! (Statement Non Opinion) ",neutral,neutral
"Yeah, I'm just mad! (Agreement) ",anger,anger
Then keep running. (Command) ,neutral,neutral
Okay! (Agreement) ,neutral,joy
"Oh, here's that trench-coat that you wanted. (Statement Non Opinion) ",neutral,neutral
"Oh great! Wow! Yeah, it's comfortable. (Apology) ",joy,joy
Yeah? (Others) ,neutral,neutral
Oh! Here we (Others) ,anger,surprise
"All right, y'know what, we've been talking about London too much haven't we? (Question) ",neutral,neutral
I'm sorry. (Apology) ,neutral,sadness
It's just 'cause I couldn't be there. (Statement Non Opinion) ,neutral,sadness
"Cause all I ever get to do now is pregnant stuff, it just bums me out. (Statement Non Opinion) ",sadness,sadness
Sorry. (Apology) ,neutral,sadness
What happened? (Question) ,neutral,neutral
"Well, y'know, a little of this, a little of that. Got myself a date tomorrow night. (Answer) ",neutral,joy
"See, didn't I tell you?! You're getting over Ross already! (Statement Non Opinion) ",joy,joy
Get out! (Command) ,joy,anger
I just didn't see the fast song coming. (Statement Non Opinion) ,surprise,surprise
Shh. (Others) ,neutral,neutral
Shh. (Others) ,neutral,neutral
"Don't try to talk, we'll get you up to your room, we'll soak your feet, you'll be okay. (Statement Opinion) ",neutral,joy
"Oh, thank you. (Greeting) ",neutral,joy
That is so sweet! (Statement Opinion) ,joy,joy
Yeah. (Others) ,neutral,neutral
"No, I mean it. There are so few genuinely nice guys out there. (Statement Opinion) ",anger,joy
"Tell me about it, I feel like I'm holding down the fort all by myself. (Statement Non Opinion) ",neutral,neutral
It's Joey right? (Question) ,neutral,neutral
Yeah. (Answer) ,neutral,neutral
Wait a minute! (Statement Non Opinion) ,surprise,anger
No! (Disagreement) ,anger,anger
I'm the nice one! (Statement Non Opinion) ,surprise,anger
I'm the one who danced with the kids all night! (Statement Non Opinion) ,surprise,anger
How...How small are your feet? (Question) ,neutral,neutral
"Uhh, do you mind sitting there. I'm-I'm saving this for my friend Ross. (Statement Non Opinion) ",neutral,neutral
You mean Dr. Geller? (Question) ,neutral,neutral
Doctor? Wow! I didn't know he had a nickname. (Question) ,surprise,surprise
"Oh, he won't sit here. (Statement Non Opinion) ",neutral,neutral
"Only the people in the white coats sit over there, and only the people in the blue blazers sit here. (Statement Non Opinion) ",neutral,neutral
"Yeah, it must've fallen out a few blocks back. I just figured we hit a dog. (Statement Non Opinion) ",joy,neutral
Okay. (Acknowledge) ,neutral,neutral
"Listen uh, could you put Kathy on, I wanna apologize. (Command) ",sadness,neutral
Oh yeah man. Joey. (Agreement) ,neutral,joy
Hey. (Greeting) ,neutral,neutral
"Oh no it's fine, don't worry about it. (Statement Non Opinion) ",neutral,neutral
"Yeah-no, stop apologizing, it's okay. (Statement Non Opinion) ",neutral,neutral
I'll talk to you tomorrow. (Statement Non Opinion) ,neutral,neutral
"I should uh, probably go. (Statement Opinion) ",neutral,sadness
Yeah. Yes! Yeah. (Agreement) ,neutral,joy
I forgot my purse. (Statement Non Opinion) ,neutral,neutral
Oh. (Backchannel) ,neutral,surprise
"No, I really did forget my purse. (Statement Non Opinion) ",neutral,neutral
"A new place for a new Ross. I'm gonna have you and all the guys from work over once it's y'know, furnished. (Statement Non Opinion) ",neutral,joy
I must say it's nice to see you back on your feet. (Statement Opinion) ,joy,joy
Well I am that. And that whole rage thing is definitely behind me. (Agreement) ,neutral,neutral
I wonder if its time for you to rejoin our team at the museum? (Question) ,neutral,neutral
"....and 12, 22, 18, four... What? (Question) ",surprise,surprise
I spelled out boobies. (Answer) ,joy,joy
"Ross, but me down for another box of the mint treasures, okay. Where, where are the mint treasures? (Question) ",neutral,neutral
"Ah, we're out. I sold them all. (Answer) ",neutral,neutral
What? (Question) ,surprise,surprise
No. (Disagreement) ,sadness,anger
"No, just, just, just a couple more boxes. (Statement Non Opinion) ",anger,sadness
"It-it-it's no big deal, all right, I'm-I'm cool. (Statement Opinion) ",fear,neutral
You gotta help me out with a couple more boxes! (Statement Non Opinion) ,sadness,sadness
"Mon, look at yourself. You have cookie on your neck. (Statement Non Opinion) ",disgust,neutral
Oh God! (Others) ,sadness,disgust
"So, how many have you sold so far? (Question) ",neutral,neutral
Check this out. Five hundred and seventeen boxes! (Answer) ,surprise,joy
"Oh my God, how did you do that? (Question) ",surprise,surprise
"Okay, the other night I was leaving the museum just as 'Laser Floyd' was letting out of the planetarium, without even trying I sold 50 boxes! (Answer) ",joy,joy
"That's when it occurred to me, the key to my success, 'the munchies.' So I ah, started hitting the NYU dorms around midnight. (Statement Non Opinion) ",joy,joy
I am selling cookies by the case. (Statement Non Opinion) ,joy,joy
They call me: 'Cookie Dude!' (Statement Non Opinion) ,joy,joy
"Okay, stop what you're doing, I need envelope stuffers, I need stamp lickers..... (Statement Non Opinion) ",neutral,neutral
"Well hey, who did these resumes for ya? (Question) ",surprise,neutral
Me! On my computer. (Answer) ,joy,joy
Hi. (Greeting) ,neutral,neutral
Hey. Soaps? Shampoos? Are you really taking all this stuff? (Question) ,surprise,surprise
Why not? It's built into the price of the room. (Answer) ,neutral,neutral
Yeah but you don't need----What is this? (Question) ,surprise,surprise
Thread! (Answer) ,joy,neutral
Score! Where are the disposable cameras? (Question) ,joy,joy
What disposable cameras? (Question) ,sadness,surprise
The cameras? Remember last night I told you to take them? (Question) ,surprise,anger
No you didn't. (Disagreement) ,neutral,neutral
"Yes! Remember? Right before we cut the cake, I went up to you and I said (Statement Non Opinion) ",surprise,neutral
"Oh-oh yeah, you-you came up to me and asked if I could do you a favor, and my Uncle Murray came up to you and handed you a check. (Agreement) ",neutral,neutral
"And then you said, ""Why do they call it a check? (Statement Non Opinion) ",neutral,neutral
"Why not a Yugoslavian?"" (Statement Non Opinion) ",neutral,neutral
"Yeah, then you did that. (Statement Non Opinion) ",neutral,neutral
So you don't have the cameras?! (Question) ,surprise,anger
No. Sorry man. (Answer) ,sadness,sadness
So? What? What? They're gone! Monica's gonna freak! (Statement Non Opinion) ,surprise,anger
"Well, I'm sure they're still somewhere here in the hotel. I'll-I'll help you look for them. (Statement Opinion) ",neutral,neutral
Great. (Apology) ,anger,neutral
In-in three minutes. (Statement Non Opinion) ,neutral,neutral
"Uh Mr. Morse, can I speak to you for a moment? (Question) ",neutral,neutral
"Uhh, Rachel, my parents (Statement Non Opinion) ",neutral,neutral
Ohh! It's so nice to meet you. Hello. (Greeting) ,joy,joy
"Hello. Well, Joshua, that $500 was for groceries. (Statement Non Opinion) ",neutral,neutral
What? (Question) ,surprise,surprise
"This-this, no, oh no, no-no-no, this is not--that's-that's not what it is. (Statement Non Opinion) ",joy,fear
"See, see, okay, I work in fashion, see and-and, this is a real dress actually. (Statement Non Opinion) ",neutral,neutral
"It's-it's, they're-they're wearing it in Milan, so part of my job is too wear the clothes, and then I see how people respond, and then I report back to my superiors at (Statement Non Opinion) ",neutral,neutral
Maybe in L.A? (Statement Opinion) ,neutral,neutral
Yes! (Agreement) ,joy,joy
There you go. (Statement Non Opinion) ,neutral,neutral
"So, have you kids eaten yet? (Question) ",neutral,neutral
"Well, we were going to do that after--I mean umm, next. (Answer) ",neutral,neutral
"Well, we're starving, why don't we all go get something to eat? (Question) ",neutral,neutral
"Oh, yeah, well... Yeah, no use wasting this baby, just lyin' around the house. (Answer) ",neutral,neutral
So... We go eat. (Statement Opinion) ,neutral,neutral
Yes. (Agreement) ,neutral,joy
"You'll wear that. We'll be eating, and of course, you'll be wearing that. (Statement Non Opinion) ",neutral,neutral
Well I guess I should've thought about my wife and kids before I talked back to chef Geller! (Statement Opinion) ,neutral,anger
Thanks. (Greeting) ,neutral,neutral
Enough! (Command) ,anger,anger
Lean lean lean (Others) ,joy,neutral
Let me see that. (Statement Non Opinion) ,neutral,neutral
This one right here. (Statement Non Opinion) ,neutral,neutral
Triskaidekaphobia. (Others) ,neutral,neutral
The fear of (Others) ,neutral,neutral
"No! No, fear of the number 13. (Statement Non Opinion) ",neutral,neutral
"It's possible, they have really sharp edges. (Statement Non Opinion) ",neutral,neutral
"All right Chandler, you're up. (Statement Non Opinion) ",neutral,neutral
"Wait a minute, I-I believe I'm entitled to use my Angel Pass for a free turn? (Statement Non Opinion) ",joy,neutral
This game makes no sense! (Statement Opinion) ,anger,anger
Y'know what? You're just upset because you're losing. (Statement Opinion) ,joy,anger
"Oh come on Ross, I think we're all losers here. (Statement Opinion) ",neutral,sadness
"All right. Chandler, you can either spin the wheel or pick a Google card. (Statement Non Opinion) ",neutral,neutral
Let me think. Let me think--Oh! I don't care. (Statement Non Opinion) ,anger,neutral
You-you must choose Mr. Bing. (Statement Non Opinion) ,neutral,neutral
"Either, it makes no difference. (Statement Non Opinion) ",neutral,neutral
"Choose, you jackass! (Command) ",anger,anger
I'll take a card. (Statement Non Opinion) ,neutral,neutral
"Okay, you picked the Gimmie card! You get all of Ross's points! (Statement Non Opinion) ",joy,joy
What?! (Question) ,surprise,surprise
This game is kinda fun. (Statement Opinion) ,joy,joy
You don't think it's a little crazy that you get all my points just 'cause you (Statement Non Opinion) ,neutral,anger
I don't think the contestants are supposed to speak to each other. (Statement Non Opinion) ,neutral,neutral
Very funny Ross! (Statement Opinion) ,joy,joy
Very life-like and funny. (Statement Opinion) ,neutral,joy
Okay. (Others) ,neutral,neutral
"Oh no-no-no, I wasn't waving at you lady. (Statement Non Opinion) ",neutral,anger
"Whoa, maybe I was! (Statement Opinion) ",surprise,surprise
"Get in there man! Flirt back, mix it up! (Command) ",joy,joy
"Yeah, I-I-I'm down with that. (Agreement) ",joy,joy
"Okay, here goes. (Statement Non Opinion) ",fear,neutral
How you a-doin'? (Question) ,neutral,neutral
It worked! (Statement Non Opinion) ,surprise,joy
She's waving me over. (Statement Non Opinion) ,joy,neutral
"Okay, I-I-I'll be right over. (Statement Non Opinion) ",joy,neutral
"Let's see, she's on the third floor (Statement Non Opinion) ",neutral,neutral
"Wow! She is pretty, huh? (Statement Opinion) ",surprise,joy
"Tell me about it, huh? Oh no-no-no, I'm not with her, she's just Monica! Ewwuck! (Statement Non Opinion) ",disgust,disgust
Hey! (Greeting) ,neutral,neutral
Hey! (Greeting) ,neutral,neutral
"Oh honey, I'm so sorry, you were right, this feels great! (Statement Opinion) ",joy,joy
"See? And you don't care if people are staring, it's just for a second cause then you're gone! (Statement Non Opinion) ",neutral,joy
Gone! I mean its amazing Pheebs. I feel so free and so graceful. Hey! Look out for the horse! Sorry! (Apology) ,joy,fear
"Oh come on guys, it's not like I moved to Europe! I just moved across the hall! And (Statement Non Opinion) ",joy,neutral
Ahh! Aren't you dressed yet? (Question) ,surprise,surprise
Am I naked again?! (Question) ,surprise,fear
We're supposed to meet my parents in 15 minutes. (Answer) ,neutral,sadness
"Yeah okay, I was just talking to the guys. Just look at them I mean, is it okay if they come visit? (Question) ",neutral,joy
Wh?! What about my allergies?! (Question) ,surprise,anger
"Oh right, your allergies. All her, she hates you. (Statement Non Opinion) ",neutral,disgust
Shoot! We're out of soda. (Statement Non Opinion) ,sadness,anger
"Oh, I'll go out and get you some. (Statement Non Opinion) ",neutral,neutral
Really?! (Question) ,surprise,surprise
"Nope! Because I'm not your boyfriend. Hey Pheebs, how did it go? (Question) ",neutral,neutral
"Well, umm, my Mom's friend, Phoebe, is actually my birth Mom. (Answer) ",sadness,sadness
I found a dried up seashores. (Statement Non Opinion) ,neutral,neutral
"Sweety, what are you talking about? (Question) ",surprise,surprise
"Oh, my new Mom, who-who's a big, fat abandoner! (Answer) ",sadness,anger
"Whoa, wait, Pheebs, wait a second! Don't you wanna stay here and talk about it? (Question) ",surprise,neutral
"No. I'm just, I wanna, I need to be alone. (Answer) ",sadness,sadness
Monica! (Others) ,sadness,neutral
Oh. (Backchannel) ,neutral,neutral
Open it! Open it! Open it! (Command) ,joy,joy
Yeah baby! (Agreement) ,joy,joy
So we never got to hear about your wedding! (Question) ,joy,neutral
"No, no, it was just our parents and 1 or 2 friends. It was a small wedding. (Answer) ",neutral,neutral
Hey! (Greeting) ,joy,joy
"Hello? Oh, hi Ross! See? Other people call me! (Greeting) ",surprise,joy
Hey! (Greeting) ,joy,joy
Hi! (Greeting) ,joy,joy
"So, do you guys wanna come and eat dinner at the restaurant sometime in the next few weeks? (Question) ",neutral,neutral
Sure! (Answer) ,joy,joy
I'd love to! (Agreement) ,joy,joy
Well you (Others) ,neutral,neutral
"Well, I can't give you a massage, because my licence has been revoked again! (Statement Non Opinion) ",sadness,sadness
"Phoebe, what happened? (Question) ",neutral,surprise
"Well, it was an accident...You know, it's a lot of oil and sometimes the hand just slips! (Answer) ",neutral,sadness
Have I got a surprise for you? Pack your bags! (Statement Non Opinion) ,joy,joy
Oh no!You guys aren't supposed to get divorced for 7 years! (Statement Opinion) ,surprise,sadness
"Umm, this is nice. (Statement Opinion) ",neutral,neutral
"I know, it is isn't it? (Question) ",joy,joy
"No, I mean it, this feels really good. Is it a hundred percent cotton? (Question) ",joy,neutral
"Yeah! And I got it on sale, too. (Answer) ",joy,joy
"Anyway, I should go, one of the lifeguards was just about to dismantle a nuclear device. (Statement Non Opinion) ",neutral,neutral
"Well, if you wanna get a drink later we can. (Statement Non Opinion) ",neutral,neutral
"Oh yeah, that sounds great. Oh, and listen, it's, it's gonna be.... (Agreement) ",neutral,joy
I know. Thanks. (Greeting) ,neutral,neutral
So? Come on! Explain yourself Geller! First you get my Rachel pregnant! (Statement Non Opinion) ,anger,anger
You got Rachel pregnant?! (Question) ,surprise,surprise
Who did?! (Question) ,surprise,surprise
You did! (Answer) ,anger,anger
"Yes. Yes, yes I did. But-but it was, it was just a one night thing. It meant nothing. (Agreement) ",fear,fear
Oh? Really? That's what my daughter means to you? Nothing? (Question) ,anger,anger
"No! No sir umm, she means a lot to me. I mean, I care--I-I love Rachel. (Answer) ",fear,fear
What?! (Question) ,surprise,surprise
"Oh but not that way. I mean...I mean I'm not in love with her. I love her like a, like a friend. (Answer) ",joy,fear
Oh really? That's how treat a friend? You get her in trouble and then refuse to marry her? (Question) ,anger,anger
Hey! I offered to marry her! (Answer) ,anger,anger
Wh (Others) ,joy,surprise
But I didn't want to. (Statement Non Opinion) ,anger,sadness
Well why not? So you can spend your time with this tramp?! (Question) ,anger,anger
Tramp?! (Question) ,surprise,anger
"I'm sorry. Dr. Green, Mona. Mona, Dr. Green. (Apology) ",joy,neutral
"Yes, Fran. (Agreement) ",neutral,neutral
"I know what time it is, but I'm looking at the WENUS and I'm not happy!... (Statement Non Opinion) ",anger,anger
"Oh, really, really, really? (Question) ",joy,surprise
"Well, let me tell you something... you will care about it, because I care about it! (Statement Opinion) ",anger,anger
You got it? (Question) ,neutral,neutral
Good! (Statement Opinion) ,joy,joy
Whooooaaaa.... (Others) ,surprise,surprise
Bijan for men? Bijan for men? Bijan for men? (Question) ,neutral,surprise
"Hey, Joey. So did you hear about the new guy? (Question) ",neutral,neutral
I could have birds. (Statement Non Opinion) ,neutral,neutral
"Okay, Mr. Heckles, we'll try to keep it down. (Statement Non Opinion) ",neutral,neutral
Thank you. I'm going to rejoin my dinner party. (Statement Non Opinion) ,neutral,neutral
"All right, bye-bye. (Greeting) ",neutral,neutral
"Okay, Janice. Janice. You gotta give me Janice. That wasn't about being picky. (Statement Opinion) ",neutral,anger
We'll give you Janice. (Agreement) ,neutral,neutral
"I miss Janice though. ""Hello, Chandler Bing."" (Statement Non Opinion) ",neutral,sadness
"""Oh, my, god."" (Others) ",surprise,surprise
"""Oh, Chandler, now, now, that's it. There, faster!"" (Statement Non Opinion) ",joy,neutral
"Stop with the broom, we're not making noise. (Command) ",neutral,anger
We won. We won! (Statement Non Opinion) ,joy,joy
Mr. Heckles. (Others) ,neutral,neutral
How did this happen? (Question) ,neutral,sadness
He musta been sweeping. They found a broom in his hand. (Answer) ,neutral,neutral
That's terrible. (Statement Opinion) ,anger,sadness
I know. I was sweeping yesterday. It coulda been me. (Agreement) ,neutral,sadness
"Sure, you coulda. You never know. (Statement Non Opinion) ",neutral,neutral
You never know. (Statement Non Opinion) ,neutral,neutral
"Oh, I'm sorry. (Apology) ",sadness,sadness
Where's Chandler? (Question) ,neutral,neutral
"Oh, he needed some time to grieve. (Answer) ",neutral,sadness
I'm free! I'm free! (Statement Non Opinion) ,joy,joy
That oughta do it. (Statement Opinion) ,neutral,neutral
"Hey, look at me. I'm making jam, been at it since 4 o'clock this morning. (Statement Non Opinion) ",sadness,joy
Where'd you get fruit at four in the morning? (Question) ,surprise,surprise
Went down to the docks. Bet ya didn't know you could get it wholesale. (Answer) ,neutral,joy
I didn't know there were docks. (Statement Non Opinion) ,surprise,surprise
Hey. (Greeting) ,neutral,neutral
Hey. (Greeting) ,neutral,neutral
"Aww, is it broken? (Question) ",sadness,sadness
"No, I gotta wear this thing for a couple weeks. (Answer) ",joy,neutral
Did you tell the doctor you did it jumping up and down on your bed? (Question) ,neutral,neutral
Nooo. I had a story all worked out but then Chandler sold me out. (Answer) ,sadness,sadness
"Well, I'm sorry Joe. I didn't think the doctor was gonna buy that it just *fell* out of the socket. (Apology) ",anger,sadness
What is this? Fruit? (Question) ,surprise,surprise
Monica's making jam. (Answer) ,neutral,neutral
"Whoa, jam! I love jam! Hey, how come we never have jam at our place? (Question) ",joy,joy
Because the kids need new shoes. (Answer) ,neutral,neutral
I'm going into business people. (Statement Non Opinion) ,neutral,neutral
I'm sick and tired of being depressed about Richard. (Statement Non Opinion) ,neutral,sadness
"I needed a plan, a plan to get over my man. (Statement Non Opinion) ",anger,neutral
What's the opposite of man? (Question) ,neutral,neutral
Jam. (Answer) ,neutral,neutral
Oh Joey don't! (Command) ,fear,fear
It's way to hot. (Statement Non Opinion) ,anger,neutral
This will just be my batch. (Statement Non Opinion) ,neutral,neutral
Why? Do you think he's still mad at us? (Question) ,surprise,neutral
Well he's probably mad after you called him this morning to borrow his goggles. (Answer) ,neutral,neutral
What? Mine aren't tinted. (Question) ,surprise,surprise
Here you go Pheebs. Who else wants one of my special homemade brownies? (Question) ,neutral,joy
I will have one. (Answer) ,neutral,neutral
"Okay, I'm not gonna have one. (Statement Non Opinion) ",neutral,neutral
"No, no, it's just my tooth. (Disagreement) ",sadness,sadness
All right I'll have one. (Agreement) ,neutral,neutral
"So what's a matter, you need a dentist? I've got a good one. (Question) ",neutral,neutral
"No thanks, I have a good one too. I just, I, I can't see him. (Answer) ",fear,neutral
See that is the problem with invisible dentists. (Statement Non Opinion) ,neutral,neutral
Why? Why can't you go to him? (Question) ,surprise,neutral
"Because, every time I go to the dentist, somebody dies. (Answer) ",anger,sadness
"That is so weird, because every time I go to the dentist, I look down the hygienist's blouse. (Statement Non Opinion) ",joy,joy
"Phoebe, what? Umm...what?! (Question) ",surprise,surprise
"Yeah, yeah, first there was my aunt Mary, and then there was umm, John, my mailman, and then my, my cowboy friend 'Albino Bob'. (Answer) ",neutral,sadness
And all these people actually died? (Question) ,surprise,surprise
"Yes, while I was in the chair! (Answer) ",sadness,sadness
"That's why I take such good care of my teeth now, y'know, it's not about oral hygiene, I floss to save lives! (Statement Non Opinion) ",neutral,neutral
"Pheebs, come on, you didn't kill anybody, these people just happened to die when you went to the dentist. (Disagreement) ",neutral,neutral
"It's, it's, it's just ah, a coincidence. (Statement Non Opinion) ",neutral,neutral
"Well tell that to them. Oh! You can't, their dead. (Statement Non Opinion) ",sadness,sadness
Hello? (Greeting) ,surprise,neutral
Ross. (Greeting) ,neutral,neutral
It was dreadful. I felt terrible about how I acted when you said those wonderful things. (Apology) ,sadness,sadness
"No, no, that-that, that's all right. Umm, I'm just glad you called. (Disagreement) ",joy,joy
"Ross umm, there's something that I've got to tell you, there's-there's someone else. (Statement Non Opinion) ",joy,sadness
Does that mean the same thing in England as it does in America? (Question) ,sadness,surprise
You know what? I'm not gonna be able to enjoy this. (Question) ,sadness,sadness
"Yeah, I know, it's my birthday. We all should be here. (Answer) ",sadness,joy
"So, let's go. (Command) ",neutral,neutral
"Well maybe, you know, maybe we should stay for one song. (Statement Opinion) ",neutral,surprise
"Yeah, I mean, it would be rude to them for us to leave now. (Statement Opinion) ",neutral,neutral
"You know, the guys are probably having a great time. (Statement Opinion) ",neutral,joy
"Okay, I've got three of my five. (Statement Non Opinion) ",neutral,neutral
"Three of your five, what? (Question) ",neutral,surprise
Celebrities I'm allowed to sleep with. (Answer) ,neutral,neutral
Oh my God! You are giving this a lot of thought. (Statement Non Opinion) ,surprise,surprise
"Yeah, it's hard okay, I only have two spots left. (Statement Non Opinion) ",neutral,neutral
"All right, so who do you got it narrowed down to? (Question) ",neutral,neutral
"Okay, Elizabeth Hurely.... (Answer) ",joy,neutral
"Oooh-hoo, very attractive, forgiving. (Statement Opinion) ",surprise,joy
Susan Sarandon. (Answer) ,neutral,neutral
"Eh, y'know what, she's to political, she probably wouldn't let you do it, unless you donated four cans of food first. (Statement Opinion) ",disgust,disgust
And!! Isabella Rosselini. (Answer) ,joy,neutral
"Ooh-hoo. Very hot, very sexy. But ah, y'know she's too international, y'know she's never gonna be around. (Statement Opinion) ",joy,joy
So? (Question) ,neutral,neutral
"So, you gotta play the odds, pick somebody who's gonna be in the country like all the time. (Answer) ",neutral,neutral
"Yeah, 'cause that's why you won't get Isabella Rosselini, geography. (Agreement) ",neutral,neutral
Oh that's five Ross. Five women have had five babies! And I have had no babies! Why doesn't she want to come out? (Question) ,sadness,sadness
Y'know what I think it is? (Question) ,neutral,neutral
I think you've made such a nice home for her over the last nine months that she just doesn't want to leave. (Statement Non Opinion) ,neutral,joy
Oh. Look at you making up crap for me. Oh God! (Others) ,sadness,anger
"Twenty-one hours, you're a hero. (Statement Opinion) ",neutral,joy
Doctor you gotta do something! I think you gotta give me drugs or you gotta light a fire up in there and just smoke it out. (Command) ,sadness,fear
"Actually, I think you're ready to go to the delivery room. (Statement Opinion) ",neutral,joy
What? (Question) ,surprise,surprise
"Ten centimeters, you're about to become a mom. (Answer) ",neutral,joy
My God. Okay. Ha-ha-ha beat ya! Sucker! (Others) ,surprise,joy
Are they here yet? (Question) ,neutral,fear
"No, honey, they're not, but don't worry, because we are going to find them, and until we do, we are all here for you, ok? (Answer) ",neutral,joy
Ok. (Statement Non Opinion) ,neutral,neutral
Hi. (Greeting) ,neutral,neutral
May I see your boarding pass? (Question) ,neutral,neutral
"Oh, no, no, I don't have one. I just need to talk to my friend. (Answer) ",neutral,sadness
"Oh, oooh. I'm sorry. You are not allowed on the jetway unless you have a boarding pass. (Apology) ",neutral,sadness
"No, I know, but I--he just went on. (Disagreement) ",neutral,anger
"He's right there, he's got the blue jacket on, I... can I j-just... (Statement Non Opinion) ",sadness,fear
No no no! Federal regulations! (Disagreement) ,anger,anger
"OK, alright, OK, um... then could you please, uh... just give him a message for me? Please? This is (Agreement) ",neutral,sadness
Alright. What's the message? (Question) ,neutral,neutral
Uh... I don't know. (Answer) ,neutral,sadness
"Sir? Sir? Excuse me, sir? Uh... I have a message for you. (Statement Non Opinion) ",neutral,neutral
What? (Question) ,neutral,surprise
"It's from Rachel. She said that she loved the present, and she will see you when you get back. (Answer) ",neutral,joy
": Toby... Oh, for God's sake, I don't know what she's talking about! (Statement Non Opinion) ",surprise,anger
There's no Rachel! (Statement Non Opinion) ,anger,anger
"Here's the thing, Janice. (Statement Non Opinion) ",neutral,neutral
"You know, I mean, it's like we're different. (Statement Opinion) ",neutral,sadness
"I'm like the bing, bing, bing. (Statement Non Opinion) ",anger,neutral
"You're like the boom, boom, ... boom. (Others) ",neutral,neutral
Ow! (Apology) ,surprise,surprise
"Oh, my god, I'm so sorry. Are you ok? (Question) ",anger,fear
"Ow. Um, it's just my lens. It's just my lens. I'll be right back. (Answer) ",sadness,sadness
I hit her in the eye! I hit her in the eye! This is the worst break-up in the history of the world. (Statement Non Opinion) ,sadness,anger
Oh my god. How many of those have you had? (Question) ,surprise,surprise
"Oh, I don't know, a million? (Answer) ",anger,neutral
"Chandler, easy, easy. Go to your happy place. La la la la la la la. (Command) ",neutral,neutral
I'm fine. (Statement Non Opinion) ,neutral,neutral
All right. (Statement Non Opinion) ,neutral,neutral
I'm not fine. Here she comes. (Statement Non Opinion) ,fear,fear
Wait here. Breathe. (Command) ,neutral,neutral
How do you do that? (Question) ,surprise,neutral
It's like a gift. (Answer) ,neutral,joy
We should always always break up together. (Statement Opinion) ,neutral,joy
"Oh, I'd like that. (Agreement) ",neutral,joy
You win. (Statement Non Opinion) ,anger,neutral
"Well, what did you have? (Question) ",neutral,neutral
It doesn't matter because nothing beats a three and a six. (Answer) ,joy,neutral
That my friend is D-Cup. (Statement Non Opinion) ,neutral,joy
"Okay, now much have you won so far? (Question) ",neutral,neutral
"Uh, wow, 700. (Answer) ",surprise,surprise
Not 700 exactly? (Question) ,surprise,neutral
Yeah. (Answer) ,neutral,neutral
Double it! (Command) ,joy,joy
What? (Question) ,surprise,surprise
"Well you see in Cups, once you get $700, you have to double it. (Answer) ",neutral,neutral
Really? (Question) ,surprise,surprise
"Hey, I didn't make up the rules. (Answer) ",neutral,neutral
"Now, after you receive the doubling bonus, you get uh, one card. (Statement Non Opinion) ",neutral,neutral
"Now that one card could be worth $100 bringing your total to 1,500. (Statement Non Opinion) ",neutral,neutral
Don't get to excited because that's not gonna happen unless you get--No way! (Statement Non Opinion) ,surprise,surprise
"I'm, I'm sorry you didn't get to go to Spacecamp, and I'm hoping that maybe somehow, this may make up for it. (Apology) ",sadness,sadness
Presenting Sarah Tuttle's Private Very Special Spacecamp! (Statement Non Opinion) ,joy,joy
! (Others) ,neutral,neutral
"Really Mr. Geller, you don't have to do this. (Statement Opinion) ",neutral,neutral
Oh come on! Here we go! Stand by for mission countdown! (Statement Non Opinion) ,joy,joy
I'm an alien. I'm an alien. (Statement Non Opinion) ,neutral,neutral
Oh no! An asteroid! (Statement Non Opinion) ,surprise,fear
Hey. (Greeting) ,neutral,neutral
Hey. (Greeting) ,neutral,neutral
Where you going? (Question) ,neutral,neutral
To the bank. (Answer) ,neutral,neutral
Sperm or regular? (Question) ,neutral,surprise
Sperm. (Answer) ,neutral,neutral
"So you're really doing this, huh? (Question) ",surprise,surprise
"Oh yeah, picked a guy, 37135. (Answer) ",neutral,joy
Sounds nice. (Statement Opinion) ,neutral,neutral
"Fraid so. Brown hair, green eyes... (Statement Non Opinion) ",neutral,neutral
"No kiddin', hmm. (Statement Non Opinion) ",surprise,neutral
What? (Question) ,sadness,surprise
"What's wrong, sweetie? (Question) ",neutral,neutral
"Nothing, nothing. (Answer) ",joy,sadness
"Aaaah, what's wrong, c'mon. (Question) ",joy,neutral
"It's, I mean, it's nothing, I'm fine. (Answer) ",sadness,sadness
It's my friends. (Statement Non Opinion) ,sadness,sadness
They-they have a liking problem with you. (Statement Non Opinion) ,sadness,sadness
"In that, um, they don't. (Statement Non Opinion) ",sadness,sadness
Oh. They don't. (Statement Non Opinion) ,surprise,neutral
But they don't see all the wonderfulness that I see. (Statement Non Opinion) ,joy,sadness
They don't see all the good stuff and all the sweet stuff. (Statement Non Opinion) ,sadness,sadness
They just think you're a little... (Statement Non Opinion) ,joy,sadness
What? (Question) ,neutral,anger
Intense and creepy. (Answer) ,neutral,sadness
You got me. (Statement Non Opinion) ,neutral,neutral
Yeah. Right. (Agreement) ,neutral,disgust
"Good, and hey! My treat. But that's only because you're not eating anything, right? (Question) ",joy,joy
I can't believe we're here. (Statement Non Opinion) ,joy,surprise
Oh you've got to be kidding me. (Disagreement) ,surprise,anger
What? (Question) ,surprise,surprise
"As a wedding gift to you, the hotel would like to give you the honeymoon suite. (Statement Non Opinion) ",neutral,neutral
No!! You have been screwing us all day! (Disagreement) ,anger,anger
Who are you? (Question) ,surprise,neutral
We're you just ten seconds later! (Answer) ,neutral,neutral
You already got the first class tickets.. you got the lounge! (Statement Non Opinion) ,anger,neutral
I mean we should get free stuff too! (Statement Opinion) ,anger,anger
I mean you're not the only ones on your honeymoon! (Statement Non Opinion) ,anger,anger
Well you can have the suite if you want. (Statement Non Opinion) ,neutral,neutral
We don't care about where we stay. (Statement Non Opinion) ,neutral,neutral
We're here to celebrate our love together. (Statement Non Opinion) ,anger,joy
We don't have to get free stuff. (Statement Non Opinion) ,anger,neutral
We just want to be together. (Statement Non Opinion) ,joy,joy
We need the stuff. (Statement Non Opinion) ,neutral,anger
Yes! (Agreement) ,joy,joy
"Okay, well then how about a handshake? (Question) ",neutral,neutral
Oh God I'm sorry! (Apology) ,joy,sadness
"Oh God, I'm sorry! (Apology) ",joy,sadness
I did not mean to touch that--I mean (Apology) ,fear,fear
Hey Pheebs! (Greeting) ,joy,joy
Hey! (Greeting) ,joy,joy
Check it out. How much of a man am I?! (Question) ,joy,joy
Wow! Nice! Manly and also kind of a slut. (Answer) ,fear,joy
"which brings us back, of course, to Greely's theory of dominance. (Statement Non Opinion) ",neutral,neutral
"Okay, that-that's all for today. (Statement Non Opinion) ",neutral,neutral
"Oh, uh does anyone know where the Freeman building is? (Question) ",neutral,neutral
"Yeah, it's the new building on Avenue A. (Answer) ",neutral,neutral
"What?! That-that's all the way cross town, I'm supposed to teach a graduate seminar there in ten minutes. (Statement Non Opinion) ",surprise,anger
"Ooh, dude. That's not gonna happen. (Statement Non Opinion) ",neutral,sadness
Move it! Move it! Move it!! Hey!!! I'm the teacher!! (Command) ,anger,anger
Jason? (Greeting) ,neutral,neutral
"Yeah, come on in. (Command) ",neutral,neutral
"So Phoebe, you ah, sounded kinda serious on the phone, is ah, is anything wrong? (Question) ",neutral,sadness
No. And I don't think I'm gonna want to. (Answer) ,surprise,anger
I can't do this. (Statement Non Opinion) ,sadness,sadness
"Yep. Yep, that's what I didn't want to know. (Statement Non Opinion) ",sadness,disgust
"Well, oh, Mark, I'm doing this for the wrong reasons, y'know? (Question) ",sadness,sadness
I'm just doing it to get back at Ross. (Statement Non Opinion) ,sadness,anger
"I'm sorry, it's not very fair to you. (Apology) ",sadness,sadness
Ahh! (Others) ,surprise,surprise
"Fair, shmair (Statement Opinion) ",sadness,neutral
Y'know? (Question) ,neutral,neutral
"Look, if you want to get back at Ross, I am here for you. (Statement Non Opinion) ",neutral,neutral
Really? (Question) ,surprise,surprise
"No-no, I say-I say, I say we get back at him right on this couch. (Answer) ",neutral,anger
Right here! (Statement Non Opinion) ,anger,neutral
Oh God. I'm sorry about this. (Apology) ,sadness,sadness
That's okay. (Others) ,neutral,neutral
You sure? (Question) ,joy,sadness
Yeah. I can just go home and get back at him by myself. (Answer) ,neutral,anger
Here she is! Future fashion superstar! (Statement Non Opinion) ,joy,joy
"Oh Joey, I'm hardly a (Statement Non Opinion) ",neutral,sadness
My little sister Dina! (Statement Non Opinion) ,joy,joy
And here we go (Statement Non Opinion) ,neutral,neutral
"I saw this movie once where there was a door and no one knew what was behind it, and when they finally got it open millions and millions and millions of bugs came pouring out and they feasted on human flesh. (Statement Non Opinion) ",disgust,disgust
Y'know it wouldn't kill ya to respect your wife's privacy! (Statement Opinion) ,joy,anger
Stupid closet full of bugs! (Statement Opinion) ,anger,anger
"Joey. Joey, something feels weird and not good weird. I don't--Whoa!! (Statement Non Opinion) ",fear,fear
"When my sisters were pregnant they got every weird feeling in the book, it was always nothing. (Statement Non Opinion) ",neutral,neutral
Really? (Question) ,neutral,surprise
Absolutely. (Answer) ,neutral,neutral
"Okay Rach-Rach-Rach look at me, look at me, everything's gonna be fine, trust me. (Others) ",neutral,joy
Take my hand. (Others) ,neutral,neutral
Here we go. (Statement Non Opinion) ,neutral,neutral
Oww crushing bones! (Statement Non Opinion) ,surprise,anger
Oh hello. (Greeting) ,neutral,neutral
"Oh, it's you. I see you everywhere. I'm Jim, Jim Nelson. (Statement Non Opinion) ",surprise,neutral
"Oh Jim, Jim Nelson I'm Phoebe, Phoebe Buffay. We certainly have been seeing a lot of each other lately. (Statement Non Opinion) ",neutral,joy
"We have. Maybe we'll be seeing each other at dinner tomorrow night, say around 8 o'clock? (Question) ",neutral,joy
"Well, maybe we will. Oh! (Answer) ",joy,surprise
"Well, that's not something a girl wants to hear. (Statement Non Opinion) ",anger,disgust
"No, come on don't start. Ouch! (Others) ",joy,anger
What? (Question) ,sadness,surprise
Stupid balls are in the way. (Answer) ,sadness,anger
Oh well. It probably would've been the most constructive solution. (Statement Opinion) ,neutral,neutral
You have chalk on your face. (Statement Non Opinion) ,neutral,neutral
Huh? (Backchannel) ,joy,surprise
"Oh, Ross you're right, I don't know why I always thought this was real grass. (Statement Non Opinion) ",sadness,surprise
"Hey, are you okay? (Question) ",joy,neutral
My wife's a lesbian. (Answer) ,sadness,sadness
Cool!! (Statement Opinion) ,joy,joy
"Ross, Joey. Joey, Ross. (Statement Non Opinion) ",sadness,neutral
Hey! Where 'ya headin' in those pants? 1982? (Question) ,joy,joy
"Oh Monica, listen, I ah, I saw down at the hardware store, they got those designer tiles on sale. (Statement Non Opinion) ",neutral,neutral
If you ever want to redo the bathroom floor. (Statement Non Opinion) ,neutral,neutral
"Why, what's wrong with my bathroom floor? (Question) ",surprise,surprise
"Nothing. It's just old and dingy, that's all. (Answer) ",disgust,neutral
I highly doubt that. (Statement Non Opinion) ,anger,neutral
"Oh yeah. If you ah, move your hamper, you see what color the tile used to be. Yeah. (Statement Non Opinion) ",disgust,neutral
I can't live like this! What are we gonna do? What are we gonna do? (Question) ,fear,anger
Relax. Here hold this . This old stuff just comes right off. (Answer) ,neutral,neutral
That's a little more than I wanted to see. (Statement Non Opinion) ,disgust,disgust
Aw! (Acknowledge) ,surprise,neutral
"Look at that, every inch of this stuff is glued down. (Statement Opinion) ",surprise,neutral
It'd take forever to pry this up. (Statement Non Opinion) ,joy,neutral
"You should ah, you should just leave it. (Command) ",neutral,neutral
I can't leave it! You gouged a hole in my dingy floor. (Disagreement) ,anger,anger
Eh! There you go. (Statement Non Opinion) ,neutral,neutral
"You know that's nice, y'know we could put it back there after the surgeons remove it from your colon! (Statement Non Opinion) ",anger,anger
Hi. (Greeting) ,neutral,neutral
Hi! (Greeting) ,anger,joy
Hey! (Greeting) ,joy,joy
"Uh, Pheebs, about your mom... (Statement Non Opinion) ",neutral,neutral
Yeah? (Others) ,surprise,neutral
How's that going? (Question) ,neutral,neutral
"So great. Oh, we took a nap today and my Mom fell asleep on my tummy and purred. (Answer) ",joy,joy
That's so sweet. I'm gonna get some coffee. (Statement Non Opinion) ,neutral,joy
Huh? What'd ya say Joe? I'll be right there. (Question) ,surprise,neutral
Pheebs... (Greeting) ,neutral,neutral
"I just feel so, uhh..... (Statement Non Opinion) ",neutral,sadness
All right!! (Statement Non Opinion) ,joy,joy
I'm coming already!! (Statement Non Opinion) ,joy,anger
Really?! You think that will work? (Question) ,surprise,surprise
"Absolutely! And if it doesn't, can I get the extra ticket? (Answer) ",joy,joy
What the heck is that? (Question) ,surprise,disgust
Hello. (Greeting) ,neutral,neutral
"Hey, Pheebs! It's Joey! (Greeting) ",joy,joy
"Hey, Joey! (Greeting) ",joy,joy
Hey! (Greeting) ,joy,joy
Ooh! (Others) ,joy,surprise
Ooh! (Others) ,joy,surprise
I just say someone on the--that looks just like you on the subway. (Statement Non Opinion) ,neutral,neutral
"And I was gonna go over and say 'hi!' but then I figured, he doesn't care if he looks like you. (Statement Non Opinion) ",joy,neutral
"That just cost me four bucks. But uh listen, I just called to see how the chick and the duck are doing? (Question) ",neutral,neutral
"Ohh, they're having a (Answer) ",joy,neutral
"Kinda, but I've just been having way too much fun. (Statement Non Opinion) ",joy,joy
So you're not homesick yet? (Question) ,surprise,neutral
"No, I don't think so. (Answer) ",neutral,neutral
"All right, the seven of us miss you. (Statement Non Opinion) ",joy,sadness
No. (Disagreement) ,neutral,anger
You'll see. (Statement Non Opinion) ,neutral,neutral
"Liam, do me a favour. Tell the lads to go easy on Ross, it's his first time. (Statement Non Opinion) ",neutral,neutral
You don't say! (Disagreement) ,surprise,surprise
"Good luck, babe. (Greeting) ",joy,joy
Ross! Ross! Come on! Get in here! Ross! Come on! (Command) ,joy,anger
"Ross, come on! Get in the bloody scrum! Ross, get in! (Command) ",anger,anger
JOEY!!!!!! (Greeting) ,joy,joy
I don't believe you spent my wedding fund on the beach house! (Statement Non Opinion) ,anger,anger
"We're sorry honey, but we just assumed if you got married after you turned 30 you'd pay for it yourself. (Apology) ",neutral,sadness
Come on! Admit it! That was the best nap you ever had! (Command) ,anger,joy
I've had better. (Disagreement) ,neutral,neutral
Okay! When?! (Question) ,anger,surprise
All right! All right! It was the best nap ever! (Agreement) ,joy,anger
Uh-huh! (Backchannel) ,anger,neutral
I've said it! Okay?! But it's over Joey! (Statement Non Opinion) ,anger,anger
I want to do it again. (Statement Non Opinion) ,anger,neutral
We (Statement Non Opinion) ,neutral,neutral
Why not? (Question) ,neutral,surprise
Because it's weird! (Answer) ,disgust,disgust
Fine! Do you want something to drink? (Question) ,anger,neutral
"Sure, what do you got? (Question) ",neutral,neutral
Warm milk and (Answer) ,neutral,neutral
Are you okay? (Question) ,neutral,neutral
I need some milk. (Answer) ,neutral,sadness
"Ok, I've got milk Here you go... Oh! Better? (Question) ",anger,joy
No... (Answer) ,sadness,sadness
"I'm so embarrassed, I'm the one he hit on! (Statement Non Opinion) ",surprise,surprise
"Pheebs, if I had never met him this never would have happened! (Statement Non Opinion) ",neutral,sadness
I'm so sorry! No I'm sorry! No I'm sorry! No I'm sorry! (Apology) ,sadness,sadness
"No, wait, oh, what are we sorry about? (Question) ",surprise,surprise
"I don't know...right, he's the pig! (Answer) ",sadness,anger
Such a pig! (Agreement) ,disgust,anger
"Oh, God, he's such a pig, (Agreement) ",disgust,anger
Oh he's like a... (Statement Non Opinion) ,disgust,anger
He's like a big disgusting... (Statement Non Opinion) ,disgust,disgust
...like a... (Statement Non Opinion) ,neutral,anger
...pig...pig man! (Statement Non Opinion) ,disgust,disgust
"Yes, good! Ok... (Agreement) ",anger,neutral
"Oh, but he was my pig man...how did I not see this? (Question) ",anger,sadness
"Oh! I know! It's because... he's gorgeous, and he's charming, and when he looks at you... (Answer) ",sadness,neutral
"Ok, Ok, Pheebs... (Others) ",neutral,neutral
The end. (Statement Non Opinion) ,neutral,neutral
"Oh, God... (Others) ",joy,sadness
Should I not have told you? (Question) ,surprise,neutral
"No, no, trust, me, it's, it's, it's much better that I know. (Answer) ",neutral,neutral
"Uh, I just liked it better before it was better... (Statement Non Opinion) ",sadness,sadness
"Well, yes, it's kind've an unusual house. (Agreement) ",neutral,neutral
"It has umm, three beautiful bedrooms and ah, no baths. (Statement Non Opinion) ",neutral,neutral
"But y'know, the ocean is right there. (Statement Non Opinion) ",neutral,neutral
"Knock, knock, knock. (Others) ",neutral,neutral
"Ah, oh, hang on a second. Come in, come in. All right, so think about it, and call me back. (Command) ",neutral,neutral
"Are you ah, Phoebe Abott? (Question) ",neutral,neutral
"Ahh, yes. (Answer) ",neutral,neutral
"Hi Phoebe Abott, I'm your best friends daughter! (Greeting) ",joy,joy
You're Erwin's daughter?! (Question) ,surprise,surprise
"No, I-I mean your-your old best friend, here. Lily, from high school. Remember? (Question) ",neutral,neutral
"Oh gosh, Lily, yes. Of course I remember Lily. I... Then you must be? (Answer) ",surprise,joy
"Phoebe. Phoebe. Phoebe, yeah. She named me after you I guess. (Answer) ",sadness,joy
"Uh-huh. Wow! Well, look! There's Frank. (Statement Non Opinion) ",surprise,joy
"Dude, you have got to turn on (Command) ",neutral,joy
Let's go watch it at your place. (Statement Non Opinion) ,neutral,neutral
"Nah, Monica's watching some cooking show. Come on, I don't want to miss when they were skinny. (Disagreement) ",neutral,anger
"Chandler, Chandler, y'know what we should do? You and I should go out and get some new sunglasses. (Question) ",joy,joy
"What? No, I want to watch this. . Did your cable go out? (Question) ",joy,surprise
"No, that's (Answer) ",neutral,neutral
"Joey, why is your cable out? (Question) ",sadness,surprise
"I uh, oh! Because, uh, I haven't really paid the bill (Answer) ",sadness,sadness
"If you need money, will you please-please just let me loan you some money? (Question) ",neutral,sadness
"No, Chandler. (Answer) ",neutral,neutral
"Look, forget about it, okay? (Others) ",anger,neutral
"Look, I know things have been a little tight since Janine moved out. (Statement Non Opinion) ",sadness,sadness
"Oh, was she hot. (Statement Opinion) ",joy,joy
Whoa ho. (Acknowledge) ,joy,surprise
I know! (Agreement) ,surprise,joy
"Yeah, but, look I can handle it. (Statement Non Opinion) ",neutral,neutral
All right? (Statement Non Opinion) ,neutral,neutral
"Look, I can listen to the radio, huh? (Statement Non Opinion) ",neutral,neutral
And Ross gave me this great book (holds up the (Others) ,neutral,neutral
Sure. (Agreement) ,neutral,neutral
Paid your phone bill? (Question) ,neutral,surprise
Not so much. (Answer) ,neutral,sadness
"Oh good, okay, I can't take it anymore. (Statement Non Opinion) ",neutral,anger
I can't take it anymore. (Statement Non Opinion) ,anger,anger
"So you win, okay? (Statement Non Opinion) ",anger,neutral
Here! (Statement Non Opinion) ,anger,neutral
Pheebs? (Question) ,anger,neutral
Flying a jet? (Question) ,surprise,surprise
Better make it a spaceship so that you can get back to your (Statement Opinion) ,neutral,joy
"Hey everybody, Pheebs is here! (Statement Non Opinion) ",joy,joy
Phoebe! (Statement Non Opinion) ,joy,joy
"Hey, Pheebs! (Greeting) ",joy,joy
"Phoebe, woo! (Statement Non Opinion) ",joy,joy
What?! What good is that gonna do anybody? (Question) ,anger,anger
"Well, it helps the bee look tough in front of his bee friends. The bee is happy and I am definitely not. (Answer) ",sadness,sadness
"Now, y'know the bee probably died after he stung ya. (Disagreement) ",neutral,neutral
"Aw, dammit! (Others) ",surprise,anger
Back on in 30 seconds people! (Command) ,neutral,neutral
"Hey, excuse me, would you mind switching with me? (Question) ",neutral,neutral
"Hey, no way, I'm in the shot man. (Answer) ",anger,anger
Come on man! You've been here all day! (Statement Non Opinion) ,anger,anger
"Yeah, I-I'm taking pledges here, eh? (Statement Non Opinion) ",neutral,neutral
"We're on in 3, 2, (Statement Non Opinion) ",neutral,neutral
Welcome back to our fall telethon. Now if you've been enjoying the performance of (Greeting) ,neutral,joy
Ah. (Backchannel) ,neutral,neutral
Yeah. (Statement Non Opinion) ,neutral,neutral
"I go see my doctor tomorrow, I'll ask her about this. (Statement Non Opinion) ",neutral,neutral
Maybe she can give me a pill or something. (Statement Opinion) ,neutral,neutral
"Yeah. Yeah, that's what you need a good...pill. (Agreement) ",neutral,joy
What are you writing? (Question) ,neutral,neutral
"Well, Joshua's coming in tomorrow and since I don't have the guts to ask him out, I'm going to sell him a coat and put this note in the pocket. (Answer) ",neutral,sadness
"Oh yeah? Joshua, give me a call sometime, guys like you never go out of style--what did you throw away? (Question) ",neutral,disgust
Hi guys! (Greeting) ,joy,joy
Hey! (Greeting) ,neutral,joy
"Hey, what have you guys been up too? (Question) ",neutral,neutral
"Oh, we went to see a collection of Victorian doorknobs and the Cupert-Hewitt museum. (Answer) ",neutral,neutral
Without me?! (Question) ,surprise,anger
"My uncle dragged us there. But, it actually it turned out to be really interesting. (Answer) ",surprise,joy
Yeah. (Agreement) ,neutral,neutral
"They were so ornate and beautiful, I mean look at that! (Statement Opinion) ",surprise,joy
"I'm just sayin', if I see one more picture of Ed Begley, Jr. in that (Statement Opinion) ",disgust,disgust
I can't believe you'd rather go out with him than me. (Statement Opinion) ,surprise,anger
"Would you excuse me, please? I'm trying to have a date here. (Question) ",anger,neutral
"Fine, just stop thinking about me. (Answer) ",joy,anger
"Can't do it, can you? (Question) ",neutral,anger
So I'm thinking about you. So what? (Question) ,neutral,anger
"I don't get it. What do you see in this guy, anyway? (Question) ",surprise,anger
Well... he happens to be a very nice... guy.... (Answer) ,neutral,neutral
"I mean, come on, buddy, get a (Statement Opinion) ",neutral,anger
"Rachel, come on. Give us a chance. (Command) ",neutral,sadness
"Ross, it's too hard. (Disagreement) ",sadness,sadness
"No, no, no... why, because it might get weird for everyone else? (Question) ",neutral,anger
Who cares about them. (Statement Opinion) ,neutral,anger
This is about us. (Command) ,neutral,anger
"Look, I-I've been in love with you since, like, the ninth grade. (Statement Non Opinion) ",neutral,joy
"Ross, you're like my best friend. (Disagreement) ",joy,sadness
I know. (Acknowledge) ,neutral,sadness
"If we broke up, and I lost you... (Statement Non Opinion) ",fear,sadness
"Ohh, God. (Others) ",sadness,sadness
"Hello? No she can't come to the phone right now. Oh, right no problem. Okay, bye-bye. (Greeting) ",neutral,neutral
Was it my work? Were they mad? Was it Jack? Did he yell?! (Question) ,fear,fear
"J-j-just relax, nobody yelled. Jack just was calling to make sure that (Answer) ",neutral,neutral
Thank God. (Others) ,joy,joy
"Yeah, she's fired. (Statement Non Opinion) ",neutral,sadness
"...DUMB, DRUNKEN, BITCH!!! Thank you, thanks. (Greeting) ",anger,anger
"Hey, here's a question; where did you guys get the finest oak East of the Mississippi? (Question) ",neutral,neutral
"Uh-huh, first you tell us where you got the prettiest lace in all the land. (Question) ",neutral,neutral
I'm reading your ad. (Answer) ,neutral,neutral
"Looks good, uh? (Question) ",sadness,joy
Yeah. (Answer) ,neutral,neutral
"Stunning entertainment center. Fine, fine Italian craftsmanship. (Statement Non Opinion) ",neutral,neutral
"Oh my God, you guys are selling the entertainment center? (Question) ",surprise,surprise
Why? I love that thing. (Question) ,joy,surprise
You want it? (Question) ,neutral,neutral
Oh no. (Answer) ,disgust,neutral
"Ahh, Gepeto, $5,000 dollars? Are you insane? (Question) ",surprise,anger
"Hey, the ad alone cost 300 bucks! (Disagreement) ",neutral,anger
"All right look, I'm changing it to 50 bucks, or your best offer. (Statement Non Opinion) ",neutral,neutral
What kind of profit is that?! And you call yourself an accountant. (Question) ,anger,anger
Nooo. (Answer) ,neutral,neutral
Oh. What do you do? (Question) ,surprise,neutral
"That's right Ross, I can see you in your new apartment! (Statement Non Opinion) ",neutral,joy
And you can see me! (Statement Non Opinion) ,neutral,joy
"Same as yesterday, same as the day before. (Statement Non Opinion) ",neutral,neutral
Is he doing his shark attack bit yet? (Question) ,neutral,surprise
"Nope. Op, wait! There he goes. (Answer) ",neutral,surprise
Hey! (Greeting) ,neutral,joy
Hey! (Greeting) ,neutral,joy
Hey! (Greeting) ,neutral,joy
What are you guys doing up? (Question) ,surprise,neutral
"Oh, we wanted to finish the crossword before we went to bed. Hey, do you know a six-letter word for red? (Answer) ",neutral,neutral
"Yeah, I think that's wrong, but there's a Connect the Dots in here for you later. Hey, how about maroon? (Question) ",neutral,neutral
"Yes, you are so smart! (Answer) ",joy,joy
"Aww, you guys are so cute! (Statement Opinion) ",joy,joy
I know. (Agreement) ,neutral,neutral
"All right, I'll see you in the morning. (Statement Non Opinion) ",neutral,neutral
Okay. (Agreement) ,neutral,neutral
What's with her? (Question) ,disgust,neutral
I don't know. (Answer) ,neutral,neutral
"But hey, I know we can decide. (Statement Non Opinion) ",neutral,neutral
"Okay, I'm gonna ask you questions and you answer real quick. (Statement Non Opinion) ",neutral,neutral
Okay? (Question) ,neutral,neutral
Okay. (Answer) ,neutral,neutral
What do you like better action or comedy? (Question) ,neutral,neutral
Action. (Answer) ,neutral,neutral
Who would you rather sleep with Monica or Rachel? (Question) ,neutral,neutral
"Dude, you are sick. (Answer) ",disgust,disgust
"Oh, I'm sorry. I forgot you had that whole Rachel thing. (Apology) ",surprise,sadness
"I mean, this is unbelievable. (Statement Opinion) ",surprise,anger
"I know. This is really, really huge. (Agreement) ",surprise,surprise
No it's not. It's small. It's tiny. It's petite. It's wee. (Disagreement) ,neutral,anger
"OK, is there a mute button on this woman? (Question) ",disgust,disgust
More than jewelry. (Statement Opinion) ,neutral,joy
Hi! I'm Dr. Drake Remoray and I have a few routine questions I need to ask you. (Statement Non Opinion) ,neutral,neutral
Really? I've been dealing with Dr. Wells. (Statement Non Opinion) ,surprise,surprise
"I know, but I'm a neurologist. (Acknowledge) ",neutral,neutral
"And just to be on the safe side, Dr. Wells wanted a more comprehensive overview of you status so he sent me. (Statement Non Opinion) ",neutral,neutral
Dr. Wells is a woman. (Statement Non Opinion) ,surprise,neutral
"That was a test. Good response. All right, full name. (Question) ",neutral,joy
Clifford Burnett. (Answer) ,neutral,neutral
Date of birth? (Question) ,neutral,neutral
42675 (Answer) ,neutral,neutral
Age? (Question) ,neutral,neutral
Can't you figure that out based on my date of birth? (Question) ,anger,anger
"I'm a doctor Cliff, not a mathematician. (Answer) ",neutral,neutral
I'm 33. (Answer) ,neutral,neutral
"Okay. And uh, are you married. (Question) ",neutral,neutral
No. (Answer) ,neutral,neutral
"Oh really? So, 33 and still single, would you say you have commitment issues? (Question) ",surprise,surprise
Are all the questions this personal? (Question) ,surprise,anger
Yes. (Answer) ,neutral,neutral
Well uh if you must know I'm a widower. (Answer) ,sadness,sadness
Oh that's terrible. I'm-I'm really sorry. (Apology) ,sadness,sadness
Yeah. (Acknowledge) ,neutral,sadness
Hmm. Do you sleep with women and never call them again? (Question) ,neutral,neutral
No. (Answer) ,neutral,neutral
"Hey! You guys, I'm writing a holiday song for everyone. Do you want to hear it? (Question) ",joy,joy
"Pheebs, that's great! (Statement Opinion) ",joy,joy
"Oh, yay! (Others) ",joy,joy
"But y'know umm, Rachel doesn't rhyme with draddle. (Disagreement) ",neutral,sadness
I know but it's so hard! Nothing rhymes with your stupid name! (Statement Opinion) ,disgust,anger
What are you talking about? Lots of things rhyme with Rachel. Bagel. Mail. Jail. Bail. Able. May-pole. (Disagreement) ,neutral,surprise
"All good, thanks. Do you maybe have a nickname have like a nickname that's easier to rhyme? (Question) ",neutral,neutral
Didn't your dad used to call you Pumpkin? (Question) ,neutral,neutral
Okay. (Acknowledge) ,neutral,neutral
"Okay, I can do this. (Statement Opinion) ",neutral,joy
I can tell her how I feel. (Statement Non Opinion) ,neutral,neutral
"Just uh, just stand up straight. (Command) ",fear,neutral
Take a couple deep breaths. (Command) ,fear,neutral
Look confident. (Command) ,fear,neutral
Joey? What's up? (Question) ,neutral,surprise
"I uh, I just came by because I-I want to talk to you about something. (Answer) ",fear,sadness
Okay what's up? (Question) ,neutral,neutral
"What I do do...is manage to uh, create an atmosphere of support for the people working with me. (Answer) ",neutral,neutral
I see. Nice sidestep on the do do thing by the way. (Statement Non Opinion) ,neutral,joy
Hardest thing I've ever done in my life. (Statement Non Opinion) ,neutral,sadness
You gotta go! (Command) ,neutral,anger
Oh! (Others) ,neutral,surprise
"Okay, don't worry. You're ready. (Statement Non Opinion) ",neutral,joy
Really? (Question) ,surprise,surprise
Absolutely! Just fight all your natural instincts and you'll be great. (Answer) ,neutral,joy
"Now, Mom, everything's going fine, really. (Statement Non Opinion) ",neutral,neutral
"Yeah, Ross is great. (Statement Non Opinion) ",neutral,joy
"He's uh, he's in a whole other place. (Statement Non Opinion) ",neutral,sadness
"No, he's gone. (Disagreement) ",neutral,sadness
"No no, you don't have to fly back, really. (Disagreement) ",neutral,neutral
What do you mean this might be your only chance? (Question) ,surprise,surprise
Would you stop? (Question) ,anger,anger
"I'm only 26, I'm not even thinking about babies yet. (Statement Non Opinion) ",anger,neutral
Where have you been? (Question) ,neutral,surprise
"Oh, just had a baby. (Answer) ",joy,joy
Mazel tov! (Greeting) ,joy,joy
"Oh, wow! I should get going. I-I got a date tonight. (Statement Non Opinion) ",joy,joy
Oh yeah! With who? (Question) ,surprise,surprise
You know that girl I told you about who lives up in Poughkeepsie? (Answer) ,neutral,neutral
Not her. (Statement Non Opinion) ,neutral,neutral
"Yeah, this is someone else I meet, and I-I can't decide between the two of them. (Statement Non Opinion) ",neutral,neutral
"Y'know the one from Poughkeepsie, even though she's a two hour train ride away, is really pretty, really smart, and-and a lot of fun. (Statement Non Opinion) ",neutral,joy
"But this other girl, well, she lives right uptown. (Statement Non Opinion) ",neutral,neutral
"Y'know she's, well she's-she's just as pretty, I guess she's smart, she's (Statement Non Opinion) ",neutral,neutral
"If she's no fun, why do you want to date her at all? (Question) ",neutral,disgust
"Well, I-I want to give her another chance, y'know? (Question) ",neutral,neutral
She lives so close. (Statement Non Opinion) ,neutral,neutral
"And, at the end of the date, the other time, she-she said something that was--if she was kidding was very funny. (Statement Non Opinion) ",neutral,neutral
"On the other hand, if she wasn't kidding, she's not fun, she's stupid, and kind of a racist. (Statement Non Opinion) ",anger,anger
Hey! (Greeting) ,joy,joy
"Hey! Ooh, how was your first day working at the restaurant? (Greeting) ",joy,joy
Damn! (Others) ,joy,anger
Oh here's a whole bunch. (Statement Non Opinion) ,neutral,neutral
"Oh, I mean she's gonna be at the wedding waiting for him and people will be whispering, ""Oh that poor girl."" (Statement Opinion) ",neutral,sadness
Then she'll have to come back here and live all alone. (Statement Non Opinion) ,sadness,sadness
Oh my God! (Others) ,surprise,surprise
What? (Question) ,surprise,neutral
"There was a pregnancy test in the garbage, and it's positive. Monica's pregnant. So I guess she won't be totally alone. (Answer) ",surprise,joy
Hi. (Greeting) ,neutral,neutral
"Listen, I'm sorry about that whole thing with Roger. (Apology) ",sadness,sadness
"It really wasn't right, and I, and I want to make it up to you, so umm, I brought you something that I think you'll really enjoy. (Statement Non Opinion) ",anger,neutral
"Now, this is just a loan. (Statement Non Opinion) ",neutral,neutral
Okay? (Question) ,neutral,neutral
"I'm gonna, I'm gonna want him back. (Statement Non Opinion) ",neutral,neutral
So... I'm gonna go now. (Statement Non Opinion) ,neutral,neutral
"I'm sorry, I thought I could do it and I can't! (Apology) ",sadness,sadness
"All right, well why don't I go out with an ex-boyfriend and do Joey a favor?! (Question) ",sadness,anger
"Hey, you wanna do Joey a favor, maybe you go out with Joey. (Command) ",neutral,joy
"All right ladies, here's what we're gonna do. (Statement Non Opinion) ",neutral,neutral
"I-I wanna be with her, I like her. (Statement Non Opinion) ",anger,joy
"Oh, that's fine! Go with your instincts, go with your instincts. (Command) ",joy,joy
"Wait, now, what am I doing again? (Question) ",surprise,surprise
"Come on! Would you please pay attention, I could wake up at any moment! (Command) ",anger,anger
"Hi, I'm Joshua, I'm here to pick up Rachel. (Greeting) ",neutral,neutral
"No-no-no, that' not Joshua. (Disagreement) ",anger,surprise
"What do you want from me, I've never met the guy. (Question) ",surprise,anger
"So anyway, Rachel, I'm sorry you can't stay, but the rest of us have a (Apology) ",sadness,sadness
How do I look? (Question) ,neutral,joy
"Oh, uh, I... don't... care. (Answer) ",neutral,neutral
"Ok, now, remember, no trading. (Statement Non Opinion) ",neutral,neutral
"You get the pretty one, I get the mess. (Statement Opinion) ",neutral,anger
"Hi, Joey. Well well, look what you brought. Very nice. (Greeting) ",joy,joy
...And what did you bring? (Question) ,neutral,neutral
She's checking the coats. (Answer) ,neutral,neutral
"Joey, I'm gonna go wash the cab smell off my hands. (Statement Non Opinion) ",neutral,neutral
"Will you get me a white Zinfandel, and a glass of red for Janice. (Question) ",neutral,neutral
Janice? (Question) ,surprise,surprise
Oh.... my.... God. (Others) ,surprise,surprise
"Hey, it's Janice. (Greeting) ",neutral,neutral
"Well, okay so, I don't have it all worked out quite yet. Just don't say anything to Rachel, please? (Command) ",anger,fear
"Rachel is one of my closest friends. Although, being the only one who knows anything about this does makes me feel special. Okay! (Statement Opinion) ",neutral,joy
"Okay, stop-stop! Phoebe?! (Command) ",sadness,anger
Hey Rach! (Greeting) ,anger,neutral
What was that?! (Question) ,surprise,surprise
"Sorry, mix up. Hey, how was the movie? (Question) ",neutral,neutral
I haven't seen it yet! (Answer) ,neutral,sadness
Well then you'd better hurry! The Angelica! Go! Go! (Command) ,surprise,joy
No (Disagreement) ,anger,anger
Pheebs! Hey Pheebs! (Greeting) ,joy,joy
"Uh, okay, Pheebs? (Greeting) ",neutral,neutral
Yeah? (Backchannel) ,neutral,neutral
"Umm, y'know how the other day you were talking about how you didn't get to go to London and how you were kinda feeling left out? (Statement Non Opinion) ",neutral,neutral
Yeah? (Backchannel) ,neutral,neutral
"All right, well, we felt really bad about that so we decided we should all take a little trip together! (Statement Non Opinion) ",joy,joy
"Ohh, that's so nice! How great! Well, where? Where's the trip?! (Question) ",anger,joy
"Well, we thought we would all go to a picnic , in Central Park! (Answer) ",joy,joy
"Yeah, all of us! All day! (Agreement) ",joy,joy
That sucks! (Disagreement) ,disgust,anger
That's not a trip! (Disagreement) ,surprise,anger
I just came from the park! (Statement Non Opinion) ,anger,neutral
What are we gonna high five about at the stupid Central Park? (Question) ,anger,anger
"""Well, it's right by my house, all right!"" (Statement Non Opinion) ",anger,anger
"Well, I'm gonna go home and bask in the triumph of my Central Park idea. (Statement Non Opinion) ",anger,joy
"Ho-ho-hold on a sec there, Mr. Kissey! (Command) ",surprise,anger
"Y'know, I've been meaning to talk to you about this whole, little, new European thing you got going on, and I just need to tell you that it makes me very uncomfortable and I just--y'know--stop it! (Statement Non Opinion) ",anger,anger
I was just trying to bring a little culture to the group. (Statement Non Opinion) ,sadness,neutral
"That's fine, just don't bring it in my mouth. (Statement Non Opinion) ",disgust,disgust
Makes me wanna puke! (Statement Non Opinion) ,disgust,disgust
Is she in there? (Question) ,neutral,fear
"Yeah. She's putting her down now, that's her. (Answer) ",neutral,neutral
Oh it's all right. (Statement Non Opinion) ,neutral,sadness
I'm guess I'm just done with the whole dating thing. (Statement Opinion) ,sadness,sadness
It's one more thing in my life that's suddenly completely different. (Statement Non Opinion) ,sadness,sadness
This is hard. (Statement Opinion) ,sadness,sadness
Yeah I know. (Agreement) ,neutral,neutral
"On the other hand in um, in about seven months you're gonna have something that you're gonna love more than any guy you've ever gone out with. (Statement Non Opinion) ",neutral,joy
Just wait. (Command) ,neutral,neutral
"Wait until uh, wait until the first time your baby grabs your finger. (Command) ",joy,joy
You have no idea. (Statement Opinion) ,joy,neutral
Thanks sweetie. (Greeting) ,neutral,joy
"You wanna, you wanna grab some coffee? (Question) ",neutral,neutral
"Oh no, I think I'm gonna go home and eat ten candy bars. (Answer) ",sadness,sadness
"Hey, I thought I cheered you up. (Statement Opinion) ",neutral,neutral
"Oh you did, there are twenty in here. (Agreement) ",neutral,joy
Right. Good night. (Greeting) ,neutral,neutral
Good night. (Greeting) ,neutral,neutral
Hi (Greeting) ,neutral,neutral
Hi! Hey mom. (Greeting) ,joy,joy
"This is such a great party! 35 years. Very impressive, do you guys have any pearls of wisdom? (Question) ",joy,joy
Jack? (Question) ,surprise,neutral
Why would you serve food on such a sharp stick? (Question) ,surprise,anger
"That's a good question, dad. That's a good question (Statement Opinion) ",neutral,neutral
Congratulations you two! (Greeting) ,joy,joy
Thank you...we're so excited (Statement Non Opinion) ,joy,joy
"And also, congratulations on your wedding. (Acknowledge) ",joy,joy
Wha--What? (Question) ,surprise,surprise
Look at this clown! (Others) ,joy,disgust
Just because he's got a bigger boat he thinks he can take up the whole river. (Statement Opinion) ,disgust,anger
Get out of the way jackass! (Command) ,anger,anger
Who names their boat Coast Guard anyway? (Question) ,disgust,surprise
That (Statement Non Opinion) ,neutral,neutral
What are they doing out here? The coast's all the way over there. (Question) ,surprise,surprise
Hey! (Greeting) ,anger,neutral
Hey! Check it out! This is unbelievable! Joey has been holding his breath for almost four minutes! (Statement Non Opinion) ,surprise,surprise
Dude! What are yo--you trying to kill me?! (Question) ,neutral,anger
Ow! (Others) ,anger,anger
"Really?! Well, it's just like everyone else's apartment. It's got rooms, walls, and ceilings. (Statement Opinion) ",neutral,neutral
"Well, I just wanted to see where you lived. Now, give me the tour. (Command) ",neutral,neutral
Oh my God! Oh my God! (Others) ,surprise,surprise
"Ah well, this is the living room. (Statement Non Opinion) ",neutral,neutral
All right. This is the kitchen. (Statement Non Opinion) ,neutral,neutral
The bedroom. Well it's pretty much your typical... bedroom. (Statement Non Opinion) ,neutral,neutral
We're still on this side of the door. (Statement Non Opinion) ,neutral,neutral
Ha-ha (Others) ,joy,joy
"Yeah, but I didn't get to see it. (Statement Non Opinion) ",sadness,neutral
Oh shoot! Maybe next time. Thanks for a lovely evening. (Acknowledge) ,neutral,sadness
"So um, who was she? (Question) ",joy,neutral
"Oh, that was the blind date that I told you about, she called and switched it to today. (Answer) ",neutral,neutral
"Did you like her? And I'm just asking as a friend, because I am totally fine with this. (Question) ",neutral,neutral
"Well, you seem fine. (Agreement) ",neutral,neutral
"Well, I don't think this, y'know. (Statement Opinion) ",neutral,neutral
"No, no, no, I wouldn't do you myself, I mean that would be weird. (Disagreement) ",disgust,disgust
"Yeah, no, I'll get one of the other girls to do it. (Statement Non Opinion) ",neutral,neutral
"Oh, this will be so much fun! (Statement Opinion) ",joy,joy
Hey! (Greeting) ,surprise,joy
Are you excited? (Question) ,joy,joy
"Yeah! Hey, do Monica and Rachel work there? (Question) ",neutral,joy
"Ok, so now we need, um sage branches and the sacramental wine. (Statement Non Opinion) ",neutral,neutral
"All I have is, is oregano and a (Statement Non Opinion) ",neutral,neutral
"Um, that's ok! Ok. All right. Now we need the semen of a righteous man. (Statement Opinion) ",joy,surprise
"Ok, Pheebs, you know what, if we had that, we wouldn't be doing the ritual in the first place. (Statement Non Opinion) ",neutral,neutral
Can we just start throwing things in? (Question) ,neutral,neutral
"Ok, yeah, ok. Oh, OK. (Answer) ",neutral,neutral
"Ok, Barry's letters. Adam Ritter's boxer shorts. (Statement Non Opinion) ",neutral,neutral
"Ok, and I have the, uh receipt for my dinner with Nokululu Oon Ah Ah. (Statement Non Opinion) ",neutral,neutral
"Look, here's a picture of Scotty Jared naked. (Statement Non Opinion) ",neutral,neutral
Hey he's wearing a sweater. (Statement Non Opinion) ,surprise,neutral
No. (Disagreement) ,neutral,anger
Eww! (Backchannel) ,disgust,disgust
And here we have the last of Paulo's grappa. (Statement Non Opinion) ,neutral,neutral
"Hey, Rachel, isn't that stuff almost pure... (Question) ",neutral,neutral
"Mona? Okay, if I were a salmon shirt, where would I be? (Question) ",neutral,neutral
I am so sorry I spilled wine all over your shirt. (Apology) ,sadness,sadness
"Oh, it's okay. (Statement Non Opinion) ",neutral,neutral
"No, it's still wet. (Disagreement) ",joy,neutral
Let me get it out before it sets. (Statement Non Opinion) ,neutral,neutral
"Ooh, I have something you can wear. (Statement Non Opinion) ",neutral,joy
Here. (Statement Non Opinion) ,neutral,neutral
"Oh umm, I-I don't know if I want to wear a woman's shirt. (Statement Opinion) ",sadness,disgust
No-no that's a man's shirt. (Disagreement) ,neutral,neutral
It's awfully pink. (Statement Non Opinion) ,neutral,neutral
"Oh, it's perfect! (Statement Opinion) ",joy,joy
How about you? (Question) ,neutral,neutral
It's a kitchen slash bathroom. (Answer) ,neutral,neutral
"All right, I see what you guys are saying. I'll uh, I'll go downstairs and fill out an application. (Statement Non Opinion) ",neutral,sadness
We are bad people. (Statement Opinion) ,disgust,sadness
He knew we were trying to get rid of him. He knew! You think we could get a bathtub in our kitchen? (Question) ,surprise,anger
Let's get the show on it! (Command) ,joy,joy
"Okay, let me just get a cup of coffee. (Statement Non Opinion) ",neutral,neutral
"Oh Rachel, I know the best coffee house and it's sooo close. (Statement Non Opinion) ",neutral,joy
Closer than here? (Question) ,neutral,surprise
"Oh, hey, look, I found coffee! Okay, let's skedaddle. (Command) ",neutral,joy
"Wait, I'm not just gonna drink somebody's old coffee. (Disagreement) ",neutral,disgust
"Okay, your highness. (Acknowledge) ",neutral,neutral
"Um, Rachel I'm really sorry. That's okay, do you wanna get back together? Yeah, okay. Did anyone else hear that?! (Apology) ",surprise,sadness
So how did you know I was even here? (Question) ,surprise,neutral
Your mom called me. So is this her? (Question) ,neutral,neutral
"No, this is a loaner. (Answer) ",neutral,neutral
I'm sorry you had to do this by yourself. (Apology) ,neutral,sadness
"I wasn't by myself. I had a doctor, a nurse, and a helper guy. So, did you see who won the game? (Question) ",neutral,neutral
"Yeah, the Knicks by 10. They suck. (Answer) ",neutral,anger
"Yeah, they're not so bad. (Agreement) ",neutral,joy
"I'm sorry I won't be able to make it to your imaginary wedding, but I'm (Apology) ",neutral,sadness
"I know. I know. I panicked, I panicked. I didn't want him to start yelling at me like I was some '74 Latour. (Acknowledge) ",surprise,fear
It's Lafite. The '74 Latour is actually drinking quite nicely. (Statement Non Opinion) ,sadness,neutral
"All right here he comes. I'm gonna do this, I'm gonna tell him, I'm gonna be strong. (Statement Non Opinion) ",fear,neutral
I just called a friend of mine. (Statement Non Opinion) ,neutral,neutral
Yeah? (Backchannel) ,surprise,neutral
I think I may be able to book (Statement Non Opinion) ,neutral,neutral
Really?! (Question) ,surprise,surprise
What is it sweetie? (Question) ,joy,neutral
There's not gonna be a wedding. Ross and I are not getting married. (Answer) ,sadness,sadness
I'm sorry daddy. (Apology) ,sadness,sadness
I don't believe this!! (Statement Non Opinion) ,neutral,anger
"Oh now daddy, stay calm. Please. (Command) ",fear,fear
Stay calm?!! (Question) ,anger,anger
How do you expect me to stay calm?! (Question) ,anger,anger
This is unacceptable Rachel! (Disagreement) ,anger,anger
And I wanna know why?!! (Question) ,anger,anger
Is it because that punk Ross won't marry you?! (Question) ,anger,anger
That's it! (Statement Opinion) ,anger,anger
Is that it? (Question) ,anger,anger
"Yes. Yes, he says I'm damaged goods. (Answer) ",sadness,sadness
"So, you're like a zillionaire? (Question) ",surprise,surprise
And you're our age. You're our age. (Statement Non Opinion) ,surprise,neutral
"Y'know what, you should like, you should buy a state and then just name it after yourself. (Statement Opinion) ",neutral,joy
What like Pete Dakota? (Question) ,neutral,neutral
"Yeah, or, or, or, Mississ-Pete. (Agreement) ",neutral,joy
"Oh, oh, I got it! Pete-Chicago. (Statement Non Opinion) ",neutral,joy
That's not a state Joe. (Statement Non Opinion) ,neutral,neutral
"Oh, and Mississ-Pete is? (Question) ",neutral,anger
"I got to go, so ah, I'll see you guys later. (Statement Non Opinion) ",neutral,neutral
Okay. (Agreement) ,neutral,neutral
You're our age! (Statement Non Opinion) ,surprise,neutral
"So ah, we on for tomorrow? (Question) ",neutral,neutral
Absolutely! (Answer) ,joy,joy
Now get out of here you!! (Statement Non Opinion) ,joy,anger
"Okay, I'm running out of places I can touch him! (Question) ",anger,sadness
"Look, is there something wrong with me? (Question) ",sadness,sadness
I mean why am I only attracted to guys where there's no future? (Question) ,sadness,sadness
"Either they're too old, or they're too young, and then there's Pete who's-who's crazy about me, and who's absolutely perfect for me, and there's like zip going on! (Statement Non Opinion) ",sadness,sadness
"I mean, seriously, does it sound like something's wrong with me? (Question) ",sadness,sadness
No. (Answer) ,neutral,neutral
"Okay, I'm gonna go get Frank. (Statement Non Opinion) ",neutral,neutral
"So, we're walking down the street and I turn to you and I say, “Hey, let's go hang out at Totally Nude Nudes,” remember? (Statement Non Opinion) ",neutral,joy
"And then, and then, you turn to me and say, “Nah, let's just hang out at your place.” Well, that was a nice move dumb ass. (Statement Non Opinion) ",joy,anger
"Yeah, I think it was better when you guys were sad. Hey, uh, remember the roller blades? (Question) ",neutral,sadness
You know what else I'm not gonna miss? (Question) ,anger,anger
"""I'm Monica. (Answer) ",anger,neutral
I wash the toilet 17 times a day. (Answer) ,anger,disgust
"Even if people are on it!"" (Statement Non Opinion) ",anger,neutral
"""Hi I'm Rachel, is my sweater too tight? No? Oh, I'd better wash it and shrink it!"" (Others) ",anger,joy
"""I'm Monica, I don't get phone messages from interesting people. Ever!"" (Statement Non Opinion) ",anger,sadness
Hey! I call her! (Statement Non Opinion) ,joy,anger
"""Oh my God, I love Ross! I hate Ross! I love Ross! I hate Ross!"" (Statement Non Opinion) ",anger,surprise
"""Oh my God, I can't find a boyfriend! (Statement Non Opinion) ",anger,sadness
"So I guess I'll just stumble across the hall and sleep with the first guy I find in there!"" (Statement Non Opinion) ",anger,disgust
"Yeah, we should get a move on if we wanna make those dinner reservations. (Statement Non Opinion) ",neutral,neutral
"Item J437-A, color: winterberry. (Statement Non Opinion) ",neutral,neutral
"Hi umm, listen come here, come in. (Command) ",neutral,neutral
I'm so-so sorry about yesterday. (Apology) ,sadness,sadness
I-I'm really sorry. (Apology) ,sadness,sadness
It's just that I (Statement Non Opinion) ,joy,neutral
"Listen Ross, you don't have to apologize. I understand why you were there. (Statement Non Opinion) ",neutral,neutral
You do? (Question) ,surprise,surprise
"Yeah, you still have feelings for me. (Answer) ",sadness,neutral
"And-and to be honest, I-I still have feelings for you. (Statement Non Opinion) ",joy,sadness
"And I wish that we can work it out Ross, but we can't. (Statement Opinion) ",sadness,sadness
"It's too complicated with you and Rachel and the baby, I-I just... It just wasn't meant to be. (Statement Opinion) ",sadness,sadness
Oh God you're right. (Agreement) ,joy,sadness
"Ross, we...we have to be strong. Okay, I-I'm gonna go. Can I? To remember you? (Question) ",sadness,sadness
No. (Answer) ,neutral,anger
"I'm telling you, if you want to take care of that thing, you should go to my herbal guy. (Command) ",neutral,joy
"Thank you, but I want to remove it Pheebs. I don't want to make it savory. (Disagreement) ",neutral,anger
"Y'know when girls sleep with guys with weird things on their body, they tell their friends about it. (Statement Non Opinion) ",neutral,neutral
Gimme this. (Command) ,neutral,anger
"Hi! Okay, don't be mad at me, but I couldn't resist. (Statement Non Opinion) ",neutral,fear
Brides magazines? (Question) ,surprise,surprise
"Yes, and I know that you'd say no if he asked you, but I'm sorry; how great would you look walking down the aisle in this Donna Carin. (Answer) ",neutral,joy
"Oh, you so would! Oh, you should get that anyway. Like for clubbing. (Statement Opinion) ",sadness,joy
"It is so weird, I know what I said, but uh, this morning, I was lying in bed I was, I was imagining what it would be like to say yes. (Statement Non Opinion) ",surprise,sadness
"I know it's a little sudden, and it's a little rushed, and it's totally not like me to do something like this, but that doesn't mean I can't. (Statement Non Opinion) ",joy,neutral
Right? (Question) ,joy,neutral
"I mean I'm-I'm crazy about Pete, and I know that we want the same things, and when I thought about saying yes, it made me really happy. (Statement Non Opinion) ",joy,joy
Oh my God. (Others) ,surprise,surprise
I know. I need more pie. (Agreement) ,neutral,neutral
"Hey Mon umm, if you do get married, can I bring two guests? (Question) ",neutral,neutral
You didn't break up with that fireman? (Question) ,surprise,surprise
"No, that was my way of telling you. (Answer) ",neutral,neutral
"Well, it turns out he's incredibly sensitive, he keeps a journal and he paints. (Statement Non Opinion) ",neutral,joy
He even showed me charcoal drawings that he drew of me. (Statement Non Opinion) ,neutral,joy
Wow! (Acknowledge) ,surprise,surprise
"Yeah, well he'd prefer water colors, but y'know, he has easy access to a lot of charcoal. (Statement Non Opinion) ",neutral,neutral
"So then, are you going to dump Jason? (Question) ",neutral,neutral
"Well, yeah, because I have to break up with someone, and... Okay so Jason is sensitive, but now so's Vince Plus, Vince has the body y'know? (Answer) ",neutral,neutral
So... It's really just about the math. (Statement Non Opinion) ,neutral,neutral
"Ok, so it's a tie again, 41 to 41. (Statement Non Opinion) ",neutral,neutral
"Ok, look! Enough is enough! (Others) ",anger,anger
"No, I have just to have two more points to beat him! (Disagreement) ",joy,anger
"Monica, that was also true an (Statement Non Opinion) ",neutral,neutral
I can't just walk away! I've put in four hours! (Statement Non Opinion) ,anger,anger
You knew this about me when you married me! (Others) ,neutral,anger
You agreed to take me in sickness and in health. (Statement Non Opinion) ,neutral,neutral
"Well, this is my sickness! (Statement Non Opinion) ",anger,anger
"Oh yeah-yeah, the lobster. (Agreement) ",neutral,joy
"Yeah, I mean I was up sick all night. (Statement Non Opinion) ",neutral,sadness
"Yeah me too, all night. (Statement Non Opinion) ",neutral,sadness
Really?! How come we didn't cross paths? (Question) ,surprise,surprise
"Yeah well that's because uh...I stayed in my room. Yeah, you don't want to look in my hamper. (Answer) ",neutral,disgust
I can't believe there is a naked hooker in there! (Statement Non Opinion) ,surprise,surprise
Wait! Wait! Maybe she's a hooker (Statement Opinion) ,surprise,neutral
"Yeah, okay let's leave these two alone. (Statement Opinion) ",neutral,neutral
"No! I do not care what my hormones are doing, I am not going to just do it with some random guy! (Disagreement) ",disgust,anger
Fine! Then you tell Roger because he was really looking forward to this! (Command) ,anger,anger
So. (Statement Non Opinion) ,neutral,neutral
So. (Statement Non Opinion) ,neutral,neutral
I just thought the two of us should hang out for a bit. (Statement Opinion) ,neutral,neutral
"I mean, you know, we've never really talked. (Statement Non Opinion) ",neutral,neutral
"I guess you'd know that, being one of the two of us, though, right? (Question) ",neutral,neutral
"I know, I probably shouldn't even tell you this, but I'm pretty much totally intimidated by you. (Answer) ",fear,fear
Really? Me? (Question) ,surprise,surprise
"Oh my god, are you kidding? (Question) ",surprise,surprise
"Ross is so crazy about you, and I really wanted you to like me, and, it's probably me being totally paranoid, but I kinda got the feeling that maybe you don't. (Statement Opinion) ",anger,sadness
"Well, you're not totally paranoid. (Statement Opinion) ",neutral,neutral
Oy. (Others) ,joy,sadness
"Um, ok, uh, oh god, um, when you and uh Ross first started going out, it was really hard for me, um, for many reasons, which I'm not gonna bore you with now, but um, I just, I see how happy he is, you know, and how good you guys are together, and um, Monica's always saying how nice you are, and god I hate it when she's right. (Statement Non Opinion) ",sadness,sadness
"Thanks. Hey, listen, would you like to go to a movie sometime or something? (Question) ",neutral,joy
"Yeah, that'd be great. I'd love it. (Answer) ",joy,joy
"I'd love it too. Shoot, I gotta go. So, I'll talk to you later. (Agreement) ",neutral,joy
"All right, Julie. (Statement Non Opinion) ",neutral,neutral
Bye. (Greeting) ,neutral,neutral
Bye. What a manipulative bitch. (Statement Opinion) ,disgust,anger
"Chandler, I found the perfect ring. (Statement Non Opinion) ",joy,joy
"Oh, that's uh, that's pretty nice but I'm gonna go with the one I picked first. (Disagreement) ",neutral,neutral
"Oh my God Chandler, the one you picked is gone. It's over! (Statement Non Opinion) ",anger,surprise
What? (Question) ,surprise,surprise
Some guy bought it. I'm sorry. I tired to stop it but they put me in jail! (Apology) ,sadness,sadness
They put you in jail? (Question) ,surprise,surprise
The little jail between the doors! (Answer) ,anger,neutral
"Phoebe, I asked you to guard the ring! (Statement Non Opinion) ",anger,anger
"I know, I'm sorry! But y'know, this ring is better! Monica never even saw the other ring. (Statement Non Opinion) ",anger,sadness
Yeah but when he proposed to me with the ring I got goose bumps. (Statement Non Opinion) ,sadness,sadness
Maybe it was the guy. (Others) ,neutral,neutral
It was the ring! (Statement Non Opinion) ,anger,anger
"No, not that, I mean, what about you and Mindy? (Question) ",neutral,surprise
"Well, if you want, I'll just--I'll just break it off with her. (Answer) ",neutral,neutral
"No. No-no-no-no, no. I mean, don't do that. Not, I mean not for me. (Disagreement) ",anger,fear
"Dr. Farber, Bobby Rush is here for his adjustment. (Statement Non Opinion) ",neutral,neutral
"Thanks, Bernice. Let's go away this weekend. (Command) ",neutral,joy
"Oh, Barry..! Come on, this is all way too.. (Disagreement) ",surprise,anger
"We can, we can go to Aruba! (Command) ",joy,joy
"When I went there on what would have been our honeymoon, it was, uh... it was really nice. (Statement Non Opinion) ",sadness,sadness
You would've liked it. (Statement Opinion) ,sadness,neutral
I had a bra. (Statement Non Opinion) ,neutral,neutral
"Hey, Dr. Farber. (Greeting) ",neutral,neutral
"All right Miss Green, everything looks fine... Yep, I think we're starting to see some real progress here. (Statement Non Opinion) ",neutral,neutral
What?! (Question) ,surprise,surprise
"I'm twelve, I'm not stupid. (Statement Non Opinion) ",fear,anger
Oh my God! What does (Question) ,surprise,surprise
Oh that's an eye removal machine. (Answer) ,neutral,neutral
"All right, I'm outta here! (Statement Non Opinion) ",anger,fear
I'm kidding! I'm kidding! (Statement Non Opinion) ,joy,joy
So were done then! (Question) ,anger,neutral
"Almost! But first, we gotta start. (Answer) ",neutral,neutral
This is a glaucoma test. (Statement Non Opinion) ,neutral,neutral
Uh-huh. (Backchannel) ,neutral,neutral
Sit down. (Command) ,neutral,neutral
Okay. (Agreement) ,neutral,neutral
"But your chin here. Now, you'll feel a small puff of air in each eye. (Statement Non Opinion) ",neutral,neutral
What?! (Question) ,surprise,surprise
"A small puff of air, now come on! (Statement Non Opinion) ",anger,neutral
"Sure, now I'm scared. (Statement Non Opinion) ",fear,fear
"No, we can go together! Just don't wait too long though, okay? 'Cause I'm outta here sometime before Friday. (Command) ",neutral,joy
"Yeah, but I don't wanna die! (Others) ",fear,fear
"No-no, it'll be fun! We can come back and we can haunt these guys! (Statement Non Opinion) ",joy,joy
"Um, Chandler, Ross, this is Robert. (Greeting) ",neutral,neutral
"Oh, hey. (Greeting) ",neutral,neutral
Hi. (Greeting) ,neutral,neutral
"You've have lipstick right here . That's okay, it's mine, we just kissed. (Statement Non Opinion) ",neutral,joy
Hey! (Greeting) ,surprise,joy
Hey! (Greeting) ,surprise,joy
No. Y'know how we're always saying we need a place for the mail. (Statement Non Opinion) ,neutral,neutral
"Well, I started building one. But then I decided to take it to the next step. (Statement Non Opinion) ",neutral,neutral
You're building a post office? (Question) ,surprise,surprise
"No, an entertainment unit, with a mail cubby built right in. It's a one day job, max. (Answer) ",neutral,neutral
Okay. My word! Those are snug. (Others) ,surprise,surprise
"Oh yeah. These are my old work pants, Sergio Valente's. (Agreement) ",neutral,joy
Power saw kinda got away from me there. (Statement Non Opinion) ,neutral,neutral
Hi! (Greeting) ,joy,joy
Another cheesecake came! They delivered it to the wrong address again! (Statement Non Opinion) ,anger,surprise
"So just bring it back downstairs, what's the problem? (Question) ",neutral,neutral
I can't seem to say goodbye. (Answer) ,sadness,sadness
"Are you serious?! Chandler, we ate an entire cheesecake two days ago and you want more? (Question) ",surprise,anger
Well I've forgotten what it tastes like okay?! (Answer) ,anger,sadness
It was cheesecake. (Statement Non Opinion) ,neutral,neutral
It was fine. (Statement Non Opinion) ,neutral,neutral
"It had a buttery, crumbly, graham cracker crust, with a very rich yet light, cream cheese filling... Wow! (Statement Non Opinion) ",surprise,joy
My whole mouth just filled with saliva! (Statement Non Opinion) ,joy,joy
Y'know what? Forget it! (Statement Non Opinion) ,anger,anger
Yeah and we'll drop it off downstairs so that we're not tempted. (Others) ,neutral,neutral
Good idea. Where do you want to go to lunch? (Question) ,neutral,neutral
"Momma's Little Bakery, Chicago, Illinois. (Answer) ",neutral,joy
This one's from me. (Statement Non Opinion) ,neutral,neutral
Ahh! (Others) ,surprise,surprise
"It wasn't on your list, but hopefully you'll think it's really fun. (Statement Non Opinion) ",neutral,neutral
A scooter! (Statement Non Opinion) ,surprise,joy
Stick to the list. Always stick to the list. (Command) ,neutral,anger
"No! No-no, I love it. Thank you. (Others) ",joy,joy
"Okay, open ours next. Open ours next! (Command) ",joy,joy
Okay. (Agreement) ,neutral,neutral
"Now that you're a couple, we don't get two presents from you guys? (Question) ",neutral,neutral
For my last birthday you gave me a (Statement Non Opinion) ,neutral,neutral
Okay. (Others) ,neutral,neutral
Happy birthday Grandma! (Greeting) ,joy,joy
It's better to be over the hill then buried under it. (Others) ,neutral,neutral
All our love Monica and Chandler. (Greeting) ,neutral,joy
"That's funny, yeah! (Others) ",joy,joy
No-no-no-no! That was the joke! (Disagreement) ,surprise,anger
"No, I know! I get it! It's funny! (Others) ",joy,joy
"No, because you're not a grandmother! (Disagreement) ",sadness,anger
"No I know, because to be a grandmother you have to be married and have children and I don't have any of those things. (Statement Non Opinion) ",sadness,neutral
That's why it's so funny. (Statement Non Opinion) ,neutral,joy
All you had to do was buy the card! (Statement Non Opinion) ,anger,anger
"Hey, Joey. What's going on? (Question) ",neutral,neutral
Clear the tracks for the boobie payback express. Next stop: Rachel Green. (Answer) ,neutral,joy
Joey!! What the hell were you doing?! (Question) ,disgust,anger
Sorry. Wrong boobies. (Apology) ,sadness,sadness
"Hello, Joey. (Greeting) ",neutral,neutral
"Oh! ...Hello, dear. (Greeting) ",surprise,surprise
Man. Can you believe he's only had sex with one woman? (Question) ,surprise,surprise
"I think it's great. Y'know, it's sweet, it's romantic... (Answer) ",joy,joy
Really? (Question) ,surprise,surprise
"No, you kidding? The guy's a freak.. (Answer) ",disgust,disgust
"Hey, buddy. (Greeting) ",neutral,neutral
"Oh, that's attractive. (Statement Opinion) ",neutral,disgust
"Oh, I thought you were great in Silence of the Lambs. Oh come on, admit it! All things considered, you had fun tonight. (Statement Opinion) ",joy,joy
"Fun? Where was the fun? Tell me specifically, which part was the fun part? Where's my puck? (Question) ",disgust,anger
"Oh, ah- the kid has it. (Answer) ",neutral,neutral
"The kid...? Excuse me, uh, that's, that's my puck. (Statement Non Opinion) ",anger,anger
"You gotta do it, man. (Command) ",neutral,neutral
"Oh yeah? Well, I'm rubber, you're glue, whatever----can't do it. Listen, uh- gimme back my puck. (Statement Opinion) ",anger,anger
"Yes', how about. C'mere. Gimme! (Others) ",anger,anger
Hey! Hey! No rough holding in my ER! (Statement Non Opinion) ,anger,anger
GIVE ME MY PUCK!! (Command) ,anger,anger
...Now (Statement Non Opinion) ,anger,anger
"Oh, look, wish me luck! (Others) ",joy,joy
What for? (Question) ,neutral,neutral
I'm gonna go get one of those job things. (Answer) ,neutral,joy
"Oh, I told the stripper to be here at five. That's good right? (Question) ",neutral,joy
You ordered a stripper for the shower?! That is totally inappropriate! (Answer) ,anger,anger
What? He's gonna be dressed as a baby! Oh hi Mrs. Green! (Greeting) ,surprise,surprise
Hi! (Greeting) ,joy,neutral
I'm so glad you could make it. (Statement Non Opinion) ,joy,joy
"Yes, thank you so much. And again, we're so sorry. We could not feel worse about it. (Apology) ",joy,sadness
Try. There's my little girl. (Statement Non Opinion) ,joy,neutral
She's still mad. (Statement Non Opinion) ,neutral,sadness
Yeah I know. Isn't it great? One less person we have to make small talk with. (Statement Opinion) ,joy,joy
"Phoebe, Sandra's mad at you too. It-it doesn't bother you? (Question) ",surprise,sadness
"Oh, that's very--Really very-very okay. (Statement Non Opinion) ",neutral,neutral
"Julie's cervix is dilated a seven centimeters, that's about four fingers. The doctor let me feel it myself. (Statement Non Opinion) ",joy,neutral
Have you felt Rachel's cervix Ross? (Question) ,neutral,neutral
"No, I don't think we'll be doing that. (Answer) ",disgust,anger
We're not gonna do that. (Agreement) ,disgust,anger
"Well, if you like you can feel Rachel's and then feel mine to compare. (Statement Non Opinion) ",neutral,neutral
Am I interrupting? (Question) ,neutral,neutral
Uh yes! Thank you. (Answer) ,joy,anger
Oh. Oh wait no. (Disagreement) ,neutral,surprise
Later. (Statement Non Opinion) ,neutral,neutral
"Oh uh, I'm sorry. (Apology) ",neutral,sadness
No Ross! Ross! Ross! My child has no father! (Statement Non Opinion) ,fear,anger
Try feeding her again. (Command) ,neutral,neutral
I already fed her. (Statement Non Opinion) ,neutral,neutral
"I know, that's why I said again! (Statement Non Opinion) ",anger,anger
"Alright you guys, we can't turn on each other, Okay?Â¬â€  That's just what she wants. (Statement Non Opinion) ",fear,neutral
Hey. (Greeting) ,neutral,neutral
Phoebe! Rachel! It's Monica! I wonder what you could possibly need me for on such short notice! Oh. (Statement Non Opinion) ,joy,joy
"Oh Monica, we are so sorry. (Apology) ",sadness,sadness
For what? (Question) ,joy,neutral
"Well first, for forgetting to throw you a bridal shower. (Answer) ",sadness,sadness
And then for forgetting to invite you to it. (Statement Non Opinion) ,neutral,neutral
You al-you already had it? (Question) ,surprise,surprise
"Well, we called everyone in your phone book and a bunch of people came, but it took us so long to get you here that they-they had to leave. (Answer) ",neutral,neutral
"Yeah, we wanted to throw you a big surprise and a great shower, and now you don't have either. (Statement Non Opinion) ",sadness,sadness
We ruined everything. (Statement Non Opinion) ,sadness,sadness
Ugh (Backchannel) ,sadness,sadness
"Well no, wait a minute, that's not true! (Disagreement) ",sadness,anger
"No, what did, that was really sweet. (Statement Opinion) ",joy,joy
And it kinda works out for the best. (Statement Non Opinion) ,joy,joy
"What do you, what do you mean? (Question) ",surprise,neutral
"Well now, I get to spend my shower with the only people I really love! (Answer) ",joy,joy
"I mean, I get all those presents without having to talk to people I don't even like! (Statement Opinion) ",joy,joy
Surprise (Statement Non Opinion) ,sadness,joy
Surprise (Statement Non Opinion) ,joy,joy
Monica. (Statement Non Opinion) ,neutral,neutral
"I can't believe it's raining again! Oh, it's so unfair!!! (Statement Opinion) ",anger,anger
"Well, on the bright side, now you won't have to see all these paleontologists with their shirts off. (Statement Non Opinion) ",neutral,neutral
Not you guys. (Statement Non Opinion) ,neutral,neutral
You got it going on! (Statement Opinion) ,joy,joy
"So, what are we gonna do today? (Question) ",neutral,neutral
They have a game room downstairs! Ping pong and stuff. (Answer) ,neutral,joy
"Ping pong? Honey, they have ping pong! Let's play! (Command) ",surprise,joy
I don't think so! (Disagreement) ,joy,anger
Why not? (Question) ,neutral,neutral
"Because you know how competitive you get and well, I say it's cute, others disagree, and I'm lying! (Answer) ",neutral,neutral
I'm not always that bad! (Disagreement) ,neutral,anger
"Oh, (Backchannel) ",neutral,neutral
I punched you...? (Question) ,surprise,surprise
And...? (Question) ,surprise,neutral
... Phoebe...? (Question) ,surprise,surprise
... and...? (Question) ,neutral,neutral
I clunked your heads together! (Answer) ,neutral,neutral
"Sorry I ah, I scared you in there. (Apology) ",sadness,sadness
"Oh, that's okay. By the way, I was just checking the shower massager. (Statement Non Opinion) ",neutral,neutral
Yeah. (Agreement) ,neutral,neutral
Hey! (Greeting) ,surprise,joy
I tried to reach you at work. There's....been a fire. (Statement Non Opinion) ,sadness,sadness
What?! Oh my... Oh my God!! What happened?! (Question) ,surprise,surprise
"Well, we believe it originated here. In the Aroma Room. (Answer) ",neutral,neutral
All right. Did everyone get out okay? (Question) ,fear,fear
"Well, the giraffe's okay. And so is the pirate. (Answer) ",neutral,joy
Ohh. What is this? (Question) ,surprise,surprise
"No Phoebe, don't look! You don't want to see what's under there!! (Answer) ",fear,fear
"Ohh, the-the Foster puppets! (Statement Non Opinion) ",sadness,sadness
Hey! How long until Pete's fight? (Question) ,neutral,neutral
"Oh, about five minutes. Right now they're interviewing his opponent. Apparently he trains by going to Iran and pulling the arms off thieves. (Answer) ",neutral,surprise
Hot dog? (Question) ,neutral,neutral
"Four, please. I'm really nervous. Thank you. (Answer) ",fear,fear
"So Ross, how umm, how did it go with Bonnie? (Question) ",neutral,neutral
"I gotta tell you, I-I wasn't expecting to like her at all, I mean I actually wasn't expecting to like anyone right now, but she's really terrific. (Answer) ",joy,joy
"Ohh, that's too bad! (Statement Opinion) ",sadness,sadness
"No, I-I'm saying I liked her. (Disagreement) ",joy,anger
"Yeah, y'know what, there are other fish in the sea. (Statement Non Opinion) ",neutral,neutral
"Pheebs, I think she's great. Okay? We're going out again. (Statement Opinion) ",joy,joy
"Okay, I hear you! Are you capable of talking about any thing else? (Question) ",disgust,disgust
Hey! Which one's my turkey burger? (Question) ,neutral,neutral
"Ahh, the one next to my foot. Sorry. (Answer) ",neutral,neutral
"Hey, the fight's starting! (Statement Non Opinion) ",joy,neutral
"Okay, we'll be right in. So ah, did your boss try to slap you again today? (Question) ",neutral,neutral
Nine times! (Answer) ,anger,anger
"Okay, I had to put on lotion! (Statement Non Opinion) ",neutral,neutral
"But, it's gonna be okay, because as of tomorrow I'm conducting an experiment, and if all goes as planned, my butt will be smack free. (Statement Non Opinion) ",neutral,neutral
Fight's over! (Statement Non Opinion) ,neutral,neutral
"Okay, okay, here she comes! How do I look? Do I look like a guy who doesn't want to get married? (Question) ",neutral,fear
"Yeah! And also, a little like a French guy. I never noticed that before. (Answer) ",surprise,joy
Hi guys! (Greeting) ,joy,neutral
Hey! (Greeting) ,neutral,neutral
What are you up too? (Question) ,neutral,neutral
"Oh, just hanging out, talkin' about uh, websites. (Answer) ",neutral,neutral
"Yeah, we saw this really interesting website about marriage and how totally unnecessary it is and how its just a way for the government to keep tabs on you. (Statement Opinion) ",neutral,anger
"Yeah, Big Brother. (Agreement) ",neutral,neutral
Well that's a little crazy. Although I am y'know glad to hear that you're branching out on what you look at on the Internet. (Statement Non Opinion) ,neutral,neutral
"Yeah, well... Y'know, it just got me thinking though, why would anybody ever want to get married huh? (Question) ",neutral,sadness
Why?! To celebrate your relationship! To solidify your commitment! To declare your love for one another to the world! (Answer) ,anger,joy
Eh (Backchannel) ,neutral,neutral
Okay well that's good to know. (Statement Non Opinion) ,sadness,neutral
The Mr. Bowmont's here!!! (Statement Non Opinion) ,joy,surprise
"Oh that's great, my friend Joey's in the movie business. (Statement Non Opinion) ",joy,neutral
Y'know who I ran into from school? Howie. (Statement Non Opinion) ,neutral,neutral
My friend's name is Joey. (Statement Non Opinion) ,neutral,neutral
Apparently Howie's editing now. (Statement Non Opinion) ,neutral,neutral
"Yeah, he-he-he calls me up and asks me if he can edit my new movie. (Statement Non Opinion) ",anger,neutral
Can you believe that?! (Question) ,surprise,anger
Y'know I-I-I haven't spoken to him in like ten years and he asks me for a favor! (Statement Non Opinion) ,surprise,anger
"Yeah, I've always hated that Howie. (Statement Opinion) ",disgust,anger
"No, no ""How you doing?"" Man, I mean not even a cup of coffee first! (Statement Non Opinion) ",disgust,anger
The nerve huh? (Others) ,disgust,anger
Yeah! (Question) ,disgust,anger
Refill? (Answer) ,neutral,neutral
Hey! How you doing? (Others) ,joy,joy
"Good! Good, long time no see. (Greeting) ",joy,joy
Like your sweater. (Statement Non Opinion) ,neutral,neutral
"Oh hey, right back at ya. (Statement Opinion) ",neutral,joy
"Oh, it's crazy about Rachel huh? (Question) ",surprise,surprise
"Yeah. She--Well, she's one crazy lady? (Answer) ",surprise,anger
So whose is it? (Question) ,neutral,neutral
"Umm, I don't some Italian guy. Come on, read your own label. See you later. (Answer) ",neutral,anger
Okay. (Agreement) ,neutral,neutral
He is so weird. (Statement Opinion) ,anger,disgust
You wanna fool around with Joey? (Question) ,surprise,neutral
Yeah! (Answer) ,joy,joy
"You know, ever since I had that dream about him, and can't get it out of my head! (Statement Non Opinion) ",joy,neutral
"And what's the big deal, people do it all the time! (Statement Non Opinion) ",surprise,anger
Who? Who do you know that are friends that just fool around? (Question) ,surprise,neutral
"Ok, off the top of my head... Don and Janet. (Answer) ",neutral,neutral
"Who, who are they? (Question) ",neutral,neutral
I know them from work. (Answer) ,neutral,neutral
Both of them? (Question) ,surprise,neutral
"No, one of them... (Answer) ",neutral,neutral
Which one? (Question) ,neutral,neutral
"I don't know, what were the names I just said? (Answer) ",neutral,neutral
"Rachel, things can get incredibly complicated. (Statement Opinion) ",anger,sadness
"All right, all right, you're right (Agreement) ",sadness,neutral
What the hell are you cooking! (Question) ,surprise,disgust
Oh my God! How did you get back here?! (Question) ,surprise,surprise
"Fire alarm? Oh! Hi, officer--fireman, can-can I help you? (Question) ",surprise,surprise
We found your fire alarm in the trash chute. (Statement Non Opinion) ,anger,neutral
That's not mine. (Statement Non Opinion) ,neutral,neutral
Yes it is. (Disagreement) ,neutral,anger
How do you know? (Question) ,fear,anger
"The next time you want to dump a fire alarm in a trash chute, don't wrap it in a blanket that says, ""Property of Phoebe Buffay not Monica."" (Answer) ",disgust,neutral
"Okay do you--Okay, do you have a search warrant? Because the last time I checked this was still America! (Question) ",anger,anger
"Please reattach this, it's against the law to disconnect them. (Command) ",neutral,neutral
Fine! But please God.. tell me how to stop them from going off! (Question) ,anger,fear
There's a reset button under the plastic cover. (Answer) ,neutral,neutral
There's a reset button?! (Question) ,surprise,surprise
My God! (Others) ,surprise,surprise
Why didn't I see that! (Statement Non Opinion) ,surprise,sadness
"Reset button, reset button, where is there a reset button? (Question) ",neutral,fear
Oh here it is! (Answer) ,joy,joy
Oh! (Backchannel) ,surprise,joy
"Ohh, God! (Backchannel) ",joy,joy
"Four letters: ""Circle or hoop"". (Statement Non Opinion) ",neutral,neutral
"Ring dammit, ring! (Command) ",anger,anger
Thanks. (Greeting) ,neutral,joy
"Hey, you know our phone's not working? (Question) ",surprise,neutral
What?! (Question) ,surprise,surprise
"I tried to call you from the coffee shop, and there was no answer. (Statement Non Opinion) ",neutral,neutral
"I turned it off. Mother of God, I turned it off! (Statement Non Opinion) ",anger,fear
Just like you told her you did! ... Just pointing out the irony. (Statement Non Opinion) ,neutral,neutral
"Hey, so listen, I went across the street and talked to the doorman- I got the peeper's name! Can I use the phone? (Question) ",anger,joy
Nngghhh!!!!!!! (Answer) ,anger,anger
"Can I use your phone? Yeah, the number for a Sidney Marks, please. (Question) ",neutral,neutral
"""Heating device."" (Statement Non Opinion) ",neutral,neutral
Radiator. (Statement Non Opinion) ,neutral,neutral
Five letters. (Statement Non Opinion) ,neutral,neutral
Rdtor. (Statement Non Opinion) ,neutral,neutral
"Yeah, is Sidney there? Oh, this is? Sidney's a woman. (Question) ",surprise,surprise
"Well, you'll have to wait your turn. (Statement Non Opinion) ",neutral,neutral
"Well, how long do you think it'll be? (Question) ",neutral,neutral
Any minute now. (Answer) ,neutral,neutral
Hey. (Greeting) ,neutral,neutral
Hey! Any good mail? (Question) ,neutral,joy
"Yes, you got something from the Screen Actor's Guild. (Answer) ",neutral,neutral
"Ooh, it's probably a residual check, hey can you open it for me, I'm kinda.... (Question) ",neutral,joy
"""Benefits lapsed."" (Statement Non Opinion) ",neutral,neutral
Hmm that's weird. I don't remember being in a move called benefits lapsed. (Statement Non Opinion) ,neutral,surprise
"Okay, it's not a check. They're saying your health insurance expired because, you didn't work enough last year. (Statement Non Opinion) ",neutral,neutral
Let me see that! (Others) ,surprise,anger
All right. (Acknowledge) ,neutral,neutral
"Oh, I can't believe this! (Statement Opinion) ",surprise,anger
This sucks! (Statement Opinion) ,anger,anger
"When I had insurance I could get hit by a bus or catch on fire, y'know? (Statement Non Opinion) ",fear,sadness
And it wouldn't matter. (Statement Non Opinion) ,anger,sadness
Now I gotta be careful? (Question) ,anger,fear
"I'm sorry man, there's never a good time to stop catching on fire. (Apology) ",sadness,sadness
"All right well, I guess I gotta go get a job. I'm gonna go see my agent. (Statement Non Opinion) ",sadness,neutral
"Okay, make sure you look both ways before you cross the street. (Others) ",neutral,neutral
look both ways before you cross the street. (Statement Non Opinion) ,joy,neutral
I can't believe Phoebe's gonna have her babies! (Statement Opinion) ,surprise,joy
"I know, it's beautiful. Amazing. (Statement Opinion) ",joy,joy
"I had to kiss Phoebe and Rachel every time I left a room, I mean it's too bad they didn't see us having sex. (Statement Opinion) ",neutral,disgust
Do you know anything about women? (Question) ,neutral,anger
No. (Answer) ,neutral,neutral
That's all right. (Statement Opinion) ,neutral,neutral
Okay. (Acknowledge) ,neutral,neutral
"Hey, this- Heyy... (Greeting) ",joy,neutral
Remember when we went to Central Park and rented boats?.. That was fun. (Statement Opinion) ,joy,joy
Yeah. He could row like a viking. (Agreement) ,joy,joy
Hi. (Greeting) ,neutral,neutral
Mmm. (Backchannel) ,neutral,neutral
So how'd it go? (Question) ,neutral,neutral
"Oh, y'know.. (Answer) ",neutral,neutral
Did he mention us? (Question) ,neutral,surprise
He said he's really gonna miss you guys. (Answer) ,sadness,sadness
"You had a rough day, huh.. c'mere. (Command) ",sadness,sadness
...love you. (Greeting) ,joy,joy
Are you're hands still wet? (Question) ,neutral,neutral
"Uh, moist, yeah. (Answer) ",neutral,neutral
Let's dry 'em again. (Others) ,neutral,neutral
Oh my God! Oh my God!! (Others) ,sadness,surprise
Still crying? (Question) ,surprise,sadness
Like a (Statement Non Opinion) ,neutral,neutral
"Y'know, I only know of two surefire ways to shut a man up. And one of them is sex. (Statement Non Opinion) ",neutral,neutral
What's the other one? (Question) ,neutral,neutral
"I don't know, I've never had to use the other one. (Answer) ",neutral,neutral
"I'm just saying y'know, if we're having sex, he's not gonna be talking. (Statement Non Opinion) ",neutral,neutral
Oh that's right. (Agreement) ,joy,neutral
You're the talker. (Statement Non Opinion) ,neutral,neutral
"Anyway uh, great idea! (Statement Opinion) ",joy,joy
"Umm, I gotta go to the store; I told him that I would buy him some more tissues. (Statement Non Opinion) ",neutral,neutral
"Oh, we have some (Statement Non Opinion) ",neutral,neutral
No you don't! (Disagreement) ,anger,anger
"Okay, yeah. Triple A can pick us up. (Statement Non Opinion) ",neutral,neutral
"Yeah, what town are we near? (Question) ",neutral,neutral
"Freemont. West-Westmont, ah Westburg? (Answer) ",neutral,surprise
Then why are you answering? Do you at least know what route we're on? (Question) ,anger,anger
"Yeah, we are definitely on Route 27. (Answer) ",neutral,neutral
"Okay. We are at a rest stop on Route 27. Okay. There is no Route 27. Okay, either 93 or 76? (Statement Non Opinion) ",neutral,surprise
"I don't know, I'm sorry, I always slept in the back when we drove up here. (Apology) ",sadness,sadness
"Hey, can you send somebody up and down 76 and check every rest stop, and, and also 93? (Question) ",neutral,neutral
Okay! (Answer) ,neutral,joy
"Yeah, no they don't do that. (Disagreement) ",neutral,anger
"Ugh, okay, well somebody will come and save us. (Statement Non Opinion) ",neutral,neutral
Who? (Question) ,anger,neutral
I mean have you seen a car come by here in the last hour and a half? (Question) ,fear,neutral
"I think we should call Ross, maybe he can get a car and come pick us up. (Statement Opinion) ",neutral,neutral
"No! No, I am not getting in a car with Ross, we will just have to live here! (Disagreement) ",anger,anger
But if... (Statement Non Opinion) ,fear,neutral
"No you guys, I am not getting in a car with him, you'll have to think of something else. (Disagreement) ",anger,anger
"Oh good, oh Joey and Chandler are back. (Statement Non Opinion) ",joy,joy
So the going for help went well? (Question) ,neutral,neutral
"I'm telling you man, I saw it. (Statement Non Opinion) ",neutral,neutral
"Yeah, well, you're wrong! Okay, you're wrong. (Disagreement) ",anger,anger
"I'm not wrong! I wish I was. I'm sorry. Bet that barium enema doesn't sound so bad now, huh? (Disagreement) ",sadness,sadness
I know. (Acknowledge) ,neutral,neutral
Let's try a look...of far off...wonderment. (Others) ,neutral,joy
"Okay, we'll-we'll gaze into our future and we'll think about our marriage and the days to come. (Agreement) ",joy,joy
Chandler! (Greeting) ,surprise,joy
What is the matter with your face?! (Question) ,surprise,surprise
"I mean this picture is supposed to say ""Geller and Bing to be married,"" not ""Local woman saves drowning moron!"" (Statement Opinion) ",anger,anger
Hey! (Greeting) ,anger,joy
Don't laugh at him! (Command) ,anger,anger
He's (Statement Non Opinion) ,neutral,neutral
We're gonna find love! (Statement Non Opinion) ,joy,joy
Definitely! (Agreement) ,joy,joy
"Yeah, I'm pretty confident about that. (Agreement) ",neutral,joy
That's what makes it so easy for me to be 80% happy for Monica and Chandler! (Statement Non Opinion) ,joy,joy
It would be nice to have a little guarantee though. (Statement Opinion) ,neutral,sadness
What do you mean? (Question) ,neutral,neutral
"Well y'know, some people make deals with a friend, like if neither of them are married by the time they're 40, they marry each other. (Answer) ",neutral,neutral
You mean a backup? (Question) ,neutral,neutral
Exactly! (Answer) ,joy,neutral
"Yeah, yeah I got that. (Agreement) ",neutral,neutral
You do? (Question) ,neutral,surprise
Hm-mmm (Answer) ,neutral,neutral
Who? (Question) ,neutral,surprise
Yeah! (Answer) ,joy,neutral
Are you serious?! (Question) ,surprise,surprise
"Yeah, I locked him years ago! (Answer) ",joy,joy
"Wh... So... If neither of you are married by the time you're 40, you're gonna marry Joey. (Question) ",surprise,surprise
"Yep, we shook on it. Yeah but believe me that is not how he wanted to seal the deal. (Answer) ",neutral,joy
"Oh, seriously? (Question) ",surprise,surprise
"Yeah uh, what am I gonna do? (Question) ",neutral,sadness
"Yeah, I'm sorry man. You wanna go watch? (Apology) ",neutral,sadness
Yeah! (Answer) ,joy,joy
Good morning. (Greeting) ,neutral,neutral
"Hi Tag! Hey, so did you have fun with uh, with Joey last night? (Question) ",joy,joy
Oh yeah! We went to the Knicks game. (Answer) ,joy,joy
Ohh that's nice. (Statement Opinion) ,joy,joy
Then we went to this bar and he hooked us up with all these women! (Statement Non Opinion) ,joy,joy
Wo-women? You mean like old women? (Question) ,disgust,surprise
"Well kinda old, like 30. (Answer) ",neutral,neutral
Oh. (Backchannel) ,neutral,sadness
"And I never used to be able to just talk to girls in bars, but I got like 20 phone numbers last night. (Statement Non Opinion) ",surprise,joy
"That's great! Wow man, so Joey must've really taught you some stuff huh? (Question) ",surprise,joy
A little. (Answer) ,neutral,neutral
Yeah? (Backchannel) ,surprise,neutral
How you doin'? (Question) ,neutral,neutral
"Phoebe, we are so proud of you! You're amazing! (Statement Opinion) ",joy,joy
I know. (Agreement) ,neutral,neutral
So does it really hurt as bad as they say? (Question) ,joy,fear
What did you just say? (Question) ,surprise,anger
You roll another hard eight and we get married here tonight. (Answer) ,joy,joy
Are you serious?! (Question) ,surprise,surprise
Yes! I love you! I've never loved anybody as much as I love you. (Answer) ,joy,joy
I've never loved anybody as much as I love you. (Statement Non Opinion) ,joy,joy
"Okay, so if an eight comes up, we take it as a sign and we do it! (Others) ",joy,joy
What do you say? (Question) ,neutral,joy
Okay! (Agreement) ,joy,joy
Okay! Come on! Let's go! All right! (Command) ,joy,joy
Okay! That's a four! And where-where's the other one? (Question) ,anger,surprise
It went under the table. (Answer) ,neutral,neutral
"Nobody move! Okay, you look that way; I'll look this way! (Command) ",anger,fear
Here it is! Here it is! (Statement Non Opinion) ,joy,joy
That could be a four or a five. It's your call. (Statement Non Opinion) ,neutral,neutral
It's a four. (Statement Non Opinion) ,neutral,neutral
I think so too. (Agreement) ,neutral,joy
Well that's it. I'm done. Whew! There come the meat sweats. (Statement Non Opinion) ,joy,joy
"Well Joey, we're all...we're all very proud of you. (Statement Non Opinion) ",joy,joy
"Yes, I believe we can expect a call from the President any moment now. (Statement Non Opinion) ",neutral,joy
Is there anything we can do for you? (Question) ,neutral,neutral
"No just, nobody press on my stomach. (Answer) ",neutral,neutral
You can keep those pants by the way. (Statement Non Opinion) ,neutral,neutral
Whoa--hey--wh-wh-what do you got there? What is that? Pie? (Question) ,surprise,surprise
"Yeah, you want some? (Question) ",neutral,neutral
"Ah, just cut me a little sliver. (Answer) ",joy,neutral
A little bigger. (Statement Non Opinion) ,neutral,neutral
Little bigger. (Statement Non Opinion) ,neutral,neutral
What?! (Question) ,surprise,anger
Are you afraid you're gonna run out?! (Question) ,anger,anger
Cut me a real piece! (Command) ,anger,anger
"Phoebe, oh my God! Wh-wh-what are you doing here? (Question) ",surprise,surprise
"I need to talk to you, it's pretty urgent. It's about Monica and Chandler. (Answer) ",neutral,neutral
Oh my God! (Others) ,surprise,surprise
"Of course, of course. (Agreement) ",neutral,neutral
"Umm, would you please excuse me for a moment? (Question) ",neutral,neutral
"Umm, do you know each other's hometowns? (Question) ",neutral,neutral
Why don't you... Wh-what's going on? (Question) ,fear,surprise
"Well, umm, not much. (Answer) ",neutral,neutral
"But, I was just thinking that since those guys just got engaged that maybe it would be nice if they had some privacy, y'know? (Question) ",neutral,neutral
"So, could I just move in with you for a couple days? (Question) ",neutral,neutral
"Umm, okay, yeah, sure. But wh-what's wrong with Monica and Chandler? (Question) ",neutral,surprise
Nothing..Why? (Question) ,neutral,surprise
"Phoebe, you said it was urgent! (Answer) ",anger,anger
Oh yeah it is! I'm going to the movies and it starts in like five minutes. (Statement Non Opinion) ,neutral,neutral
Do you realize I have a classroom full of students? (Question) ,anger,anger
"Oh, I'm sorry. I'm so rude. Does anyone want to come to the movies? (Question) ",neutral,neutral
"Look, look, there's got to be a way we can work past this. (Statement Non Opinion) ",sadness,sadness
"Okay, I can't imagine, I can't imagine my life without you. (Statement Non Opinion) ",fear,sadness
"Without, without these arms, and your face, and this heart. (Statement Non Opinion) ",sadness,sadness
"Your good heart Rach, and, and.... (Statement Non Opinion) ",sadness,joy
No. (Disagreement) ,neutral,anger
"I can't, you're a totally different person to me now. (Disagreement) ",sadness,anger
"I used to think of you as somebody that would never, ever hurt me, ever. (Statement Non Opinion) ",sadness,sadness
"God, and now I just can't stop picturing with her, I can't, it doesn't matter what you say, or what you do, Ross. (Statement Non Opinion) ",sadness,anger
"It's just changed, everything. (Statement Non Opinion) ",sadness,sadness
Forever. (Statement Non Opinion) ,sadness,sadness
"Yeah, but this can't be it, I mean. (Disagreement) ",sadness,sadness
Then how come it is? (Question) ,sadness,anger
"Windows are clean, candels are lit. (Statement Non Opinion) ",neutral,neutral
"Uh, belt's to tight, gotta change the belt. (Statement Non Opinion) ",joy,neutral
Did I turn the fish? (Question) ,neutral,fear
"No, cause I made lasagne. (Answer) ",neutral,neutral
Am I out of control? (Question) ,anger,fear
Just a touch. (Answer) ,neutral,neutral
"Mon, I don't understand. (Statement Non Opinion) ",neutral,neutral
"I mean, you've been dating this guy since like, what... his midterms? (Question) ",surprise,neutral
"I mean, why all the sudden are you so... Oh. (Question) ",surprise,surprise
What? (Question) ,neutral,surprise
Could tonight be the Night? (Question) ,joy,joy
I don't know. (Answer) ,neutral,neutral
Look he's a great guy and I love being with him but... you know. (Statement Non Opinion) ,joy,joy
"Things happen, and they happen. (Statement Non Opinion) ",joy,neutral
You don't plan these things. (Statement Non Opinion) ,neutral,neutral
"So, did you shave your legs? (Question) ",neutral,joy
Yeah. (Answer) ,neutral,neutral
Ross! (Greeting) ,anger,joy
"Okay, Raymond, Joey you're up. (Others) ",neutral,neutral
Hi! (Greeting) ,joy,joy
"Okay, uh well, let's try one. Whenever you guys are ready. (Statement Opinion) ",neutral,neutral
Uh-oh. (Backchannel) ,fear,surprise
Is there a problem? (Question) ,neutral,neutral
"Well this is noodle soup and uh, I've been working with tomato. (Answer) ",neutral,neutral
"But that's okay, no problem. (Agreement) ",neutral,neutral
No problem. (Agreement) ,neutral,neutral
"Hmm, noodle soup. (Others) ",neutral,neutral
"Y'know, that's-that's fine, but the line is, ""Hmm, soup."" (Statement Non Opinion) ",neutral,neutral
"Oh, what did I say? (Question) ",surprise,surprise
"Hmm, noodle soup. (Answer) ",neutral,neutral
How's that different? Oh! Yeah! (Question) ,surprise,surprise
"All right, let's try one. (Answer) ",neutral,neutral
"Hmm, noodle soup. (Others) ",neutral,neutral
Okay. Let's do it again. (Command) ,neutral,neutral
Okay. (Agreement) ,neutral,neutral
"Hmm, soup. I mean, noodle soup. I mean soup! (Statement Non Opinion) ",anger,anger
COME ON!!!! (Command) ,anger,anger
Y'know what? We need to move on. (Question) ,anger,neutral
"No! No! I-I can do it one more time! See? Look! Hmm, noodle soup. Damnit! (Answer) ",anger,anger
Okay. Just give us a second. Ross! (Command) ,neutral,neutral
Yeah? (Agreement) ,neutral,neutral
Give her some money. (Others) ,neutral,neutral
I really think they're out of rooms. (Statement Opinion) ,neutral,sadness
"They're not!! Ross, they're just saving them for the important people!! Okay?! What-what if I was the president?! (Question) ",anger,anger
"Well then we'd be in a lot of trouble, you don't know where any countries are. (Answer) ",neutral,neutral
Okay. (Agreement) ,neutral,neutral
"Uh, say would you umm... Would you mind checking again to see if any umm, private rooms may have opened up? (Question) ",neutral,neutral
This is a hospital. (Answer) ,neutral,neutral
Y'know what? (Question) ,neutral,anger
I'd have to say I really don't care for your tone. (Statement Non Opinion) ,anger,anger
And this is not the only hospital in this city and we have no problem to--Whoa! (Statement Non Opinion) ,anger,anger
Oh gosh! (Others) ,surprise,surprise
What-what? (Question) ,surprise,fear
Ow! Ow! Contraction. Ow-ow! Ow-ow! (Statement Non Opinion) ,surprise,fear
Would you like to see a semi-private room? (Question) ,neutral,neutral
"Yeah, it couldn't hurt to look. (Answer) ",neutral,neutral
"I'm just sayin' if dogs do experience jet lag, then, because of the whole um, seven dog years to one human year thing, then, when a dog flies from New York to Los Angeles, he doesn't just lose three hours, he loses like a week and a half. (Statement Non Opinion) ",neutral,neutral
That's funny. Who are they? (Question) ,joy,joy
"The blond woman is my ex-wife, and the woman touching her is her... close, personal friend. (Answer) ",neutral,neutral
You mean they're lovers. (Question) ,surprise,surprise
If you wanna put a label on it. (Answer) ,neutral,neutral
"Wow, uh, anything else I should know? (Question) ",surprise,surprise
"Oh God, Ross, I cannot do this. (Disagreement) ",sadness,fear
"Okay, quick and painful. (Others) ",neutral,neutral
"Oh God... Okay. Alright. Alright. Okay. Ross, please don't hate me. (Apology) ",fear,sadness
"Oh, what? What-what? (Question) ",surprise,surprise
Y'know Marcel? (Question) ,neutral,neutral
...Yeah? (Answer) ,neutral,neutral
"Well, I kind of... I kind of lost him. (Statement Non Opinion) ",sadness,sadness
Hi Pheebs! (Greeting) ,joy,joy
Hi! (Greeting) ,joy,joy
How are ya? (Question) ,neutral,neutral
Good. (Answer) ,neutral,joy
"Umm Pheebs, remember when we were in the coffee house we decided that I was going to keep the uh, the cute guy's cell phone? (Question) ",neutral,neutral
Yeah. (Answer) ,neutral,neutral
And remember how I said I was going to keep it in my purse so that if it rang I could just pick it up? (Question) ,neutral,neutral
Yeah! (Answer) ,joy,joy
And do you remember going into my purse and stealing the phone?! (Question) ,anger,anger
"Ooh, now you lost me. (Answer) ",fear,surprise
You stole the phone! (Question) ,anger,anger
No I didn't! (Answer) ,anger,anger
"No? So you're saying that if I called it, it wouldn't ring? (Question) ",anger,anger
"No. Umm, okay. But while you dial, let me show you the features of my new ringing handbag. Oh, it does work! (Answer) ",fear,surprise
Phoebe! (Greeting) ,anger,anger
It's not here. (Statement Non Opinion) ,neutral,neutral
"Puzzler. A bit of a puzzle. Why don't you um, check the copy room, maybe you left the contracts in there? (Question) ",neutral,neutral
How could I have left them in the copy room? (Question) ,neutral,anger
I don't know Tag! How can your genitals make phone calls? Okay? It's not a perfect world! Just go please. (Answer) ,anger,anger
Fine. (Agreement) ,anger,neutral
How ya doin'? Welcome. Good to see ya! (Greeting) ,joy,joy
This will be your phone. (Statement Non Opinion) ,neutral,neutral
"That's great. But uh, I'm not really expecting a lot of calls. (Statement Non Opinion) ",neutral,neutral
No you answer it and take pledges. (Disagreement) ,neutral,anger
But I'm the host! (Statement Non Opinion) ,surprise,neutral
"No, Gary Collins is the host. You'll be answering the phones. (Disagreement) ",neutral,anger
"You don't seem to understand. See, I was Dr. Drake Remoray. (Statement Opinion) ",neutral,sadness
"Well, here's your phone doctor. (Statement Non Opinion) ",neutral,neutral
Hey guys. (Greeting) ,neutral,neutral
Hey Gunther. Hi. I mean you're going out on a date with the noisy guy upstairs? (Greeting) ,surprise,surprise
"Well, he's very charming. (Statement Opinion) ",neutral,joy
"I know, he's too charming, but if you two start going out, then it's just gonna make it so much harder for me to hate him. (Agreement) ",disgust,sadness
"Well, you're just gonna have to try. (Statement Non Opinion) ",neutral,neutral
"Joey, where are the (Question) ",neutral,anger
"I don't know, Chandler is supposed to be passin' 'em around... (Answer) ",neutral,neutral
"Okay, ten blocks down. Five to go. (Statement Non Opinion) ",anger,neutral
Oh wait! Stop! Stop! Stop! (Command) ,joy,surprise
Oh I'm sorry! Do you need a break? (Apology) ,surprise,sadness
My boots in tan! Hey! Can you get a little closer so I can see the price? (Question) ,joy,joy
I can see it from right here. It'll cost you one husband. (Answer) ,joy,joy
"Okay, I'm sorry. I think I can walk the rest of the way now. Just-just give me my boots. (Apology) ",sadness,sadness
Come on more! (Command) ,anger,joy
Oh God! (Others) ,joy,surprise
"Yeah, you like that don't you? (Question) ",neutral,joy
Oh yeah right there! (Answer) ,joy,joy
You want it there? You take it there baby! (Question) ,joy,joy
Uh Phoebe? (Question) ,sadness,surprise
"Yeah, say my name. Say it! And now I'm going to cover you back up, and umm we're never doing this again. (Answer) ",joy,disgust
Happy?! Is that what I'm supposed to be Vic? Happy? (Question) ,anger,anger
"Well, why don't you tell me what you're supposed to be! (Question) ",anger,anger
Huh? (Others) ,neutral,neutral
Because I sure as hell can't figure it out! (Statement Non Opinion) ,anger,anger
I talk to you and it's nothin'. (Statement Non Opinion) ,neutral,sadness
"You look at me, and nothin'. (Statement Non Opinion) ",neutral,sadness
Nothing. (Statement Non Opinion) ,neutral,sadness
"You guys make me fly! High! Okay, we're gonna pick it up here, tomorrow. (Statement Non Opinion) ",joy,joy
"Well, that was ah... (Others) ",neutral,neutral
What?! What are you doing?! (Question) ,surprise,surprise
Do you know what just happened? (Question) ,anger,fear
Yeah. We-we had sex and then we fell asleep. (Answer) ,neutral,neutral
No. We were in the middle of sex...and (Disagreement) ,neutral,sadness
"Nooo! No, that's not true. No, best time ever! Yeah, you rocked my world! (Disagreement) ",joy,anger
"Don't worry, Chandler, it's not a globe of the United States. (Statement Opinion) ",neutral,joy
Hey you guys I'm gonna go out and take a walk. (Statement Non Opinion) ,neutral,neutral
"Phoebe, why is your bag moving? (Question) ",surprise,surprise
"Oh, it's not! (Answer) ",neutral,neutral
"Seriously, it's moving! (Statement Non Opinion) ",surprise,surprise
What the hell is in there? (Question) ,surprise,anger
It's just my knitting that's all! Yes! I knit this. I'm very good. (Answer) ,neutral,joy
There will come a time in each of your careers when you'll have a chance to screw over another soap opera actor. (Statement Non Opinion) ,neutral,neutral
"I had such an opportunity in the recent, present. (Statement Non Opinion) ",neutral,neutral
"And I'm ashamed to say that I took it, I advised a fellow actor to play a role, homosexually. (Statement Non Opinion) ",sadness,sadness
"Yeah, we both auditioned for the part, and uh, as it turned out, they ah, they liked the stupid gay thing and cast him. (Agreement) ",anger,anger
"And now, he's got a two year contract opposite Susan Luchhi, the first lady of daytime television, and me, me I'm stuck here teaching a bunch of people, most of whom are too ugly to even be on TV. (Statement Non Opinion) ",sadness,anger
"I'm sorry, I'm sorry, I'm sorry. (Apology) ",sadness,sadness
Thank you. (Acknowledge) ,neutral,neutral
Rach? (Greeting) ,surprise,neutral
I'll be out in a second. (Statement Non Opinion) ,neutral,neutral
Oh. It's just so unexpected! I...I uh...Boy I'll tell you it's just such an honor to be nominated for a (Statement Non Opinion) ,joy,surprise
"Honey, we have to go. Our reservations are at 8:00. (Statement Non Opinion) ",neutral,neutral
in Reservations at 8:00 by Neil Simon. Thank-thank you Neil. Thank you for the words. (Others) ,neutral,joy
"Okay honey, you can finish this later we're gonna be late. We gotta go. (Statement Opinion) ",neutral,neutral
"Please, don't play the music. Just uh one more. (Command) ",joy,neutral
I can't believe you don't want to know. (Statement Non Opinion) ,surprise,surprise
"I mean, I couldn't not know, I mean, if, if the doctor knows, and Carol knows, and Susan knows.... (Statement Non Opinion) ",joy,sadness
And Monica knows... (Statement Non Opinion) ,neutral,neutral
"Wha, heh, how could you know, I don't even know! (Statement Non Opinion) ",surprise,anger
"Carol called me to thank me for the lasagna, I asked, she told me. (Statement Non Opinion) ",neutral,neutral
So what's it gonna be? (Question) ,joy,neutral
"Wait--oh--hey--huh, oh great now he knows, and I don't know! (Disagreement) ",anger,anger
"I'm sorry, I'm just excited about being an aunt! (Apology) ",joy,joy
Or an uncle... (Others) ,neutral,neutral
Hey Phoebe! (Greeting) ,joy,joy
Hi Pheebs! (Greeting) ,joy,joy
Pheebs! (Greeting) ,joy,joy
Fine! (Acknowledge) ,anger,neutral
"Phoebe, what's the matter? (Question) ",neutral,neutral
"Nothing, I'm sorry, I'm just, I'm out of sorts. (Answer) ",sadness,sadness
"Oh, right, that's me! (Agreement) ",surprise,neutral
"Hey, Chandler, that table place closes at 7, come on. (Greeting) ",neutral,neutral
Fine. (Acknowledge) ,neutral,neutral
"Phoebe, what is it? (Question) ",neutral,neutral
"All right, you know Paolo? (Question) ",neutral,neutral
"I'm familiar with his work, yes... (Answer) ",neutral,neutral
"Well, he made a move on me. (Statement Non Opinion) ",anger,disgust
"Whoa, store will be open tomorrow! (Others) ",surprise,neutral
"More coffee over here, please! (Others) ",joy,neutral
Hey. (Greeting) ,neutral,neutral
"Hey. What, what are you doing here? (Question) ",surprise,surprise
"Well, I-I thought a lot about what you said, and um, I realilized duh, all right maybe I was a little judgmental. (Answer) ",sadness,sadness
"Yeah, oh, but oh... (Agreement) ",neutral,neutral
"Look now, Phoebe remember, hey, their just fulfilling their Christmas.... (Others) ",neutral,neutral
Destiny. (Statement Non Opinion) ,neutral,neutral
Sure. (Agreement) ,neutral,neutral
Yes. (Agreement) ,neutral,neutral
All right. (Acknowledge) ,neutral,neutral
Okay. Yikes! That one doesn't look very fulfilled. (Statement Non Opinion) ,surprise,disgust
"Oh, that's, that's ah, one of the old ones, he's just taking it to the back. (Statement Non Opinion) ",neutral,neutral
"You keep the old ones in the back, that is so ageist. (Statement Opinion) ",anger,anger
Well we have to make room for the fresh ones. (Statement Non Opinion) ,neutral,neutral
"So, what happens to the old guys? (Question) ",sadness,fear
"Well, they go into the chipper. (Answer) ",neutral,neutral
"Why, do I have a feeling that's not as happy as it sounds? No! Nooooo!!! (Question) ",fear,fear
Hey! Hey!! (Others) ,surprise,anger
Light still out? (Question) ,neutral,neutral
Yeah. (Answer) ,neutral,neutral
Oh. Maybe they're- napping. (Statement Non Opinion) ,neutral,surprise
"Oh please, they're having sex. (Statement Non Opinion) ",sadness,disgust
Shut up! (Command) ,anger,anger
"So, whaddya think George is like? (Question) ",neutral,neutral
I think he's shy. (Answer) ,neutral,neutral
Yeah? (Question) ,surprise,neutral
Yeah. I think you have to draw him out. And then- when you do- he's a preppy animal. (Answer) ,neutral,joy
"Hi! Hi, I'm Ross, you don't know me, but I'm a big, big fan of yours. I mean, (Statement Non Opinion) ",joy,joy
Aren't you with that girl over there? (Question) ,neutral,surprise
"Well, yeah, kinda. (Answer) ",neutral,neutral
"Um, but that's okay, see we have an understanding, um, see we each have this list of five famous people, so I'm allowed to sleep with you. (Statement Non Opinion) ",neutral,neutral
"No, no, no, it's flattery. (Disagreement) ",joy,anger
"Oh no, no, no, wait, wait, Isabella. (Command) ",joy,fear
"Don't, don't just dismiss this so fast. (Others) ",fear,sadness
I mean this is a once in a lifetime opportunity... (Statement Opinion) ,neutral,joy
"Yeah, for you. Is that the list? (Question) ",neutral,disgust
"Um, yeah. (Answer) ",neutral,neutral
May I see it? (Question) ,neutral,neutral
"Um, no. (Answer) ",fear,neutral
Come on! (Command) ,joy,anger
"But, okay. (Others) ",neutral,neutral
I'm not on the list! (Statement Non Opinion) ,surprise,anger
"Um, see, but that's not the final draft. (Statement Non Opinion) ",neutral,neutral
It's laminated! (Statement Non Opinion) ,anger,anger
"Yeah, um, okay see, you were, you were on the list but my friend, Chandler brought up the very good point that you are international, so I bumped you for Wynona Rider, local. (Statement Non Opinion) ",neutral,neutral
Y'know it's ironic... (Statement Non Opinion) ,neutral,neutral
...because I have a list of five goofy coffee house guys and yesterday I bumped you for that guy over there. (Statement Non Opinion) ,neutral,neutral
We're just gonna be friends. (Statement Non Opinion) ,neutral,neutral
Get out of here you lurker! Go on! Get! (Others) ,anger,anger
Hey Pheebs! (Greeting) ,joy,joy
Ohh! You made up! (Others) ,surprise,surprise
"Yeah, I couldn't be mad at him for too long. (Agreement) ",neutral,neutral
"Yeah, she couldn't live without the Chan Love. (Statement Non Opinion) ",joy,joy
"Ohh, get a room. (Command) ",disgust,disgust
We have one. (Statement Non Opinion) ,neutral,neutral
I know. Use it. (Statement Non Opinion) ,disgust,neutral
"Oh Mon, listen I have to ask! (Others) ",surprise,neutral
"Okay, Joey Tribbiani invited me back to his apartment, now does he do this with a lot of girls? (Question) ",neutral,neutral
"Yeah, a lot. A lot, a lot! (Answer) ",neutral,neutral
"Ohh! And I'm one of them!! Wow! Oh, I just cannot believe this! I mean, Joey Tribbiani! (Statement Non Opinion) ",surprise,surprise
"Well, y'know it's none of my business, but aren't you married? (Question) ",neutral,neutral
Yeah. Oh I just wish we could not be married for a little bit! Y'know I just wish we could be like on a break! (Answer) ,anger,sadness
Ross! I think she is trying to make something happen with you to get back at me! (Statement Opinion) ,anger,anger
So that's the only reason she could be here huh? (Question) ,neutral,anger
It couldn't have anything to do with the fact that-that maybe I'm a good listener and I uh I put on a (Answer) ,neutral,neutral
"Ross, I am telling you that she is using you to get back at me! (Statement Non Opinion) ",anger,anger
"I think I can take care of myself, I'll talk to you later. (Statement Opinion) ",neutral,anger
Good-bye. (Greeting) ,neutral,neutral
Whoa! (Others) ,surprise,surprise
"Uh, that was your sister actually. (Statement Non Opinion) ",neutral,neutral
She-she thinks that you're just using me. (Statement Non Opinion) ,neutral,neutral
So? (Question) ,neutral,neutral
I'm sorry. (Apology) ,sadness,sadness
What are you doing here?! (Question) ,surprise,surprise
"I-I, came to fill your ice cube trays. (Answer) ",neutral,fear
What?! (Question) ,surprise,surprise
"Umm, okay, okay, look. (Others) ",neutral,neutral
I took this picture from your fridge. (Statement Non Opinion) ,anger,neutral
"Okay, because I know that this is my Father. (Statement Non Opinion) ",anger,neutral
"Yeah, this is Frank Buffay and you are standing right there next to him. (Statement Non Opinion) ",anger,neutral
"Now, look I deserve to know where I came from. (Statement Non Opinion) ",anger,anger
All right? (Others) ,anger,neutral
So if you can help me find my Father then you should! (Statement Non Opinion) ,anger,anger
"Otherwise, you're just mean! (Statement Opinion) ",anger,anger
"So, just tell me the truth! (Others) ",anger,anger
"All right, the man in the picture is Chuck Magioni. (Statement Non Opinion) ",neutral,neutral
My Father is Chuck Magioni? (Question) ,surprise,surprise
"No, no, that's just Chuck Magioni, I-I sold him a house last year! (Answer) ",neutral,neutral
"And I'm very sorry, but I don't know where your Father is, and that's the truth. (Apology) ",sadness,sadness
Oh. (Backchannel) ,sadness,sadness
"But umm, you're right. (Agreement) ",neutral,neutral
I think that a person should know where they come from. (Statement Non Opinion) ,neutral,neutral
"Wh-which is why I ah, ahh, okay. (Others) ",neutral,neutral
I'm your mother. (Statement Non Opinion) ,neutral,neutral
Heh? (Others) ,surprise,surprise
"Y'know I wanted to tell you yesterday, but I just, I kinda felt all floopy, and... (Statement Non Opinion) ",sadness,sadness
What's happening to your accent? (Question) ,surprise,surprise
Come again? (Command) ,surprise,neutral
What's-what's this nonsense? (Question) ,fear,anger
"All right, I'm-I'm not English. (Statement Non Opinion) ",sadness,neutral
I'm from Long Island. (Statement Non Opinion) ,neutral,neutral
"I was really nervous and the accent just uh, just came out. (Statement Non Opinion) ",sadness,sadness
I'm sorry. (Apology) ,sadness,sadness
"So, if we could just get back to the lecture. (Statement Non Opinion) ",neutral,neutral
"Umm, were there any questions? (Question) ",neutral,neutral
About paleontology. (Question) ,neutral,neutral
"All right, look I was just trying to make a good first impression. (Statement Non Opinion) ",anger,sadness
"Obviously, I screwed up. (Statement Non Opinion) ",sadness,sadness
But what you guys think of me is really important because I'm-I'm hoping to get a permanent job here. (Statement Opinion) ,neutral,sadness
So if you just give me another chance to make a good impression (Statement Non Opinion) ,neutral,neutral
Ross!! Are you crazy?! I am (Question) ,anger,anger
"Well, hello Rachel! (Greeting) ",surprise,joy
"Where you going, Joe? (Question) ",neutral,neutral
For a walk. (Answer) ,neutral,neutral
Oh. You mind if I join you? (Question) ,neutral,neutral
"Actually, that will be long. You know, I really need to organize my thoughts. (Answer) ",neutral,sadness
Your thoughts? Plural? (Question) ,surprise,surprise
"Allright, fine, I only have one thought! It's about the hot nanny, I gotta see her! (Answer) ",joy,joy
"I'm afraid I can't let you do that, Joe. (Statement Non Opinion) ",neutral,neutral
Now YOU'RE telling me I can't see her?? (Question) ,anger,anger
You guys are killing me! (Statement Non Opinion) ,sadness,anger
She's forbidden fruit! (Statement Non Opinion) ,sadness,anger
"It's like ... like she's the princess and I'm the stable boy ... Why are you doing this, huh? (Question) ",sadness,sadness
Did Ross tell you not to let me go over there? (Question) ,neutral,anger
"Yes, as a matter of fact he did, so I can't let you go. (Answer) ",neutral,neutral
Huh. Interesting. Now there are obstacles. Hot nanny and me against the world. This is the kind of stuff great novels are made of. (Statement Non Opinion) ,anger,joy
Great novels? (Question) ,surprise,surprise
Fine ... mediocre porn (Answer) ,neutral,joy
"Okay, I think we can get the evaluation back before they see it, but we're gonna have to get into Mr. Zelner's office. (Statement Opinion) ",neutral,neutral
"Now, he doesn't get in until 10, so he's no problem, but his assistant, Betty, she comes in early to eat her breakfast at her desk. (Statement Non Opinion) ",neutral,neutral
That's kinda sad. (Statement Non Opinion) ,sadness,sadness
"Yeah, well Betty is kinda sad. Which is why I believe I can lure her away with these chocolates. Now, while I distract her, (Agreement) ",neutral,neutral
Got it! (Others) ,joy,joy
Let's roll! (Command) ,joy,joy
"Hello Rachel, you uh, got a minute? (Question) ",neutral,neutral
"Yeah, sure Mr. Zelner, for you anything--minute. Okay. Fine. Abort the plan, abort the plan. (Answer) ",neutral,fear
"Uh actually, I'd like to speak with both of you. (Statement Non Opinion) ",neutral,neutral
"Okay. Uh, well can we, can we get you anything Mr. Zelner? Maybe some chocolates? (Agreement) ",neutral,fear
"Cassie, are you finding everything okay in there? (Question) ",neutral,neutral
Yeah! Thank you so much for letting me stay here. (Answer) ,neutral,joy
Oh! No problem! I (Others) ,joy,joy
What? (Question) ,surprise,surprise
You are iron. (Statement Non Opinion) ,neutral,neutral
You are steel! (Statement Non Opinion) ,joy,surprise
"Let me ask you something, how come when I call your computer support line, I have to wait an hour and a half? (Question) ",anger,anger
"I told you, we're adding new operators all the time. Could we concentrate on my training? (Answer) ",neutral,anger
"I mean why, of all people would you want to go out with Chip?! (Question) ",surprise,disgust
"Look, you and I went to different high schools... (Answer) ",neutral,neutral
"Okay, that doesn't help me, because we went to the same high school. (Statement Opinion) ",neutral,sadness
"You went to one where you were popular, and you got to ride off Chip's motorcycle, and wear his letterman jacket. (Statement Non Opinion) ",neutral,neutral
I went to one where I wore a band uniform they had to have specially made. (Statement Non Opinion) ,sadness,sadness
They had to have that specially made?! (Statement Opinion) ,surprise,surprise
It was a project for one of the Home Ec classes. (Statement Non Opinion) ,neutral,neutral
"Oh my God, they told us that was for the mascot! (Statement Non Opinion) ",surprise,surprise
"Back then, I thought that I would never, ever get the chance to go out with a Chip Matthews, and now he's-he's called me up and asked me out. (Statement Opinion) ",surprise,sadness
And the fat girl inside of me really wants to go. (Statement Non Opinion) ,joy,sadness
I-I owe her this. (Statement Non Opinion) ,neutral,sadness
I never let her eat. (Statement Non Opinion) ,neutral,sadness
"Oh, you go out with him. (Statement Non Opinion) ",neutral,neutral
"Oh, really?! (Question) ",surprise,surprise
"Yeah. Just, if it's possible, could you leave him somewhere and go have sex with another guy? (Answer) ",neutral,disgust
I'll try. (Statement Non Opinion) ,neutral,neutral
"Hey! Tall guy! Hey, listen, I wanted to talk to you about that girl that you're dancing with. (Greeting) ",neutral,anger
"Yeah, yeah, okay. (Agreement) ",neutral,neutral
"Uh, look buddy, I came with that girl, and I had this plan to kiss her at the new years countdown – I'm trying to win her over, so I was wondering if.. (Statement Non Opinion) ",joy,sadness
"Oh come on man, you can dance with my partner, she's real, uh, mellow! (Statement Non Opinion) ",anger,joy
"Well, I was hoping after tonight that maybe I could you know (Statement Non Opinion) ",neutral,sadness
"Ross, get over it! It's not like she hates you. (Others) ",anger,anger
Yeah but (Others) ,sadness,neutral
"Ross, she's not weird, she just wants her stuff to be one of a kind. (Statement Opinion) ",neutral,neutral
Huh. Y'know what's not one of a kind? A twin! (Question) ,anger,surprise
"Ooh, Phoebe's here! Okay, let's turn out all the lights and we'll just watch the movie! (Statement Non Opinion) ",joy,joy
"Okay. Hey--Ooh, cool sheets! (Agreement) ",joy,joy
"Oh, you like it? You wanna know where I got it? (Question) ",joy,neutral
Sure! (Answer) ,joy,neutral
He got it a flea market! (Statement Non Opinion) ,joy,neutral
"You bought your sheets at a flea market? Ross come on, you gotta loosen the purse strings a little. (Statement Non Opinion) ",disgust,disgust
And Joey? (Question) ,neutral,neutral
How do you think she's doing? (Question) ,neutral,neutral
Am I the only one who doesn't think that she's hot? Ross? (Statement Non Opinion) ,surprise,neutral
"Eh, I mean, I mena she's not unattractive but hot? I .... (Statement Non Opinion) ",surprise,neutral
Thank you! (Acknowledge) ,joy,joy
Now that Rachel's gone? (Question) ,neutral,neutral
So hot I cried myself to sleep last night. (Statement Non Opinion) ,sadness,sadness
"Oh, god help us. (Others) ",sadness,fear
What? (Question) ,surprise,surprise
Ugly Naked Guy's laying kitchen tile. Eww! (Others) ,disgust,disgust
"Eww! Look, I'm asking a favor here. If I do this for her brother, maybe Angela will come back to me. (Statement Non Opinion) ",disgust,neutral
"I know, but, I made a huge mistake. I never should have broken up with her. Will you help me? Please? (Question) ",sadness,sadness
"So honey, this morning was fun, huh? Me hopping in on you in the shower there. (Statement Non Opinion) ",joy,joy
Yeah! And maybe someday we could get a place with two bathrooms. (Agreement) ,joy,joy
"Look Carol umm, I was, I was thinking maybe uh, maybe we can spice things up a little. (Statement Non Opinion) ",neutral,neutral
What do you mean? (Question) ,surprise,neutral
Carol our sex life is--it's just not working (Answer) ,sadness,sadness
Hey there little fella! (Greeting) ,joy,joy
"Hey, uh-hey, why don't we get some shoes on ya, huh? (Question) ",neutral,neutral
"Hey, why don't you show dad how you can put your shoes on, in your room! (Question) ",joy,neutral
Yay! (Others) ,joy,joy
Yay! (Others) ,joy,joy
Yay! (Others) ,joy,joy
"Seriously, our sex life... I was thinking, maybe I don't know, we could try some-some new things. (Statement Non Opinion) ",neutral,neutral
For fun? (Question) ,neutral,neutral
Like what? (Question) ,surprise,neutral
"Well I don't know umm, what if we were too tie each other up? (Answer) ",joy,neutral
"Umm, some people eat stuff off one another. (Statement Non Opinion) ",neutral,disgust
Nah! (Others) ,disgust,disgust
"Umm, y'know we-we could try dirty talk? (Question) ",neutral,neutral
"Umm, we could, we could have a threesome. (Answer) ",neutral,neutral
I love that idea! (Agreement) ,joy,joy
So who's idea was it to put everybody in the diner on skates? (Question) ,neutral,neutral
"Oh, some idiot customer put a suggestion in the suggestion box. (Answer) ",anger,anger
"Oh my God, they took my idea! (Statement Non Opinion) ",surprise,surprise
That was you?! (Question) ,surprise,surprise
"Yeah! Okay, here you go. (Answer) ",joy,joy
"Rachel, I made you a cocoa. (Statement Non Opinion) ",neutral,neutral
"Oh my God, are you guys okay? (Question) ",surprise,fear
Are you all right? (Question) ,surprise,fear
Oh my. (Others) ,surprise,surprise
Sit! (Command) ,anger,anger
Hi. (Greeting) ,neutral,neutral
"Oh my gosh, Joshua! (Greeting) ",surprise,joy
All those things I said about not being ready (Statement Non Opinion) ,neutral,sadness
They're not true? (Question) ,fear,surprise
"No, they're-they're all true. (Answer) ",neutral,sadness
Oh. (Backchannel) ,joy,neutral
But (Backchannel) ,neutral,neutral
"Oh! Oh, I love that but. (Statement Non Opinion) ",surprise,joy
You wanna go inside and have some coffee? (Question) ,neutral,joy
Yeah. (Answer) ,neutral,neutral
Okay. Every time. (Others) ,neutral,neutral
"What, Phoebe, did you whip the potatoes? Ross needs lumps! (Question) ",anger,surprise
"Oh, I'm sorry, oh, I just, I thought we could have them whipped and then add some peas and onions. (Apology) ",sadness,sadness
Why would we do that? (Question) ,surprise,disgust
"Well, 'cause then they'd be like my mom used to make them, you know, before she died. (Answer) ",sadness,sadness
"Ok, three kinds of potatoes coming up. (Statement Non Opinion) ",neutral,neutral
"Ok, good-bye you guys. Thanks for everything. Oh, sorry! Oh, sorry! (Apology) ",joy,sadness
The most unbelievable thing has happened. Underdog has just gotten away. (Statement Non Opinion) ,surprise,neutral
The balloon? (Question) ,neutral,surprise
"No, no, the actual cartoon character. Of course the balloon. It's all over the news. Right before he reached (Answer) ",neutral,anger
"I can't, I gotta go. (Disagreement) ",neutral,sadness
Come on. An 80-foot inflatable dog let loose over the city. How often does that happen? (Question) ,surprise,joy
Almost never. (Answer) ,anger,neutral
Got the keys? (Question) ,neutral,neutral
Ok. (Statement Non Opinion) ,neutral,neutral
What d'you think? (Question) ,neutral,neutral
Lot of things. (Answer) ,neutral,neutral
Which one do you think she is? (Question) ,neutral,neutral
May I help you? (Question) ,neutral,neutral
"Oh, no thanks, we're just here to observe. (Answer) ",neutral,neutral
You don't observe a dance class. You (Statement Opinion) ,neutral,anger
What does she mean? (Question) ,neutral,surprise
I think she means 'You (Answer) ,neutral,neutral
"Okay, d'y'see anybody you think could be me? (Question) ",anger,neutral
People! Last time there were some empty yoghurt containers lying around after class. Let's not have that happen again! (Answer) ,anger,anger
She could be you. (Statement Non Opinion) ,neutral,neutral
"Let's get started. Five, six, a-five six seven eight... (Others) ",neutral,neutral
"Okay, I'm not getting this! (Others) ",anger,sadness
I'm totally getting it! (Statement Non Opinion) ,joy,joy
Did you ever feel like sometimes you are just so unbelievably uncoordinated? (Question) ,sadness,sadness
What? You just click when they click. (Question) ,surprise,surprise
"Alright people, now everyone grab a partner. (Statement Non Opinion) ",neutral,neutral
"Okay. And, my, dead, mother, says, you, are, it. I'm with Rachel. (Statement Non Opinion) ",neutral,joy
Great. It's gym class all over again. (Statement Non Opinion) ,disgust,sadness
"I'm not crazy, right? I mean, it was never like that. (Question) ",surprise,fear
"Nooo, it wasn't. (Answer) ",neutral,neutral
"Ooh, and it's so nice having this little sink here... (Statement Non Opinion) ",joy,joy
"Oh, ain't this nice? It's so quiet, I could just lie here all day. (Question) ",joy,joy
I know (Answer) ,neutral,neutral
Open your drapes! Open your drapes! (Others) ,joy,joy
I'm so glad we've got adjoining rooms! (Statement Non Opinion) ,joy,joy
The sun is out! (Statement Non Opinion) ,joy,joy
Hey! Remember when I had corneas? (Question) ,anger,surprise
"Ok listen, you go down to the pool and reserve the chairs, and I'll get the magazines and the lotion. (Statement Non Opinion) ",neutral,neutral
Ladies? Ross's speech is in 45 minutes. (Others) ,neutral,neutral
"Walls are pretty thin, guys! (Statement Non Opinion) ",anger,anger
"Hi uh, I'm Joey Tribbiani and with all do respect I'd like to donate some fluids. (Greeting) ",joy,joy
"We're actually at the end of one of our research cycles, so we're not looking for applicants right now. (Statement Non Opinion) ",neutral,neutral
"Oh that's too bad. I've kinda been saving up. Uh, are you sure there's no studies I can participate in? (Question) ",sadness,sadness
"Well, here's a schedule of what's coming up. (Statement Non Opinion) ",neutral,neutral
Thanks. Well but this one starts now. (Others) ,neutral,neutral
"Oh that one is available now, but only identical twins are eligible. It's a twins study. (Statement Non Opinion) ",neutral,neutral
"But it's $2,000. (Others) ",surprise,sadness
Sorry. (Apology) ,sadness,sadness
Well how about this one? Testing the effects of Joey Tribbiani on attractive nurse receptionists. (Question) ,neutral,joy
"We already got the results back on that on, and they're not good. (Answer) ",joy,neutral
Hey! How's it goin'? (Question) ,neutral,joy
"Well, not much has changed in the last five minutes. (Statement Non Opinion) ",neutral,neutral
Yes it has! I made cookies! (Disagreement) ,joy,joy
Oh that's all right. I'm still full from your homemade potato chips. (Statement Non Opinion) ,neutral,neutral
But you should eat them now because they're hot from the oven. (Statement Non Opinion) ,joy,neutral
Okay. (Agreement) ,neutral,neutral
"Oh-ho! But not in here! Can't eat 'em in bed, remember? No crumbies! (Disagreement) ",joy,anger
"Okay, I'll be out in a second. (Statement Non Opinion) ",neutral,neutral
Okay! (Agreement) ,neutral,joy
What are you doing? (Question) ,neutral,neutral
That doesn't lock does it? (Answer) ,neutral,surprise
"You know, it still smells like monkey in there. (Statement Opinion) ",disgust,disgust
That saves us a conversation. (Statement Non Opinion) ,neutral,joy
"Well, listen, this has been great but I'm officially wiped. (Statement Opinion) ",neutral,sadness
"Me too, we should get goin'. (Statement Opinion) ",neutral,neutral
No. (Disagreement) ,neutral,anger
"Okay, here comes another camera. (Statement Non Opinion) ",neutral,neutral
Right. No biggie. Stay loose. (Others) ,neutral,joy
Why do they keep doing that? (Question) ,neutral,anger
"If we wanna get on camera, I think we have to get up on one of those platforms. (Statement Opinion) ",neutral,neutral
They've been taping those people up there all day. (Statement Non Opinion) ,neutral,neutral
Right. (Agreement) ,neutral,neutral
"Hey, what'd you guys do to get up on there? (Question) ",joy,neutral
Oh yeah? Well when you learned how to dance did you forget how to put on underpants? (Answer) ,joy,anger
Yeah! (Agreement) ,joy,joy
Hey! You're a good dancer! (Statement Opinion) ,surprise,joy
Really? (Question) ,surprise,surprise
"Yeah, well you'd be better if you just loosened your hips a little. (Answer) ",neutral,neutral
What do you mean? (Question) ,neutral,surprise
Like this. (Statement Non Opinion) ,neutral,neutral
"That's it, feel the rhythm. That's better. (Statement Opinion) ",neutral,joy
Uh-huh. (Others) ,neutral,neutral
"Okay, you're dancing with that girl over there. (Statement Non Opinion) ",neutral,neutral
No-no-no-no-no we came together! (Disagreement) ,joy,anger
"I don't see it. You are dancing with the tall guy over there. Tall guy, raise your hand! (Disagreement) ",neutral,anger
"No-no hey buddy, please let me dance with that girl, I really like her and I think I have a shot. (Statement Non Opinion) ",sadness,sadness
"Really, y'think so? I don't.. (Question) ",anger,surprise
Why aren't you home yet?! (Question) ,anger,anger
Is someone there? (Question) ,anger,fear
"Oh yes, it's me! Sorry! (Answer) ",neutral,joy
What are you doing here? (Question) ,neutral,surprise
"Uh, I'm just, I'm just looking out your window. At-at the view. What are you guys doing? (Answer) ",neutral,neutral
We got some (Statement Non Opinion) ,neutral,neutral
"Oh, he brought her back to his apartment. (Statement Non Opinion) ",neutral,neutral
Who? Is that your sister? (Question) ,surprise,surprise
"Ugh, she (Answer) ",neutral,disgust
"God, Ross is on a date with your sister! How weird is that?! (Question) ",disgust,surprise
"Oh my God, look-look he's taking off her clothes! (Statement Non Opinion) ",sadness,surprise
He's taking off her coat! (Statement Non Opinion) ,disgust,neutral
"Oh, this is just terrible. (Statement Non Opinion) ",disgust,sadness
Ross! Wait! (Others) ,sadness,fear
"Elizabeth, thank God! I was just thinking about (Acknowledge) ",joy,joy
You suck!! (Others) ,anger,anger
What?! (Question) ,anger,surprise
"Okay, break-up's still on! (Answer) ",anger,anger
Hey. (Greeting) ,neutral,neutral
Hey. (Greeting) ,neutral,neutral
"Look, I understand if you came by to hit me, I deserve it. (Statement Non Opinion) ",sadness,sadness
"No, I don't want to hit you. (Disagreement) ",neutral,neutral
Oh what then? Kick me? (Question) ,anger,anger
No. (Answer) ,neutral,neutral
"My son? Pretty serious. Oh hey Katie! What uh, what are you doing here? (Question) ",surprise,surprise
"Well, the delivery went out to you and I realized they forgot this. (Statement Non Opinion) ",neutral,neutral
"Ah, must've been fairly obvious since it was the only thing left in your store. (Statement Non Opinion) ",neutral,neutral
"Listen, to be honest, home deliveries are really a part of my job description. (Statement Non Opinion) ",neutral,neutral
Oh. (Backchannel) ,neutral,surprise
Oh uh...I actually came here to ask you out. (Backchannel) ,fear,neutral
"Oh! Wow! Uh, yeah! That sounds great. I'm just gonna put this back in my pocket, pretend (Agreement) ",joy,joy
Sure! (Agreement) ,joy,joy
Horny bitch. No! You're a horny bitch! Noooo! You're the horny bitch! No! You're a horny bitch! (Statement Non Opinion) ,anger,anger
Chandler!! You have the best taste in men! (Statement Non Opinion) ,joy,joy
"Well, like father, like son. (Statement Non Opinion) ",neutral,neutral
Patrick and I had such a great time last night! I mean I think this could maybe turn into something serious. (Statement Non Opinion) ,joy,joy
Really?! I-I thought you weren't looking for something serious? I thought you were looking for some kind of a fling. (Question) ,surprise,surprise
"Well, y'know, possibly. You didn't tell him that, though? Right? (Statement Non Opinion) ",fear,neutral
"Ummmmmmmm, no. (Disagreement) ",neutral,neutral
You told this guy that I was looking for a fling?! You don't tell the guy that! (Statement Non Opinion) ,anger,anger
"Oh, between you telling him that I wanted to have a fling and me putting out on the first date--oh, he's so gonna get the wrong idea. (Statement Opinion) ",sadness,sadness
"Alright, so I'm back in high school, I'm standing in the middle of the cafeteria, and I realize I am totally naked. (Agreement) ",neutral,fear
"Oh, yeah. Had that dream. (Agreement) ",neutral,neutral
"Then I look down, and I realize there's a phone... there. (Statement Non Opinion) ",surprise,surprise
Instead of...? (Question) ,surprise,surprise
That's right. (Answer) ,neutral,neutral
Never had that dream. (Statement Non Opinion) ,neutral,neutral
No. (Disagreement) ,neutral,disgust
"All of a sudden, the phone starts to ring. (Statement Non Opinion) ",neutral,fear
Honey! Dinner's ready! (Statement Non Opinion) ,joy,joy
What's my little chef got for me tonight? (Question) ,joy,joy
Your favorite! (Answer) ,joy,joy
"Ho-ho-ho, fried stuff with cheese! (Statement Non Opinion) ",joy,joy
Yep! And lot's of it! (Statement Non Opinion) ,joy,joy
Thanks sweetheart. Give me a little sugar here. Okay. (Command) ,joy,joy
"Okay, in we go. (Statement Non Opinion) ",joy,neutral
Here we go! Here we go! Here we go! How you doin'? (Question) ,joy,joy
"Something went wrong with Underdog, and they couldn't get his head to inflate. (Statement Non Opinion) ",neutral,neutral
"So anyway, um, his head is like flopping down Broadway, right, and I'm just thinking... how inappropriate this is. (Statement Non Opinion) ",joy,disgust
"Um, I've got something in my eye, uh, Joey, could we check it in the light, please? (Command) ",neutral,neutral
Oh my god. (Others) ,surprise,surprise
What? (Question) ,surprise,neutral
Hello! Were we at the same table? It's like... cocktails in Appalachia. (Greeting) ,anger,anger
"Come on, they're close. (Command) ",neutral,neutral
Close? She's got her tongue in his ear. (Statement Non Opinion) ,disgust,disgust
"Oh, like you've never gotten a little rambunctious with Ross. (Statement Non Opinion) ",neutral,neutral
"Joey, this is sick, it's disgusting, it's, it's--not really true, is it? (Question) ",disgust,disgust
"Well, who's to say what's true? I mean... (Question) ",neutral,neutral
"Oh my god, what were you thinking? (Question) ",disgust,anger
"All right, look, I'm not proud of this, ok? Well, maybe I am a little. (Statement Non Opinion) ",neutral,joy
Oh! (Backchannel) ,surprise,surprise
Ow! (Backchannel) ,surprise,neutral
I'm outta here. (Statement Non Opinion) ,disgust,anger
"Wait, wait, wait. You want him, I want her. He likes you. (Statement Non Opinion) ",neutral,neutral
Really? (Question) ,surprise,surprise
"Yeah. I'm thinking, if we put our heads together, between the two of us, we can break them up. (Answer) ",neutral,neutral
Hello! One marriage please! (Greeting) ,joy,joy
"Yep, we wanna get married! (Agreement) ",joy,joy
All right. (Agreement) ,neutral,neutral
Dum! Dum-dum-dum! Dum! Dum! Dum! Dum-dum-dum! (Others) ,joy,joy
What are you doing? (Question) ,neutral,surprise
"Oh, that's (Statement Non Opinion) ",neutral,neutral
"No, only because that's the graduation song. (Disagreement) ",neutral,anger
Okay! This is it! We're gonna get married! (Agreement) ,joy,joy
Are you sure you wanna do this? (Question) ,neutral,sadness
"Well, hello, Mrs. Ross! (Greeting) ",joy,joy
"Well, hello, Mr. Rachel! (Greeting) ",joy,joy
Wait! Okay! (Others) ,neutral,surprise
Would you ever be a surrogate for anyone? (Question) ,neutral,neutral
It depends on who asked. (Answer) ,neutral,neutral
What if I asked? (Question) ,neutral,neutral
"Oh, Mon, sure. (Answer) ",neutral,joy
Really? (Question) ,surprise,surprise
Yes. You're not asking are you? (Question) ,surprise,surprise
No. (Answer) ,neutral,neutral
Yes! Totally! (Agreement) ,joy,joy
Oh! Thank you! Thank you! Thank you! Yes! Thank you! (Acknowledge) ,joy,joy
"You...are...not going to believe it! Joshua came into work today, and guess what happened? (Statement Non Opinion) ",joy,surprise
He asked you out?! (Question) ,surprise,surprise
No. But I was showing him some cufflinks and I felt his pulse. (Answer) ,joy,neutral
Saucy! (Others) ,joy,joy
What are these? (Question) ,neutral,neutral
Electrical plans for the building. (Answer) ,neutral,neutral
"Okay, okay, okay should I be scared? (Question) ",fear,fear
"I know that switch does something, okay? (Answer) ",neutral,neutral
So-so I went down to city hall and got these. (Statement Non Opinion) ,neutral,neutral
All I had to do was pay $25 and wait in line for three hours. (Statement Non Opinion) ,sadness,neutral
Wow! If only more people knew. (Statement Non Opinion) ,surprise,joy
Uh-oh-okay. Uh-oh-okay. I know what you all are thinking. But Chandler is in (Statement Non Opinion) ,neutral,fear
Yeah! No that's what I was thinking. (Statement Non Opinion) ,neutral,joy
"So I'm asking you please, take a moment before you judge me. (Command) ",neutral,sadness
"Oh, nobody's judging you. (Statement Non Opinion) ",neutral,neutral
"Oh! Okay! You, Mister Right Place at the Right Time, call me! (Agreement) ",joy,joy
Oh man! (Greeting) ,surprise,joy
I want that place so much!! (Statement Non Opinion) ,joy,joy
I was so sure that was gonna work! (Statement Opinion) ,sadness,sadness
There's twelve bucks I'll never see again! (Statement Non Opinion) ,disgust,sadness
"All right honey, we'd better go if we wanna catch that movie. (Statement Non Opinion) ",neutral,neutral
Bye! (Greeting) ,neutral,neutral
Bye! (Greeting) ,neutral,neutral
Bye Chandler! I miss you already. (Greeting) ,sadness,joy
"Okay, did you see that?! With the inappropriate and the pinching!! (Question) ",disgust,disgust
"Actually, I did! (Answer) ",surprise,surprise
"Okay, so now do you believe that she's attracted to me? (Question) ",neutral,neutral
"Ohhh, oh my God! Oh my God! She knows about us! (Answer) ",surprise,surprise
Are you serious? (Question) ,surprise,surprise
Phoebe knows and she's just trying to freak us out! That's the only explanation for it! (Statement Non Opinion) ,anger,anger
Okay but what about y'know my pinchable butt and my bulging biceps--She knows! (Statement Non Opinion) ,anger,anger
"Ross, umm, you've been in there for a long time. I'm starting to get kinda freaked out. (Statement Non Opinion) ",fear,fear
"All right, I'm coming out. Hey, can you turn the lights off. (Command) ",neutral,neutral
"No, let's just leave the lights on. (Disagreement) ",neutral,anger
Oh my God! (Others) ,surprise,surprise
"You wanna go right now? 'Cause I'll take you right now, buddy! You wanna go? (Question) ",anger,anger
Oh fine. (Answer) ,neutral,neutral
Ready? Wrestle! (Statement Non Opinion) ,joy,joy
"Okay, y'know what uh, actually, that's great. That helps a lot. Thanks. (Statement Opinion) ",neutral,joy
"All right now remember, something this big and long is going to be difficult to manuver, fortunately I have a lot of experience in that area. (Statement Non Opinion) ",neutral,neutral
"Can we please focus here, a naked man's life hangs in the balance! (Statement Non Opinion) ",fear,anger
I'm telling you he's dead. What we are about to have here is a dead fat guy on a stick. (Statement Non Opinion) ,anger,disgust
"All right, ladies and gentlemen, let's poke. (Command) ",neutral,joy
Steady. (Statement Non Opinion) ,neutral,neutral
Steady. (Statement Non Opinion) ,neutral,neutral
"Okay, a little higher. (Statement Non Opinion) ",neutral,neutral
Careful of the angle. (Statement Non Opinion) ,neutral,neutral
"Okay, okay, we're approaching the window Thread the needle. (Statement Non Opinion) ",neutral,neutral
Thread the needle. (Command) ,neutral,neutral
He's alive! He's a-live!!! (Statement Non Opinion) ,joy,joy
"And yet, we're still poking him. (Statement Non Opinion) ",disgust,neutral
"Okay, retract the device, retract the device. (Statement Non Opinion) ",neutral,neutral
He does not look happy. (Statement Opinion) ,anger,sadness
"Hey-hey, now he's showing us his poking device. (Statement Non Opinion) ",surprise,surprise
"Hey, that's never gonna make it all the way over here, buddy! (Statement Opinion) ",anger,anger
"Well they have uh, some unusual pet names for each other. (Statement Non Opinion) ",sadness,neutral
"Including umm, evil bitch and uh, sick bastard. (Statement Non Opinion) ",disgust,neutral
Oh God oh! (Others) ,surprise,surprise
Contraction! (Statement Non Opinion) ,surprise,neutral
Are you looking at her?! (Question) ,anger,anger
No! (Answer) ,anger,anger
Don't you look at her you sick bastard! (Command) ,anger,anger
Honey I swear! I wasn't looking at her! (Disagreement) ,fear,fear
She's in labor! You like that you sick son of a bitch! (Statement Non Opinion) ,anger,anger
"Umm. Umm, I'm-I'm just gonna-- (Statement Non Opinion) ",neutral,fear
See? See? It was because you were looking fat pervert! (Statement Opinion) ,anger,anger
"No-no, I'm...I'm sure no one was looking. Just want some privacy. (Disagreement) ",neutral,fear
You miss your girlfriend? (Question) ,neutral,anger
Just ignore them. (Answer) ,neutral,neutral
Ross. (Greeting) ,neutral,neutral
What? What? (Question) ,fear,surprise
He's looking at me. (Statement Non Opinion) ,neutral,fear
Hey! You wanna live to see your baby?! (Question) ,anger,anger
Don't you talk to my husband like that you stupid bastard! (Statement Non Opinion) ,anger,anger
Pat Sajak? (Question) ,neutral,surprise
Yep! (Answer) ,joy,joy
Alex Trebek? (Question) ,neutral,surprise
"Oh, of course! (Agreement) ",joy,joy
Chuck Woolery? (Question) ,neutral,surprise
"Definitely! Phoebe, you will not find a single game show host, who's ass I cannot kick. (Agreement) ",joy,joy
Say it! (Others) ,joy,neutral
Say we are unagi! (Statement Non Opinion) ,joy,neutral
It's not something you are! It's something you have! (Statement Non Opinion) ,anger,anger
Say it! (Others) ,joy,neutral
"Y'know what? I can easily get out of this, but there is a chance you can get very, very hurt! (Statement Non Opinion) ",anger,fear
"Hey, Rach, can I borrow your eyelash curler, I think I lost mine. (Question) ",neutral,neutral
"Yeah, it's in there. (Answer) ",neutral,neutral
Oh! Ohh! Oh!! (Backchannel) ,surprise,surprise
"Joey, can I talk to you for a second? (Question) ",neutral,neutral
Oohh!! Ohh! Oh-oh-oh! Oh-oh!! (Backchannel) ,surprise,surprise
oooooooooooooohhhhhhhhhhh (Backchannel) ,surprise,surprise
Yes. Yes. (Agreement) ,neutral,neutral
You?! And-and you?! (Question) ,surprise,surprise
"Yes, but you cannot tell anyone! No one knows! (Answer) ",joy,fear
How?! When?! (Question) ,surprise,surprise
It happened in London. (Answer) ,neutral,neutral
IN LONDON!!! (Question) ,surprise,surprise
The reason we didn't tell anyone was because we didn't want to make a big deal out of it. (Answer) ,neutral,neutral
But it is a big deal!! I have to tell someone! (Statement Non Opinion) ,surprise,anger
No-no-no-no-no! You can't! (Disagreement) ,fear,fear
"Please? Please?! We just don't want to deal with telling everyone, okay? Just promise you won't tell. (Command) ",fear,fear
"All right! Man, this is unbelievable! I mean, it's (Others) ",surprise,joy
"I know, it's great! (Agreement) ",joy,joy
"Aww, I don't want to see that! (Statement Non Opinion) ",disgust,disgust
We're so stupid! Do you know what's going on in there? They're trying to take Joey! (Question) ,sadness,anger
"And my second grade teacher was Ms. Thomas, and my first grade teacher was Mrs. Cobb. (Statement Non Opinion) ",neutral,neutral
"Mrs., Mrs. Gobb? (Question) ",neutral,surprise
"No Cobb, as in cobb salad. (Answer) ",neutral,neutral
"Now, what exactly is in a cobb salad? (Question) ",neutral,neutral
What're we gonna do? What're we gonna do? (Question) ,fear,fear
"Uh, uh, we'll flip for it. Ducks or clowns. (Answer) ",neutral,neutral
"Oh, we're gonna flip for the baby? (Question) ",surprise,surprise
You got a better idea? (Question) ,neutral,anger
"All right, call it in the air. (Answer) ",neutral,neutral
Heads. (Others) ,neutral,neutral
Heads it is. (Others) ,neutral,neutral
Yes! Whew! (Agreement) ,joy,joy
We have to assign heads to something. (Statement Non Opinion) ,neutral,neutral
"Right. Ok, ok, uh, ducks is heads, because ducks have heads. (Agreement) ",neutral,neutral
What kind of scary-ass clowns came to your birthday? (Question) ,anger,disgust
"Okay, some tricks of the trade. (Statement Non Opinion) ",neutral,neutral
"Now, I've never been able to cry as an actor, so if I'm in a scene where I have to cry, I cut a hole in my pocket, take a pair of tweezers, and just start pulling. (Statement Non Opinion) ",neutral,neutral
"Or ah, or, let's say I wanna convey that I've just done something evil. (Statement Non Opinion) ",neutral,neutral
"That would be the basic 'I have a fishhook in my eyebrow and I like it' Okay, let's say I've just gotten bad news, well all I do there is try and divide 232 by 13. (Statement Non Opinion) ",neutral,neutral
And that's how it's done. (Statement Non Opinion) ,neutral,neutral
"Great soap opera acting tonight everybody, class dismissed. (Others) ",joy,joy
"Hey, Mr. Trib. (Greeting) ",neutral,neutral
Hey-hey. (Greeting) ,joy,neutral
Then I'm gonna have to ask you to keep it down. (Statement Non Opinion) ,neutral,neutral
Who are you? (Question) ,surprise,anger
"Hi, I'm Eric, I'm gonna be Chandler's new roommate. (Answer) ",neutral,joy
I'm Chandler's new roommate. (Answer) ,surprise,neutral
I-I-I don't think so. (Disagreement) ,surprise,fear
I could be Chandler's new roommate. (Statement Non Opinion) ,surprise,neutral
"But, he told me over the phone. (Statement Non Opinion) ",surprise,neutral
He told me in person. (Statement Non Opinion) ,neutral,neutral
That's weird. (Statement Non Opinion) ,surprise,surprise
"Well, I'm going to go into my new apartment now. Ehh! (Statement Non Opinion) ",joy,disgust
Hey! Look who I found! (Statement Non Opinion) ,surprise,joy
"Oh, hey guys! (Greeting) ",joy,joy
"Y'know, birds have a very good sense of direction, and I thought maybe they could help us find where the presents are hidden. (Statement Opinion) ",neutral,neutral
"Yes, if the presents are hidden south for the winter. (Agreement) ",neutral,joy
Or we could just follow your clever jokes – any ideas? (Question) ,neutral,neutral
Didn't think so! (Answer) ,neutral,neutral
"Okay, c'mon guys, show us where the presents are! (Others) ",neutral,neutral
"Oh, the duck seems to think that Monica got me garbage! Hmm, I wonder what I could get Monica that's as good as garbage? (Acknowledge) ",anger,surprise
"Hmm, how about my azzz? (Question) ",neutral,disgust
"Hey, this is hollow. (Answer) ",neutral,surprise
What? (Question) ,surprise,surprise
"This bench, it's hollow! I can't believe I never knew that! Oh, the presents!!! (Answer) ",surprise,joy
"No, don't look directly at them! (Disagreement) ",fear,fear
What? (Question) ,surprise,surprise
"Alright, no, we could look at them! (Answer) ",neutral,neutral
I (Others) ,neutral,neutral
"Hi! I'm so glad you're here, but it's gonna be a while. I-I wished you'd called first. (Statement Non Opinion) ",joy,joy
"Oh that's all right, I'm coming back later with your father. (Agreement) ",neutral,neutral
Oh good. (Others) ,joy,joy
I actually needed to talk to you before the birth. (Statement Non Opinion) ,neutral,neutral
"Okay, what's up? (Question) ",neutral,neutral
"I brought something that I want to give you, assuming of course that you want it. (Acknowledge) ",neutral,neutral
"Ma, you're asking me to marry you? (Question) ",surprise,surprise
"This is your grandmother's engagement ring, I want you to give it to Rachel. (Answer) ",joy,neutral
"Mom no, come on! Thank you. (Command) ",surprise,anger
Just hear me out! (Statement Non Opinion) ,fear,anger
"Maybe this would've happened if I'd been more nurturing, or I'd paid more attention, or I... had a uterus. (Statement Non Opinion) ",sadness,sadness
I can't believe this! (Statement Non Opinion) ,sadness,anger
"I know no, no, y'know you don't deserve this, you don't Ross. (Agreement) ",sadness,sadness
"You're, you're really, you're so good. (Statement Non Opinion) ",sadness,joy
Thanks. (Acknowledge) ,sadness,neutral
And you're so sweet. And you're kind (Acknowledge) ,neutral,joy
Thanks. (Acknowledge) ,sadness,neutral
"Wait, wait, wait, wait, wait. (Command) ",surprise,surprise
"Okay, it's okay. (Agreement) ",neutral,neutral
"Wait, wait, wait. (Command) ",joy,surprise
My foot is stuck in the pocket. (Statement Non Opinion) ,sadness,fear
What? (Question) ,surprise,surprise
"No, I can't get it out. (Answer) ",sadness,fear
Rachel? (Question) ,neutral,neutral
Yeah. Hi Mark! (Answer) ,surprise,joy
"Hi. I just talked to Joanna, and she loves you. You got it, you got the job. (Statement Non Opinion) ",joy,joy
"Oh, I did! (Statement Non Opinion) ",surprise,surprise
Yes. (Agreement) ,joy,neutral
Oh my God!! (Others) ,surprise,joy
Congratulations...oh..wow (Acknowledge) ,joy,joy
I can't believe I did this! What an idiot! (Statement Non Opinion) ,anger,anger
"Oh, stop beating yourself up! (Command) ",sadness,neutral
People make mistakes! (Others) ,neutral,neutral
These things happen! (Statement Non Opinion) ,neutral,neutral
There aren't any message you've forgotten to give me are there? (Question) ,neutral,fear
Apparently you're not very good at it! (Answer) ,anger,anger
I (Others) ,neutral,neutral
Philadelphia. (Others) ,neutral,neutral
"Oh my God! So was she! Oh, I've got-I've got goose bumps. (Others) ",surprise,surprise
Really? (Question) ,surprise,surprise
"Well, y'know I'm wearing layers and it's warm. (Answer) ",neutral,neutral
Yeah. (Statement Non Opinion) ,joy,neutral
"But if--no look, okay. These jerks might not care about you, but the universe does! And that says a lot! (Statement Non Opinion) ",sadness,anger
Did you hear that?! (Question) ,neutral,surprise
I don't need you guys to care about me! (Answer) ,anger,anger
Because the universe cares! (Statement Opinion) ,joy,joy
The whole universe! (Statement Opinion) ,joy,joy
I really wished they'd care just a little bit though. (Statement Non Opinion) ,sadness,sadness
"I like this one. It seems to say, ""I love you and that's why I have to kill you."" (Statement Non Opinion) ",joy,joy
"They can't all be bad. Find the one where you make your bedroom eyes. Ohh, there it is. (Statement Opinion) ",joy,joy
Oh my God! Those are my bedroom eyes?! Why did you ever sleep with me? (Question) ,surprise,surprise
Do you really want to pull at that thread? (Question) ,surprise,neutral
I'm having a really good time! (Statement Non Opinion) ,joy,joy
Me too! I'm sorry that guy in the subway licked your neck. (Apology) ,sadness,sadness
"Ohh. No that's okay, he's a friend. (Acknowledge) ",neutral,neutral
"Hey uh, I don't mean to be presumptuous but I have these two tickets to the ballroom dancing finals tomorrow night if you want to go? (Statement Non Opinion) ",fear,neutral
"Yeah, I... Well y'know I-I mean I missed the-the semi-finals, so I'd just be lost. (Agreement) ",sadness,neutral
"I know it's really lame, but I got these tickets from my boss and--Oh no! No! No! My God! (Acknowledge) ",surprise,fear
"Okay, don't freak out. I'll go. (Command) ",neutral,neutral
"No it's... Uh, my ex-wife Whitney is out there. I cannot deal with her right now. That woman is crazy! (Statement Non Opinion) ",anger,anger
"Okay, I know. Hold on. Hey Ross? (Agreement) ",neutral,neutral
Yeah? (Agreement) ,neutral,neutral
"Yeah, umm that's Whitney , Kyle's ex-wife out there, now do you think that you can y'know divert her so that we can slip out? (Agreement) ",neutral,neutral
What?! No! (Question) ,surprise,anger
Well okay but I have two tickets to the ballroom dance finals. (Answer) ,neutral,neutral
"Look, I don't think so Pheebs. All right, I'll do it. But just because you're a friend. (Statement Opinion) ",neutral,neutral
"Well, I-I-I'm done with this. You want anything Ross? Sports? International? Apartment listings? (Question) ",neutral,neutral
I'll take sports. (Answer) ,neutral,neutral
Mine! (Others) ,neutral,joy
"All right. Uhh, international. (Agreement) ",neutral,neutral
"Okay, look, I-I know what you guys are going to say (Statement Non Opinion) ",neutral,neutral
You two will have very hairy children. (Statement Non Opinion) ,disgust,joy
"Okay, I didn't know you would say that. (Disagreement) ",surprise,surprise
Ross! Janice?! (Greeting) ,anger,anger
"All right, hold on! (Agreement) ",neutral,neutral
Hold on. (Command) ,neutral,neutral
Hold on. (Command) ,neutral,neutral
"This is Ross, okay? (Greeting) ",neutral,neutral
He's our friend. (Statement Non Opinion) ,neutral,neutral
He obviously went crazy. (Statement Non Opinion) ,anger,anger
He obviously lost his mind. (Statement Non Opinion) ,anger,anger
So are you actually gonna see her again? (Question) ,neutral,neutral
Phoebe! Don't put ideas in his head! (Command) ,anger,anger
Damnit Phoebe!! (Others) ,anger,anger
"Hey, don't we have to... (Statement Non Opinion) ",neutral,neutral
"Yeah, we got, um-hmm. (Statement Non Opinion) ",neutral,neutral
"Umm, I think you're really, really great... (Statement Opinion) ",joy,joy
Oh God! (Others) ,sadness,surprise
Here we go again. (Statement Non Opinion) ,sadness,sadness
Why does this keep happening to me? (Question) ,anger,sadness
Is it something I'm putting out there? (Question) ,sadness,sadness
Is this my fault? (Question) ,sadness,sadness
Or am I just nuts? (Question) ,sadness,sadness
"I-I-I-I-I don't know, I don't know what to say. (Answer) ",surprise,sadness
"Hey buddy, this is a family place, put the mouse back in the house. (Statement Non Opinion) ",disgust,anger
Wait! (Command) ,sadness,anger
Terry! (Greeting) ,sadness,joy
Please! (Command) ,sadness,anger
"Look, I just lost my other job. (Statement Non Opinion) ",sadness,sadness
Okay? (Agreement) ,neutral,neutral
You have no idea how much I need this. (Statement Non Opinion) ,sadness,sadness
"Please, help me out, for old times sake. (Others) ",sadness,sadness
This poor guy's been in a coma for five years. It's hopeless. (Statement Non Opinion) ,sadness,sadness
"It's not hopeless! Dr. Stryker Ramoray's a miracle worker. Look, here he comes. (Disagreement) ",joy,surprise
"Good morning. Drake, it's your brother Stryker. Can you hear me? (Greeting) ",neutral,neutral
I'm back baby! Ha-ha-ha! (Statement Non Opinion) ,joy,joy
That kid really kicked me hard on the plane. (Statement Non Opinion) ,anger,anger
Well you did pull his hair. (Statement Non Opinion) ,neutral,neutral
He took my snack! (Statement Non Opinion) ,anger,anger
I'm not getting into this again! (Statement Non Opinion) ,anger,anger
"Okay! Oh God, y'know what? It's really bad. (Statement Opinion) ",sadness,sadness
"Well, I told you not to walk. Here. There. Okay. (Statement Non Opinion) ",anger,neutral
"This doesn't mean anything, does it? (Question) ",fear,sadness
Of course! Only an idiot would wear this stuff if you didn't have the car! Right? (Answer) ,anger,joy
That is true. (Agreement) ,neutral,neutral
"Yeah, but only a genius would swallow a sonic blaster gun. (Agreement) ",neutral,joy
"Oh, I've been there. Yeah, I am gonna go drive my Porsche. (Statement Non Opinion) ",neutral,joy
"Joey, you know you don't actually have one. (Statement Non Opinion) ",neutral,neutral
Come on! What are you doing?! I'm in character! Would you talk to her! (Question) ,sadness,anger
"Ahh, I think it just moved. It's really poking me. (Statement Opinion) ",anger,disgust
"All right, that's it, we're going to the emergency room. (Statement Non Opinion) ",neutral,neutral
"What?! No, you can't, you can't leave me here with them! We're baby-sitting! (Disagreement) ",anger,fear
"The babies are asleep, I'm sure you'll be okay on your own for a while! (Statement Non Opinion) ",neutral,neutral
But you-you can't leave me with them! We-we're a team! We're playing a zone! They're gonna triple team me! (Disagreement) ,anger,fear
"He's got something plastic lodged in his throat, we've got to go to the hospital. (Statement Non Opinion) ",fear,neutral
"But no, because a doctor won't be able to help him, it's just gonna y'know naturally pass through his system in like seven years. (Statement Non Opinion) ",neutral,neutral
I think that's gum. (Statement Opinion) ,neutral,neutral
I'm pretty sure it's gun. (Statement Opinion) ,neutral,neutral
"Okay, listen this really hurts. Let's go. (Statement Opinion) ",anger,sadness
"A real man wouldn't just run to the hospital! No! What would, what would Krog do? (Question) ",anger,anger
That was the only way I could get him to (Answer) ,neutral,neutral
Hi! How are the Gellers? (Question) ,neutral,neutral
Don't call us that! (Statement Non Opinion) ,anger,anger
The judge wouldn't let us get an annulment! Now we gotta get a divorce!! Did a Porsch throw up on you? (Question) ,anger,anger
Hey! It's Porsche!! (Greeting) ,anger,anger
Hey sweetie! (Greeting) ,joy,joy
Hey! (Greeting) ,joy,joy
There's no back to this couch! (Statement Non Opinion) ,surprise,surprise
Why are you reading this? You hate this kind of stuff. (Question) ,surprise,anger
"Yeah I know, but I figured a shot y'know? (Answer) ",neutral,neutral
"Maybe one of those stories would make me cry and then you wouldn't think I was y'know, all dead inside. (Statement Non Opinion) ",neutral,sadness
"Oh that's so sweet! Look Chandler I don't care if you can't cry, I love you. (Statement Non Opinion) ",joy,joy
Oh that makes me feel so warm in my hollow tin chest. (Statement Non Opinion) ,neutral,sadness
Stop it! (Command) ,joy,anger
"No, I mean, come on, seriously think about it, we get married, we're up at the altar and I'm like this. (Statement Opinion) ",neutral,sadness
"I won't care, because I know you will be feeling it all in here. (Statement Non Opinion) ",neutral,joy
Yeah? (Question) ,neutral,neutral
Of course he is! (Answer) ,joy,joy
"What, do you think I'd just use my son as-as an excuse? (Question) ",joy,anger
What kind of father do you think I am? (Question) ,anger,anger
"All right, sorry. (Apology) ",neutral,sadness
I gotta go make a fake Ben. (Statement Non Opinion) ,neutral,neutral
"The basket is totally empty! My God, the neighbors ate all the candy! (Statement Non Opinion) ",surprise,anger
"Well, either that or uh (Others) ",neutral,neutral
Joey!! (Greeting) ,anger,neutral
Yeah? (Agreement) ,neutral,neutral
Did you eat all the neighbor candy?! (Question) ,anger,anger
"Uh well yeah, that was the plan, but by the time I got to it there was only a couple of pieces left! (Answer) ",anger,neutral
"Yeah, and they've been coming by all day. They love it! (Statement Non Opinion) ",joy,joy
They love my candy? Oh man!!! I've gotta go make more!! (Statement Non Opinion) ,joy,joy
"Hey Mon, you might wanna make some more lasagna too, because something might've happened to a huge chunk of it. (Statement Opinion) ",neutral,neutral
Ross! The neighbors ate all my candy!! (Statement Non Opinion) ,joy,anger
Mine stole my newspaper! It's like a (Statement Non Opinion) ,anger,anger
Sure! (Agreement) ,neutral,neutral
"Yeah, ever since you uh, told me that story about that bike I-I couldn't stop thinking about it. (Agreement) ",neutral,neutral
"I mean, everyone should have a-a (Statement Non Opinion) ",neutral,neutral
Oh my God Ross!! (Others) ,surprise,surprise
You like it? (Question) ,joy,neutral
I (Question) ,neutral,neutral
Yeah? (Answer) ,neutral,neutral
Hello darlings. (Greeting) ,neutral,joy
And there's daddy! (Statement Non Opinion) ,joy,neutral
There he is! There he is! (Statement Non Opinion) ,surprise,joy
Where? (Question) ,neutral,surprise
Right- where we've been looking all night! (Answer) ,joy,anger
He is so cute! (Statement Opinion) ,joy,joy
"Oh, George, baby, drop the towel! (Others) ",joy,joy
"Yeah, drop it! Drop the towel! Please drop the----wowww. (Command) ",joy,joy
"I've gotta tell you, Bob is terrific. (Statement Non Opinion) ",joy,joy
"Yeah, isn't he? (Question) ",joy,joy
"It is so great to meet a guy who is smart and funny, and has an emotional age beyond, like eight. (Statement Non Opinion) ",joy,joy
You know what else? He's unbelievable in bed. (Statement Non Opinion) ,joy,joy
Wow. My brother never even told me when he lost his virginity. (Statement Non Opinion) ,surprise,surprise
Huh. That's nice. (Others) ,neutral,neutral
"and the miracle was that that little bit of oil that should've just lasted just one day, burned for (Statement Non Opinion) ",neutral,neutral
Eight whole days. (Statement Non Opinion) ,neutral,neutral
"That's right, and that's why we celebrate Hanukkah today. The end. (Agreement) ",joy,joy
Awesome! (Acknowledge) ,joy,joy
Yeah? (Question) ,surprise,neutral
My favorite part was when (Statement Non Opinion) ,neutral,neutral
The Armadillo was actually not so (Statement Non Opinion) ,neutral,neutral
Hey! (Greeting) ,joy,neutral
Oh. (Backchannel) ,neutral,neutral
Wow! It looks like the Easter Bunny's funeral in here. (Others) ,surprise,surprise
"Come on, come on, we're-we're-we're lighting the candles! (Command) ",joy,joy
Oh. (Backchannel) ,neutral,neutral
Oh. (Backchannel) ,neutral,neutral
"Okay, I understand why (Acknowledge) ",neutral,neutral
"Yeah, sure. Good luck! (Greeting) ",joy,joy
I'm quitting!! Woo-hoo! I'm okay!! I'm all right!! (Statement Non Opinion) ,joy,joy
"Wow! That's exciting, you went to Japan, made up a woman. (Statement Non Opinion) ",surprise,surprise
What? (Question) ,neutral,surprise
"I'm just saying, this woman, I mean she's fictitious. No? (Answer) ",surprise,neutral
Why would you say that? (Question) ,neutral,anger
Cause you're still into Monica. (Answer) ,neutral,neutral
"So you told her there was somebody else so she would agree to work with you, so 'cause you figure oh if you spent a lot of time together, maybe something might happen, and... (Statement Non Opinion) ",neutral,neutral
You're good. You're good! (Acknowledge) ,joy,joy
"Yeah, no, I'm fairly intuitive and psychic. It's a substantial gift. (Agreement) ",neutral,joy
"Listen, can you promise me that you won't tell her though? (Question) ",fear,neutral
"Absolutely, oh I promise. Tell her what? (Answer) ",neutral,neutral
Thanks a lot. (Acknowledge) ,neutral,neutral
"No I'm serious. I mean I'm intuitive, but my memory sucks. (Statement Non Opinion) ",neutral,neutral
"Excuse me, pardon me, excuse me, excuse me, sorry. Hi. (Apology) ",neutral,sadness
"For God's sake, will you let it go? There's no Rachel! (Others) ",anger,anger
"Oh, hey, hey, I got that. (Statement Non Opinion) ",neutral,neutral
"Oh, thanks, sweetie. (Acknowledge) ",joy,joy
No problem. I cannot wait for you to meet my friends. (Statement Non Opinion) ,joy,joy
Really? (Question) ,surprise,surprise
You don't think they'll judge and ridicule me? (Question) ,fear,fear
"No, no, they will. I just... uh... (Answer) ",neutral,sadness
Can't wait. (Statement Non Opinion) ,neutral,neutral
Do I know you? (Question) ,surprise,neutral
"Oh my god, little Stevie Fisher? How've you been? (Question) ",surprise,joy
"Good, good, I'm a lawyer now. (Answer) ",neutral,joy
You can't be a lawyer. You're eight. (Disagreement) ,surprise,surprise
"Listen, it was nice to see you. I gotta run backstage. (Statement Non Opinion) ",joy,neutral
"Uh, wait, backstage? (Question) ",surprise,surprise
"Oh, yeah, my firm represents the band. (Answer) ",neutral,neutral
Ross. (Greeting) ,neutral,neutral
Chandler. (Greeting) ,neutral,neutral
"Look, you guys wanna meet the group? (Question) ",neutral,joy
Come on. (Command) ,neutral,neutral
"So, are you one of the ones who fooled around with my dad? (Question) ",surprise,anger
Do you have any respect for your body? (Question) ,disgust,anger
Don't you realise what you're-you're doing to yourself? (Question) ,disgust,anger
"Hey, y'know, I have had it with you guys and your cancer and your emphysema and your heart disease. (Statement Non Opinion) ",anger,anger
"The bottom line is, smoking is cool, and you know it. (Statement Non Opinion) ",neutral,joy
"Chandler? It's Alan, he wants to speak to you. (Statement Non Opinion) ",neutral,neutral
Really? (Question) ,surprise,surprise
He does? (Question) ,surprise,surprise
"Hey, buddy, what's up! (Greeting) ",joy,joy
"Oh, she told you about that, huh. (Statement Non Opinion) ",surprise,neutral
"Well, yeah, I have one now and then. (Agreement) ",neutral,neutral
"Well, yeah, now. (Agreement) ",neutral,neutral
"Well, it's not that big- ..well, that's true,.. Gee, y'know, no-one- no-one's ever put it like that before. (Statement Non Opinion) ",neutral,sadness
"Well, okay, thanks! (Acknowledge) ",joy,joy
"God, he's good. (Statement Opinion) ",joy,joy
If only he were a woman. (Statement Opinion) ,neutral,sadness
Yeah. (Agreement) ,neutral,neutral
"Oh, look look look. (Command) ",surprise,joy
The last candle's about to burn out. (Statement Non Opinion) ,neutral,neutral
"10, 9, 8, 7... ... negative 46, negative 47, negative 48.... (Statement Non Opinion) ",neutral,neutral
Thank you. (Greeting) ,neutral,joy
Thanks. (Greeting) ,neutral,joy
Kinda... spooky without any lights. (Others) ,fear,fear
Bwah-hah-hah! (Others) ,joy,joy
"OK, guys, guys? I have the definitive one. Mwwwooooo-hah-hah... (Statement Non Opinion) ",joy,joy
Oh.. oh... oh. (Others) ,neutral,surprise
"Hey Ross. This probably isn't the best time to bring it up, but you have to throw a party for Monica. (Statement Non Opinion) ",neutral,sadness
You blew them away! (Statement Non Opinion) ,joy,joy
"Oh, I can't tell you how great it was to look at the crowd and see your face! (Statement Non Opinion) ",joy,joy
"I mean... uh, did you know you were mouthing the words along with me? (Question) ",neutral,surprise
I was (Answer) ,surprise,neutral
"No, it's ok! Made me feel like a rock star! (Agreement) ",joy,joy
Oh my God! I'm your (Others) ,surprise,surprise
I'd better not found you naked in my hotel room! (Statement Non Opinion) ,joy,anger
"Look, I took it too far! (Statement Non Opinion) ",joy,sadness
"Okay, Monica: Right foot red. (Others) ",neutral,neutral
Could've played (Statement Non Opinion) ,neutral,neutral
Thanks. (Acknowledge) ,neutral,joy
"Okay, Pheebs: Right hand blue. Good. (Others) ",neutral,neutral
"Hello? Oh, uh, Rachel, it's the (Greeting) ",neutral,neutral
"Oh, okay. Will you take my place? (Question) ",neutral,neutral
"Alright. Yes, this is Rachel. (Answer) ",neutral,neutral
Nooo! (Disagreement) ,surprise,anger
Hello? (Question) ,neutral,neutral
"Oh, yeah, no, I know, I-I haven't been using it much. (Statement Non Opinion) ",neutral,neutral
"Oh, well, thanks, but, I'm okay, really. (Statement Non Opinion) ",joy,neutral
Green. To the green. (Others) ,neutral,neutral
I've got magic beans. Never-never mind. (Statement Non Opinion) ,neutral,sadness
"To the left, to the left- aww! (Statement Non Opinion) ",neutral,sadness
Ohhh... I'm fine. (Statement Non Opinion) ,neutral,sadness
Hey! (Greeting) ,joy,joy
Please tell me you got the message! (Greeting) ,fear,fear
What message? (Command) ,neutral,neutral
"The actor playing Mac couldn't do it, they needed to see you at 2 o'clock. (Question) ",neutral,neutral
What?! It's 6 o'clock! (Statement Non Opinion) ,surprise,surprise
"Du-du-I wrote it, I wrote it on the board! (Question) ",fear,anger
"I wrote it on the board, then I went all over New York City looking for ya! (Answer) ",anger,anger
I went to Ross's! (Statement Non Opinion) ,neutral,neutral
I went to the coffeehouse! (Statement Non Opinion) ,neutral,neutral
I went to any place that they made sandwiches! (Statement Non Opinion) ,neutral,neutral
"That's the day you're gonna die? See--darnit, I've got shuffleboard that day. (Statement Non Opinion) ",neutral,neutral
That's what you think. (Others) ,neutral,neutral
"Well, I mean what about friends of your grandmother's? Wouldn't they have the recipe? (Question) ",neutral,neutral
"Well, y'know I may have relatives in France who would know. My grandmother said she got the recipe from her grandmother, Nesele Tolouse. (Statement Non Opinion) ",neutral,neutral
What was her name? (Question) ,neutral,neutral
Nestley Toulouse. (Answer) ,neutral,neutral
Nestlé Toll House? (Question) ,neutral,surprise
"Oh, you Americans always butcher the French language. (Answer) ",neutral,anger
Yes!! Oh. (Agreement) ,surprise,joy
I cannot believe that I just spent the last two days trying to figure out the recipe and it was in my cupboard the whole time! (Acknowledge) ,anger,anger
I know! You see it is stuff like this which is why you're burning in hell!! (Agreement) ,anger,joy
"So, we're decided, no on plaid, yes on pink? (Question) ",neutral,neutral
Absolutely! (Answer) ,joy,joy
I am so on board! (Statement Non Opinion) ,joy,joy
Rachel didn't you just light that? (Question) ,neutral,surprise
"Yeah, I did, but y'know what? I am really, really trying to cut back, y'know? Good luck, Rach. (Answer) ",neutral,sadness
I've actually been thinking about quitting lately. (Statement Non Opinion) ,neutral,sadness
"Oh sure, every Sunday night I'm telling myself I'm quitting but every Monday morning it's like (Agreement) ",disgust,sadness
Tell me about it! (Command) ,neutral,neutral
Well then let's just quit! We'll just quit! Let's all quit! (Others) ,joy,anger
It does sound appealing. (Statement Non Opinion) ,neutral,neutral
"Oh, I never could do it. (Disagreement) ",joy,sadness
Oh but you could. (Disagreement) ,neutral,neutral
You can. (Statement Opinion) ,neutral,neutral
Absolutely! (Agreement) ,joy,joy
We can help each other out! (Statement Opinion) ,joy,joy
We can get--what are those--those patches! (Statement Non Opinion) ,neutral,neutral
We could be like the Patch Sisters! (Statement Opinion) ,joy,joy
"Oh y'know, we really should quit. Okay, let's quit! (Others) ",joy,joy
Yes! Great! Give me those cigs! Give it! Give it! (Command) ,joy,anger
My late husband gave me that lighter. I'm not kidding. (Statement Non Opinion) ,sadness,sadness
Okay then! (Others) ,joy,neutral
"Well, maybe it's a contest, y'know? Like, collect all five? (Question) ",neutral,neutral
"Does, um, anyone wanna see? (Question) ",neutral,neutral
Nooo.. (Answer) ,disgust,disgust
"Oh, hey, don't do that! Cut it out! (Command) ",anger,anger
It's worse than the thumb! (Statement Opinion) ,disgust,disgust
"Hey, this is so unfair! (Statement Non Opinion) ",anger,anger
"Oh, why is it unfair? (Question) ",surprise,neutral
So I have a flaw! (Answer) ,anger,sadness
Big deal! (Others) ,anger,neutral
Like Joey's constant knuckle-cracking isn't annoying? (Question) ,anger,anger
"And Ross, with his over-pronouncing every single word? (Question) ",anger,anger
"And Monica, with that snort when she laughs? (Question) ",anger,anger
"I mean, what the hell is that thing? (Question) ",disgust,anger
"...I accept all those flaws, why can't you accept me for this? (Question) ",anger,sadness
...Does the knuckle-cracking bother everybody? (Question) ,anger,neutral
"Well, I-I could live without it. (Answer) ",neutral,neutral
"Well, is it, like, a little annoying, or is it like when Phoebe chews her hair? (Question) ",neutral,neutral
"Oh, now, don't listen to him, Pheebs, I think it's endearing. (Answer) ",neutral,joy
"Oh, ""you do, do you""? (Question) ",anger,surprise
"You know, there's nothing wrong with speaking correctly. (Statement Non Opinion) ",neutral,neutral
"""Indeed there isn't""... I should really get back to work. (Statement Non Opinion) ",joy,neutral
"Yeah, 'cause otherwise someone might get what they actually ordered. (Agreement) ",neutral,joy
"Ohh-ho-hooohhh. The hair comes out, and the gloves come on. (Statement Non Opinion) ",anger,joy
Awww! Mel Torme died. (Others) ,sadness,sadness
"Joey, that paper's like a year old! (Statement Opinion) ",neutral,neutral
Aw! Does that mean the (Others) ,sadness,sadness
Hey. (Greeting) ,neutral,neutral
Hey. (Greeting) ,neutral,neutral
You're sure? You're absolutely sure? (Question) ,neutral,fear
"Well, no. But, um, I bet she probably does. (Answer) ",neutral,neutral
Probably? (Question) ,neutral,surprise
"Yeah, I don't like that word. (Answer) ",disgust,disgust
Kind of what 'probably' really means. (Statement Non Opinion) ,neutral,neutral
"Yeah, uh-huh. (Agreement) ",neutral,neutral
"Yeah, oh, ""Your mom probably won't kill herself,"" y'know? (Question) ",anger,sadness
"I'm sorry, but I'm not hanging all my hopes of Rachel and I living together on-on ""Probably!"" (Apology) ",anger,sadness
You gotta take care of yourselves! (Statement Non Opinion) ,neutral,anger
In (Others) ,neutral,neutral
"Bing doesn't seem so weird now, does it? (Question) ",neutral,joy
Yoo-hoo! Aaron Litman-Neurolic would like to say hello to his future bride. (Statement Non Opinion) ,joy,joy
Ohhh! Wow! He kinda takes your breath away doesn't he? (Question) ,joy,surprise
He's a keeper. How are you feeling? (Question) ,neutral,joy
"Oh, I'm fine. (Answer) ",neutral,neutral
"Can I just say, I really admire what you're doing. Just raising her all alone. (Statement Non Opinion) ",neutral,neutral
"Oh, I'm not doing it alone. I have Ross. (Disagreement) ",neutral,neutral
"Oh, sure. Now. But what happens when he meets somebody else and gets married? (Question) ",neutral,fear
"Well then he gets a divorce, it's Ross! (Statement Non Opinion) ",neutral,anger
"I'm telling you Rachel, listen to Janice. They all say they're gonna be there until they start their real family. (Statement Opinion) ",neutral,sadness
Well I--That's never gonna happen with Ross. (Statement Non Opinion) ,sadness,neutral
"Oh well that's what I thought about my first husband, now I'm lucky if my kid gets to spend the weekend with her father and the twins and little Ms. New Boobs. (Statement Non Opinion) ",disgust,sadness
"All this stuff takes up a lot of room. Hey how uh, how serious are you about keeping Ben in your life? (Question) ",neutral,neutral
"And Tim I just wanna say, good luck here. (Statement Non Opinion) ",neutral,joy
Hey. Who's that? (Question) ,neutral,neutral
New people. (Answer) ,neutral,neutral
What happened to the Disgustingtons? (Question) ,neutral,disgust
They're having their baby! (Answer) ,anger,joy
It's not fair Ross we got here first! (Statement Non Opinion) ,anger,anger
Right after you left they wheeled her off into delivery. (Statement Non Opinion) ,neutral,sadness
Oh but not before she gave me a juicy shot of little Jamie just crowning away. (Statement Non Opinion) ,neutral,disgust
"Wow! Sorry. So uh, how are the new people? (Apology) ",surprise,surprise
Phoebe? (Question) ,neutral,neutral
Yeah? (Question) ,neutral,neutral
"Look at that guy by the window, wow! (Command) ",surprise,joy
"He's awfully short and I think he's talking to himself. And to be completely honest, he's not that good in bed. (Statement Non Opinion) ",neutral,disgust
"Oh, what is wrong with me lately? (Question) ",sadness,sadness
I mean it's like every guy I see--I mean look here. (Statement Non Opinion) ,neutral,neutral
"Look at that guy for example, I mean normally that's not someone I would-would be attracted to, but right now, with the way I'm feeling, all I want to do is rip off his sweatpants and fanny pack. (Statement Non Opinion) ",neutral,surprise
"Wait a second! This is about the fourth month of your pregnancy, right? (Question) ",neutral,neutral
Yeah. (Answer) ,neutral,neutral
"This is completely normal, around the fourth month your hormones start going crazy. (Statement Non Opinion) ",neutral,neutral
Really?! So this has happened to you? (Question) ,surprise,surprise
Oh absolutely yeah! (Answer) ,neutral,joy
"Oh and keep in mind, now, I was carrying triplets so in, y'know, medical terms I was-I was thrice as randy. (Statement Non Opinion) ",neutral,neutral
"Wow! This explains so much! Last weekend, I went from store to store sitting on Santa's lap. (Statement Non Opinion) ",joy,joy
"Yeah. Yeah, I remember trying to steal a cardboard cutout of Evander Holyfield from a (Agreement) ",neutral,neutral
Ugh! (Backchannel) ,disgust,disgust
I don't know what I'm going to do! (Statement Non Opinion) ,fear,sadness
I called the company that sent and th-they don't care! (Statement Non Opinion) ,anger,anger
"Then I called 9-1-1 and they laughed at me, if this isn't an emergency, then what is? (Question) ",anger,anger
Hey guys! (Greeting) ,joy,joy
Hey! (Greeting) ,joy,joy
Hey (Greeting) ,neutral,neutral
"I just wanted to thank you again for last night, what a great party! (Acknowledge) ",joy,joy
And the guys from work had a blast. (Statement Non Opinion) ,joy,joy
"Y'know, one of them had never been to a bachelor party before. (Statement Non Opinion) ",joy,neutral
Yeah! (Agreement) ,joy,joy
"And-and another one had never been to a party before, so (Statement Non Opinion) ",surprise,neutral
"So uh, hey, that uh, that wedding ring, huh? Man, that's nice! (Question) ",joy,joy
"Yeah, right! (Answer) ",joy,joy
"I was uh, I was thinking I might want to pick one of those babies up for myself, I might want to get one of those (Statement Non Opinion) ",neutral,joy
"That ring? When my grandmother first came to this country, that ring and the clothes on her back were all she had with her. (Statement Non Opinion) ",surprise,neutral
"So you might say, the ring is irreplaceable? (Question) ",surprise,neutral
"Oh absolutely! It has been in my family for generations, and every bride who has worn it has had a long and happy life. (Answer) ",joy,joy
"So you might say, it's a magic ring. (Statement Opinion) ",joy,neutral
OH MY GOD!! I didn't really believe it until you just said it!! (Others) ,surprise,surprise
Well obviously only one of us can keep dating her. (Statement Non Opinion) ,neutral,neutral
"Obviously! So, how do we decide? (Question) ",neutral,neutral
"Well now let's-let's look at this objectively, I think I should date her (Answer) ",neutral,neutral
Uh-huh. Uh-huh. (Backchannel) ,neutral,neutral
"That's interesting, but check this out. I date her (Statement Non Opinion) ",joy,neutral
Yeah-yeah I like that but just to go in another direction (Agreement) ,neutral,neutral
"Okay, okay. This can go on for a while. (Acknowledge) ",neutral,neutral
Yeah well we should order some food then. (Statement Non Opinion) ,neutral,neutral
"No Joey! Look why don't, why don't we just let her decide? Okay? Hey-hey, we'll (Disagreement) ",neutral,anger
That sounds fair. (Statement Non Opinion) ,neutral,neutral
Maybe I'll take her to that new French restaurant down the street (Statement Opinion) ,neutral,joy
Ah yeah--wait a second now! (Command) ,anger,anger
Look we're gonna have to set a spending limit on the date. (Statement Non Opinion) ,neutral,neutral
I don't have the money to take her to a fancy place like that. (Statement Non Opinion) ,anger,sadness
"Well sorry, that's what I do on dates. (Apology) ",neutral,sadness
"All right, well I guess I'll just have to do what I do on dates. (Statement Non Opinion) ",neutral,neutral
So let's decide on the spending limit (Others) ,neutral,neutral
"Yeah. Uh, ...a slice......six dollars? (Question) ",neutral,neutral
I was thinking more like a hundred. (Answer) ,neutral,neutral
Okay. Can I borrow 94 dollars? (Question) ,neutral,neutral
"Hi, again. (Greeting) ",neutral,joy
Hey! (Greeting) ,neutral,joy
Hey! (Greeting) ,neutral,joy
"Thank you soo, much. (Acknowledge) ",joy,joy
"Oh, don't thank me, thank the jerk that never showed up. Okay, I gotta get to get to work. (Statement Opinion) ",anger,anger
You want some help with that? (Question) ,neutral,neutral
"Oh, no thanks, I got it. No I don't! (Answer) ",neutral,neutral
Whoa! Are you okay? (Question) ,surprise,surprise
"Whew! Stood up to fast, got a little head rush. (Others) ",surprise,neutral
It's the heat. And-and the humidity. (Others) ,neutral,neutral
"That's a uh, that's a tough combination. (Statement Non Opinion) ",neutral,neutral
Do you wanna come in for some lemonade? (Question) ,neutral,neutral
Like you wouldn't believe. Wow! This is a great place. (Answer) ,surprise,joy
What do you mean? (Question) ,neutral,neutral
Oh! (Backchannel) ,surprise,surprise
"Hey, somebody left their keys. (Statement Non Opinion) ",neutral,neutral
"Ooohh, to a Porsche! (Others) ",surprise,joy
"Hey Gunther, these yours? (Question) ",neutral,neutral
"Yeah, that's what I drive. I make four bucks an hour, I saved up for 350 years! (Answer) ",disgust,anger
Na-uh! Hey did anybody lose their keys? (Question) ,neutral,neutral
"Joey, why don't you put them in the lost and found? (Question) ",neutral,neutral
There's a lost and found? My shoe! (Answer) ,surprise,surprise
You left a shoe here?! (Question) ,surprise,surprise
"Well, I didn't realize until I got home. (Answer) ",neutral,neutral
I wasn't gonna walk all the way back down here with one shoe! (Statement Non Opinion) ,neutral,neutral
I'm gonna go find that guy's car and leave a note on the windshield. (Statement Non Opinion) ,neutral,neutral
"Oh good, when he comes back for his keys, I'll be sure to give him your shoe. (Statement Non Opinion) ",neutral,neutral
Great! Thanks. (Acknowledge) ,joy,joy
"Ok, and this is Funny Clown. Funny Clown is only for after his naps, not before his naps or he won't sleep. (Statement Non Opinion) ",neutral,neutral
"Carol, we've been through this before, ok? (Question) ",joy,anger
We have a good time. (Statement Non Opinion) ,joy,joy
"We laugh, we play. (Statement Non Opinion) ",joy,joy
It's like we're father and son. (Statement Opinion) ,joy,joy
"Honey, relax. Ross is great with him. Don't look so surprised. I'm a lovely person. (Command) ",joy,neutral
"Oh, this is so cute. (Statement Opinion) ",joy,joy
"Oh, I got that for him. (Statement Non Opinion) ",neutral,neutral
My mommies love me. That's clever. (Statement Non Opinion) ,joy,joy
Hello? (Greeting) ,neutral,neutral
"Oh, Hi, Ju----Hi, Jew! (Greeting) ",neutral,surprise
Uh huh? (Backchannel) ,neutral,neutral
Uh huh? (Backchannel) ,neutral,neutral
"Ok. Um, sure, that'd be great. (Statement Non Opinion) ",neutral,neutral
See ya then. (Others) ,neutral,neutral
Bye. (Greeting) ,neutral,neutral
"Did you just say Hi, Jew? (Question) ",surprise,surprise
"Yes. Uh, yes, I did. That was my friend, Eddie Moskowitz. Yeah, he likes it. Reaffirms his faith. (Answer) ",neutral,neutral
Now there you go! I wouldn't want my best guest to strain her eyes! (Statement Non Opinion) ,joy,joy
Thanks Monica! (Acknowledge) ,joy,joy
Does that smell bother you? (Question) ,disgust,neutral
"What the smell from Joey's? No, I can hardly smell it over here. (Answer) ",surprise,neutral
"Well you let me know if you can, because y'know I can bake a pie to cover it. (Statement Non Opinion) ",neutral,neutral
"I can smell it a little, bake the pie. (Statement Non Opinion) ",joy,neutral
Okay! (Agreement) ,joy,joy
Okay. (Agreement) ,neutral,neutral
"Hello? Oh yes, one minute please. It's for you. It's the fire inspector. (Others) ",neutral,neutral
Oh! Hello? Yeah this is Phoebe. Really?! (Question) ,surprise,surprise
"Yeah, so it turns out that it wasn't the hair straightener that started the fire. (Answer) ",neutral,neutral
"No-no, it was the candles. (Disagreement) ",neutral,neutral
It's very not good leaving candles unattended. (Statement Non Opinion) ,neutral,neutral
"In fact, one of the first things they teach you in fire school is... Uhh... Uhh... Okay. (Statement Non Opinion) ",neutral,neutral
"Well, I have to go now. (Statement Non Opinion) ",neutral,neutral
Joey proposed to me. (Statement Non Opinion) ,surprise,neutral
Is he crazy?! You just had Ross's baby! (Question) ,surprise,anger
"Well, I-I said yes. (Answer) ",fear,neutral
What?! (Question) ,surprise,surprise
Are you crazy? (Question) ,anger,anger
You just had Ross's baby! (Statement Non Opinion) ,anger,anger
It's-it's so inappropriate. (Statement Non Opinion) ,anger,anger
"No, it's worse than that. (Statement Opinion) ",disgust,anger
It's wrong. (Agreement) ,disgust,anger
It's... It is bigger than mine! (Statement Non Opinion) ,surprise,anger
I know. (Agreement) ,neutral,neutral
You can't marry him! (Statement Non Opinion) ,sadness,anger
Why not? I don't want to do this alone! And he's such a sweet guy and he loves me so much. (Question) ,sadness,sadness
Well do you love him? (Question) ,neutral,neutral
Sure. (Answer) ,neutral,neutral
Sure? (Question) ,neutral,neutral
"Yeah, I mean whatever. (Answer) ",neutral,neutral
"Honey, the question is...do you really want to marry Joey? (Question) ",sadness,neutral
"No. No, I don't. Could you be a dear and go tell him? (Answer) ",sadness,sadness
So-so you two were married huh? What happened? You just drift apart? (Question) ,neutral,sadness
Here comes the bride. (Statement Non Opinion) ,joy,neutral
Oh my God Monica! (Others) ,surprise,surprise
I wanna wear this everyday. (Statement Non Opinion) ,joy,joy
You look so beautiful. (Statement Opinion) ,joy,joy
I'm so happy for me. (Statement Non Opinion) ,joy,joy
Hello? (Question) ,neutral,neutral
Hey! Did Chandler show up yet? (Question) ,fear,neutral
"Yeah, we got him back. Everything's fine. (Answer) ",neutral,neutral
Damnit! (Others) ,anger,anger
"I will be! Listen, I don't want you teaching my son that stuff anymore. Okay? (Question) ",anger,anger
Fine. (Answer) ,neutral,neutral
"Fine, but I'll have you know that once I taught him that stuff he called me Fun Aunt Rachel. (Statement Non Opinion) ",anger,joy
And I loved being Fun Aunt Rachel but I'll go back to being Boring and Uncomfortable Aunt Rachel if that's what you want! (Statement Non Opinion) ,anger,sadness
"No that's not what I want. Uh, I'm glad you guys were bonding but I (Disagreement) ",neutral,neutral
"Look he doesn't have any brothers or sisters, somebody's gonna have to teach him this stuff! (Statement Non Opinion) ",sadness,neutral
And I haven't taught him anything that a normal 6-year-old doesn't know anyway! (Statement Non Opinion) ,neutral,neutral
Crap!! (Others) ,anger,surprise
I gotta go! (Statement Non Opinion) ,neutral,neutral
Look at that! Look at that! They're going into the first class lounge! Do you know what they have in there? (Question) ,surprise,joy
No. (Answer) ,neutral,neutral
Me neither! We have to get in! (Agreement) ,surprise,joy
Just act like you belong. (Statement Non Opinion) ,neutral,neutral
Oh my God! Oranges! (Others) ,surprise,surprise
Shh! Nice to see you again. (Acknowledge) ,neutral,neutral
"Uh sir, may I see your tickets please? (Question) ",neutral,neutral
"Yes, of course. (Answer) ",neutral,neutral
"I'm sorry, would you move your thumb? I can't see the seat number. (Apology) ",neutral,sadness
"Oh that's all right, I have it memorized. It's 1A. (Agreement) ",neutral,neutral
Okay! (Agreement) ,joy,joy
Y'know what? (Question) ,neutral,neutral
I realized it was stupid to get upset about not having a husband and kids. (Statement Non Opinion) ,joy,sadness
All I really needed was a plan. (Statement Non Opinion) ,neutral,neutral
See I wanna have three kids (Statement Non Opinion) ,neutral,joy
"Oh let me guess, and you wanna have them all at the same time and you wanna have them for your brother. (Statement Opinion) ",joy,disgust
As I was saying... I should probably have the first of the three kids by the time I'm 35 which gives me five years. (Statement Non Opinion) ,neutral,neutral
You spent a hundred dollars. That's the limit. You're screwed! (Statement Non Opinion) ,joy,anger
"Uh actually, I sent the flowers before the actual date. So technically, (Statement Non Opinion) ",anger,neutral
Oh-oh! So that's the way it's gonna be huh? Yeah I can break the rules too y'know! (Question) ,anger,anger
Oh yeah? What are you gonna do? (Question) ,anger,anger
I don't know. (Answer) ,neutral,sadness
Why am I not surprised? (Question) ,disgust,disgust
Y'know what Ross? I'm not gonna let you get away with this! (Question) ,anger,anger
I don't think you have much choice. (Answer) ,neutral,neutral
Well we'll see! (Statement Non Opinion) ,anger,anger
Bye-bye! (Greeting) ,neutral,neutral
Yeah bye-bye! Hey! So just a light layer? (Greeting) ,neutral,neutral
Yes. Yes. Just here and there . (Others) ,neutral,neutral
Dad? (Question) ,neutral,neutral
I'm here! (Answer) ,neutral,joy
Hey! (Greeting) ,surprise,joy
"Hi. God, it seems like just yesterday you guys used to come out to watch me work. (Statement Non Opinion) ",joy,sadness
"Dad, we-we can't believe you're selling the house. (Statement Non Opinion) ",sadness,sadness
"Well, it's time for a new family to start their memories here and hopefully their check will clear before they find the crack in the foundation and the asbestos in the ceiling. (Statement Non Opinion) ",neutral,neutral
Let's grab our stuff and get the hell out of here. (Others) ,neutral,anger
I'm sorry we can't store your childhood things anymore. (Apology) ,sadness,sadness
"Oh, that's okay, I can't wait to see everything again! All of the memories (Agreement) ",joy,joy
"Well, I don't know what's in the boxes down here, but I do know there are six or seven (Statement Non Opinion) ",neutral,neutral
I used to (Others) ,neutral,neutral
"Yeah, not as much as you used to love to play uncooked batter eater. (Agreement) ",neutral,joy
"Hey, it is unreasonable to expect a child to wait for a (Statement Opinion) ",neutral,anger
"Ok, got the vent open. (Others) ",neutral,neutral
"Hi, I'm Ben. I'm hospital worker Ben. It's Ben... to the rescue! (Greeting) ",joy,joy
"Ben, you ready? (Question) ",neutral,neutral
"All right, gimme your foot. (Answer) ",neutral,neutral
"Ok, on three, Ben. (Others) ",neutral,neutral
"One, two, three. (Statement Non Opinion) ",neutral,neutral
"Ok, That's it, Ben. (Others) ",neutral,neutral
What do you see? (Question) ,neutral,neutral
"Well, Susan, I see what appears to be a dark vent. Wait. Yes, it is in fact a dark vent. (Answer) ",neutral,neutral
"Phoebs, It's open! It's open! (Statement Non Opinion) ",surprise,joy
Wait! You forgot your legs! (Statement Non Opinion) ,surprise,surprise
"You have a very impressive resume, Ms. Green. I especially like what I see here about implementing a new filing system. (Statement Non Opinion) ",joy,neutral
Thank you. (Acknowledge) ,joy,joy
Filing system? (Question) ,neutral,surprise
Oh-oh! (Statement Non Opinion) ,surprise,surprise
You mean those-those little colored labels you put on all the folders? (Question) ,neutral,surprise
It certainly did brighten up the inside of the filing cabinets. (Answer) ,joy,joy
"Well, they uh, they-they do more than that. (Answer) ",neutral,neutral
I notice that you've been trusted with a lot of rather important responsibilities. (Statement Non Opinion) ,neutral,neutral
"Yes, Joanna really has been an incredible mentor to me. (Agreement) ",joy,joy
Oh. And Rachel has been really incredible in getting my morning bagel for me. It's amazing how she gets it right almost (Statement Non Opinion) ,joy,joy
"I-I-I of course, I have more responsibilities than that. (Statement Non Opinion) ",neutral,neutral
"Oh yes, well there's the coffee too. Rachel can carry two things at once! (Agreement) ",joy,joy
"Yes, that's very good. Now a uh, big part of this job is cultivating personal relationships, especially with designers. (Agreement) ",neutral,neutral
"Yes, I realize that (Agreement) ",neutral,neutral
"And Rachel shouldn't have any problem with that. The only problem might be getting a little too friendly, if you know what I mean. (Statement Non Opinion) ",neutral,disgust
I love working with designers! (Statement Non Opinion) ,joy,joy
"With them, under them, what's the difference? Eh, Rach? (Question) ",neutral,disgust
"Chandler, you have an assistant right? (Question) ",neutral,neutral
Did she call? You-you told her I was sick right? Always tell her I am sick! (Answer) ,fear,fear
"Chandler, listen to me sweetie, I know you can do this. Okay? You have a beautiful smile. (Command) ",neutral,joy
I do? (Question) ,surprise,surprise
"Yeah! All right, maybe you don't have to smile. Let's try something else. Let's try umm, try looking sexy. (Answer) ",neutral,neutral
Okay. (Agreement) ,neutral,neutral
Or not. (Others) ,neutral,sadness
Where's Chandler? (Question) ,neutral,neutral
Here I am. (Answer) ,neutral,neutral
Wash your hands!!! (Command) ,disgust,anger
How did you...know? (Question) ,surprise,surprise
Hey! What's she doing back here? (Question) ,surprise,anger
"Relax, Ross. She's not made of ice cream! (Answer) ",neutral,joy
"Hey look, Phoebe. I, uh, I laid out the states geographically... (Statement Non Opinion) ",neutral,neutral
What happened in Atlantic City?! (Question) ,surprise,surprise
"Well, Chandler and I are in a bar (Answer) ",neutral,neutral
"Did you not hear me say, ""Du-ude?!"" (Question) ",anger,anger
"And this girl is making eyes at Chandler, okay? (Statement Non Opinion) ",neutral,neutral
"So after awhile he-he goes over to her and uh, after a minute or two, I see them kissing. (Statement Non Opinion) ",neutral,neutral
"Now, I know what you're thinking, Chandler's not the type of guy who just goes to bars and makes out with girls, and you're right, Chandler's not the type of guy who just goes to bars and makes out with...girls. (Statement Non Opinion) ",joy,neutral
You kissed a guy?!! Oh my God. (Question) ,surprise,surprise
"In my defense, it was dark and he was a very pretty guy. (Answer) ",anger,joy
"Oh Mon, I laughed so hard (Statement Non Opinion) ",joy,joy
"Ho-ho, so hard we had to throw out your underwear again? (Statement Non Opinion) ",anger,joy
"Whatever dude, you kissed a guy. (Statement Non Opinion) ",neutral,neutral
"So umm, you're gonna stay with me as long as I need you? (Question) ",neutral,fear
Of course I am! (Answer) ,joy,joy
"Oh mom, I swear I'm not an idiot. (Statement Opinion) ",neutral,sadness
"I've read all kinds of books on pregnancy and giving birth, but I-I just didn't think to read the part about what to do when the baby comes. (Statement Non Opinion) ",neutral,sadness
And-and then guess what? (Question) ,neutral,surprise
The baby's coming and I don't know what to do. (Answer) ,sadness,fear
"Oh, can I throw up in my diaper genie? (Question) ",sadness,disgust
"No. Sweetie, you're gonna be fine. (Answer) ",neutral,joy
Wait-wait where are you going? Where are you going? (Question) ,fear,fear
I'm going to the bathroom. (Answer) ,neutral,neutral
Okay. (Statement Non Opinion) ,neutral,neutral
Now don't worry! Everything's gonna be okay. (Statement Opinion) ,neutral,joy
It (Others) ,neutral,neutral
Hey! (Greeting) ,joy,joy
Hey! Why are you all red and sweaty? (Question) ,surprise,surprise
I just Bamboozled Chandler! Which is not uh sexual thing. That was a quick shower. (Answer) ,neutral,joy
Not if you were here. (Statement Non Opinion) ,neutral,neutral
"Okay, the reason why I asked you guys out to brunch today is because I have been doing some thinking about who should be my maid of honor. (Statement Non Opinion) ",neutral,neutral
Oh my God! This is it! I really hope it's you! (Others) ,joy,joy
I hope it's you. (Others) ,neutral,joy
Me too! (Others) ,joy,joy
"First of all um, I love you both so much and you're both so important to me (Statement Non Opinion) ",joy,neutral
"Okay, bla-bla-bla-bla!! Who is it?! (Question) ",joy,anger
"Well umm, I was thinking that maybe we could come up with a system where we trade off being maid of honor for each other. (Statement Non Opinion) ",neutral,neutral
"Like hypothetically, if Phoebe were mine (Statement Non Opinion) ",neutral,neutral
Yes!!! Oh!! (Agreement) ,joy,joy
Hypothetically! (Others) ,anger,neutral
Still. (Others) ,neutral,neutral
If Phoebe were my maid of honor (Statement Non Opinion) ,neutral,neutral
"Rachel would be Phoebe's, I would be Rachel's, that way we all get to do it once and no one would get upset. (Statement Non Opinion) ",neutral,neutral
Yeah that's actually a pretty good idea. (Agreement) ,neutral,joy
"Yeah, I'll do that. So who gets to be yours? (Question) ",neutral,neutral
"Well that's the best part. Umm, (Statement Non Opinion) ",neutral,neutral
Wh-why is that the best part? (Question) ,surprise,surprise
Because then I don't have to! (Answer) ,joy,joy
Well of (Others) ,neutral,neutral
I'm really not deciding! (Statement Non Opinion) ,joy,neutral
Fine! (Agreement) ,anger,neutral
"Aww, and good luck to you too! What a nice lady! (Others) ",joy,joy
It's not just the drum noise. (Statement Non Opinion) ,neutral,neutral
"Every five minutes, Joey throws his sticks in the air, and I have to hear, ""Oh my eye! (Statement Non Opinion) ",anger,anger
"Oh god, my eye!"" (Others) ",anger,fear
"I mean, it is so annoying. (Statement Non Opinion) ",anger,anger
"Yes, thank you. You see, this is how normal people are supposed to react to drums. (Agreement) ",neutral,joy
"Phoebe, you got Joey drums to annoy Rachel, so she wouldn't wanna live there anymore? (Question) ",surprise,surprise
Maybe on some level. (Answer) ,neutral,neutral
Joey? Could you get that? What are you doing here? I thought you were in your room? (Question) ,surprise,surprise
"No, I'm picking you up for our date. These are for you. (Answer) ",neutral,joy
"Ohh, Lilies. Joey, they're my favorite. Thank you. (Acknowledge) ",joy,joy
"And, a brownie! (Others) ",joy,joy
"Well, half a brownie. (Others) ",neutral,neutral
"Actually, it's just bag. (Statement Opinion) ",neutral,neutral
It's been a long walk from the flower shop and I was startin' to feel faint so (Statement Non Opinion) ,neutral,neutral
Oh man! (Others) ,joy,neutral
This is so great! (Statement Non Opinion) ,joy,joy
I actually feel like I'm going on a real date! (Statement Non Opinion) ,joy,joy
"Although, I have a hint of morning sickness, and I'm wearing underwear that goes up to about......there. (Statement Non Opinion) ",neutral,neutral
"Hey come on now, this is a real date. (Statement Non Opinion) ",neutral,neutral
"Uh, so...nice place you got here. (Statement Non Opinion) ",neutral,neutral
"Foosball, huh? (Others) ",surprise,neutral
Pizza box. (Others) ,neutral,neutral
"Oh, a subscription to (Others) ",surprise,neutral
"Yeah, actually that's my roommate's. (Statement Non Opinion) ",neutral,neutral
I would like to meet him. He sounds like a stand up guy. (Statement Non Opinion) ,neutral,joy
"Ah yes, but he's very protective of me so you'd better watch yourself. (Statement Non Opinion) ",neutral,neutral
"Ah... Hey, so this roommate of yours...is he good looking? (Question) ",joy,neutral
Hm-mmm (Backchannel) ,neutral,neutral
"Oh yeah, it must be tough to keep your hands of him, huh? (Question) ",neutral,neutral
"Yeah, but I'm pretty sure he's gay. (Answer) ",neutral,neutral
"No-no-no-no, he's not! No! Why are you trying to ruin the game? Come on! (Disagreement) ",anger,anger
Can you believe what a jerk Ross was being? (Question) ,anger,anger
"Yeah, I know. He can get really competitive. (Answer) ",neutral,neutral
"Ha. Ha, ha. (Others) ",joy,joy
What? (Question) ,neutral,surprise
"Oh, hello, kettle? This is Monica. You're black. (Greeting) ",neutral,joy
Please! I am not as bad as Ross. (Statement Non Opinion) ,disgust,anger
"Oh, I beg to differ. The (Others) ",neutral,neutral
That was (Others) ,neutral,neutral
Oooooh. : Oh! I got an interview! I got an interview! (Statement Non Opinion) ,joy,joy
"Well, not playing raquetball! (Statement Non Opinion) ",surprise,neutral
He forgot to leave his grip size! (Statement Non Opinion) ,surprise,neutral
He didn't get the goggles! (Statement Non Opinion) ,surprise,neutral
"Well,sounds like you two have issues. (Statement Non Opinion) ",neutral,neutral
"Goodbye, baby. (Greeting) ",neutral,joy
"Ciao, bela. (Greeting) ",neutral,joy
Do they wait for me to do this? (Question) ,neutral,surprise
So are you gonna tell him? (Question) ,neutral,neutral
Why would I tell him? (Question) ,neutral,anger
"How about 'cause if you don't, his mother might. (Answer) ",neutral,neutral
What are you guys doing here? (Question) ,anger,surprise
Uhhhh.... he's not even wearing a jockstrap! (Statement Non Opinion) ,surprise,disgust
...What did I ask? (Question) ,neutral,surprise
God. I feel violated. (Statement Non Opinion) ,disgust,disgust
"Did anybody else feel they just wanted to peel the skin off their body, to have something else to do? (Question) ",disgust,disgust
"Ross, ten o'clock. (Statement Non Opinion) ",neutral,neutral
Is it? Feels like two. (Question) ,sadness,surprise
"No, (Answer) ",neutral,neutral
"There's a beautiful woman at eight, nine, ten o'clock! (Statement Non Opinion) ",joy,joy
Oh. Hel-lo! (Greeting) ,joy,joy
"She's amazing! She makes the women that I dream about look like short, fat, bald men! (Statement Opinion) ",joy,joy
"Well, go over to her! She's not with anyone. (Statement Non Opinion) ",joy,neutral
"Oh yeah, and what would my opening line be? 'Excuse me. Blarrglarrghh.' (Question) ",fear,fear
"Oh, c'mon. She's a person, you can do it! (Others) ",joy,joy
"Oh please, could she (Others) ",neutral,neutral
He could never get a woman like that in a million years. (Statement Opinion) ,neutral,sadness
"Oh, oh, but y'know, you always see these really beautiful women with these really nothing guys, you could be one of those guys. (Statement Non Opinion) ",neutral,neutral
You could do that! (Statement Opinion) ,joy,joy
You think? (Question) ,surprise,surprise
"OK, that's enough of the view. Check this out, look at this. Sit down, sit down. (Others) ",neutral,joy
OK. (Agreement) ,neutral,neutral
"This is great! Helen, could you come in here for a moment? (Question) ",joy,joy
"Thank you Helen, that'll be all. (Acknowledge) ",neutral,neutral
"Last time I do that, I promise. (Statement Non Opinion) ",neutral,sadness
"I am so, so, so, so sorry! (Apology) ",sadness,sadness
Uh-huh. (Backchannel) ,disgust,neutral
"And I will cook anything you want in here , and do anything in there! (Statement Non Opinion) ",fear,joy
"Yeah you will! And, are you kiddin' me?! (Question) ",anger,anger
"Come on Monica, it's our Valentine's Day. Please? Please-please, please? (Command) ",sadness,sadness
Okay. (Agreement) ,neutral,neutral
Okay. (Agreement) ,neutral,neutral
"So, are we going in there? (Question) ",neutral,neutral
I am!! (Answer) ,joy,joy
Wow! (Others) ,surprise,surprise
It actually is in the handbook. (Statement Non Opinion) ,neutral,neutral
I can't date you or have a hot plate in my office. (Statement Non Opinion) ,neutral,neutral
I can't believe we have to stop seeing each other. (Statement Non Opinion) ,sadness,sadness
For what it's worth I did appreciate you standing up for me. It felt really nice. It kinda made me like you even more. (Statement Non Opinion) ,joy,joy
"I know, I know I really like you too. But we-we can't date. It's against the rules. It's forbidden. (Agreement) ",neutral,sadness
Wow! (Others) ,surprise,surprise
What? (Question) ,surprise,neutral
"Just hearing you describe it as forbidden, it's really hot. (Answer) ",joy,joy
Really? (Question) ,surprise,surprise
Yeah. (Answer) ,neutral,neutral
"Well I-I-I don't care how hot it is it's-it's uh, it's wrong. (Statement Non Opinion) ",joy,anger
Stop it! (Command) ,joy,anger
No! No! It's wrong! It's-it's-it's naughty. It's taboo. (Disagreement) ,joy,anger
Shut the book! (Command) ,joy,anger
Let's also get a hot plate! (Command) ,joy,joy
"Rach, you're in a great place in your life. Come on, you've got a great job! Good friends (Statement Opinion) ",joy,joy
Yeah! So-so when are you getting married? (Question) ,joy,neutral
"Oh I'm not, I just like to try these on. (Answer) ",neutral,neutral
I do the same thing. (Statement Non Opinion) ,neutral,neutral
I'm just kidding. I'm getting married July 25 (Statement Non Opinion) ,joy,joy
I'm just kidding too. I'm getting married in December. (Statement Non Opinion) ,joy,joy
So when are you getting married? (Question) ,neutral,neutral
Oh May 15 (Answer) ,neutral,neutral
Oooh it's getting close! (Statement Non Opinion) ,joy,joy
"So uh, who's your photographer? (Question) ",neutral,neutral
Jeffrey (Answer) ,neutral,neutral
We met with him. Did he show you the photos of the nude wedding he did? (Question) ,neutral,surprise
The best man? Wow! (Answer) ,surprise,surprise
"I know! I almost called off my wedding. Oh, who's your band?! (Statement Non Opinion) ",joy,neutral
"Oh, my fiancee wants the Swing Kings. (Statement Non Opinion) ",neutral,neutral
"Oh, you're so lucky. My fiancee wants the heavy metal band Carcass. (Statement Non Opinion) ",sadness,neutral
"Ooh, is that spelled with a 'C' or a 'K'? Oh my God! It doesn't matter; they're both great! (Statement Non Opinion) ",joy,joy
Oh y'know what? (Question) ,neutral,neutral
Now that you know what you want you should go to Kleinman's and get it half off. (Statement Non Opinion) ,neutral,joy
This place is so overpriced. (Statement Non Opinion) ,disgust,neutral
"So, does this come in another color or (Statement Non Opinion) ",neutral,neutral
"I am telling you, years from now, schoolchildren will study it as one of the greatest first dates of all time. (Statement Non Opinion) ",neutral,joy
It was unbelievable! (Statement Non Opinion) ,surprise,joy
"We could totally be ourselves, we didn't have to play any games... (Statement Non Opinion) ",joy,joy
So have you called her yet? (Question) ,neutral,neutral
Let her know I like her? (Question) ,fear,neutral
"What are you, insane? (Question) ",anger,anger
It's the next day! (Statement Non Opinion) ,joy,neutral
How needy do I want to seem? (Question) ,neutral,neutral
"I'm right, right? (Question) ",neutral,neutral
"Oh, yeah. Yeah. Let her dangle. (Agreement) ",neutral,joy
I can't believe my parents are actually pressuring me to find one of you people. (Statement Non Opinion) ,surprise,sadness
"Oh, God, just do it! Call her! Stop being so testosteroney! (Others) ",anger,anger
"Which, by the way, is the real San Francisco treat. I got her machine. (Question) ",neutral,neutral
Her answer machine? (Question) ,neutral,neutral
"No, interestingly enough her leaf blower picked up. (Answer) ",neutral,joy
"So, uh, why didn't you say anything? (Question) ",neutral,neutral
"Oh, no-no-no-no. Last time I left a spontaneous message I ended up using the phrase ""Yes indeedy-o."" (Answer) ",disgust,sadness
"Look look! It's Rachel and Barry. No, don't everybody look at once! (Command) ",surprise,surprise
"Okay, okay, what's going on? (Question) ",neutral,neutral
"Okay, they're just talking... (Answer) ",neutral,neutral
"Yeah, well, does he look upset? Does he look like he was just told to shove anything? (Question) ",neutral,anger
"So, um, what do you do for a living? (Question) ",neutral,neutral
"Well, um, for the past few years I've been working.....which is funny because, that wasn't even my major. (Answer) ",neutral,joy
Oh no. I thought you said they could shoot the spot without you. (Statement Non Opinion) ,neutral,surprise
I thought they could...I'll try to get back as soon as I can. I'm sorry. (Apology) ,sadness,sadness
Now that is funny. (Statement Opinion) ,neutral,joy
"Hey, do you think...would it be too weird if I invited Carol over to join us? (Question) ",neutral,neutral
"Cause she's, she's alone now, and pregnant, and, and sad. (Statement Non Opinion) ",sadness,sadness
I guess. (Statement Non Opinion) ,neutral,neutral
Are you sure? Great. Carol? Wanna come over and join us? (Question) ,neutral,joy
"Oh, no no no. I'm fine. I'm fine. (Answer) ",neutral,neutral
Come on. (Command) ,neutral,neutral
These people'll scooch down. (Statement Non Opinion) ,neutral,neutral
"You guys'll scooch, won't you? (Question) ",neutral,neutral
Let's try scooching! (Statement Non Opinion) ,joy,neutral
Come on. (Command) ,neutral,neutral
Come on. (Command) ,neutral,neutral
"Uh, Kristen Riggs, this is Carol Willick. (Statement Non Opinion) ",neutral,neutral
"Carol, Kristin. (Statement Non Opinion) ",neutral,neutral
"Uh, Carol teaches sixth grade. (Statement Non Opinion) ",neutral,neutral
"And, Kristin, Kristin......does something that, funnily enough, wasn't even her major! (Statement Non Opinion) ",joy,joy
Okay. (Agreement) ,neutral,neutral
When I was six years old. (Statement Non Opinion) ,neutral,neutral
Hm-mm (Backchannel) ,neutral,neutral
I wanted a big wheel. (Statement Non Opinion) ,neutral,neutral
And instead my parents got me this little plastic chicken that you hop around on. (Statement Non Opinion) ,anger,neutral
"It was embarrassing, kids made fun of me. (Statement Non Opinion) ",sadness,sadness
That was a pretty tough year. (Statement Non Opinion) ,sadness,sadness
That's-that's great! (Others) ,joy,joy
See? (Others) ,neutral,neutral
I already feel like I know you a little better! (Statement Non Opinion) ,joy,joy
Thank you. (Statement Non Opinion) ,joy,neutral
"Okay, come on. (Command) ",neutral,neutral
Now we can go eat. (Statement Non Opinion) ,neutral,neutral
Let's go. (Command) ,neutral,neutral
It was horrible. They called me chicken boy. (Statement Non Opinion) ,sadness,sadness
Oh! (Backchannel) ,surprise,surprise
"Will you pick one, just pick one! Here, how about that one? (Question) ",anger,anger
That's patio furniture! (Answer) ,surprise,disgust
"So what, like people are gonna come in and think, ""Uh-oh, I'm outside again?"" Of course! (Statement Non Opinion) ",neutral,neutral
What about the birds? (Question) ,neutral,surprise
"I don't know, birds just don't say, ""Hello, sit here, eat something."" (Answer) ",neutral,neutral
You pick one. (Statement Non Opinion) ,neutral,neutral
"All right, how about the ladybugs? (Question) ",neutral,neutral
"Oh, so, forget about the birds, but big red insects suggest fine dining! (Statement Non Opinion) ",anger,disgust
"Fine, you want to get the birds, get the birds! (Agreement) ",anger,anger
"Not like that, I won't! Kip would have liked the birds! (Statement Non Opinion) ",sadness,sadness
Bijan for men? (Question) ,neutral,neutral
Bijan for men? (Question) ,neutral,neutral
"Bijan for... Hey, Annabelle, Uh, listen, I was wondering if maybe after work you and I could go maybe grab a cup of coffee. (Answer) ",neutral,joy
"Oh, actually I sorta have plans. (Statement Non Opinion) ",neutral,sadness
"Ready, Annabelle? (Question) ",neutral,neutral
You bet. Maybe some other time? (Question) ,neutral,sadness
"Hey, it's not the first time I lost a girl to a cowboy spraying cologne. Bijan for men? Bijan for men?! (Answer) ",sadness,anger
That was amazing! (Statement Non Opinion) ,joy,joy
Phoebe and Gary are (Statement Non Opinion) ,neutral,neutral
That was amazing. (Statement Non Opinion) ,joy,joy
We are the hottest! Huh? (Question) ,joy,joy
"No, you're the best. (Answer) ",neutral,joy
"No, you're the best. (Answer) ",neutral,joy
"No, you're the best. (Answer) ",neutral,joy
I (Others) ,neutral,neutral
Hey guys! What 'cha been doin'? (Question) ,neutral,joy
Hey Joey! Isn't that the girl that waved at you the other day? (Question) ,neutral,surprise
So what are you gonna do? (Question) ,neutral,neutral
"What can I do? One person wants to break-up, you break-up. (Answer) ",sadness,sadness
"Hey, no way! Come on, this is you guys, call her and work it out. (Command) ",sadness,anger
"Oh come on, we just had this huge fight, all right, don't I have to wait a while? (Question) ",sadness,fear
"Hey, this isn't like swimming after you eat, pick up the phone!! (Statement Non Opinion) ",anger,anger
Y'know that whole swimming thing is a myth. (Statement Opinion) ,neutral,neutral
"Yeah, tell that to my Uncle Lenny. (Agreement) ",neutral,joy
Why? What happened to him? (Question) ,neutral,surprise
"Nothing, he's just really believes in that. (Answer) ",neutral,neutral
It looks like your uterus is ready for implantation. (Statement Non Opinion) ,neutral,neutral
Oh! I knew it! I knew it! I felt really thick this morning. (Agreement) ,joy,joy
"Well, okay, so what's now--go get, go get the eggs, put 'em in there. (Command) ",neutral,neutral
"Okay, it'll take just a little while to prepare the embryos. (Statement Non Opinion) ",neutral,neutral
"Embryossss? As in, ""More than one?"" (Question) ",surprise,surprise
"Um-hmm, five actually. (Answer) ",neutral,neutral
"Five? Okay, where am I giving birth, a hospital or a big box under the stairs? (Question) ",neutral,surprise
We do five because that gives you a 25% chance that at least one will attach. (Answer) ,neutral,neutral
That's it! 25 percent? That means that's it's like 75 percent chance of no baby at all! (Statement Non Opinion) ,surprise,sadness
"Hey, y'know I was thinking, what are the odds like if-if, if you stuff like 200 of them in there? (Question) ",neutral,neutral
"Sweety, now, she's a woman, not a gumball machine. (Statement Opinion) ",neutral,neutral
"Okay, well y'know what, don't worry you guys, 'cause I'm-I'm gonna do this as many times as it takes to get it right. (Statement Non Opinion) ",neutral,neutral
"Well, you see, the-the thing is, we-we only got, we kinda have one shot to make it right. (Statement Non Opinion) ",neutral,sadness
"Umm, it costs $16,000 each time you do this. (Statement Non Opinion) ",neutral,neutral
"So, umm, we're kinda using all the money we have to do it just this one time. (Statement Non Opinion) ",neutral,sadness
"Whoa!! That--okay, that's a (Agreement) ",disgust,surprise
"No, I'm sorry. (Apology) ",neutral,sadness
Wow! You guys really don't know anything! (Statement Non Opinion) ,surprise,anger
I know! Why don't you get drunk! That worked for a lot of girls in my high school. (Agreement) ,anger,neutral
Hey! (Greeting) ,neutral,joy
Hey! (Greeting) ,neutral,joy
You guys got anything to eat? I just went down to Johnos for some chicken and it was closed! (Question) ,surprise,anger
"Oh, I took Larry there to eat but it was all violated. So we shut it down! (Answer) ",disgust,disgust
"Pheebs, if this guy keeps closing down all of our favorite places, where are we gonna eat?! (Question) ",anger,anger
"I don't know, clean places? (Answer) ",neutral,neutral
"Mm, yum! (Backchannel) ",neutral,joy
It's Danny. (Statement Non Opinion) ,neutral,neutral
Don't let him in! I'm supposed to be at a regatta gala. (Command) ,fear,anger
We'll be right there! Can't you just say it starts later? (Question) ,anger,neutral
What? What kind of a regatta gala starts at night?! (Question) ,surprise,surprise
The fake kind! (Answer) ,anger,joy
"Hey, hi, I need a ladle. You got a ladle? (Question) ",neutral,neutral
We have a ladle. (Answer) ,neutral,neutral
"Thanks, see you at the party. (Acknowledge) ",neutral,joy
"Okay, great! (Acknowledge) ",joy,joy
"Hey, guys, you know what Larry would say? He would say, ""See you ladle."" (Greeting) ",neutral,joy
You're so efficient. I love you! (Statement Non Opinion) ,joy,joy
Let's go! (Command) ,joy,neutral
No-no-no! We need something old! (Disagreement) ,sadness,anger
"Ohh, great, I have condom in my wallet I've had since I was twelve. (Statement Non Opinion) ",neutral,disgust
That'll work! (Statement Non Opinion) ,joy,joy
I don't think so. (Disagreement) ,neutral,anger
"Okay, now we just need something borrowed! (Statement Non Opinion) ",joy,neutral
Here just...take this. (Statement Non Opinion) ,neutral,neutral
That's stealing! (Statement Opinion) ,sadness,anger
"No, we'll-we'll bring it back! Just put it under your dress. (Disagreement) ",neutral,anger
Ohh. (Backchannel) ,joy,neutral
"Okay, one thing at a time. (Statement Non Opinion) ",neutral,neutral
Remember how you said you were really dense about poetry? Oh. (Question) ,neutral,surprise
"If you wanna give Joey a Christmas present that disrupts the entire building, why not get him something a little bit more subtle, like a wrecking ball, or a phial of small pox to release in the hallway? (Statement Non Opinion) ",neutral,anger
Sorry about that. So. What have you been up to? (Question) ,neutral,neutral
"Oh, not much. I-I got a job. (Answer) ",joy,joy
"Oh, that's great. (Acknowledge) ",joy,joy
Why are- why are you so tanned? (Question) ,surprise,surprise
"Oh, I, uh- I went to Aruba. (Answer) ",neutral,neutral
Noooo! I'm lying. I am so drunk. (Statement Non Opinion) ,joy,joy
"Oh God, oh. (Others) ",anger,fear
"Great, Monica, y'know what, you could've called, I have been up here, I've been worried... (Statement Non Opinion) ",sadness,anger
Monica? Monica! (Question) ,anger,fear
Water rules! (Others) ,joy,joy
"Yes, yes, it does. Okay, look, the restaurant called, they wanna know if you're gonna be showing up for work? (Question) ",neutral,neutral
Nope. Going to the (Answer) ,neutral,neutral
"Okay Monica, what are you doing? You're gonna lose your job! This is not you! (Question) ",anger,anger
"No, it is me! (Answer) ",joy,anger
"Y'know, I'm not just the person who needs to fluff the pillows and pay the bills as soon as they come in! (Statement Non Opinion) ",anger,sadness
"Y'know, when I'm with her, I am so much more than that. (Statement Non Opinion) ",joy,joy
I'm- I'm Monana! (Greeting) ,joy,joy
"Hello? Yes, she is, hold on a second, please. Monana, it's for you, the credit card people. (Greeting) ",neutral,neutral
Helloooo? Yeah. Oh my God. Thanks. (Greeting) ,joy,surprise
What? (Question) ,neutral,surprise
They've arrested Monica. (Answer) ,sadness,fear
Note the painterly lines and subtle impasto on this canvas. Monet painted quickly and usually outdoors as his elusive subject was light itself. (Statement Non Opinion) ,neutral,neutral
"Now, do you have any idea what you just said? (Question) ",neutral,anger
"No, no, my mouth says the words, my brain is thinking monster trucks! (Answer) ",neutral,joy
"Ok now, remember, when you get to the museum, Monet is not spelt M-O-N-A-Y. (Statement Non Opinion) ",neutral,neutral
I just... (Others) ,neutral,sadness
I wrote that out phonetically for you. (Statement Non Opinion) ,neutral,neutral
Phonetically? (Question) ,neutral,surprise
"Yeah, yeah that means... you know? We just... we don't have time for this. (Answer) ",neutral,anger
"Ok, but you know what? I gotta say, I'm really impressed that you were able to memorize all this so quickly! (Statement Opinion) ",surprise,joy
"Ah! I'm an actor! I can memorize anything! Last week on ""Days"" I had to say ""Frontal temporal zygomatic craniotomy"". (Statement Non Opinion) ",joy,joy
Wow. What does (Acknowledge) ,surprise,surprise
No idea! (Others) ,surprise,neutral
"But the guy I said it to dies in the next scene so I guess it means ""you're gonna get eaten by a bear"". (Statement Non Opinion) ",neutral,joy
Ok! So let's move on to the Renaissance? (Command) ,neutral,neutral
"Ok, Caravaggio uses chiaroscuro here to highlight the anguish of the central figure. Touch it, it's really bumpy! . (Agreement) ",neutral,joy
"Nah ah! Nah ah! No no no! No ad-libbing and dude, you can't (Disagreement) ",anger,anger
Come on! you... (Command) ,neutral,anger
No! (Disagreement) ,anger,anger
Oh. Oh-oh. (Backchannel) ,neutral,neutral
Hey! What happened to you? Why didn't you come up? (Question) ,surprise,surprise
Done! (Answer) ,joy,joy
You just finished? (Question) ,surprise,surprise
"Well, I wanted to be thorough. (Answer) ",neutral,neutral
"I mean this-this is clearly very, very important to you, to us! (Statement Non Opinion) ",joy,neutral
"And so I wanted to read every word carefully, twice! (Statement Non Opinion) ",joy,neutral
"So umm, does it? (Question) ",neutral,neutral
I'm sorry. (Apology) ,sadness,sadness
Does it? (Question) ,fear,neutral
"Does it? Does it? Yeah, I wanted to give that whole 'Does it?' part just another glance. (Answer) ",neutral,neutral
"What are you talking about, Ross, you just said that you read it twice! (Question) ",anger,anger
"Look, y'know what, either it does or it doesn't, and if you have to even (Answer) ",anger,anger
"No, Rach, no. I don't, I don't, I don't (Answer) ",neutral,fear
Are you sure? (Question) ,joy,sadness
"Oh, sure! I'm sure. (Answer) ",joy,neutral
You got married again. (Question) ,neutral,surprise
Yes. (Answer) ,neutral,neutral
So that's your second marriage in two years. (Question) ,neutral,surprise
"Yes, second in two years. Third overall. (Answer) ",neutral,neutral
"Ross, I have been a divorce attorney for 23 years and never had I so much business from one client. (Statement Non Opinion) ",neutral,neutral
Why don't you tell me what happened. (Question) ,neutral,neutral
"Basically, Rachel and I were in Vegas and we got drunk (Answer) ",neutral,sadness
"I'm sorry, is this the same Rachel who's name you said at the altar in the second marriage? (Apology) ",surprise,surprise
"Yes-yes-yes! But, I-I do (Agreement) ",neutral,fear
"Oh, that's better then. (Statement Opinion) ",neutral,neutral
This was just a drunken mistake and I need to get it annulled. (Statement Non Opinion) ,neutral,sadness
I see. Have you considered therapy? (Question) ,neutral,neutral
I think just the (Answer) ,neutral,neutral
There are a couple of forms to fill out. (Statement Non Opinion) ,neutral,neutral
Easy. (Others) ,neutral,neutral
"And we'll need to have witnesses who can testify that you were not of uh, sound mind. (Statement Non Opinion) ",neutral,neutral
No problem. (Others) ,neutral,neutral
And we'll need you and Rachel to testify before a judge. (Statement Non Opinion) ,neutral,neutral
Ooh! (Backchannel) ,surprise,surprise
There's no way to do this without her? (Statement Non Opinion) ,surprise,fear
"Cause I kinda all ready told her uh, it was, it was already taken care of. (Statement Non Opinion) ",fear,fear
"So, Phoebs owes $7.50, Monica, you owe $10, and Rachel, you owe fifteen big ones. (Statement Non Opinion) ",neutral,neutral
"But hey, thanks for teachin' us Cross-Eyed Mary. You guys, we gotta play that at our regular game. (Statement Non Opinion) ",neutral,joy
"Alright, here's my $7.50. But I think you should know that this money is cursed. (Agreement) ",neutral,neutral
What? (Question) ,surprise,surprise
"Oh, I cursed it. So now bad things will happen to he who spends it. (Answer) ",neutral,neutral
"That's alright, I'll take it. (Agreement) ",neutral,neutral
Bad things happen to me anyway. (Statement Non Opinion) ,neutral,sadness
This way I can break 'em up with a movie. (Statement Non Opinion) ,neutral,neutral
"Well, that just leaves the big Green poker machine, who owes fifteen... (Statement Non Opinion) ",neutral,neutral
You wanna do it right now? (Question) ,neutral,neutral
Great! (Agreement) ,joy,joy
"Ok, I just wanna be really sure this time. Andie McDowell's the girl from (Statement Non Opinion) ",neutral,neutral
No. No no no no no. That's Rodney McDowell. Andie McDowell is the guy from (Disagreement) ,neutral,anger
"Oh, yeah. Ok, thank you. (Acknowledge) ",neutral,neutral
You're welcome. (Acknowledge) ,neutral,neutral
is for me not to see you anymore. (Others) ,sadness,sadness
That's crazy! (Others) ,surprise,surprise
You can't do that! (Statement Non Opinion) ,surprise,anger
What are you going to tell her? (Question) ,sadness,neutral
Oh God. (Others) ,fear,sadness
"Ohh, you already agreed to this, haven't you? (Question) ",sadness,anger
"It's awful I know, I mean, I feel terrible but I have to do this if I want my marriage to work. (Statement Non Opinion) ",sadness,sadness
"And I do, I have to make (Statement Non Opinion) ",sadness,neutral
Ohh! Lucky me! Oh my God! That (Others) ,surprise,anger
You have no idea what a nightmare this has been. This is so hard. (Statement Non Opinion) ,sadness,sadness
"Oh yeah, really? Is it Ross? Yeah? Okay, well let me make this a just a little bit easier for you. (Question) ",anger,anger
What are you doing? (Question) ,surprise,neutral
Storming out! (Answer) ,anger,anger
"Rachel, this is your apartment. (Question) ",neutral,neutral
"Yeah, well that's how mad I am!! (Answer) ",anger,anger
These little women. Wow! (Statement Non Opinion) ,surprise,joy
"Your liking it, huh? (Question) ",neutral,neutral
Oh yeah! Amy just burned Jo's manuscript. I don't see how he could ever forgive her. (Answer) ,joy,anger
"Umm, Jo's a girl, it's short for Josephine. (Statement Non Opinion) ",neutral,neutral
Chandler. (Greeting) ,neutral,neutral
Hi. (Greeting) ,neutral,neutral
Hi. (Greeting) ,neutral,neutral
Joey. (Greeting) ,neutral,neutral
Hey-hey! (Greeting) ,joy,joy
Hey. (Greeting) ,neutral,neutral
This is Monica. (Greeting) ,neutral,neutral
Whoa! (Greeting) ,surprise,surprise
And this is Rachel. (Greeting) ,neutral,neutral
Hi! (Greeting) ,joy,joy
Whoa!! (Others) ,surprise,surprise
I'm gonna get coffee. (Statement Non Opinion) ,neutral,neutral
"Hey, how do you guys get anything done? (Question) ",joy,neutral
"We don't, really. (Answer) ",neutral,neutral
"Well, so, now, do you guys have a lot of big plans? (Question) ",neutral,neutral
"Oh yeah! Yeah, no, we're gonna connect, y'know bond, and everything. (Answer) ",joy,joy
"Yeah, I was thinking that maybe we could go down to Time Square and pick up some ninja stars. (Statement Non Opinion) ",neutral,neutral
"And, oh, um, my friend Larry, he wants me to take a picture of a hooker. (Statement Non Opinion) ",neutral,neutral
"You know, we don't really take advantage of living in the city. (Statement Non Opinion) ",neutral,neutral
"Okay, Chandler! (Agreement) ",neutral,joy
Okay. (Backchannel) ,neutral,neutral
"And your horoscope says, ""On the fifth a special someone is going to give you a gift."" (Statement Non Opinion) ",joy,neutral
"Oh, well thank you in advance. (Statement Non Opinion) ",joy,joy
"Op, but the twelfth brings a lover's spat. (Statement Non Opinion) ",surprise,neutral
"Oh, wait and on the nineteenth a secret crush announces itself. (Statement Non Opinion) ",surprise,neutral
Hey guys! (Greeting) ,neutral,joy
Hey!! (Greeting) ,joy,joy
Oh my God! It's Joey Tribbiani of Mac and C.H.E.E.S.E.!!!!!!! (Others) ,surprise,surprise
Oh that's right. It's your first day! So are you psyched to fight fake crime with your robot sidekick? (Agreement) ,joy,joy
Am I psyched? The lead in my own TV series? I've dreamed about this for years! Why have I not been preparing?! (Question) ,joy,surprise
"No! Joey, you're going to be great! (Answer) ",neutral,joy
"But I got to act with a robot Pheebs, and-and I don't know anything about technology! (Statement Non Opinion) ",fear,sadness
I can't even use Chandler's computer except to find porn! (Statement Non Opinion) ,anger,neutral
And-and that's only 'cause it's right there when you turn it on! (Acknowledge) ,anger,neutral
I think our lover's spat will start a little early this month. (Statement Non Opinion) ,anger,neutral
I'll be waiting. (Statement Non Opinion) ,neutral,neutral
"Now, this is last minute so I want to apologize for the mess. Okay? (Apology) ",joy,sadness
Oh my God! It sure didn't look this way when I lived here. (Statement Non Opinion) ,surprise,surprise
I know! (Agreement) ,surprise,joy
"Now look, there's only one problem though. (Statement Non Opinion) ",joy,neutral
"There's only room for one, so I guess one of you will have to stay at Joey's. (Statement Non Opinion) ",neutral,neutral
"Well, since the fire was kinda my fault I guess you should get to stay here. (Statement Non Opinion) ",sadness,sadness
"Hey! Hey-hey, now this was no one's fault Pheebs. Okay? It was an accident. (Statement Non Opinion) ",neutral,neutral
"Well no, it was my fault so you should get the nice room. (Disagreement) ",neutral,sadness
Okay! (Agreement) ,joy,joy
So Rach! (Others) ,joy,neutral
You're the first guest at Hotel Monica! (Statement Non Opinion) ,joy,joy
"Umm, you'll just have to tell me how you like your eggs in the morning. (Statement Non Opinion) ",neutral,neutral
"And I thought I would bring them to you, y'know, in bed. (Statement Non Opinion) ",neutral,joy
"Oh, you have been through so much. (Statement Non Opinion) ",sadness,sadness
I have. (Statement Non Opinion) ,sadness,sadness
This is just Bactine. It won't hurt. (Statement Opinion) ,neutral,neutral
"Sorry, that was wax. (Apology) ",neutral,sadness
"Oh, poor little Tooty is scared to death. We should find his owner. (Statement Non Opinion) ",sadness,sadness
Why don't we just put 'poor little Tooty' out in the hall? (Question) ,disgust,anger
During a blackout? He'd get trampled! (Answer) ,sadness,fear
Yeah? (Answer) ,neutral,neutral
"Ben, I want you to know that there may be some times when I may not be around, like this. (Statement Non Opinion) ",sadness,sadness
"But I'll still always come back, like this. (Statement Non Opinion) ",neutral,joy
"And sometimes I may be away longer, like this. (Statement Non Opinion) ",neutral,sadness
"But I'll still always come back, like this. (Statement Opinion) ",neutral,joy
"And sometimes, I'll want you to steal third, and I'll go like this. (Statement Non Opinion) ",neutral,neutral
He is so amazing. (Statement Opinion) ,joy,joy
"Oh, I know. Look at him. (Command) ",joy,joy
"Ben, Ben, hey Ben. Nothing. I don't think that's his name. (Disagreement) ",neutral,neutral
"Oh, look, look, he's closing his eyes. Look, he's opening his eyes. (Statement Non Opinion) ",joy,surprise
"He doesn't do much, does he? (Question) ",neutral,neutral
"No, this is pretty much it. (Answer) ",neutral,neutral
You guys wanna get some coffee? (Question) ,neutral,neutral
Yeah. (Answer) ,neutral,joy
"All right, I'll see you guys later. (Statement Non Opinion) ",neutral,neutral
"Oh, look, he's closing his eyes again. (Statement Non Opinion) ",neutral,surprise
"Come on, they're gonna love you. (Statement Opinion) ",joy,joy
"Well, thank you for lunch. (Acknowledge) ",neutral,neutral
"What? Wait a minute, I didn't pay, I thought you paid! (Others) ",neutral,surprise
So apparently we just don't pay for food anymore. Do you see what I see? (Question) ,neutral,anger
How did it go? (Question) ,neutral,neutral
Had the money in the wrong hand. (Question) ,neutral,sadness
"All right, I'm gonna go steam my wedding dress okay? Who wants the responsibility of making sure nothing happens to it? (Question) ",neutral,neutral
I'll do it. (Answer) ,neutral,joy
Who wants it? Anybody? (Question) ,neutral,neutral
I said I'll do it! (Answer) ,anger,anger
"Nobody wants to do it? All right, I'll do it myself. (Disagreement) ",disgust,sadness
Monica! I'm not gonna screw it up! (Statement Non Opinion) ,anger,anger
"You're right, I'm sorry. (Apology) ",sadness,sadness
Actually you were a big help tonight. (Statement Non Opinion) ,joy,joy
"Yeah, and thanks for putting my grandmother in the cab and making sure she got to the hotel safely. (Agreement) ",neutral,joy
Well of course that is what I'm here for! (Statement Non Opinion) ,joy,joy
Okay. Sorry. (Apology) ,neutral,sadness
Ugh! What grandmother? (Question) ,surprise,surprise
"Hi. Tag, I have a conference call today is that correct? (Question) ",neutral,neutral
"Yes, at 4:00. (Answer) ",neutral,neutral
"Okay, thank you. (Acknowledge) ",neutral,joy
That'll be all. (Statement Non Opinion) ,neutral,neutral
Wait! (Command) ,surprise,anger
Wait! (Command) ,surprise,anger
Did you see that? (Question) ,surprise,surprise
That mail guy had no idea there was something going on between us. (Answer) ,surprise,sadness
"Hey Monica, it's Chip. (Question) ",neutral,neutral
Yes. (Answer) ,joy,neutral
Who's Chip? (Question) ,neutral,surprise
Shhh! (Backchannel) ,neutral,anger
"Good runnin' into you at the bank today, so ah, here's my number, 555-9323. Give me a call. Later. (Others) ",neutral,joy
"Chip, is Chip Matthews. (Answer) ",neutral,neutral
The guy who took Rachel to the prom? Why is he calling you? (Question) ,surprise,surprise
"Cause I ran into him at the bank, he is still soo cute. (Answer) ",joy,joy
"Monica, you're so lucky! He's like the most popular guy in school!! (Statement Opinion) ",joy,joy
"I know!! Chip? Hi! It's Monica. 'Kay. 'Kay. Okay. Okay, good-bye. Oh my God, we just had (Agreement) ",joy,joy
I was just leaving. (Statement Non Opinion) ,neutral,neutral
"Good! 'Cause I've got a product report to read, it's like eight pages, I hope I don't fall asleep. (Statement Non Opinion) ",neutral,neutral
Why? Did you write it? (Question) ,neutral,neutral
"Wow! Look at that, Chip Matthews called. I wonder what he wants? (Question) ",surprise,surprise
"Well ah, actually... (Others) ",neutral,neutral
Here's your tea Phoebe. (Statement Non Opinion) ,neutral,neutral
"It's so good. Oh, thanks. (Acknowledge) ",joy,joy
Good. (Others) ,joy,neutral
I'm so glad you liked it. (Statement Non Opinion) ,joy,joy
Oh! (Backchannel) ,surprise,surprise
What?! (Question) ,surprise,surprise
What?! She made the tea! (Question) ,surprise,anger
"Oh! No, I-I think I just had a contraction. (Statement Non Opinion) ",surprise,fear
You what? (Question) ,surprise,surprise
Oh my God! (Others) ,surprise,surprise
I like her. She sees smart. (Statement Opinion) ,joy,joy
"You've seen my huge stack of porn, right? (Question) ",neutral,neutral
"I've no idea, could be. Listen, I'm sorry I had to work tonight. (Disagreement) ",sadness,sadness
"Oh it's OK. You were worth the wait, and I don't just mean tonight. (Agreement) ",neutral,joy
I have actually (Others) ,neutral,neutral
"Yeah, well your friends are in violation of it. (Others) ",neutral,anger
"I've been a nice guy up until now, but uh, I don't need this grief. (Statement Non Opinion) ",anger,anger
I'm gonna call the landlord and tell him that Monica is illegally subletting here grandmother's apartment. (Statement Non Opinion) ,anger,anger
Your friends are outta here pal. (Statement Non Opinion) ,anger,anger
Why don't you tell me something I don't know! (Question) ,anger,anger
All right! I found one that fits! (Statement Non Opinion) ,joy,joy
"Well y'know what they say, the 23 (Others) ",neutral,neutral
Whose is it? (Question) ,neutral,neutral
Oh does it matter?! All that matters is that you look so handsome. (Answer) ,sadness,joy
Oh damnit! (Others) ,disgust,anger
No! Don't say that! Don't say that! (Command) ,fear,fear
Damn it! (Others) ,joy,anger
No don't! Go back to repeating! (Command) ,fear,fear
Damn it! (Others) ,joy,anger
Oh crap! (Others) ,anger,surprise
Oh crap! (Others) ,joy,surprise
"Hey Rach! Hey, you mind if I read my comic books in here? (Greeting) ",neutral,joy
Sure! Why? (Question) ,surprise,neutral
"Oh well, Chandler and Monica are over there and it's kinda hard to concentrate. (Answer) ",neutral,neutral
What?! (Question) ,surprise,surprise
She just called and said that she was gonna be working late! (Answer) ,anger,sadness
She keeps lying to me! (Statement Non Opinion) ,anger,anger
That's it! (Statement Non Opinion) ,anger,anger
I'm just gonna go over there and confront them right now! (Statement Non Opinion) ,anger,anger
"So Chandler, I-I'd love to come by tonight. (Statement Non Opinion) ",joy,neutral
Really? (Question) ,surprise,surprise
"Oh absolutely. Shall we say, around seven? (Question) ",joy,joy
Yes. (Answer) ,neutral,neutral
Good. I'm really looking forward to you and me having sexual intercourse. (Statement Non Opinion) ,joy,joy
"Hey-hey, check it out! Check it out! Ugly Naked Guy has a naked friend! (Statement Non Opinion) ",surprise,surprise
Oh yeah! Oh my God! That is (Agreement) ,surprise,surprise
"Yeah, it is! Naked Ross!! (Agreement) ",surprise,joy
"Y'know, hey! You're the one who ended it, remember? (Statement Non Opinion) ",anger,anger
"Yeah, because I was (Agreement) ",neutral,sadness
You still love me? (Question) ,anger,neutral
Noo. (Answer) ,disgust,sadness
"What does this mean? What do you, I mean do you wanna, get back together? (Question) ",neutral,neutral
"Noo! Maybe! I, I don't know. (Answer) ",sadness,sadness
What?! (Question) ,surprise,surprise
"I just, I feel, I-I just... (Answer) ",sadness,sadness
I won! I won! I finally won! (Statement Non Opinion) ,surprise,joy
I won! That was my quarter! (Statement Non Opinion) ,anger,anger
Fine! Here! Take a hike toots! (Statement Non Opinion) ,anger,anger
"Excuse me, sir! This lady played my quarter, this is my money. (Statement Non Opinion) ",anger,anger
Is that true miss? (Question) ,neutral,neutral
Sells drugs to kids. (Answer) ,disgust,disgust
What?! (Question) ,surprise,surprise
She sells drugs to kids. (Answer) ,disgust,disgust
It was my quarter! (Statement Non Opinion) ,anger,anger
Was it her quarter? (Question) ,neutral,neutral
How about we talk about this over dinner? (Question) ,neutral,neutral
"Okay lady, you're out of here. (Statement Non Opinion) ",disgust,neutral
"No! No, you can't arrest me! No!! I won't go back! I won't go back to that hell hole!! (Disagreement) ",anger,fear
I'm just taking you outside! (Statement Non Opinion) ,anger,neutral
"Oh, okay. (Agreement) ",neutral,neutral
Hey! (Greeting) ,neutral,neutral
Hey! (Greeting) ,neutral,neutral
"Listen, I know you wanted to talk to me, but I have an idea that may make you want to stay married. We register, and (Statement Non Opinion) ",neutral,neutral
No! (Disagreement) ,anger,anger
"Ross, come on! (Command) ",anger,anger
No! (Disagreement) ,anger,anger
"Listen, look I thought a lot about how to tell you this and the bottom line, Ross, is we can not stay married. (Command) ",sadness,sadness
I don't know if it's true. (Disagreement) ,neutral,sadness
Oh b-b-but it is! (Others) ,anger,anger
"Oh, okay, y'know what this is? (Question) ",neutral,neutral
"Oh Ross, come on! This is not, this is not a marriage!! This is the world's worst hangover! Ross, listen, if (Statement Non Opinion) ",anger,anger
"All right. All right, I'll do it. (Agreement) ",sadness,sadness
"Thank you. Hey-hey umm, uh, is there, is there any such thing as an annulment shower? (Acknowledge) ",neutral,neutral
Hey! What are you guys doing? (Question) ,neutral,joy
Making holiday candy for the neighbors. (Statement Non Opinion) ,neutral,neutral
Yes! (Answer) ,joy,joy
So I really never get to win anymore? (Question) ,sadness,sadness
How much did ever really win before? (Question) ,neutral,anger
"He is so cute. So, where did you guys grow up? (Question) ",neutral,joy
Brooklyn Heights. (Answer) ,neutral,neutral
Cleveland. (Answer) ,neutral,neutral
"How, how did that happen? (Question) ",surprise,surprise
Oh my god. (Others) ,surprise,surprise
What? (Question) ,surprise,surprise
I suddenly had the feeling that I was falling. But I'm not. (Statement Non Opinion) ,neutral,fear
"Ok, I'm makin' a break for it, I'm goin' out the window. (Statement Non Opinion) ",neutral,neutral
"No, no, no, don't! I've been waitin' for like, forever to go out with Lorraine. Just calm down. (Disagreement) ",anger,anger
Calm down? Calm down? You set me up with the woman that I've dumped twice in the last five months! (Command) ,anger,anger
"Can you stop yellin'? You're makin' me nervous, and I can't go when I'm nervous. (Question) ",anger,fear
"I'm sorry, I'm sorry, you're right. Come on, do it, do it, go, come on!!! (Apology) ",anger,joy
"Hey you guys, guess what? (Question) ",neutral,joy
The British are coming? (Question) ,neutral,neutral
"Ohh, you and your ways. Since it's Christmastime. I'm going to be one of those people collection donations. (Statement Non Opinion) ",joy,joy
"Yeah, I already have my bell and later on...I get my bucket. (Statement Non Opinion) ",joy,joy
Ohh. (Backchannel) ,neutral,neutral
"Yeah, yeah, I'm going to be out there spreading joy to the people. (Statement Non Opinion) ",joy,joy
"I mean, last year, I spread a little joy but not really enough. (Statement Non Opinion) ",joy,sadness
"So this year, I'm going to do the whole city. (Statement Non Opinion) ",joy,joy
"You know, I knew a girl in high school who did that. She was (Agreement) ",neutral,neutral
I can't (Statement Non Opinion) ,neutral,sadness
"Oh! Look at that, time's up! My turn! (Statement Non Opinion) ",joy,joy
That was a half an hour? (Question) ,surprise,surprise
It's your timer. (Disagreement) ,neutral,anger
"Y'know, I don't like to brag about it, but I give the (Statement Opinion) ",neutral,joy
"All right, then massage me up right nice! (Command) ",joy,joy
Ah! Ahh!! Ahh!! (Backchannel) ,joy,surprise
"It's so good, isn't it? (Question) ",neutral,joy
It's so good I don't know what I've done to deserve it! (Answer) ,joy,joy
Say good-bye to sore muscles! (Statement Non Opinion) ,joy,joy
Good-bye muscles!! (Greeting) ,joy,joy
Oh whoa-whoa-whoa! (Others) ,anger,surprise
"Wait a minute, open up your hand; let me take a look. (Command) ",neutral,neutral
Quarter. (Statement Non Opinion) ,neutral,neutral
Dime. (Statement Non Opinion) ,neutral,neutral
Lint? (Question) ,neutral,disgust
Not interested in that. (Statement Opinion) ,neutral,disgust
What's this? (Question) ,neutral,surprise
A Canadian coin? (Question) ,neutral,surprise
Get outta here! (Command) ,surprise,anger
Whoa-whoa-whoa! (Others) ,surprise,surprise
No drinks near the bucket! (Command) ,anger,anger
Set it down over there and then you can make a contribution! (Command) ,anger,anger
And you can leave the hurt bunny look over there too! (Command) ,anger,anger
Hi Bob! (Greeting) ,joy,joy
I thought I told you to get outta here! (Command) ,anger,anger
"Uh, Phoebe we've been getting complaints and uh, we're gonna move you to a less high-profile spot. (Statement Non Opinion) ",neutral,sadness
Hey Joe! You wanna shoot some hoops? (Question) ,joy,joy
"Oh no, I can't go. I'm practicing; I got an audition to be the host of a new game show. (Answer) ",joy,sadness
Oh cool! (Agreement) ,joy,joy
That's great. (Others) ,joy,joy
"Yeah-yeah, and if I get it by day I'll Dr. Drake Remoray, but by night I'll be Joey Trrrribbiani! (Statement Non Opinion) ",joy,joy
You'll be perfect for this! That's already your name! (Agreement) ,joy,joy
But the audition's in a couple hours and I don't even understand the game. (Statement Non Opinion) ,fear,sadness
Well do you want some help? (Question) ,neutral,neutral
Oh really? That'd be great! You guys can be the contestants! (Answer) ,surprise,joy
Awesome! (Agreement) ,joy,joy
"Okay, I guess we can lose to junior high girls some other time. (Statement Opinion) ",neutral,neutral
All right! Let's play Bamboozled! (Statement Non Opinion) ,joy,joy
Bamboozled? (Question) ,surprise,surprise
"Yeah, isn't that a cool name? (Answer) ",joy,joy
Yeah! (Agreement) ,joy,joy
No! (Disagreement) ,disgust,anger
"Oh. Okay, just breathe. (Others) ",neutral,neutral
"Oh honey, I think I'm having one too! (Statement Non Opinion) ",surprise,joy
Look at this! There we go! (Statement Non Opinion) ,joy,joy
"Excuse me. Hi, I'm a professor here. Do you know the Paleontology section, fifth floor, stack 437? (Question) ",neutral,neutral
"Well, yes! Just give me five minutes, I just have to find someone to cover my shift. (Answer) ",joy,joy
No! No!! No! Can I speak to someone in charge please?! (Question) ,anger,anger
How can I help you? (Question) ,neutral,neutral
"Hi, I was wondering if it is possible to increase security in the Paleontology section? (Answer) ",anger,neutral
"See I-I wrote a book up there and instead of reading it people are-are-are well, rolling around in front of it. (Statement Opinion) ",anger,sadness
We are aware of the problem you are referring to. (Agreement) ,neutral,neutral
"But as far as increasing security, I'm afraid the library is very understaffed. (Statement Opinion) ",neutral,sadness
"I, I can't help you. (Statement Non Opinion) ",sadness,sadness
"Well, fine. (Agreement) ",anger,anger
Fine! (Statement Non Opinion) ,anger,anger
"If-if I'm the only person with any appreciation of the sanctity of the written word, I'll go up there and defend it myself! (Statement Non Opinion) ",anger,anger
And don't you follow me! (Command) ,anger,anger
"Okay. Would you rather live in the shirt pocket of a sweaty giant, or inside his shower drain? (Question) ",neutral,neutral
"Oh my God! Phoebe look, it's Ross and that girl. (Command) ",surprise,surprise
No! No! Look at that! It's a line of ants! They're working as a team! (Statement Non Opinion) ,surprise,joy
"Right, oh yeah. (Agreement) ",neutral,neutral
"Wow, oh, it looks like Ross is breaking up with her. (Statement Opinion) ",surprise,surprise
"Uff, I hope he lets her down easy. (Statement Opinion) ",neutral,sadness
"Come on Phoebe, look at that! (Command) ",anger,anger
"They are not breaking up, look at them. (Statement Opinion) ",neutral,anger
"Okay that's, you know what that is? (Question) ",neutral,neutral
"That is a, that is a second date, that's what that is! (Statement Non Opinion) ",sadness,anger
"Look at that, she just put her hand on his thigh... (Command) ",neutral,anger
"Oh no! That really is nothing, she is (Disagreement) ",neutral,neutral
"Ohh! Phoebe, this is all your fault! Now he loves her, he's gonna marry her, and this is all your fault. (Statement Opinion) ",anger,anger
You know where I work! (Statement Non Opinion) ,neutral,neutral
I do? (Question) ,neutral,surprise
"The movie theatre, you used to come in all the time. (Answer) ",neutral,neutral
You still work at the multiplex? (Question) ,neutral,surprise
"Oh, like I'd give up that job! Free popcorn and candy, anytime I want. I can get you free posters for your room. (Answer) ",joy,joy
"Thanks, I'm set. Do you still live with your parents? (Question) ",neutral,neutral
"Oh yeah, but I can stay out as late as I want. (Answer) ",neutral,joy
Nice car! (Acknowledge) ,joy,joy
"Yeah, it's not mine. (Statement Non Opinion) ",neutral,neutral
I love your car. (Statement Opinion) ,joy,joy
"Yeah, it's mine. (Statement Non Opinion) ",neutral,neutral
I bet it's fast. (Statement Opinion) ,neutral,joy
"Me too! Yeah. And comfortable. Do uh, do you like leather seats? (Question) ",neutral,joy
Yeah! (Answer) ,joy,joy
It's got 'em! (Statement Non Opinion) ,joy,neutral
"Joey, please! (Statement Non Opinion) ",fear,anger
Sorry. (Apology) ,neutral,sadness
Ahhh.. (Others) ,anger,neutral
Hello children! (Greeting) ,joy,joy
Hey! Wanna play some foosball? Please? (Question) ,neutral,joy
Okay. (Answer) ,neutral,neutral
"No-no, no! We have to move the table into my room, yeah! 'Cause of all the boxes. Come on! (Disagreement) ",neutral,anger
"All right, I have one question. (Statement Non Opinion) ",neutral,neutral
Bye-bye little puppet Joey hand? (Greeting) ,neutral,joy
"No, the quiet down thing! (Disagreement) ",anger,anger
You mean this. (Statement Non Opinion) ,neutral,neutral
"Um-hmm! Look, I-I-I don't know how much more of this I can take! Did you know he taped over my (Statement Non Opinion) ",anger,anger
"All right look, y'know, this maybe tough but come on, this is Ross! I survived college with him! (Statement Non Opinion) ",neutral,neutral
"All right, I guess I can hold out a little longer. Let's have a game. (Agreement) ",neutral,joy
Okay. (Agreement) ,neutral,neutral
No-no-no-no! (Disagreement) ,fear,anger
YES!! (Backchannel) ,joy,joy
"Uh fellas, (Greeting) ",neutral,neutral
"Okay, so he's out of here. (Statement Non Opinion) ",neutral,neutral
"Okay y'know what, because you said that, I'm not putting out tonight. (Statement Opinion) ",neutral,anger
I know it doesn't make much sense (Statement Opinion) ,neutral,sadness
Much (Disagreement) ,neutral,disgust
"Look Chandler, it was instinct! Okay? I just went for it! (Statement Opinion) ",anger,anger
"So you risked your life, for a sandwich! (Statement Non Opinion) ",joy,surprise
"I know it sounds crazy, but Chandler this is the greatest sandwich in the world! (Statement Opinion) ",joy,joy
"So you didn't uh, choose Ross before me. (Statement Opinion) ",sadness,sadness
No! I would never do that! You-you're like my brother! (Statement Non Opinion) ,sadness,joy
Really?! (Question) ,surprise,surprise
"Yeah! In fact, to prove how much you mean to me, here. (Answer) ",neutral,joy
Thanks. (Acknowledge) ,joy,neutral
"No, eh, oh-oi, easy, it's not a hot dog! (Statement Opinion) ",anger,anger
How good is that? (Question) ,neutral,joy
"Oh-oi-ho, yeah! (Answer) ",joy,joy
See? (Statement Non Opinion) ,neutral,neutral
"Oh-whoa-hey, dude, what are you doing?! (Question) ",surprise,surprise
I thought you were showing me how much you mean to me. (Statement Opinion) ,surprise,neutral
Yeah. With a bite! Gee-e-e-eez! (Statement Non Opinion) ,joy,anger
Check out the ring. (Command) ,joy,joy
Nice! One and a half carat easy. (Acknowledge) ,joy,joy
Hi. (Greeting) ,neutral,neutral
Hey-hey Pheebs! (Greeting) ,joy,joy
Chandler's gonna ask Monica to marry him! (Statement Non Opinion) ,joy,joy
"Oh I know, I helped pick out the ring. (Statement Non Opinion) ",neutral,neutral
You told her before you told us? (Question) ,surprise,anger
"Well, she walked in when I was looking at the ring brochures. You can understand that, right? Guys? Guys? (Answer) ",fear,fear
Let's see. (Statement Non Opinion) ,neutral,neutral
"Congress is debating a new deficit reduction bill... the mayor wants to raise subway fares again... the high today was forty-five... and- oh, teams played sports. (Statement Non Opinion) ",neutral,neutral
What about Glen? He could be a Glen. (Question) ,neutral,neutral
Nah... not-not special enough. (Answer) ,neutral,sadness
Ooh! How about Agamemnon? (Question) ,neutral,joy
Waaay too special. (Answer) ,neutral,sadness
"Well, because we thought you knew!! It's so obvious! God, that would be like telling Monica, ""Hey, you like things clean."" (Statement Non Opinion) ",neutral,anger
Hey Pheebs! (Greeting) ,joy,joy
Hey! (Greeting) ,joy,joy
Check it out. How much of a man am I?! (Question) ,joy,joy
Wow! Nice! Manly and also kind of a slut. (Answer) ,joy,surprise
"Y'know, I'm beginning to see what Jake was talking about. (Statement Opinion) ",neutral,neutral
Uh-huh. (Backchannel) ,neutral,neutral
The silk? Feels really good! (Statement Opinion) ,joy,joy
"Ah yeah, sorry about that. (Apology) ",sadness,sadness
"It's okay. Come, come on in. (Statement Non Opinion) ",neutral,neutral
"Thanks for letting me stay here! I mean Monica's place was nice, but her fiancée sure stares a lot. (Statement Opinion) ",joy,disgust
Oh. (Backchannel) ,neutral,surprise
Oh my God! You do a great Chandler! (Statement Opinion) ,surprise,joy
"Uh-huh. Yeah, I-I have a knack for impressions. (Agreement) ",neutral,joy
"Well, maybe after we get reacquainted uh, you can do me. (Statement Non Opinion) ",joy,neutral
Yeah--No!! (Disagreement) ,disgust,anger
"Hey! You guys! Check it out, check it out! Guess which job I got. (Question) ",joy,joy
"I don't know, but Donald Trump wants his blue blazer black. (Answer) ",neutral,neutral
What? (Question) ,neutral,surprise
Blue blazer back. He-he wants it back. (Answer) ,neutral,neutral
But you-you said black. Why would he want his blue blazer black? (Question) ,neutral,surprise
"Well, you-you know what I meant. (Answer) ",neutral,neutral
"No, you messed it up. You're stupid. (Statement Opinion) ",anger,anger
So what job did you get Joe? (Question) ,neutral,neutral
"Oh, ah, tour guide at the museum. Yeah, Ross got it for me. (Answer) ",neutral,joy
"Well, how can you be a tour guide, don't you have to be a dinosaur expert or something? (Question) ",neutral,surprise
I just walked in the bathroom and saw Kathy naked! It was like torture! (Statement Non Opinion) ,anger,disgust
"Y'know if we ever go to war and you're captured, you're in for a (Statement Non Opinion) ",neutral,neutral
It just keeps getting worse and worse! (Statement Opinion) ,anger,sadness
"I mean it's bad enough that I'm in love with my roommates girlfriend--which by the way, I think she knows. (Statement Opinion) ",neutral,sadness
Because every time we're in the room together there's this weird like energy between us. (Statement Opinion) ,neutral,joy
"And call me crazy, but I think she likes me too. (Statement Opinion) ",neutral,joy
And now I have seen her naked. (Statement Non Opinion) ,neutral,surprise
"I mean at least when I've seen her with clothes on, I could imagine her body was like covered in boles or something. (Statement Non Opinion) ",neutral,disgust
"But there are no boles, she's smooth! (Statement Opinion) ",neutral,surprise
Smooth! (Statement Non Opinion) ,neutral,surprise
Wow! Could everyone totally see up his robe? (Question) ,surprise,surprise
Yeah! Oh my God! (Answer) ,surprise,surprise
"So, you and Angela, huh? (Question) ",surprise,neutral
Yep. Pretty much. (Answer) ,joy,joy
"Oh, that's what she meant! (Statement Non Opinion) ",surprise,neutral
"You know, if they're gonna shorten it, they should call it the MUSE! (Statement Opinion) ",neutral,joy
"You know, short for museum, and avoid all the confusion! (Statement Non Opinion) ",neutral,neutral
"Yeah, most of it it's a place (Agreement) ",neutral,neutral
"Ok, all right, so I'll take her to the MET. (Statement Non Opinion) ",neutral,neutral
"Yeah, uh, uh, ok, there's this great rare bookstore on Madison Avenue. (Statement Non Opinion) ",neutral,neutral
You know what? (Statement Non Opinion) ,neutral,neutral
"She loves architecture, you know what you should do? (Statement Non Opinion) ",neutral,neutral
You should take a walk down fifth to the Saint Patrick's Cathedral and there there's this great little pastry shop that she'd love. (Statement Non Opinion) ,joy,neutral
"Geez, sounds like you should be going on this date! (Statement Opinion) ",surprise,anger
But I'm not! . You know what if you're in the mood for Thai food... (Statement Non Opinion) ,neutral,neutral
"Whoa, whoa, whoa! Slow down, you go (Statement Opinion) ",surprise,anger
Ok. (Agreement) ,neutral,neutral
You got to tell me exactly what to do there. (Statement Non Opinion) ,neutral,neutral
"Ok, when you walk in the museum, take the right, that's the antiquities wing. (Answer) ",neutral,neutral
"Ancient Egypt, Mesopotamia, up to the Byzantine Empire. (Statement Non Opinion) ",neutral,neutral
"Whoa, whoa, whoa, whoa, whoa! So, I walk in the door and make the right (Statement Non Opinion) ",surprise,surprise
Hey! (Greeting) ,joy,neutral
"Hey, so did everything go all right with the annulment? (Question) ",neutral,neutral
"Oh, yeah, no problems. It's all taken care of. (Answer) ",neutral,joy
"Ross, thank you. Hey, do you guys wanna go see a movie? (Question) ",neutral,joy
"Oh yeah, why not? (Answer) ",neutral,joy
Pheebs? (Question) ,neutral,neutral
"No thanks, I've already seen one. (Answer) ",neutral,neutral
"Okay, umm, I'm gonna get my sweater. (Statement Non Opinion) ",neutral,neutral
"Okay. You uh, you wanna hear something weird? (Question) ",joy,neutral
Always. (Answer) ,neutral,joy
I didn't get the annulment. (Statement Non Opinion) ,sadness,sadness
What?! (Question) ,surprise,surprise
We're still married! Don't tell Rachel. See you later. (Statement Non Opinion) ,joy,fear
Hey! Are you okay? (Question) ,neutral,neutral
Fabulous. (Answer) ,joy,joy
"Listen, drama critics they're nothing but, but people who couldn't make it as actors. You know what you should do? (Statement Opinion) ",joy,anger
"Exactly. So you didn't, didn't mention anything to Issac right? (Question) ",fear,fear
"Oh, well I tell Issac everything. (Answer) ",neutral,joy
"You tell, of course you do. Issac. Issac. Hey, Issac. Issac, hi! Y'know we haven't actually met... (Statement Opinion) ",neutral,neutral
You dog! (Statement Non Opinion) ,joy,anger
"Yes, I suppose I am a dog. But Issac, see I-I happen to have a girlfriend. (Statement Opinion) ",neutral,neutral
"Oh right, that Rachel chick from the coffee place. (Statement Non Opinion) ",neutral,neutral
"Yeah, that's the one. Listen, I don't want to hurt her. (Agreement) ",neutral,sadness
"Oh, hey, man I know, doesn't matter how much we love 'em, monogamy is too cruel a rule. (Statement Opinion) ",neutral,neutral
"Yeah. Listen, can you keep this information to yourself? (Question) ",neutral,fear
"Aw, no problem dude. Y'know we got to look out for each other. We're the same, you and me. (Answer) ",neutral,joy
"Actually, no, we're not. (Disagreement) ",joy,anger
"Yeah, we are. (Statement Opinion) ",neutral,anger
"No, we're not. (Disagreement) ",neutral,anger
"Yeah, we are. (Statement Opinion) ",neutral,anger
"No, we're not!! (Disagreement) ",anger,anger
"Okay, we're not. (Agreement) ",neutral,neutral
Right. (Agreement) ,neutral,neutral
"But, we are. (Statement Opinion) ",neutral,anger
Fine. I just need to know that you're not gonna tell your sister. (Statement Non Opinion) ,neutral,fear
I can promise not to tell her again. (Statement Non Opinion) ,neutral,neutral
Emily! (Others) ,joy,joy
Oh my God! What are you doing here? (Question) ,surprise,surprise
"I just, I had to see you one more time before you took-off. (Answer) ",joy,sadness
You are so sweet. (Statement Non Opinion) ,joy,joy
"That's, that's, that's a big candy bar. (She's holding one of those huge (Statement Non Opinion) ",sadness,neutral
Me too. (Agreement) ,neutral,joy
"Well, that' me. Here, have this. I'm only allowed one piece of carryon anyway. (Statement Non Opinion) ",neutral,neutral
"Wait uh, listen. (Command) ",neutral,neutral
"I-I, I have to tell you something. (Statement Non Opinion) ",fear,fear
"Umm, I've been thinking, I'm just gonna come out and say it. (Statement Non Opinion) ",fear,fear
Okay? (Statement Non Opinion) ,fear,neutral
"I-I-I ah, I-I think I love you. (Statement Opinion) ",joy,joy
Oh. Thank you. (Acknowledge) ,neutral,neutral
That's no problem. (Agreement) ,neutral,neutral
Monica! (Others) ,surprise,surprise
She's sleeping. (Statement Non Opinion) ,neutral,neutral
"I know, just quick-quick question, quick question. Which one was (Question) ",neutral,neutral
Deep Impact (Answer) ,neutral,neutral
"Sorry, I just...can't sleep. (Apology) ",surprise,sadness
Ooh! (Backchannel) ,anger,surprise
"Where is that book that you are reading with the two women who were ice-skating and wearing, wearing those hats with the flowers on it? (Question) ",neutral,neutral
Because every time I look at that cover I'm like (Statement Opinion) ,neutral,joy
It is in the living room where there is also a light! And no one will kick you in the shin. (Statement Opinion) ,neutral,anger
"Hey Ross! So, I was checking out the uh, real estate section (Statement Non Opinion) ",sadness,neutral
Yeah? (Backchannel) ,neutral,neutral
Look at this. (Command) ,neutral,neutral
"Oh, it looks like mom and dad's house. (Statement Non Opinion) ",neutral,surprise
"Oh, it even has a tree with a broken limb out front and the uh, the window in the attic is...Oh my God! (Statement Non Opinion) ",surprise,surprise
What? What happened to the window in the attic?! (Question) ,surprise,fear
I can't believe mom and dad are selling the house! (Statement Non Opinion) ,anger,sadness
I can't believe they-they didn't even tell us! (Statement Non Opinion) ,joy,anger
I can't believe I still don't know what happened to the (Statement Non Opinion) ,surprise,anger
Nothing? (Statement Non Opinion) ,neutral,neutral
"Look, you and I have been given a gift. (Statement Non Opinion) ",neutral,joy
We have to do something with it. (Statement Opinion) ,neutral,joy
"Like-like, hand modeling! (Statement Opinion) ",joy,joy
Or-or magic! (Statement Opinion) ,joy,joy
I have to get back to (Statement Non Opinion) ,neutral,neutral
Whoa! (Statement Non Opinion) ,surprise,surprise
Whoa! (Statement Non Opinion) ,surprise,surprise
We could have our own show! (Statement Opinion) ,joy,joy
Y'know we could clap our hands together people will love it! (Statement Opinion) ,joy,joy
Huh? (Backchannel) ,anger,neutral
And-and-and I wrote a song for us! (Statement Non Opinion) ,joy,joy
"(Singing, to the tune of (Statement Non Opinion) ",joy,neutral
That's okay. (Statement Non Opinion) ,neutral,neutral
But you haven't even heard the chorus! (Statement Non Opinion) ,neutral,anger
"Well, she'll understand right? It's not like I did it on purpose. (Statement Opinion) ",sadness,neutral
"Dad, that won't matter to her. (Statement Opinion) ",neutral,sadness
"Look, all my stuff is safe and dry and all hers is-is, is growing new stuff! (Statement Non Opinion) ",anger,disgust
"See, this is exactly the kind of thing that makes her think you guys love me more than you love her. (Statement Opinion) ",anger,sadness
"Oh my God, does she really thinks that? (Question) ",surprise,surprise
"Well, can you blame her? (Question) ",sadness,anger
"Well I don't know, I-I suppose we may have favored you unconsciously, you were a medical marvel! The doctor said your mother could (Statement Opinion) ",joy,joy
"Dad, dad I don't want to hear about it. (Statement Non Opinion) ",sadness,anger
Really? (Question) ,surprise,surprise
"Well, not right now. (Answer) ",neutral,neutral
"Okay look, Monica came here for some memories and damnit, we're gonna give her some! (Statement Non Opinion) ",neutral,anger
"Okay, grab...grab some empty boxes. (Statement Non Opinion) ",neutral,neutral
Okay? (Agreement) ,neutral,neutral
We'll-we'll take stuff from mine and whatever we can pass off as hers we'll-we'll put 'em in there. (Statement Non Opinion) ,joy,neutral
"Y'know Joey, I could teach you to sail if you want. (Statement Non Opinion) ",joy,neutral
You could? (Question) ,surprise,surprise
Yeah! I've been sailing my whole life. When I was fifteen my dad bought me my own boat. (Answer) ,joy,joy
Your own boat? (Question) ,surprise,surprise
What?! What?! He was trying to cheer me up! My pony was sick. (Statement Non Opinion) ,surprise,anger
Count in our heads as-as good (Statement Non Opinion) ,anger,neutral
I guess I'm done. (Statement Non Opinion) ,neutral,neutral
Fun's over (Statement Non Opinion) ,joy,joy
"Wait-wait, guys! If-if we follow the rules, it's still fun and it means something! (Command) ",fear,fear
I think I'm gonna take-off. (Statement Non Opinion) ,neutral,neutral
"Guys, rules are good! Rules help control the fun! Ohhh! (Statement Opinion) ",joy,joy
Dehydrated Japanese noodles under fluorescent lights... does it (Statement Non Opinion) ,neutral,neutral
"Question. You're not dating anybody, are you, because I met somebody who would be perfect for you. (Question) ",neutral,joy
"Ah, y'see, perfect might be a problem. Had you said 'co-dependent', or 'self-destructive'... (Statement Opinion) ",neutral,neutral
Do you want a date Saturday? (Question) ,neutral,joy
Yes please. (Answer) ,neutral,joy
"Okay. He's cute, he's funny, he's- (Statement Opinion) ",neutral,joy
He's a he? (Question) ,surprise,surprise
Well yeah! (Answer) ,surprise,surprise
...Oh God. (Statement Non Opinion) ,fear,sadness
"I- just- I thought- Good, Shelley. (Statement Non Opinion) ",anger,sadness
I'm just gonna go flush myself down the toilet now... (Statement Non Opinion) ,disgust,sadness
"Okay, goodbye... (Greeting) ",disgust,neutral
"Well, it's official there are no good movies. (Statement Non Opinion) ",sadness,neutral
"Well, let's go to a bad one and make out. (Statement Non Opinion) ",neutral,joy
"Perhaps, you would like me to turn like this, so that you can bunny bump against my back. (Statement Opinion) ",neutral,joy
Hey! (Greeting) ,surprise,neutral
Hey. (Greeting) ,neutral,neutral
"Hey, man. What's up? (Question) ",neutral,neutral
Maybe you can tell me. (Answer) ,neutral,neutral
My agent would like to know why I didn't show up at the audition I didn't know I had today. (Statement Non Opinion) ,anger,sadness
The first good thing she gets me in weeks. (Statement Non Opinion) ,neutral,joy
How could you not give me the message? (Question) ,anger,anger
"Well, I'll tell ya I do enjoy guilt, but, ah, it wasn't me. (Statement Opinion) ",anger,neutral
"Yes, it was! It was him! Uh huh! Okay, it was me! (Statement Non Opinion) ",anger,surprise
Can I ask you something? Have you ever had a guy have a crush on you? (Question) ,neutral,neutral
Is that why you wanted to tie my tie? (Question) ,surprise,neutral
There's this kid in my class who said he's in love with me. (Statement Non Opinion) ,sadness,neutral
Whoa! (Backchannel) ,surprise,surprise
Whoa what? (Question) ,surprise,neutral
Ross has a boyfriend. (Statement Non Opinion) ,neutral,neutral
I do-I do (Agreement) ,joy,neutral
Really? (Question) ,surprise,surprise
Yeah! (Answer) ,joy,joy
I don't know. (Statement Non Opinion) ,neutral,neutral
"I mean, last year Elizabeth now-now this kid. (Statement Non Opinion) ",anger,sadness
What-what-what-what is it?! (Question) ,joy,anger
Am I giving out some kind of...sexy professor vibe? (Question) ,anger,neutral
Not right now. (Answer) ,neutral,neutral
It-it--The point is my natural charisma has made him fail his midterm. (Statement Opinion) ,sadness,neutral
"Oh, see now I feel bad for the kid! (Statement Non Opinion) ",sadness,sadness
I had a crush on a teacher once and it was so hard! (Statement Non Opinion) ,joy,sadness
Y'know you--I couldn't concentrate and I blushed every time he looked at me. (Statement Non Opinion) ,neutral,sadness
"I mean come on, you remember what's it's like to be 19 and in love. (Statement Non Opinion) ",neutral,neutral
Oh yes! Thank you very much! Oh that's-that's actually how the French drink it. (Statement Non Opinion) ,joy,joy
"See Joe, that's why your parents told you not to jump on the bed. (Statement Opinion) ",neutral,anger
He's coming here for Thanksgiving! (Statement Non Opinion) ,joy,surprise
A new pair of shoes for the Chan-Chan man! Yes! (Statement Non Opinion) ,joy,joy
Yes! I've-I've never seen a roll like this in my life! (Statement Non Opinion) ,joy,joy
"That's right baby! Okay, what do I want now? (Question) ",joy,joy
"Okay, ah umm, ah, a 8. Ah, a 6? (Answer) ",neutral,neutral
Pick a number! That is your (Command) ,neutral,anger
8. 8! (Answer) ,joy,neutral
Thank you! (Statement Non Opinion) ,joy,joy
"If you get this one, we buy everybody here a steak dinner! (Statement Non Opinion) ",joy,joy
"Yeah, I understand. (Agreement) ",neutral,neutral
Take as much time as you want. (Statement Non Opinion) ,neutral,neutral
"Ten, even twenty minutes if you need it. (Statement Non Opinion) ",neutral,neutral
I'll be here. (Statement Non Opinion) ,sadness,neutral
Not smoking. (Statement Non Opinion) ,sadness,neutral
"We're really gonna do this, huh? (Question) ",surprise,surprise
Looks like it. (Statement Non Opinion) ,neutral,neutral
"Y'know, if, if this is too weird for you, we can still back out at (Statement Non Opinion) ",neutral,sadness
I got it! (Statement Non Opinion) ,joy,joy
Okay. (Agreement) ,neutral,neutral
Susan! Hi! (Greeting) ,joy,joy
Hey! (Greeting) ,joy,joy
Thank you so much for coming. (Statement Non Opinion) ,joy,joy
"Oh, I wouldn't miss it for the world. (Statement Non Opinion) ",joy,joy
I'm-I'm Ross by the way. (Statement Non Opinion) ,neutral,neutral
Hello Ross. I love what you've done with this space. (Greeting) ,joy,joy
Thank you so much. (Statement Non Opinion) ,joy,joy
How hot is this?! (Question) ,surprise,surprise
"Guess who's here. It's the toughest guy in toy land, Ben. 'A real American hero. I'm (Statement Non Opinion) ",neutral,joy
G.I. Joe (Others) ,neutral,neutral
"Look Ben, it's a toy that protects U.S. oil interests overseas! (Statement Non Opinion) ",joy,joy
"It took me 28 years to find one man that I wanna spend my life with, if I have to wait another 28 years then, I'll be 56 before I can have a baby, and that's just stupid. (Statement Opinion) ",sadness,sadness
"That, that's what's stupid. (Statement Opinion) ",disgust,anger
"I don't need an actual man, just a couple of his best swimmers. (Statement Non Opinion) ",neutral,neutral
"And there, there are places you can go to get that stuff. (Statement Non Opinion) ",neutral,neutral
Down at the docks again? (Question) ,anger,surprise
"Hi there. How many, how many ah, did you sell? (Question) ",neutral,neutral
I'm not gonna tell you! You're the bad man who broke Sarah's leg. (Answer) ,anger,anger
"Hey now! That was an accident, okay. (Statement Opinion) ",anger,neutral
You're a big scrud. (Statement Opinion) ,anger,anger
What's a scrud? (Question) ,neutral,neutral
"Why don't you look in the mirror, scrud. (Question) ",anger,anger
I don't have too. I can just look at you. (Answer) ,joy,neutral
"All right girls, and man. Let's see your final tallies. Ohhhh, Debbie, 321 boxes of cookies, Very nice. (Statement Non Opinion) ",joy,joy
Not nice enough. (Statement Opinion) ,anger,anger
"Charla, 278. Sorry, dear, but still good. (Statement Opinion) ",neutral,sadness
"So, how'd the lasagne go over? (Question) ",neutral,neutral
Really?! (Question) ,surprise,surprise
Good. (Answer) ,neutral,joy
So you owe me three pretty things. (Statement Non Opinion) ,neutral,neutral
"Yeah, I've been thinking a lot about you too. (Statement Non Opinion) ",neutral,neutral
It's hard this whole platonic thing. (Statement Non Opinion) ,sadness,sadness
It's a word! (Statement Non Opinion) ,surprise,anger
"Yeah, I do think it's better this way. Yeah, we're being smart. Yes, I'm sure. (Statement Opinion) ",neutral,sadness
You really sure? (Question) ,neutral,neutral
I'll call you back. (Statement Non Opinion) ,neutral,neutral
"So, are you really gonna go out with that nurse man? (Question) ",surprise,neutral
"Well uh, you and I are just goofing around, I thought, why not goof around with him. (Answer) ",neutral,neutral
"Y'know, I don't know if you've ever looked up the term goofing around in the dictionary... Well, I have, and the technical definition is, two friends who care a lot about each other and have amazing sex and just wanna spend more time together. (Statement Non Opinion) ",neutral,joy
"But if you have this new fangled dictionary that gets you made at me, then we have to, y'know, get you my original dictionary. (Statement Opinion) ",neutral,anger
I am (Statement Non Opinion) ,neutral,neutral
I think you're better than you think you are. (Statement Opinion) ,neutral,joy
"Really? Okay, so (Statement Non Opinion) ",surprise,neutral
Know when to stop. (Statement Non Opinion) ,neutral,neutral
"Y'know, I sensed that I should stop. So we're okay? (Disagreement) ",neutral,sadness
"Yeah. All right, I'm gonna go tell Dan that it's not gonna happen. Don't do the dance. (Statement Non Opinion) ",neutral,neutral
Right! (Agreement) ,joy,joy
"Ow!-Ow!-Ow! Ow! Ow! Ow! Ow! Ow! Ow! Y'know, ow! (Statement Non Opinion) ",anger,anger
Hey!-Hey! What's going on? (Question) ,surprise,surprise
She broke my arm. (Answer) ,anger,anger
He touched my fanny. (Statement Non Opinion) ,anger,disgust
"No, she touched mine first! (Disagreement) ",anger,anger
That's my job! (Statement Opinion) ,anger,anger
Are you being British?! (Question) ,surprise,surprise
No. Not anymore. (Answer) ,neutral,neutral
Why are you shopping here? You don't live in this neighborhood. Were you here waiting for me? (Question) ,surprise,surprise
"Yeah, huh. I'm just uh, you know I'm just picking up some things for a party. (Answer) ",neutral,neutral
Barley? What kind of party serves barley? (Question) ,anger,surprise
"Well, I'm sorry if my friends aren't as sophisticated as yours. (Apology) ",anger,anger
Where is this party? (Question) ,neutral,neutral
Here in Chelsea. (Answer) ,neutral,neutral
Who's party is it? (Question) ,anger,neutral
A woman's (Answer) ,neutral,neutral
What woman?! (Question) ,anger,anger
Chelsea. (Answer) ,neutral,neutral
"Either you're seeing somebody behind my back, which would make you the biggest jerk on the planet. (Statement Opinion) ",disgust,anger
"Or, else you're pretending that you're seeing somebody, which just makes you so pathetic that I could start crying right here in the cereal aisle. (Statement Opinion) ",disgust,sadness
So like which of these two guys do you want to be? (Question) ,sadness,anger
Can I be that guy? (Question) ,joy,joy
Great story again! The yarns that you weave! Woo-hoo-hoo! (Statement Non Opinion) ,joy,joy
"Y'know uh, actually I-I-I should get going. (Statement Non Opinion) ",anger,neutral
Oh no-no-no! Stay! Stay! Because you-you should you-you-you should stay! (Disagreement) ,fear,anger
"Wow. Oh, I am really flattered, but I just I don't feel that way about you. (Statement Opinion) ",surprise,sadness
"Oh no-no-no, that's not--No-no-no! (Disagreement) ",anger,anger
Did you just flick me? (Question) ,anger,anger
"OK, well, you wouldn't let me finish and I was jus- [Monica flicks her back] Ow. That hurt [flicks Monica] (Answer) ",joy,anger
"Oh!Â¬â€  All right.Â¬â€  Now, let's not do this! (Agreement) ",anger,neutral
Happy thoughts!Â¬â€  Happy thoughts! (Statement Non Opinion) ,anger,joy
"OK, now I'm gonna kick some ass. (Statement Non Opinion) ",anger,anger
Ow! Ow! Ow! (Backchannel) ,anger,sadness
"Alright, now I will let go if you both stop. (Statement Non Opinion) ",neutral,neutral
Fine! (Agreement) ,anger,anger
Fine! (Agreement) ,anger,anger
"There we go.You know what, if we were in prison, you guys would be, like, my bitches. (Statement Opinion) ",neutral,joy
"Okay, buddy-boy. Here it is. You hide my clothes, I'm wearing everything you own. (Statement Non Opinion) ",neutral,anger
Oh my God! (Statement Non Opinion) ,surprise,surprise
Look at me! I'm Chandler! Could I (Command) ,joy,joy
"Whew, it's hot with all of this stuff on. (Statement Opinion) ",neutral,neutral
"I ah, I better not do any, I don't know, lunges. (Statement Opinion) ",neutral,fear
Hi. (Greeting) ,neutral,neutral
Hi. (Greeting) ,neutral,neutral
"Hi, listen, I'm sorry about before. (Statement Non Opinion) ",sadness,sadness
I don't need to have a game room. (Statement Opinion) ,neutral,neutral
"I mean when I was a kid I only played those games because I couldn't get girls, and now I (Statement Non Opinion) ",neutral,sadness
Stop it Chandler. I'm sorry too. (Apology) ,sadness,sadness
Really? (Question) ,surprise,surprise
Yeah! Oh yes! (Answer) ,anger,joy
Ohh. (Backchannel) ,neutral,neutral
"Listen, we don't have to make that a guest room, we can think of something to do with the room together. (Statement Opinion) ",joy,neutral
That's a great idea! We can (Agreement) ,joy,joy
Totally! (Statement Non Opinion) ,joy,joy
We don't have to come up with this now. (Statement Opinion) ,neutral,neutral
Oh good. (Statement Non Opinion) ,joy,joy
"Yeah, and I am okay with being a pushover. (Statement Opinion) ",neutral,joy
That's great. Good for you guys. (Statement Non Opinion) ,joy,joy
I am not high maintenance! (Statement Opinion) ,anger,anger
I am not a pushover! (Statement Opinion) ,anger,anger
Who said you were? (Question) ,neutral,neutral
You did! (Answer) ,anger,anger
"Oh, I'm flaky. I'll say anything. (Statement Non Opinion) ",neutral,neutral
"Ok, I know this is gonna sound really stupid, but I feel that if I can do this, you know, if I can actually do my own laundry, there isn't anything I can't do. (Statement Opinion) ",joy,joy
That does not sound stupid to me. (Statement Opinion) ,neutral,neutral
"You know, it's like the first time I had to make dinner for myself, after Carol left me? (Statement Non Opinion) ",neutral,sadness
"I'm sorry, that's all the time we have. (Statement Non Opinion) ",sadness,neutral
Next on Ross... Uh-oh. (Statement Non Opinion) ,neutral,surprise
What uh-oh? (Question) ,joy,surprise
"Uh-oh, uh-oh, the laundry's done. (Answer) ",fear,neutral
"It's, uh, it's a song. (Statement Non Opinion) ",neutral,neutral
The laundry song that we sing. (Statement Non Opinion) ,neutral,neutral
"Uh-oh the laundry's done, uh-oh, uh-oh. (Statement Non Opinion) ",neutral,neutral
"Ross, what's the matter? (Question) ",anger,sadness
"Nothing, nothing. Lee-lo, the laundry's done. (Answer) ",neutral,neutral
Why are you here? (Question) ,surprise,neutral
"Well, Sid and I are trying again and we had trouble last time because apparently we... (Answer) ",sadness,sadness
"No no no... I mean, (Disagreement) ",neutral,anger
Oh! Someone's a little cranky today cuz they have to do it in a cup! Oh! They gave you the kiddy size . (Statement Opinion) ,anger,disgust
What!? (Question) ,surprise,surprise
This was fun! But I've got an invasive vaginal exam to get to! (Statement Non Opinion) ,joy,neutral
"I'd love to stay, but I have eh... got a hot date... (Statement Opinion) ",joy,joy
Please... go! Just let me know if you need a hand! (Statement Non Opinion) ,neutral,neutral
I think it just fell off. (Statement Opinion) ,neutral,disgust
"I don't want to be single, okay? I just... I just- I just wanna be married again! (Statement Opinion) ",sadness,sadness
And I just want a million dollars! (Statement Opinion) ,fear,joy
Rachel?! (Statement Non Opinion) ,surprise,surprise
Yeah. (Statement Non Opinion) ,neutral,neutral
"Look, these clowns are trying to take us for a ride and I'm not gonna let 'em! (Statement Non Opinion) ",anger,anger
And we're not a couple of suckers! (Statement Opinion) ,anger,anger
"I hear ya, Mugsy! (Statement Non Opinion) ",neutral,joy
"But look, all these rooms are fine okay? (Statement Opinion) ",neutral,neutral
"Can you just pick one so I can watch--have a perfect, magical weekend together with you. (Statement Non Opinion) ",anger,joy
"Okay, (Agreement) ",neutral,neutral
Nothing! It's over! Dammit! This is regularly scheduled programming! (Statement Non Opinion) ,anger,anger
Can we turn the TV off? Okay? Do we really want to spend the entire weekend like this? (Question) ,disgust,sadness
"Oh, I'm sorry, am I getting in the way of all the room switching fun? (Question) ",anger,anger
"Hey, don't blame me for wigging tonight! (Statement Opinion) ",anger,anger
"Oh, who should I blame? The nice bell man who had to drag out luggage to 10 different rooms? (Question) ",anger,anger
"I don't know, how about the idiot who thought he could drive from Albany to Canada on a half a tank of gas! (Answer) ",anger,anger
Do not speak ill of the dead. (Statement Non Opinion) ,anger,neutral
"We're supposed to uh, be spending a romantic weekend together, it-it, what is the matter with you? (Question) ",anger,sadness
"I just want to watch a little television. What is the big deal? Geez, relax mom. (Answer) ",sadness,anger
What did you say? (Question) ,anger,anger
"I said, ""Geez, relax Monnnnn."" (Answer) ",fear,anger
"Y'know, maybe it's best that we never got to do it again. (Statement Opinion) ",neutral,sadness
"Yeah, it kinda makes that-that one night special. Y'know, technically we still (Agreement) ",neutral,joy
"I'm gonna go to the bathroom, maybe I'll see you there in a bit? (Statement Non Opinion) ",neutral,neutral
Kay! (Agreement) ,neutral,neutral
Can I ask you something? (Question) ,neutral,neutral
"Uhh, no. (Answer) ",neutral,anger
"Felicity and I, we're watching (Statement Non Opinion) ",neutral,neutral
No. (Disagreement) ,neutral,anger
"I mean, the giant is like five years younger than me, y'know, you think I'll ever get there? (Question) ",neutral,sadness
Yes. (Answer) ,neutral,neutral
Thanks man. (Greeting) ,neutral,joy
Okay man. (Statement Non Opinion) ,neutral,neutral
But what about how much taller he is than me? (Question) ,neutral,sadness
"I mean, there's no way I can make myself taller now, y'know? (Statement Opinion) ",neutral,sadness
"And who knows what science will come up with in the future, but Chandler, what if I die an unsuccessful, regular sized man? (Question) ",anger,fear
"Hey, Monica, wow you've been in the bathroom for like a half-hour. (Statement Non Opinion) ",surprise,surprise
I know! (Agreement) ,anger,neutral
"Had the beef-tips, huh? (Statement Non Opinion) ",neutral,neutral
"Good-bye and God speed, Hope Brady. (Greeting) ",neutral,neutral
Not so fast Wesley! (Statement Non Opinion) ,anger,anger
Ramoray! (Statement Non Opinion) ,sadness,surprise
"That's right Wesley! I just stopped by to say that, you're not a real doctor! And that woman's brain, is fine! (Statement Opinion) ",anger,anger
Oh! Thank God! (Statement Non Opinion) ,joy,joy
Hope! Hope! (Statement Non Opinion) ,joy,neutral
Drake! (Others) ,joy,joy
"You're not dying Hope, you're gonna live a long, healthy life. With me. (Statement Opinion) ",joy,joy
Oh Drake. (Statement Non Opinion) ,joy,joy
Okay! (Statement Non Opinion) ,joy,neutral
Here we go! (Statement Non Opinion) ,joy,neutral
Okay! (Statement Non Opinion) ,joy,neutral
"Hi, Joey! (Greeting) ",joy,joy
It's Rachel! (Statement Non Opinion) ,joy,neutral
"Umm, I am free tomorrow night. (Statement Non Opinion) ",neutral,neutral
"Yeah, sure, sure I can bring some sandwiches. (Statement Non Opinion) ",neutral,neutral
"OK, we got the cole slaw, we got the buns... (Statement Non Opinion) ",neutral,neutral
"We've got the ground-up flesh of formerly cute cows and turkeys, ew... (Statement Non Opinion) ",disgust,disgust
Men are here. (Statement Non Opinion) ,neutral,neutral
"Mom, would you relax. (Statement Non Opinion) ",sadness,neutral
"That was 10 blocks from here and, the, the woman was walking alone at night, I would never do that. (Statement Opinion) ",sadness,fear
"Mom, c'mon, stop worrying. (Statement Non Opinion) ",fear,neutral
"This is a safe street, this is a safe building, there's nothing (Statement Opinion) ",neutral,neutral
Hi. (Greeting) ,neutral,neutral
"Hi, hi can I help you? (Question) ",joy,neutral
"Yeah, I'm looking for Phoebe, does she still live here? (Question) ",neutral,neutral
"Uh, no she doesn't but I can, I can get a message to her. (Answer) ",neutral,neutral
"Great. Uhh, just tell her her husband stopped by. (Statement Non Opinion) ",neutral,neutral
What? (Question) ,surprise,surprise
"Hey, how, how did you do that? (Question) ",surprise,surprise
"Alright, somebody. (Statement Non Opinion) ",neutral,neutral
"OK, I'll go. OK, senior year of college... on a pool table. (Agreement) ",neutral,joy
Whoooaa! (Backchannel) ,surprise,surprise
That's my sister. (Statement Non Opinion) ,neutral,neutral
OK... my weirdest place would have to be... the women's room on the second floor of the New York CIty public library. (Statement Opinion) ,neutral,joy
Oh my God! What were you doing in a library? (Question) ,surprise,surprise
"Pheebs, what about you? (Question) ",neutral,neutral
Oh... Milwaukee. (Answer) ,neutral,neutral
Um... Ross? (Question) ,neutral,neutral
"Disneyland, 1989, 'It's a Small World After All.' (Statement Opinion) ",neutral,joy
No way! (Disagreement) ,surprise,surprise
The ride broke down. (Statement Non Opinion) ,neutral,neutral
"So, Carol and I went behind a couple of those mechanical Dutch children... then they fixed the ride, and we were asked never to return to the Magic Kingdom. (Statement Non Opinion) ",joy,neutral
"Oh, Rachel. (Others) ",neutral,sadness
Hey! (Greeting) ,joy,joy
Hey! (Greeting) ,joy,joy
"Oh, is the play over? (Question) ",neutral,surprise
Yeah. Where were you? (Question) ,neutral,anger
"Thank you for your patience, you're the next caller. (Statement Non Opinion) ",neutral,neutral
You were the next caller five hours ago. You must be going crazy. (Statement Opinion) ,joy,anger
Nah. I kept myself busy. (Disagreement) ,neutral,neutral
"Oh, okay, yeah. I put your stuff in her room, and her stuff in your room. (Statement Non Opinion) ",neutral,neutral
"Well there's yore. And uh, y'know, yesteryear. (Statement Non Opinion) ",neutral,neutral
"Yeah no, I'm telling you Rachel has such a great eye for this stuff. (Statement Non Opinion) ",neutral,joy
"Ross, y'know if you ever decide you need to redecorate--And I think that you should. (Statement Opinion) ",neutral,neutral
"You should, you should ask Rachel to help. (Statement Non Opinion) ",neutral,neutral
Oh honey he doesn't need my help. (Statement Opinion) ,neutral,sadness
"Oh, come on! I think he's ready to get rid of, what did you call it? The cheap knock-offs and dinosaur junk. (Statement Opinion) ",joy,anger
Really?! (Statement Non Opinion) ,surprise,surprise
"Hey, y'know what? (Question) ",surprise,neutral
"Since you have such a great sense of what I need, uh ooh, here's-here's 60 bucks, why don't you take Phoebe down to that Colonial flea market of yours and get me some stuff. (Statement Opinion) ",neutral,anger
"Y'know what? I don't, I don't think Phoebe really wants to come. (Statement Opinion) ",joy,neutral
No! I do want to! (Disagreement) ,joy,anger
"Oh, she does want to. (Agreement) ",neutral,neutral
She does want to. (Agreement) ,neutral,neutral
Yeah! (Statement Non Opinion) ,joy,joy
"Wow, you have really pretty feet. (Statement Opinion) ",surprise,joy
These old things. (Statement Non Opinion) ,sadness,neutral
"Would you mind spending some time on my siadic area, it's been killing me today. (Question) ",anger,sadness
"You mean the--Okay by siadic, you mean the towel covered portion. (Question) ",neutral,surprise
Yeah. (Answer) ,neutral,neutral
"Sure, yeah, no I can do that, yeah, because umm, y'know, the muscles in the siadic area can get y'know, real nice and tight. (Statement Opinion) ",neutral,joy
"So umm, tell me Rick, how umm, how did you injure the area. (Question) ",surprise,neutral
"Oh, a 16-hour sit-in for Greenpeace. (Answer) ",neutral,neutral
Oh. (Backchannel) ,neutral,surprise
Ow! Did you just bite me? (Question) ,surprise,anger
No! (Answer) ,surprise,anger
"Um, that's it. (Statement Non Opinion) ",neutral,neutral
No. (Disagreement) ,neutral,anger
Crew guy. (Statement Non Opinion) ,neutral,neutral
Yeah. (Statement Non Opinion) ,neutral,neutral
Why have you been following me? (Question) ,anger,anger
"I mean, all week long everywhere I look there's you. (Statement Non Opinion) ",neutral,anger
"You wouldn't return my calls, you sent back my letters.... (Answer) ",sadness,sadness
What? (Question) ,surprise,surprise
"One more chance Ursula, please? (Answer) ",sadness,sadness
Okay. (Agreement) ,neutral,neutral
"Okay, and then this is the coffee house. This is where I play my music. (Statement Non Opinion) ",neutral,neutral
Good deal. (Statement Non Opinion) ,joy,joy
Here you go. (Statement Non Opinion) ,neutral,neutral
Thank you. (Greeting) ,neutral,joy
Hi! (Greeting) ,joy,joy
"Hi! All right, let's go shoppin'!! (Statement Non Opinion) ",joy,joy
"Um, y'know, before we go ah, there's something I need to say. (Statement Non Opinion) ",fear,neutral
"Oh, okay. (Agreement) ",neutral,neutral
"I've kinda of had this ah, this crush on you. (Statement Non Opinion) ",fear,neutral
"But since you were with Ross, I-I didn't do anything about it. (Statement Non Opinion) ",joy,neutral
"But, now that you're not, I'd really like to ask you out sometime. (Statement Non Opinion) ",fear,neutral
"So-so that's-that's what I'm doing, now. (Statement Non Opinion) ",fear,neutral
Wow! Umm.... (Backchannel) ,surprise,surprise
I dropped a cup. (Statement Non Opinion) ,neutral,neutral
"Hello, tiny embryos. (Greeting) ",neutral,joy
"Well, I'm-I'm Phoebe Buffay, hi! (Greeting) ",joy,joy
I'm-I'm-I'm hoping to be your uterus for the next nine months. (Statement Non Opinion) ,joy,neutral
"You should know, that we're doing this for Frank and Alice, who you know, you've been there! (Statement Non Opinion) ",joy,neutral
"Umm, y'know they want you so much, so when you guys get in there, really grab on. (Statement Opinion) ",joy,joy
"Okay, and-and I promise that I'll keep you safe and warm until you're ready to have them take you home, so... Oh! (Statement Non Opinion) ",joy,joy
"And also, umm next time you see me, I'm screaming, don't worry, that's what's supposed to happen. (Statement Non Opinion) ",neutral,surprise
Ready? (Question) ,neutral,neutral
Uh-huh. Good luck. (Greeting) ,sadness,joy
Then we have to await the data from recent MRI scans and DNA testing which call into question information gathered from years of simple carbon dating. (Statement Non Opinion) ,neutral,neutral
"Look at that woman sitting by the pool getting tan... so leathery and wrinkled, I'm so (Statement Opinion) ",sadness,disgust
I'm not your brother. (Disagreement) ,neutral,anger
What about my children Drake?! Huh!? No!! No!! No! God! (Question) ,anger,fear
Why don't we try massaging the breast to stimulate the flow. (Statement Opinion) ,neutral,neutral
Are you kidding me?! (Question) ,anger,surprise
It's just so frustrating! Why doesn't she want my breast?! (Question) ,anger,anger
I don't know! Maybe she's crazy! (Answer) ,anger,anger
"Hey Joey, I got some beer for you. (Statement Non Opinion) ",neutral,joy
"Uh, don't you mean ""for whom?"" (Statement Non Opinion) ",neutral,neutral
"Sure, listen I was gonna order some pizza, you wanna share one? (Question) ",neutral,joy
"Pizza, heh, its not like I never had that before...ba dum bum cheshhh. (Answer) ",neutral,joy
Is there something wrong? (Question) ,neutral,sadness
"All right, All right, let's just get this out in the open okay? (Answer) ",neutral,anger
You're hot. (Statement Opinion) ,neutral,joy
I'm lovable. (Statement Non Opinion) ,neutral,joy
Clearly there's a vibe going on between us. (Statement Opinion) ,neutral,joy
"But, we're roommates and it's a huge mistake for us to continue down this road. (Statement Opinion) ",neutral,sadness
Joey... (Statement Non Opinion) ,neutral,neutral
"Oh no it's not, no it's not. It's a first date. I'm (Statement Opinion) ",fear,fear
"Ho-oh, he's gonna get some! (Statement Non Opinion) ",joy,joy
Of the glare from the streetlight out of his apartment. (Statement Non Opinion) ,neutral,neutral
"Y'know so umm, he's closed the drapes there so he can have a nice, pleasant conversation with your little sister. (Statement Opinion) ",neutral,disgust
"Well, I'm off to bed! (Statement Non Opinion) ",neutral,neutral
You were so funny with that waiter! You're such a nut! (Statement Opinion) ,joy,joy
"Y'know, breadstick fangs are always funny. (Acknowledge) ",joy,joy
"No, you make them funny. You're the funny one! (Statement Opinion) ",joy,joy
"Uhh, look Katie, uh listen, we-we need to talk. (Statement Non Opinion) ",fear,neutral
Okay? (Agreement) ,neutral,neutral
"Umm, look I like you. (Statement Opinion) ",fear,neutral
"I-I really do, I like you a lot. (Acknowledge) ",fear,neutral
Okay? (Agreement) ,anger,neutral
"But sometimes when you, when you playfully punch me like that it-it feels like someone's hitting me with a very tiny but very (Statement Opinion) ",joy,sadness
"Aww, like I could hurt you. Are you making fun of my size? Don't make fun of me because of my size! (Disagreement) ",surprise,anger
"Oh, Joey! Sorry! (Apology) ",surprise,sadness
They made you head of the department! (Statement Non Opinion) ,joy,joy
"No, I get to teach one of his advanced classes! Why didn't I get head of the department? (Question) ",joy,anger
"Oh! Hey Rach, listen umm (Greeting) ",neutral,neutral
Yeah. (Backchannel) ,neutral,neutral
"I got a big date coming up, do you know a good restaurant? (Question) ",neutral,neutral
"Uh, Paul's Café. They got great food and it's really romantic. (Answer) ",neutral,joy
"Ooh, great! Thanks! (Greeting) ",joy,joy
"Yeah! Oh, and then afterwards you can take her to the (Statement Opinion) ",neutral,joy
"You sure are naming a lot of ways to postpone sex, I'll tell ya (Statement Non Opinion) ",neutral,neutral
"Ooh, I miss dating. (Statement Non Opinion) ",sadness,sadness
Gettin' all dressed up and going to a fancy restaurant. (Statement Non Opinion) ,neutral,sadness
"I'm not gonna be able to do that for so long, and it's so much fun! (Statement Non Opinion) ",joy,sadness
I mean not that sitting at home worrying about giving birth to a sixteen pound baby is not fun. (Statement Opinion) ,neutral,sadness
"Hey, y'know what? (Question) ",neutral,neutral
Huh? (Backchannel) ,neutral,neutral
Why don't I take you out? (Question) ,neutral,joy
"What?! Joey, you don't want to go on a date with a pregnant lady. (Answer) ",surprise,surprise
Yes I do! (Disagreement) ,joy,joy
"And we're gonna go out, we're gonna have a good time, and take your mind off of childbirth and c-sections and-and giant baby heads stretching out (Statement Opinion) ",joy,joy
Okay! I'll go with ya! I'll go! I'll go with ya. (Agreement) ,joy,joy
I'll be fun. (Statement Opinion) ,neutral,joy
All right? (Agreement) ,neutral,joy
Hi! (Greeting) ,joy,joy
Hey! (Greeting) ,joy,joy
"Joey, I gotta tell ya, I've been thinking (Statement Non Opinion) ",neutral,neutral
"Oh, you know, the writing was good, and the director is good, and... and my co-star's good (Statement Opinion) ",joy,joy
"God, you have to tell me what happens tomorrow! (Statement Non Opinion) ",joy,surprise
"Ow, I'm just going over the script now! You wanna read lines with me? (Question) ",surprise,neutral
"Me? Oh, no, I am not an actress. (Answer) ",disgust,neutral
"Oh, all right, I can ask Monica. (Acknowledge) ",neutral,neutral
"Oh screw her, that part is mine! (Statement Non Opinion) ",anger,anger
"Right... ok, so just from the top of the page, right here. (Statement Non Opinion) ",neutral,neutral
"Okay. . Hello Drake, I'm surprised to see you here. (Statement Non Opinion) ",surprise,surprise
I can't believe you married him. (Statement Non Opinion) ,surprise,surprise
But what choice did I have. He was keeping my sister in a (Statement Non Opinion) ,anger,sadness
So what about us? Everything we feel for each other. (Question) ,sadness,sadness
It's over! You (Answer) ,joy,anger
How can I? (Question) ,surprise,sadness
"Knowing I'll never hold you in my arms again, or touch your skin, or feel your lips, knowing I'll never make love to you? (Answer) ",sadness,sadness
How can I accept that... (Statement Opinion) ,sadness,sadness
I can never kiss you again when it's all I can do not to kiss you right now. (Statement Opinion) ,sadness,sadness
Kiss me. (Statement Non Opinion) ,joy,joy
What? (Question) ,surprise,surprise
"Come on, you know, Thanksgiving. Ooh, you got the bigger half. What'd you wish for? (Question) ",joy,joy
The bigger half. (Answer) ,neutral,neutral
I'd like to propose a toast. (Statement Opinion) ,joy,neutral
"Little toast here, ding ding. (Statement Non Opinion) ",joy,neutral
"I know this isn't the kind of Thanksgiving that all of you all planned, but for me, this has been really great, you know, I think because it didn't involve divorce or projectile vomiting. (Statement Opinion) ",joy,joy
"Anyway, I was just thinking, I mean, if you'd gone to Vail, and if you guys'd been with your family, if you didn't have syphilis and stuff, we wouldn't be all together, you know? (Statement Opinion) ",anger,sadness
So I guess what I'm trying to say is that I'm very thankful that all of your Thanksgivings sucked. (Statement Non Opinion) ,joy,joy
That's so sweet. (Statement Non Opinion) ,joy,joy
"And hey, here's to a lousy Christmas. (Statement Non Opinion) ",joy,joy
And a crappy New Year. (Statement Non Opinion) ,joy,joy
"Here, here! (Backchannel) ",joy,joy
"Now, hold on! (Command) ",anger,anger
Hold on! (Command) ,anger,anger
"Look, look, your daughter and I are supposed to leave tonight for our honeymoon, now-now you-you tell her that I'm gonna be at that airport and I hope that she'll be there too! (Statement Non Opinion) ",anger,sadness
"Oh yeah, I said Rachel's name, but it didn't mean anything, Okay? (Disagreement) ",anger,anger
She's-she's just a friend and that's all! (Acknowledge) ,anger,neutral
That's all! (Statement Non Opinion) ,sadness,anger
Now just tell Emily that I love her and that I can't imagine spending my life with anyone else. (Statement Opinion) ,anger,joy
"Please, promise me that you'll tell her that. (Statement Non Opinion) ",sadness,sadness
"All right, I'll tell her. Come on bugger face! (Agreement) ",anger,joy
Call me. (Command) ,neutral,neutral
"You spend half your life in the bathroom, why don't you ever go out the bloody window! (Statement Opinion) ",anger,anger
What happened?!! (Question) ,surprise,surprise
"Well, I don't know!! (Answer) ",surprise,neutral
We fell asleep! That is all. (Statement Non Opinion) ,neutral,neutral
"Yeah. Yep. Yeah. All right, well uh, I'd better go. (Statement Non Opinion) ",neutral,neutral
I think that would be best. (Agreement) ,neutral,neutral
"Yeah. All right, I'll talk to you later. (Statement Non Opinion) ",neutral,neutral
Okay. But not about this! (Statement Non Opinion) ,anger,anger
No! Never! Never! Bye. (Agreement) ,anger,anger
No touch! No touch! (Statement Non Opinion) ,neutral,anger
"Umm ma'am, do you have a minute? I kind of have some bad news. I don't think I can move to Tulsa. (Statement Non Opinion) ",sadness,sadness
What? (Question) ,surprise,surprise
"It's a funny story, actually. (Answer) ",neutral,neutral
"I kind of fell asleep in the meeting this morning so when I said I'd move to Tulsa, I didn't really know what I was saying. (Statement Non Opinion) ",neutral,neutral
You fell asleep? (Question) ,surprise,surprise
"But only because I was up all night worried about this meeting, ain't that funny? (Answer) ",fear,neutral
Irony? (Others) ,surprise,neutral
"Not a fan, alright . (Statement Non Opinion) ",neutral,neutral
"See, here's the thing. (Statement Non Opinion) ",neutral,neutral
I went home and told my wife about Tulsa and she won't go. (Statement Non Opinion) ,neutral,sadness
"See, me, I love Tulsa! (Statement Opinion) ",joy,joy
Tulsa is heaven! (Statement Opinion) ,joy,joy
Tulsa is Italyâ€šÃ„Ã®Please don't make me go there! (Statement Non Opinion) ,fear,fear
"Chandler, I... (Others) ",joy,neutral
No no no! (Disagreement) ,fear,anger
"Look, Carol, can I call you Carol? (Question) ",neutral,neutral
Wh-why would I when your name is Elaine? (Statement Non Opinion) ,joy,neutral
"Oh what a great picture of your son, strapping! (Statement Opinion) ",joy,joy
"That's a picture of your daughter, isn't it, well she's lovely. (Statement Non Opinion) ",joy,neutral
I like a girl with a strong jaw. (Statement Opinion) ,sadness,joy
I'll call you from Tulsa. (Statement Non Opinion) ,neutral,neutral
Hi. (Greeting) ,neutral,neutral
Hey. (Greeting) ,neutral,neutral
How are you? (Question) ,neutral,neutral
"I'm not too bad. Fortunately, blue's my colour. How-how did you know I was here? (Question) ",neutral,surprise
Because... I'm Monica Geller. It was my credit card you were using. (Answer) ,neutral,neutral
That I was not expecting. (Statement Non Opinion) ,surprise,surprise
"I want you to know, it wasn't me who turned you in. (Statement Opinion) ",neutral,neutral
Oh. Thanks. (Greeting) ,neutral,neutral
"No, thank you! You have given me so much! I mean, if it wasn't for you, I would never have gotten to sing (Statement Opinion) ",joy,joy
"Well, actually, you only got to sing 'Memo-'. (Statement Non Opinion) ",neutral,neutral
I just can't believe you're in here. (Statement Non Opinion) ,surprise,surprise
"I mean, what am I gonna do without you? (Question) ",sadness,sadness
Who's gonna crash the embassy parties with me? (Question) ,sadness,sadness
Who's gonna take me to the (Question) ,sadness,sadness
"Uh... Oh, Mindy, you are so stupid. Oh, we are both so stupid. (Statement Opinion) ",disgust,anger
What do you mean? (Question) ,neutral,neutral
Smell familiar? (Statement Non Opinion) ,neutral,neutral
Oh no. (Statement Non Opinion) ,fear,fear
"Oh, I am so sorry. (Apology) ",sadness,sadness
"No me, I am so sorry... (Apology) ",sadness,sadness
Oh my. (Others) ,surprise,surprise
"Well, there's no way I'm gonna get a shot. (Statement Non Opinion) ",fear,fear
"Maybe they can take the needle and thquirt it into my mouth, you know, like a thquirt gun. (Statement Opinion) ",fear,joy
"Doctor, can I see you for just a minute please? My brother has a slight phobia about needles. (Statement Non Opinion) ",neutral,neutral
Did you tell him about my thquirt gun idea? (Question) ,neutral,surprise
"My brother, the PhD would like to know if there's any way to treat this orally. (Statement Non Opinion) ",neutral,neutral
"No, under these circumstances it has to be an injection, and it has to be now. (Disagreement) ",neutral,anger
Tho? (Others) ,neutral,surprise
Ohhh. (Statement Non Opinion) ,fear,sadness
"That's good, have a seat. (Statement Non Opinion) ",neutral,neutral
"Um, the doctor says it's gotta be a needle. (Statement Non Opinion) ",neutral,neutral
"You're just gonna have to be brave, ok? (Statement Opinion) ",neutral,joy
Can you do that for me? (Question) ,neutral,neutral
Ok. (Answer) ,neutral,neutral
Ok. Oh boy. You are doin' so good. You wanna squeeze my hand? (Statement Opinion) ,neutral,joy
Yes! (Agreement) ,fear,joy
"All right, Ross, don't squeeze it so hard. (Command) ",neutral,anger
"Honey, really, don't squeeze it so hard! (Statement Non Opinion) ",anger,anger
Let go of my hand! (Command) ,anger,anger
You're gonna love me so much. I got Sting tickets!! (Statement Opinion) ,joy,joy
Oh my God! I do love you! How did you do it?! (Question) ,joy,surprise
Well...let's just say (Statement Non Opinion) ,neutral,neutral
"Oo, where are the seats? (Question) ",joy,joy
"Uh, middle balcony. (Answer) ",neutral,neutral
You're a mean old woman. (Statement Opinion) ,anger,anger
No! Wait no! Shut up--I mean don't cry! Let me get my checkbook! (Statement Non Opinion) ,sadness,fear
"Look honey, you don't have to do this, okay? (Command) ",surprise,neutral
It's the strength you have inside that means the most to me. (Statement Opinion) ,joy,joy
"You're loyal, you're honest, and you have integrity! (Statement Opinion) ",joy,joy
That's the kind of strength that I want in the man that I love! (Statement Opinion) ,joy,joy
That means nothing to me. Come on! (Statement Opinion) ,anger,anger
"Oh! Hey, Mr. Treeger. (Greeting) ",fear,joy
What are you doing? (Question) ,neutral,neutral
Ummm. Oh! I'm sorry. It's a little old but (Apology) ,joy,sadness
No! You're clogging up the chute that I spent a half-hour unclogging! (Disagreement) ,anger,anger
I'm sorry. I didn't--I don't come in here a lot. (Apology) ,sadness,sadness
"Oh yeah, of course you don't! (Agreement) ",anger,anger
"Cause you're a little princess! ""Daddy, buy me a pizza. Daddy, buy me a candy factory. Daddy, make the cast of (Statement Opinion) ",disgust,disgust
"You think you could make a mess and the big man in coveralls will come in here and clean it up, huh? (Statement Non Opinion) ",anger,anger
"Well, why don't think of someone else for a change? (Question) ",anger,anger
"Okay, I'm sorry. (Apology) ",sadness,sadness
Hello! (Greeting) ,joy,joy
What's this? (Question) ,neutral,surprise
Oh right its that girl's phone number. (Answer) ,neutral,neutral
"Yeah-yeah, there it is, just a phone number a really hot girl gave me. (Statement Non Opinion) ",joy,joy
"It's no big deal, I mean it is her home phone number, but... Whoa! (Statement Opinion) ",surprise,surprise
"Whoa-whoops, I almost lost this baby! (Statement Non Opinion) ",joy,fear
"Yeah, the lovely Amanda gives me her number and I-I go and drop it. (Statement Non Opinion) ",anger,sadness
Thank you. (Greeting) ,neutral,neutral
I don't know how any of these got opened?! (Question) ,surprise,surprise
You opened them all? (Question) ,surprise,surprise
"I know! I know! I am a terrible person! I mean, Chandler is never going to trust me with anything ever again! (Statement Opinion) ",joy,sadness
Oh hey! You got my parent's gift! (Statement Non Opinion) ,joy,joy
Yeah. What is that? (Question) ,neutral,neutral
"Well, I don't know. I think it does something to salami. (Answer) ",sadness,neutral
Hey! How'd it go? (Question) ,sadness,neutral
Yeah. What-what did Tag say? (Question) ,neutral,neutral
Tag is not the father! And Joey knows now? (Answer) ,sadness,surprise
"I do Rach. I do, and I so happy for you. (Agreement) ",joy,joy
"Oh wow, you didn't even try to unhook my bra! (Statement Non Opinion) ",surprise,surprise
So are you ever gonna tell whoever it is? (Question) ,neutral,neutral
"No, I will. I'm just not up for it tonight. (Answer) ",neutral,sadness
"Hey Rach listen, no matter what this guy says I want you to know you're not gonna be alone in this. (Statement Non Opinion) ",joy,neutral
I'm not? (Agreement) ,surprise,neutral
Listen I uh... It's a scary world out there especially if you're a single mom. (Statement Opinion) ,fear,fear
"Y'know, I always felt like you and I have this-this special bond. (Statement Opinion) ",neutral,neutral
"So, Rachel Green will you marry me? (Question) ",joy,neutral
Thank you. (Answer) ,neutral,joy
If I can't have it you can't have it! (Statement Opinion) ,anger,anger
"I can't believe her, y'know it's just--it's so typical. (Statement Non Opinion) ",disgust,anger
"Now Monica, I know you're upset, but don't forget. (Statement Non Opinion) ",neutral,neutral
"There is going to be a wedding, you are going to throw the bouquet, and (Statement Non Opinion) ",neutral,neutral
Paris? (Others) ,neutral,surprise
We will take a moonlit walk on the Rue de la . (Statement Opinion) ,neutral,joy
Keep talking. (Backchannel) ,neutral,neutral
"Then we will sprinkle rose pedals on the bed and make love. Not just because it's romantic, but because I can! (Statement Opinion) ",joy,joy
I love you! (Statement Opinion) ,joy,joy
Yes! (Statement Non Opinion) ,joy,joy
I win again! (Statement Non Opinion) ,joy,joy
Ha-ha! (Others) ,joy,joy
That's like 500 bucks you owe me! (Statement Non Opinion) ,joy,joy
Whoo-ho-hoo! (Others) ,joy,joy
$500 that is a loooot of electricity! (Statement Opinion) ,joy,joy
Whoo-ho-ho! (Others) ,joy,joy
I gotta buy some food. (Statement Non Opinion) ,neutral,neutral
"Okay, give me a chance to win my money back. Okay? Sudden death, one goal, $1,000. (Statement Non Opinion) ",neutral,neutral
You serious? (Question) ,surprise,surprise
Oh yes! (Answer) ,anger,joy
"Okay, get ready to owe me! (Statement Non Opinion) ",joy,joy
Okay. (Agreement) ,neutral,neutral
"Okay, here we go. Ready? (Question) ",neutral,neutral
No! No! No! No----one can beat me. (Disagreement) ,anger,anger
"See? Now, that's why only the little fake men are supposed to do all the kicking. (Statement Opinion) ",fear,anger
Who is that?! (Question) ,surprise,surprise
"Don't worry, I'm brave! (Statement Opinion) ",sadness,joy
I am brave! (Statement Opinion) ,fear,joy
I...I am brave! (Statement Opinion) ,fear,fear
No-no-no-no!! (Others) ,fear,fear
Can you tell me who is there please? (Question) ,neutral,fear
Hi! (Greeting) ,joy,joy
Hi. Do you know what time it is? (Question) ,neutral,neutral
It's candy time! My roommate says that they taste like little drops of heaven. (Answer) ,joy,joy
Oh please! Did you hear that? Little drops of heaven. (Statement Non Opinion) ,joy,disgust
4:00 A.M. (Statement Non Opinion) ,neutral,neutral
"So, can I get some candy? (Question) ",neutral,neutral
"I am sorry, but some of us have to (Answer) ",neutral,sadness
"Umm, listen I am sorry, but I'll put some out first thing in the morning. (Apology) ",sadness,sadness
"Well okay, I'll swing by later. Do you live in this building? (Question) ",neutral,neutral
Um-hmm. (Answer) ,neutral,neutral
Mm! Seems like I would've remembered you! (Statement Non Opinion) ,surprise,joy
Mm! Night Gar'! (Greeting) ,neutral,joy
Aaron! You gotta let me go. The guy's hammered! (Statement Non Opinion) ,joy,fear
"I'm sorry Joey, as long as he's here and he's conscious we're still shooting. (Disagreement) ",neutral,anger
You wouldn't happen to have a very big fork? (Statement Opinion) ,neutral,neutral
"So I uh, I just talked to the director. That's it, we're done for the day. (Statement Non Opinion) ",neutral,joy
Well have we finished the scene? (Question) ,surprise,neutral
Yeah! You...you were wonderful. (Answer) ,joy,joy
As were you. (Statement Opinion) ,neutral,joy
"So I got your car, it's right outside. (Statement Non Opinion) ",neutral,neutral
"Oh, thank you. You're welcome. (Greeting) ",joy,joy
No-no-no! We gotta go! Come on! Here we go. (Statement Opinion) ,fear,fear
Is that my ass? (Question) ,joy,surprise
What about these? These look the same? (Question) ,neutral,neutral
Definitely! (Answer) ,joy,joy
Not as each other! (Statement Opinion) ,neutral,neutral
"Oh, then no. (Agreement) ",neutral,neutral
Hey! (Greeting) ,joy,joy
Hi! (Greeting) ,anger,joy
You look amazing. I'm the luckiest man in the world. (Statement Opinion) ,joy,joy
"Ohh, you're about to get a little luckier. (Statement Non Opinion) ",joy,joy
Let me see the earrings. (Statement Non Opinion) ,neutral,neutral
"Oh, honey, the earrings (Statement Non Opinion) ",neutral,neutral
They look great! Does your boyfriend have the best taste or what? (Question) ,joy,joy
My boyfriend really does have good taste! (Answer) ,joy,joy
Thanks for picking out the earrings man. (Statement Non Opinion) ,neutral,joy
Mm-Hm (Others) ,neutral,neutral
"I know that there's no hole there, I just really liked that picture. (Statement Opinion) ",neutral,joy
Oh my God! Look at this! (Statement Non Opinion) ,surprise,surprise
"Okay, but there (Statement Non Opinion) ",neutral,neutral
I don't care! The wires have come loose in your head! (Statement Non Opinion) ,anger,anger
I just thought that if I could follow the wire I could find out what it did. (Statement Opinion) ,neutral,neutral
And did you?! (Question) ,sadness,surprise
"No. It disappears back there behind that baseboard. For a minute there, I thought it went downstairs. (Answer) ",neutral,sadness
But it didn't. Say hello to Mrs. Chatracus. (Statement Non Opinion) ,neutral,neutral
Oh my God. (Others) ,surprise,surprise
Hello darling. (Greeting) ,neutral,joy
"Hello, Mrs. Chatracus. (Greeting) ",neutral,neutral
"Okay, is everybody clear? We're gonna pick it up...and move it. Now all we need is teamwork, okay? We're gonna (Statement Non Opinion) ",neutral,neutral
"Ross, I really don't think (Disagreement) ",neutral,anger
Lift!! And slide! (Statement Non Opinion) ,joy,neutral
"Okay, here we go. (Statement Non Opinion) ",neutral,neutral
"All right everyone, lift! And slide!! (Command) ",joy,anger
"All right Carl, we're next. Now remember, what is not gonna be? (Statement Non Opinion) ",neutral,neutral
Another (Others) ,neutral,neutral
That's right! And what are you not gonna do? (Question) ,neutral,joy
"Well, I'm not gonna talk because (Answer) ",neutral,neutral
"I mean, I realize that his feelings may never completely go away, but (Statement Opinion) ",sadness,sadness
"Oh?my Gawd, I-I understand. (Agreement) ",sadness,surprise
"I-I am so sorry, I'll go. (Apology) ",sadness,sadness
"Good-bye Monica , I wish you a lifetime of happiness with him. (Greeting) ",sadness,neutral
"Chandler, you call me when this goes in the pooper. (Command) ",neutral,anger
I found my identical hand twin! (Statement Non Opinion) ,joy,joy
"Ohh, you are (Statement Non Opinion) ",neutral,surprise
No! (Disagreement) ,neutral,anger
But she just came up here! (Statement Non Opinion) ,surprise,surprise
That was Joey! (Statement Non Opinion) ,neutral,neutral
I wonder where she is. That is so weird. (Statement Non Opinion) ,neutral,sadness
"Yeah, well, she's probably talking to Richard. (Statement Non Opinion) ",neutral,neutral
Would you stop that! (Statement Non Opinion) ,anger,anger
Do you wanna know the first thing she said when she came back from her lunch with Richard? (Question) ,neutral,neutral
She didn't feel anything for him. (Answer) ,neutral,neutral
She loves you! (Statement Opinion) ,sadness,joy
Really? (Backchannel) ,surprise,surprise
"Yes! Now, she feels terrible! She really wants to make up! You gotta find her. (Statement Non Opinion) ",anger,sadness
Okay. (Agreement) ,neutral,neutral
Good. I should really start wearing hats! (Statement Non Opinion) ,neutral,joy
"I mean, why should I let them meet him? (Question) ",neutral,anger
"I mean, I bring a guy home, and within five minutes they're all over him. (Statement Non Opinion) ",disgust,neutral
"I mean, they're like- coyotes, picking off the weak members of the herd. (Statement Opinion) ",joy,disgust
Listen. (Command) ,neutral,neutral
"As someone who's seen more than her fair share of bad beef, I'll tell you: that is not such a terrible thing. (Statement Opinion) ",neutral,joy
"I mean, they're your friends, they're just looking out after you. (Statement Non Opinion) ",neutral,neutral
"I know. I just wish that once, I'd bring a guy home that they actually liked. (Statement Opinion) ",sadness,sadness
"Well, you do realise the odds of that happening are a little slimmer if they never get to meet the guy.. (Statement Opinion) ",neutral,neutral
No-no-no-no. Hey! (Greeting) ,surprise,joy
"Anyway, I should go. Okay, bye. (Greeting) ",neutral,neutral
Hey sweetie. (Greeting) ,neutral,joy
"Hi sweetie. So, what was with all the whispering? (Question) ",neutral,neutral
I can't tell you. It's a secret. (Answer) ,neutral,neutral
Secret? Married people aren't supposed to have secrets between one another. We have too much love and respect for one another. (Statement Opinion) ,anger,neutral
Awww. But still no. (Disagreement) ,neutral,neutral
"No I'm serious, we should tell each other (Statement Opinion) ",neutral,neutral
"Really? Okay, so why don't you tell me what happened to Ross Junior year at (Statement Opinion) ",neutral,neutral
"Oh no-no, I can't do that. (Disagreement) ",fear,neutral
"If you tell me, I'll tell you what Phoebe said. (Statement Non Opinion) ",neutral,neutral
Okay. (Agreement) ,neutral,neutral
Okay. (Agreement) ,neutral,neutral
"So, Ross and I are going to (Statement Non Opinion) ",neutral,neutral
Oh my God. He threw up? (Question) ,disgust,surprise
"No, he visited a little town south of throw up. So what was Phoebe's secret? (Question) ",neutral,neutral
"Oh, Nancy Thompson from Phoebe's old massage place is getting fired. (Answer) ",neutral,neutral
That's it?! I gave up my (Statement Non Opinion) ,joy,anger
That's right! You lose sucker!! Please still marry me. (Statement Opinion) ,joy,joy
Oh hey! How was your audition? (Question) ,joy,joy
"I'm sorry, do I know you? (Question) ",neutral,neutral
What are you doing? (Question) ,neutral,neutral
"Nothing, I'm just practicing blowing you off because I'm gonna be a big movie star! (Answer) ",surprise,joy
Oh! You got it?! (Question) ,sadness,surprise
"Well no, not yet. But the audition went really good. (Answer) ",joy,joy
What was it for? (Question) ,neutral,neutral
"Oh, it's this big budget period movie about these three Italian brothers who come to America around the turn of the century. (Answer) ",neutral,joy
It's really classy! (Statement Opinion) ,joy,joy
"Oh, and the director is supposed to be the next next Martin Scorcese. (Statement Non Opinion) ",joy,joy
The next next? (Question) ,neutral,surprise
"Yeah, there's this guy from Chicago who's supposed to be the next Martin Scorcese, all right? (Answer) ",neutral,neutral
But then this guy's right after him. (Statement Non Opinion) ,neutral,neutral
Hello! (Greeting) ,joy,neutral
They loved me! (Statement Non Opinion) ,joy,joy
Oh my God! (Statement Non Opinion) ,joy,surprise
"Are you kidding me? I never rent a movie without it! Oh. Uh, okay uh let me call you back. (Statement Non Opinion) ",surprise,neutral
What's the matter? (Question) ,neutral,neutral
They want me to be totally naked in the movie! (Answer) ,surprise,surprise
Wow! (Backchannel) ,surprise,surprise
I know! My grandmother's gonna see this! (Statement Non Opinion) ,joy,fear
Grandma's gonna have to get in line. (Statement Non Opinion) ,joy,neutral
Oh please! It was such a big class! You never even noticed me! (Statement Opinion) ,joy,anger
"What? Of course I did! You uh, you sat next to Sleepy Sleeperson. (Disagreement) ",surprise,surprise
Who? (Question) ,neutral,neutral
"Oh uh, I had trouble remembering everyone's name, so I-I kinda came up with nicknames. (Answer) ",neutral,neutral
Like the guy on the other side of you was Smelly von Brownshirt. (Statement Non Opinion) ,neutral,neutral
"Oh yeah. So umm, did you have a nickname for me? (Question) ",neutral,neutral
"Umm, no. No. (Answer) ",neutral,neutral
Yes you did! What was it? (Question) ,surprise,anger
"Umm, it's Cutie McPretty. (Answer) ",neutral,joy
Ohh that's so sweet! (Statement Non Opinion) ,joy,joy
"Listen, I gotta tell ya, I-I'm having a great time! (Statement Non Opinion) ",joy,joy
"Y'know how before you said it might be weird, the whole student teacher thing, and to be frank I thought it would be too, but it's not. (Statement Opinion) ",surprise,joy
I mean it's not at all. (Statement Opinion) ,neutral,joy
Dr. Geller! (Greeting) ,joy,neutral
Burt! (Greeting) ,joy,neutral
"Okay, so we got some more good rejections, lots of stuff to work on. (Statement Non Opinion) ",neutral,neutral
"Okay, shoot. (Agreement) ",neutral,neutral
"Okay, um, oh, the zoo commercial. (Statement Non Opinion) ",neutral,neutral
I didn't get it? (Question) ,neutral,neutral
"No. They said you 'Weren't believable as a human being.' So, you can work on that. (Answer) ",joy,sadness
"Okay, what else? (Question) ",neutral,neutral
"Um, the off-Broadway play people said 'You were pretty but dumb.' (Answer) ",neutral,sadness
Oh. (Backchannel) ,sadness,sadness
"Oh no wait, I'm sorry, that's 'pretty dumb.' (Statement Opinion) ",neutral,sadness
Hey. (Greeting) ,neutral,neutral
How's the maniac? (Question) ,neutral,neutral
"Oh, well he's yummy. We did a little kissin'. (Answer) ",joy,joy
"Phoebe, what are you doing? (Question) ",surprise,surprise
"Oh, no, no, no, no. You know what, he's not into that stuff anymore. He quit for me. (Answer) ",neutral,joy
"Pheebs, this guy has been obsessed with your sister, for God knows how long, okay, you don't just give up something like that. (Statement Opinion) ",disgust,anger
"Look, he gave me his night vision goggles and everything. (Statement Non Opinion) ",joy,neutral
You're taking the word of a guy who has night vision goggles? (Statement Non Opinion) ,surprise,disgust
"What, he's not still following her. Do you think he is still following her? (Question) ",surprise,fear
"Pheebs, wake up and smell the restraining order. (Statement Non Opinion) ",disgust,neutral
What are you saying I should do? (Question) ,neutral,sadness
"I think, that if you really like this guy, you should just trust him. (Answer) ",neutral,neutral
"Thank you, Monica. (Greeting) ",joy,joy
"Orrr, you could follow him and see where he goes. (Statement Opinion) ",neutral,neutral
"Oh, that's what I would do, forget mine. (Agreement) ",surprise,neutral
Hey guys check it out! My mom sent me the paper! (Statement Non Opinion) ,joy,joy
"Ooh, let's see it! (Statement Non Opinion) ",joy,joy
She's not crazy is she? (Question) ,surprise,fear
No. (Answer) ,neutral,neutral
"So uh, how you doin'? (Question) ",neutral,joy
There he is! (Statement Non Opinion) ,joy,joy
There's our star! (Statement Non Opinion) ,joy,joy
"So, so, what'd ya think? (Question) ",neutral,neutral
Almost as good as that play with the two naked girls on the see-saw. (Answer) ,joy,joy
I-I wasn't in that. (Disagreement) ,sadness,anger
"Wow, I have the spirit of an old Indian women living in mine. (Statement Non Opinion) ",neutral,surprise
So then you know? (Question) ,joy,neutral
"The mailman was downstairs, so I brought up your mail. (Statement Non Opinion) ",neutral,neutral
"Oh, good. Thanks. (Greeting) ",neutral,joy
Now what is Fabutec? (Question) ,neutral,neutral
"Okay, all right don't judge me to much. (Statement Non Opinion) ",fear,neutral
Okay? (Statement Non Opinion) ,neutral,neutral
"Um, but I saw this info-mercial, and um, I swear to you I have never-ever bought anything on TV before, except for this mop. (Statement Non Opinion) ",neutral,neutral
"But there was this stuff on leg waxing, it just, it looked so amazing.... (Statement Non Opinion) ",joy,neutral
"Oh, it's incredible! I so want to be a Waxine girl. (Statement Opinion) ",joy,joy
I know!! (Agreement) ,joy,joy
God. Do think it really doesn't hurt? 'Cause how can they do that? (Question) ,fear,fear
Hello! Organic substances recently discovered in the depths of the rain forest! (Answer) ,joy,neutral
They have the best stuff in there. (Statement Opinion) ,neutral,joy
"Comin' through. Move, move. (Statement Non Opinion) ",anger,anger
"Oh, 'scuse me. I was kinda using that machine. (Statement Non Opinion) ",joy,neutral
"Yeah, well, now you're kinda not. (Disagreement) ",disgust,anger
But I saved it. I put my basket on top. (Statement Non Opinion) ,anger,neutral
"Oh, I'm sorry, is that your basket? It's really pretty. Unfortunately, I don't see suds. (Disagreement) ",anger,disgust
What? (Question) ,surprise,surprise
"No suds, no save. Ok? (Answer) ",anger,anger
What's goin' on? (Question) ,neutral,neutral
"Hi, uh, nothing. That horrible woman just took my machine. (Answer) ",disgust,sadness
Was your basket on top? (Question) ,neutral,neutral
"Yeah, but, there were no suds. (Answer) ",neutral,sadness
So? (Statement Non Opinion) ,neutral,neutral
"Well, you know, no suds, no save. (Statement Opinion) ",neutral,sadness
"No suds? Excuse me, hold on a second. That's my friend's machine. (Statement Non Opinion) ",anger,anger
"Hey, hey, hey, her stuff wasn't in it. (Disagreement) ",neutral,anger
"Hey, hey, hey, that's not the rule and you know it. (Disagreement) ",anger,anger
Cause it's good money! But that doesn't change the fact that this is an evil blood sucking corporate machine! (Statement Opinion) ,anger,anger
"Well, I think this is a great place to work! (Statement Opinion) ",joy,joy
"Ok, are they listening? (Question) ",anger,neutral
Varrrrrroom! (Others) ,joy,joy
Hey! (Greeting) ,joy,joy
Watch it lady! (Statement Non Opinion) ,anger,anger
Varrrrrrrrrrom! (Others) ,joy,joy
Hey-hey good lookin'! (Greeting) ,joy,joy
Varrrrrrrrroom. (Others) ,joy,joy
"All right, I'll leave. (Statement Non Opinion) ",sadness,neutral
My bed's so boring. (Statement Opinion) ,sadness,sadness
Ross do you realise this is the first time in my life I'm doing something I actually care about. (Statement Opinion) ,anger,joy
This is the first time in my life I'm doing something that I'm actually good at. (Statement Opinion) ,anger,joy
I mean. (Statement Non Opinion) ,neutral,neutral
if you don't get that... (Statement Non Opinion) ,anger,anger
"No, hey, I get that, okay, I get that big time. (Disagreement) ",anger,anger
"And I'm happy for ya, but I'm tired of having a relationship with your answering machine! (Statement Opinion) ",anger,anger
"Okay, I don't know what to do anymore. (Statement Non Opinion) ",sadness,sadness
Well neither do I! (Statement Non Opinion) ,joy,anger
Hey! (Greeting) ,anger,joy
"I'm sorry I'm late, did I miss anything? (Question) ",neutral,sadness
Joey stuffing 15 (Statement Non Opinion) ,neutral,neutral
15? Your personal best! (Ross takes an (Statement Opinion) ,surprise,joy
Where were you? (Question) ,neutral,neutral
"Oh, on a date. Yeah, I met this girl on the train going to a museum upstate. (Answer) ",neutral,joy
"Oh, yeah! How did you meet her? (Question) ",surprise,neutral
"Oh, which museum? (Question) ",neutral,neutral
"No, answer his. (Statement Non Opinion) ",neutral,neutral
"Okay, it was just me and her at the back of the train, and I sat near the door, so she'd have to pass by me if she wanted to switch cars. (Answer) ",joy,neutral
She was totally at my mercy. (Statement Non Opinion) ,joy,joy
Were you so late because you were burring this woman? (Question) ,sadness,anger
"No, I'm getting back down 'cause she lives in Poughkeepsie. (Answer) ",neutral,neutral
"She seems really great, but she's like totally great, but she lives two and a half hours away. (Statement Opinion) ",joy,sadness
How can she be great if she's from Poughkeepsie? That joke would've killed in Albany. (Statement Opinion) ,anger,joy
"Done! I did it! Heh, who's stupid now? (Question) ",joy,joy
"No, there is no way! It can (Disagreement) ",joy,anger
Why is your family (Question) ,neutral,neutral
He cannot play at our wedding! (Answer) ,anger,anger
I mean everyone will leave! (Statement Opinion) ,anger,fear
"I mean come on, that is just noise! (Statement Opinion) ",anger,disgust
It's not even a song! (Statement Opinion) ,anger,disgust
"If you listen very carefully, I think its (Statement Opinion) ",neutral,neutral
"Oh, I want to look too! . Yikes! (Statement Non Opinion) ",surprise,surprise
"So do you think that these pictures--Are, are they trying to tell a story? (Question) ",neutral,neutral
"Oh, yeah, sure. (Answer) ",neutral,neutral
"I mean, like in the case of this young woman, she has lost her clothes, so she rides naked on the horse, she's crying out, 'Where are they, where are they?' (Statement Non Opinion) ",neutral,sadness
"Well, she's not going to find them lying in the grass like that. (Statement Opinion) ",neutral,neutral
"Oh, yeah. Aw, remember the days when you used to go out to the barn, lift up your shirt, and bend over? (Statement Non Opinion) ",joy,joy
Yeah. (Agreement) ,neutral,neutral
"You see, now, I would date this girl. (Statement Opinion) ",neutral,joy
"She's cute, she's outdoorsy, you know, and she knows how to build a fire. (Statement Opinion) ",neutral,joy
"I mean, that's got to come in handy (Statement Non Opinion) ",neutral,neutral
"Okay, I've got a question. If you had to pick one of us to date, who would it be? (Question) ",neutral,neutral
I don't know. (Answer) ,neutral,neutral
Me neither. (Answer) ,neutral,neutral
Rachel. (Answer) ,neutral,neutral
What?! (Question) ,surprise,surprise
I don't know. Me neither. (Answer) ,neutral,neutral
"Look, I wanted to tell I'm-I'm sorry you lost. (Apology) ",sadness,sadness
"Listen, I've got a secret for ya. I let him win. (Statement Non Opinion) ",neutral,joy
Is that a secret or a lie. (Question) ,anger,disgust
"No, I let him win--Ross! (Answer) ",neutral,anger
Yeah? (Statement Non Opinion) ,surprise,neutral
Would you tell her I let you win please? (Statement Non Opinion) ,anger,neutral
Oh. Yeah. Uh Chandler (Agreement) ,neutral,neutral
I am strong! I'll show you! (Statement Opinion) ,anger,anger
Chandler please! (Statement Non Opinion) ,disgust,neutral
Oh what's the matter? Are you scared? (Question) ,anger,anger
Let's go big bunny! (Answer) ,anger,joy
Okay. 1...2...3--Go! I'm gonna kill myself! (Agreement) ,neutral,anger
"Hey Ross, is uh, is Staten Island really an island? (Question) ",neutral,neutral
"Uh-huh, that's why they call it Staten (Answer) ",surprise,neutral
Ohhh. I thought it was like Long Island. (Statement Opinion) ,surprise,surprise
Also an island. (Acknowledge) ,neutral,neutral
"Hey, what time is it? (Question) ",neutral,neutral
0.0951388888888889 (Answer) ,neutral,neutral
"Wow! You realize that we've been throwing this ball, without dropping it, for like an hour? (Statement Non Opinion) ",surprise,joy
Are you serious?! (Question) ,surprise,surprise
Yeah. I realized it about a half-hour ago but I didn't want to say anything 'cause I didn't want to jinx it. (Answer) ,neutral,neutral
Wow! We are pretty good at this! Hey! We totally forgot about lunch! (Statement Non Opinion) ,surprise,joy
"Oh, I-I, I think that's the first time I ever missed a meal! Yeah, my pants are a little loose! (Statement Opinion) ",anger,joy
"Hey, you guys (Greeting) ",neutral,neutral
Hey! (Greeting) ,joy,neutral
Who is it? (Question) ,neutral,neutral
It's Phoebe! Phoebe! (Answer) ,joy,joy
Hey! (Greeting) ,joy,joy
Oh God. So-so you're making porn movies. (Statement Non Opinion) ,surprise,surprise
No I'm not. (Disagreement) ,anger,anger
You're making one right now! (Statement Non Opinion) ,anger,anger
And- (Others) ,neutral,neutral
"Yeah, can I help you with something? (Question) ",neutral,neutral
"Look, I'm talking right now! You're--you mean her. (Statement Non Opinion) ",joy,anger
"Y'know, twin stuff is always a real big seller. (Statement Non Opinion) ",neutral,neutral
What?! (Question) ,surprise,surprise
"Yeah, I can talk them into giving you like, 30 dollars. (Answer) ",neutral,neutral
No!! (Disagreement) ,disgust,anger
And stop using my name! (Command) ,anger,anger
And shame on you! (Statement Non Opinion) ,disgust,anger
And shame on all of you! (Statement Non Opinion) ,disgust,anger
You're disgusting! (Statement Opinion) ,disgust,disgust
Especially you with that! (Statement Non Opinion) ,disgust,anger
Hey! (Greeting) ,joy,joy
Hi Pheebs! (Greeting) ,joy,joy
Are you moving out? (Question) ,neutral,neutral
"No, these aren't all my suitcases. This one's Paolo's. (Answer) ",neutral,neutral
"Um, um, Rachel can we talk for a sec? (Question) ",neutral,neutral
"Well, sure...just a sec, though, 'cause Paolo's on his way over. (Answer) ",neutral,neutral
"Oh! Ok, um, ok, um, (Agreement) ",fear,neutral
"Oh, Pheebs, Pheebs... (Others) ",joy,neutral
"Ok, um, we haven't known each other for that long a time, and, um, there are three things that you should know about me. (Statement Non Opinion) ",neutral,neutral
"One, my friends are the most important thing in my life, two, I never lie, and three, I make the best oatmeal raisin cookies in the world. (Statement Non Opinion) ",neutral,joy
"Ok, thanks Pheebs Oh my God, why have I never tasted these before?! (Question) ",surprise,surprise
"Oh, I don't make them a lot because I don't think it's fair to the other cookies (Answer) ",neutral,joy
"All right, well, you're right, these are the best oatmeal cookies I've ever had. (Statement Opinion) ",surprise,joy
Which proves that I never lie. (Statement Opinion) ,neutral,joy
I guess you don't. (Agreement) ,neutral,neutral
Paolo made a pass at me. (Statement Non Opinion) ,sadness,sadness
"I'm so sorry. Please, stop freaking out. (Apology) ",fear,sadness
I'm not freaking out. (Disagreement) ,neutral,anger
Why would I be freaking out? (Question) ,neutral,anger
"A woman named Heldi called and said we were getting married, but that happens everyday. (Statement Non Opinion) ",neutral,neutral
"Honey, we were at this beautiful place, and I-I-I just put our names down for fun! (Statement Non Opinion) ",anger,joy
"I mean, what's the harm in that? (Question) ",neutral,neutral
Right here! (Answer) ,sadness,anger
"Chandler, please don't think I was trying to pressure you. Phoebe and Rachel (Statement Non Opinion) ",anger,sadness
Phoebe and Rachel! (Others) ,anger,surprise
"So the people that knew about our wedding before me were you, Phoebe and Rachel, Heldi, and apparently some band called Starlight Magic 7 who are available by the way! (Statement Non Opinion) ",sadness,anger
"It was a mistake. Please don't take this to mean anything, because it doesn't. (Apology) ",sadness,sadness
Okay. (Agreement) ,neutral,neutral
Really? (Statement Non Opinion) ,joy,surprise
"Yes, if it really doesn't mean anything, because you know that I'm just not ready (Statement Opinion) ",neutral,sadness
I know! I know. (Statement Non Opinion) ,neutral,neutral
Okay. (Agreement) ,neutral,neutral
I'm gonna go tell Joey that that you're back. I was really worried about you. (Statement Non Opinion) ,anger,sadness
"Hey, did she buy it? (Question) ",neutral,neutral
Totally. (Answer) ,neutral,joy
So did Heldi show you the place? (Question) ,neutral,neutral
"Yeah, it's beautiful. (Answer) ",neutral,joy
I can't believe you're gonna ask Monica to marry you! (Statement Non Opinion) ,joy,joy
I know. (Statement Non Opinion) ,neutral,joy
"Okay look, I have an idea. (Statement Non Opinion) ",neutral,neutral
"Why don't we, why don't we see what kind of number he has on his speed dial, and then from that we can tell who has more in common with him. (Statement Opinion) ",neutral,joy
And then whoever does gets the phone. (Statement Non Opinion) ,neutral,neutral
"All right, first name on the speed dial is mom. (Statement Non Opinion) ",neutral,neutral
"Ohh, I lost my mom to suicide. (Statement Non Opinion) ",sadness,sadness
"Okay no way, you cannot use that to get the cute guy and the last blueberry muffin. (Statement Opinion) ",sadness,anger
Did I use that already today? I'm sorry. (Apology) ,sadness,sadness
Joe. (Others) ,neutral,neutral
"Oh, I win! He's got (Statement Non Opinion) ",joy,joy
So you don't know that's (Statement Non Opinion) ,neutral,neutral
His new girlfriend! (Statement Non Opinion) ,surprise,joy
I can't believe this. Do you think that your parents could help pay for it? (Question) ,surprise,surprise
"I don't know, my mother spent most of her money on her fourth wedding. (Answer) ",sadness,sadness
She's saving the rest for her divorce. (Statement Non Opinion) ,anger,neutral
And any extra cash my father has he saves for his yearly trips to (Statement Non Opinion) ,neutral,neutral
Well what happened at dinner? (Question) ,neutral,neutral
My parents spent the money for our wedding! (Statement Non Opinion) ,anger,anger
My God! What did you order?! (Question) ,surprise,surprise
"Wait, but there's no money! Well this is terrible! You guys are gonna have to get married in like a, rec. center! (Statement Opinion) ",sadness,sadness
"Honey, it's gonna be okay. (Statement Opinion) ",neutral,neutral
No! No it's not! It's not gonna be okay! It sucks! No swing band! No lilies! (Disagreement) ,sadness,anger
"No, y'know what? (Others) ",neutral,neutral
It's gonna be okay. (Statement Opinion) ,neutral,neutral
I mean you don't have to have this rustic Italian feast. (Statement Opinion) ,neutral,neutral
Y'know? (Others) ,neutral,neutral
"And-and you don't need, you don't need this custom-made, empire-waisted, duchess, satin gown; you can wear off the rack. (Statement Opinion) ",neutral,neutral
"Dr. Geller, there's a seat over here. (Statement Non Opinion) ",neutral,neutral
"Thank you, Dr. Phillips, but I'm having my lunch at this table, here in the middle. (Statement Non Opinion) ",neutral,neutral
"I'm having lunch right here, with my good friend Joey, if he'll sit with me. (Statement Opinion) ",neutral,joy
I will sit with you Dr. Geller. (Statement Non Opinion) ,neutral,neutral
"Y'know, we work in a museum of natural history, and yet there is something unnatural about the way we eat lunch. (Statement Non Opinion) ",neutral,neutral
"Now, I look around this cafeteria, and y'know what I see, I see-I see division. (Statement Opinion) ",sadness,sadness
"Division, between people in white coats and people in blue blazers, and I ask myself, ""My God why?!"" (Question) ",fear,anger
"Now, I say we shed these-these coats that separate us, and we get to know the people underneath. (Answer) ",neutral,neutral
I'm Ross! (Statement Non Opinion) ,joy,neutral
"I'm divorced, and I have a kid! (Statement Non Opinion) ",joy,neutral
I'm Joey! I'm an actor! I don't know squat about dinosaurs! (Statement Non Opinion) ,joy,neutral
"I'm Ted, and I just moved here a month ago, and New York really scares me. (Statement Non Opinion) ",anger,fear
"All right, there you go! (Statement Non Opinion) ",joy,joy
"Yeah, you hang in there Teddy! (Statement Non Opinion) ",anger,neutral
"I'm Andrew, and I didn't pay for this pear. (Statement Non Opinion) ",neutral,neutral
"Okay, good-good for you. (Statement Opinion) ",joy,neutral
"I'm Rhonda, and these aren't real! (Statement Non Opinion) ",neutral,neutral
"Wow, Rhonda. (Apology) ",surprise,surprise
I'm Scott. (Statement Non Opinion) ,neutral,neutral
"Yeah, okay, Scott! (Backchannel) ",neutral,neutral
And I need to flip the light switch on and off 17 times before I leave a room or my family will die. (Statement Non Opinion) ,fear,fear
So thanks for the warm welcome. (Greeting) ,neutral,joy
"It's good to have you guys on my team, and I come to play. (Statement Opinion) ",joy,joy
I hope you do too. (Statement Non Opinion) ,neutral,neutral
"Now, let's go out there and get 'em! (Statement Non Opinion) ",joy,joy
"And remember, there is no 'I' in team. (Statement Opinion) ",neutral,neutral
"Yes, but there's two in martini, soo everybody (Statement Non Opinion) ",joy,joy
You! Chuckles! What's your name? (Question) ,neutral,neutral
"Oh it's Bing, sir. I'm sorry , I was just ah... (Answer) ",fear,sadness
"No-no, I heard what you said, funny. (Statement Non Opinion) ",neutral,joy
I like funny. (Statement Opinion) ,joy,joy
"This team is about hard work, but it's also about having fun. (Statement Opinion) ",joy,joy
Good to have you aboard Bing! (Greeting) ,joy,joy
Yeah. You won't be able to take it. (Statement Non Opinion) ,neutral,neutral
"So uh, now that little Chandler turned out to be a girl, what are they gonna name her? (Question) ",neutral,neutral
They're gonna call her Chandler. (Answer) ,neutral,neutral
"That's kind of a masculine name, don't you think? (Statement Opinion) ",neutral,neutral
Works on you. (Statement Non Opinion) ,neutral,joy
"Oh, that is so sweet. (Statement Opinion) ",joy,joy
"No, no, ok, you hang up. (Statement Non Opinion) ",joy,neutral
"Ok, ok, one, two, three. (Others) ",joy,neutral
Well you didn't hang up either. (Statement Non Opinion) ,joy,neutral
She didn't hang up either... (Statement Non Opinion) ,joy,neutral
"Ok, no, no, you hang up. You, you, y-- (Statement Non Opinion) ",joy,neutral
"Ross, hi, it's Rachel. (Greeting) ",neutral,neutral
"I'm just calling to say that um, everything's fine and I'm really happy for you and your (Statement Opinion) ",neutral,joy
"Rach, I got a message from you. (Statement Non Opinion) ",neutral,neutral
Oh my God. (Others) ,surprise,surprise
"Oh my God Ross, no, hang up the phone, give me the phone Ross, give me the phone, give me the phone, give me the. (Statement Non Opinion) ",sadness,anger
You're over me? (Statement Non Opinion) ,surprise,sadness
Ohhhhhhhh God. (Others) ,surprise,sadness
"Wha... you're uh, you're, you're over me? (Statement Non Opinion) ",surprise,sadness
"Ohh, ohh. (Others) ",sadness,sadness
"When, when were you... under me? (Question) ",surprise,neutral
"Well, basically, lately, I've uh, I've uh, sort of had feelings for you. (Statement Opinion) ",neutral,joy
"OK, I need to lie down. (Statement Non Opinion) ",surprise,neutral
"Hey! I'm in, they're gonna let me audition! (Statement Non Opinion) ",joy,joy
Really? That's great! (Apology) ,joy,joy
"I know! I know! It turns out that one of the casting ladies has actually seen me in a play, so I steered clear of her (Statement Opinion) ",joy,joy
(noticing a kid who has picked up a copy of (Others) ,neutral,neutral
"Oh yeah, yeah! He's done tons of commercials. I've seen him in like Sugar Smacks, (Statement Non Opinion) ",joy,neutral
"Yeah well, he's not gonna get this one. (Statement Opinion) ",joy,anger
Ben is way cuter than that kid. (Statement Opinion) ,joy,joy
"I mean look at him, look at you, (Statement Non Opinion) ",disgust,neutral
"That's great. Listen, wouldn't it be great though if I got to play Ben's dad? (Statement Non Opinion) ",neutral,joy
"Joey, you look nothing like Ben. (Statement Opinion) ",neutral,anger
I look more like him than you do! (Disagreement) ,anger,anger
"Y'know, I don't really know you well enough for you to do that. (Statement Opinion) ",joy,neutral
That really was some of your best work. (Statement Opinion) ,joy,joy
"Hm-hmm, I told you! I can't believe that I've only got two hours before I call in sick for work. (Statement Non Opinion) ",neutral,surprise
I have to be up in seven minutes. (Statement Non Opinion) ,neutral,sadness
"Well, you're not gonna believe this, but if you have seven minutes (Statement Non Opinion) ",neutral,neutral
Really?! (Others) ,surprise,surprise
Do you wanna? (Question) ,neutral,neutral
Okay! You get the vacuum cleaner and I'll get the furniture polish! (Command) ,joy,joy
Oh okay. But y'know what? Be careful. Because a guy who was helping me before had to leave because he hurt his back. (Statement Opinion) ,neutral,fear
Boyfriend? (Question) ,surprise,neutral
No. (Answer) ,neutral,neutral
I'm Joey. (Greeting) ,neutral,neutral
Kristen. (Greeting) ,neutral,neutral
"Oh wow, what a beautiful name! What is it again? (Question) ",joy,joy
Kristen. (Answer) ,neutral,neutral
Got it! So (Statement Non Opinion) ,neutral,neutral
"So uh, do you live around here? (Question) ",neutral,neutral
Yeah! (Answer) ,neutral,joy
Yeah! (Answer) ,joy,joy
Right down there. (Statement Non Opinion) ,neutral,neutral
Hey listen.. let me give you a little tip. (Statement Non Opinion) ,neutral,neutral
Do not take a nap on this stoop or you can wake up with your shoes gone. (Statement Opinion) ,joy,fear
I'll remember that. (Statement Non Opinion) ,neutral,neutral
"Okay. Yeah. Listen would you uh, would you like to have dinner with me tonight? (Question) ",neutral,joy
"Oh I, I have plans tonight. (Answer) ",neutral,sadness
But how about tomorrow? (Question) ,neutral,neutral
"Sounds great! Okay, alright, well where does this go? (Answer) ",joy,joy
"You look strong, why don't I take that and you grab one of the boxes. (Statement Opinion) ",neutral,neutral
"Okay. Yeah. Yeah, I'll grab this one. (Agreement) ",neutral,joy
Hey. (Greeting) ,neutral,neutral
"Listen, um... (Command) ",neutral,neutral
I'm sorry. (Apology) ,sadness,sadness
"Yeah, um... You know you, you should just forget about what I said under the bridge, I was talkin' (Statement Non Opinion) ",neutral,sadness
"That's right, I don't... But I was, I was drunk on you! (Statement Opinion) ",sadness,joy
"Okay, yeah, so it's not gonna work. (Statement Opinion) ",neutral,sadness
"If it was, would you stop hanging out with her? (Question) ",neutral,anger
"Um, then yes, it's 'cause of Phoebe! So, you know, it's either her or me. (Statement Opinion) ",anger,anger
"You know... You're gonna be really, really hard to get over. (Statement Opinion) ",sadness,sadness
"By the way, the week before your wedding you may not see a lot of me. (Statement Non Opinion) ",neutral,neutral
"Oh, hello liar. (Statement Non Opinion) ",anger,anger
"Look, I-I'm really sorry I let go of the bike. (Apology) ",sadness,sadness
I could've been killed I hope you know! (Statement Non Opinion) ,anger,anger
"I know. I know. But, can we please try it again? Huh? I mean, you were (Question) ",sadness,neutral
"Well, I would love to but...the bike got stolen and the police have no suspects. (Answer) ",joy,neutral
Phoebe. (Others) ,neutral,neutral
What?! What the hell?! (Disagreement) ,anger,anger
"All right, y'know what? (Statement Non Opinion) ",anger,neutral
"If you are not going to learn how to ride this bike then I'm sorry, I'm just gonna have to take it back. (Statement Opinion) ",anger,anger
What?! Why?! (Question) ,surprise,surprise
"Because! Because, it-it-it's... It'd be like you having this guitar and-and never playing it. Okay, this guitar (Answer) ",anger,neutral
"All right. If you care enough to make up that load of crap, okay. (Agreement) ",anger,disgust
Great! Great! You're making the bike very happy. (Apology) ,joy,joy
Okay Ross! Please don't die! (Statement Non Opinion) ,anger,fear
How could you have kept all of this from me? (Question) ,fear,anger
"I was going to tell you, but (Answer) ",neutral,sadness
But what?! You figured you'd get what you wanted and then dump her like you dumped Rachel! (Statement Opinion) ,anger,anger
Hey! I did not dump Rachel! Nor are we still together. Can I just... Why don't we just let the machine get that? (Disagreement) ,anger,anger
Hey Ross. It's Joey. There's a hooker over here and we thought maybe you'd know something about it. (Statement Opinion) ,neutral,joy
"No! No! No! No! No! I-I-I-I--I need to, I need to lie down. (Disagreement) ",neutral,fear
Everything on your application looks really good--Ohh! (Statement Opinion) ,joy,joy
"Just one last question umm, are you and your friends gonna be over here all the time like partying and hanging out? (Question) ",anger,neutral
"Oh don't worry, I'm not really a party girl. (Answer) ",neutral,neutral
"Whoa!! Now look, don't be just blurtin' stuff out. I want you to really think about your answers. Okay? (Statement Opinion) ",joy,anger
You can call off the roommate search! Hi! I'll be living here. (Statement Opinion) ,joy,joy
"Oh don't listen to him, he's just some guy who really wants the apartment, but I don't think he's gonna get it. (Disagreement) ",sadness,anger
Why did you take the shower curtain down? (Question) ,surprise,neutral
That thing was a hazard! I'm very safety conscious. (Answer) ,fear,neutral
Hi. (Greeting) ,neutral,neutral
"Hey man, how did the audition go? (Question) ",neutral,neutral
Estelle said I didn't get it. (Answer) ,sadness,sadness
What?! Why? Joey you were so ready for it! (Question) ,surprise,surprise
"Yeah, I thought so too but, she said the casting people had some problems with me. (Answer) ",joy,sadness
No! (Disagreement) ,surprise,anger
"For all I know, she's trying to find me but couldn't because I kept moving around. (Statement Opinion) ",neutral,sadness
"No, from now on, I'm staying in one place. (Statement Non Opinion) ",neutral,neutral
Right here. (Statement Non Opinion) ,neutral,neutral
"Well, it's getting late. (Statement Opinion) ",neutral,neutral
"Yeah, we're gonna go. (Statement Non Opinion) ",neutral,neutral
"Actually, do you guys mind staying here for a while? (Question) ",neutral,neutral
"Ugh, y'know, umm we gotta get up early and catch that plane for New York. (Answer) ",neutral,neutral
"Yeah, it's a very large plane. (Statement Non Opinion) ",neutral,joy
That's cool. (Others) ,neutral,neutral
"But, we'll stay here with you. (Agreement) ",neutral,joy
"Thanks guys! I really appreciate this, y'know, but you don't have to rub my butt. (Statement Opinion) ",joy,disgust
"Hey, Mel Gibson and Clint Eastwood. (Greeting) ",surprise,joy
They're not a couple! (Statement Non Opinion) ,surprise,neutral
"Oh-okay, I get the game now. (Statement Non Opinion) ",neutral,neutral
"Okay look, look, let me ask you a question, when they were doing it on stage, was it like really hot? (Question) ",neutral,neutral
Oh yeah! (Answer) ,joy,joy
"Well okay, so then you're fine. (Statement Non Opinion) ",neutral,neutral
The rule is when two actors are actually doing it off-stage all the sexual tension between them is gone. (Statement Non Opinion) ,neutral,neutral
Okay? (Backchannel) ,neutral,neutral
So as long as it's hot onstage you got nothing to worry about. (Statement Non Opinion) ,neutral,neutral
"It's when the heat goes away, that's when you're in trouble. (Statement Non Opinion) ",neutral,neutral
Really? (Backchannel) ,surprise,surprise
"Look, you guys have been to every play I've ever been in, have I ever had chemistry on stage? (Question) ",neutral,neutral
No. (Answer) ,neutral,neutral
Noooo!! (Disagreement) ,neutral,anger
"Ursula! Wait! Err-err, it's me! Phoebe! (Statement Non Opinion) ",surprise,surprise
"Oh, I thought there was a mirror there. Okay, bye-bye. (Greeting) ",neutral,neutral
"Wait a second! So, what's new with you? (Question) ",surprise,joy
"Umm, nothing. I mean, I'm getting married next week. (Answer) ",neutral,joy
And your breasts! Hmm!!! (Statement Non Opinion) ,surprise,disgust
Okay. (Others) ,neutral,neutral
"Umm look, you're coming on a little strong. (Statement Opinion) ",fear,anger
"But I'm going to give you the benefit of the doubt, because it seems the universe really wants to be together. (Statement Non Opinion) ",neutral,neutral
"So, why don't we just start over okay? (Statement Opinion) ",neutral,neutral
And you can just tell me about yourself. (Statement Non Opinion) ,neutral,neutral
All right. (Agreement) ,neutral,neutral
Okay. (Backchannel) ,neutral,neutral
"I write erotic novels, for children. (Statement Non Opinion) ",neutral,neutral
What?! (Question) ,surprise,surprise
They're wildly unpopular. (Answer) ,neutral,sadness
Oh my God! (Others) ,disgust,surprise
"Oh also, you might be interested to know that I have a Ph.D. (Statement Non Opinion) ",neutral,neutral
Wow! You do? (Question) ,surprise,surprise
"Yeah, a Pretty Huge (Answer) ",joy,neutral
All right. (Agreement) ,disgust,neutral
"So, uh, how's she doing? (Question) ",sadness,neutral
The doctor says it's a matter of hours. (Answer) ,sadness,sadness
"How-how are you, Mom? (Question) ",sadness,neutral
"Me? I'm fine, fine. I'm glad you're here. ...What's with your hair? (Answer) ",anger,neutral
What? (Backchannel) ,surprise,surprise
What's different? (Question) ,surprise,neutral
Nothing. (Answer) ,neutral,neutral
"Oh, maybe that's it. (Others) ",neutral,neutral
"She is unbelievable, our mother is... (Statement Opinion) ",anger,anger
"Okay, relax, relax. (Statement Non Opinion) ",neutral,neutral
"We are gonna be here for a while, it looks like, and we still have boyfriends and your career to cover. (Statement Non Opinion) ",neutral,neutral
Oh God! (Others) ,surprise,sadness
The fuzzy little mints at the bottom of her purse. (Statement Non Opinion) ,neutral,neutral
Oh! (Others) ,surprise,surprise
"...Yeah, they were gross. (Statement Opinion) ",disgust,disgust
"Oh, you know what I loved? (Question) ",joy,neutral
Her Sweet 'n' Los. (Answer) ,joy,joy
How she was always stealing them from- from restaurants. (Statement Non Opinion) ,joy,neutral
"Not just restaurants, from our house. (Statement Non Opinion) ",neutral,neutral
Maybe. (Others) ,neutral,neutral
You can't! (Disagreement) ,surprise,anger
Why? Seriously I did not understand a word that you said. (Statement Opinion) ,surprise,surprise
In the hall. (Others) ,neutral,neutral
"Now, y'see, most people, when their pets pass on, they want 'em sorta laid out like they're sleeping. (Statement Opinion) ",neutral,sadness
But occasionally you get your person who wants them in a pose. (Statement Opinion) ,neutral,sadness
"Like, chasing their tail, or, uh, jumping to catch a frisbee. (Statement Non Opinion) ",neutral,neutral
"Joey, if I go first, I wanna be looking for my keys. (Statement Non Opinion) ",neutral,joy
That's a good one! (Apology) ,joy,joy
"Hey, Joe. (Greeting) ",neutral,neutral
"Dad, Ronni's here. (Statement Non Opinion) ",neutral,neutral
Huh? (Backchannel) ,surprise,surprise
"So now, these are all the tuxedos that we make and if there's anything that you like, we can make you a deal. (Statement Opinion) ",neutral,neutral
Anything at all. (Others) ,neutral,neutral
But these are the three that Monica pre-approved. (Statement Non Opinion) ,neutral,neutral
"Well, thanks a lot for hookin' me up Rach. I want you to know that I want you to attend our wedding as my guest. (Statement Opinion) ",joy,joy
I'm Monica's maid of honor. Okay? Don't try to blue pin me! (Agreement) ,anger,anger
"Oh here, I think this is us. Yeah. (Statement Opinion) ",neutral,neutral
Limited seating my ass. Let's see who made the cut. Hi! (Statement Non Opinion) ,anger,anger
I'm Monica Gellar. Who do you know the bride and groom? (Question) ,neutral,neutral
Used to work with her. Used to! I'm a relative and I didn't get invited! A (Statement Non Opinion) ,anger,anger
"Stop saying, ""Blood"" to strangers. (Disagreement) ",sadness,anger
"So, how about you huh? How do you know the happy couple? (Question) ",joy,neutral
"Okay, you're fine. (Statement Non Opinion) ",neutral,neutral
"Monica, why have you brought me here of all places?! (Question) ",surprise,anger
You'll see. (Answer) ,neutral,neutral
"I tell you, this wedding is not going to happen. (Statement Opinion) ",joy,anger
"Okay? But-but imagine a lot more lights, okay? And-and y'know fewer bricks, and-and-and flowers, and candles (Statement Non Opinion) ",neutral,neutral
"And the musicians, look, they can go over here , okay? And the chairs can face this way , and... You go. (Statement Opinion) ",neutral,joy
"But-but, if you don't love this, we'll do it in any other place at any other time. (Statement Opinion) ",neutral,sadness
"Really, it's fine, whatever you want. (Statement Non Opinion) ",neutral,neutral
It's perfect. (Agreement) ,joy,joy
"And, I don't know, if it starts to rain (Statement Opinion) ",joy,fear
Well then we'll get wet. (Statement Opinion) ,anger,joy
Ohh. And I don't even have a date. (Statement Non Opinion) ,sadness,sadness
Coming. (Others) ,neutral,neutral
I have a bone to pick with you. (Statement Non Opinion) ,anger,anger
Uh-oh. (Others) ,fear,fear
Yes! Ben learned a little trick. (Statement Non Opinion) ,anger,joy
Oh yeah? Did he pull the old (Question) ,surprise,surprise
That's right! That's right! (Statement Non Opinion) ,joy,joy
Oh that. (Others) ,neutral,neutral
Yeah that! You know I hate practical jokes! They're mean and they're stupid and-and I don't want my son learning them! (Statement Opinion) ,anger,anger
Y'know what? It doesn't matter! Because it is not true! (Statement Non Opinion) ,anger,anger
Okay. (Backchannel) ,neutral,neutral
"And if it were true, how (Statement Non Opinion) ",neutral,sadness
Ms. Monroe... Oh there you go. (Statement Non Opinion) ,neutral,neutral
Mark's a genius! (Statement Opinion) ,surprise,joy
Why?! How?! How is he a genius? (Question) ,surprise,anger
"Look, don't you see what's happening here. (Answer) ",anger,neutral
"Instead of hitting on her right away, he's becoming her confidant. (Statement Opinion) ",anger,neutral
Now he's gonna be the guy she goes too to complain about you. (Statement Opinion) ,neutral,neutral
What am I going to do? (Question) ,fear,sadness
"Well, why don't you send her a musical bug, op, no you already did that. (Answer) ",neutral,neutral
"All right look, you're going to have to go there yourself now, okay, make a few surprise visits. (Statement Opinion) ",neutral,neutral
I don't know you guys. (Statement Non Opinion) ,fear,sadness
"All right fine, don't do anything, just sit here and talk to us, meanwhile she is talking to him about you. (Statement Non Opinion) ",disgust,anger
"And he's being Mr. Joe Sensitive, and she starts thinking 'Maybe this is the guy for me, because he understands me.' (Statement Non Opinion) ",disgust,neutral
"And before you know it, she's with him. (Statement Opinion) ",anger,neutral
"And you'll be all, 'Ohh, man!' (Statement Opinion) ",anger,sadness
"And he'll be all, 'Yes!' (Statement Opinion) ",anger,joy
"And us, we'll be like, 'Wh-whoa, dude.' (Statement Non Opinion) ",joy,neutral
"And pretty soon you'll be like, 'Hhiii,' and, and, and, 'I can't go, Rachel and Mark might be there.' (Statement Opinion) ",disgust,sadness
"And we'll be like, 'Man get over it, it's been four years!!' (Statement Opinion) ",disgust,anger
He paints quite a picture doesn't he? (Question) ,neutral,neutral
"This is what I've got going for the party so far, liquor wise. Get a lot of liquor. (Statement Non Opinion) ",neutral,neutral
Great. Great. (Agreement) ,neutral,joy
"Okay, now uh, in terms of the invite list, I've got you, me, and Chandler and I'm gonna invite Gunther 'cause, well, we've been talking about this pretty loud. (Statement Opinion) ",neutral,neutral
I'll be there. (Statement Non Opinion) ,neutral,neutral
"Listen, I know this is your party, but I'd really like to the number of museum geeks that are gonna be there. (Statement Opinion) ",neutral,neutral
"Yeah. Tell ya what, let's not invite any of the anthropologists, only the dinosaur dudes! (Statement Opinion) ",neutral,joy
Okay! We'll need a six-pack of (Agreement) ,neutral,joy
"Hey guys, what are you doing? (Question) ",neutral,neutral
"Hey, y'know what, if you're gonna do that, if you're gonna name him Joey, you should name him Chandler. (Statement Opinion) ",neutral,joy
"Oh, come on! (Others) ",sadness,anger
"Chandler's funny, sophisticated, and he's very loveable, once you get to know him. (Statement Opinion) ",neutral,joy
"Oh well, hey, Joey's loveable too! But the thing about Joey is, if you need him, he'll be there. (Statement Opinion) ",neutral,joy
"Well, Chandler will be there for you too. (Statement Non Opinion) ",neutral,neutral
"I mean, well, he might be a little late, but-but, he'll be there. (Statement Opinion) ",neutral,neutral
"And he'll bring you some cold soda, if want you need him for is that you're really hot. (Statement Non Opinion) ",neutral,neutral
What do ya say? What do ya say? (Question) ,neutral,surprise
"Well, I, I like the idea of naming him after someone I love, and Joey and Chandler are great names. (Answer) ",neutral,joy
"But, all right, I don't--maybe I'll just name him The Hulk. (Statement Opinion) ",neutral,neutral
I knew I shouldn't have mentioned it! That's what I wanted to name my kid! (Agreement) ,sadness,sadness
"What that Rachel did to her life.... We ran into her parents at the club, they were not playing very well. (Statement Non Opinion) ",sadness,sadness
I'm not gonna tell you what they spent on that wedding... but forty thousand dollars is a lot of money! (Statement Opinion) ,surprise,anger
"Well, at least she had the chance to leave a man at the altar... (Statement Non Opinion) ",joy,neutral
What's that supposed to mean? (Question) ,surprise,anger
Nothing! It's an expression. (Answer) ,neutral,neutral
No it's not. (Disagreement) ,neutral,anger
Don't listen to your mother. (Command) ,neutral,neutral
"You're independent, and you always have been! (Statement Opinion) ",neutral,joy
"Even when you were a kid... and you were chubby, and you had no friends, you were just fine! (Statement Opinion) ",neutral,sadness
"And you would read alone in your room, and your puzzles... (Statement Non Opinion) ",neutral,neutral
PBS Telethon. (Others) ,neutral,neutral
Hi Joey. (Greeting) ,neutral,joy
Hey Pheebs! (Greeting) ,joy,joy
I (Others) ,neutral,neutral
"$200? Are you sure Pheebs? I mean, after what (Question) ",surprise,surprise
"Oh, I'm still mad at them but I also now that they bring happiness to lots of kids who's moms didn't kill themselves, so by supporting them, I'm doing a good thing, but I'm not (Answer) ",anger,anger
What kind of problem? (Question) ,surprise,neutral
"Well to tell you the truth, they uh, they had a problem with the bag! (Answer) ",sadness,sadness
Oh my God! (Others) ,surprise,surprise
Y'know what? It was a stupid play anyway! (Statement Opinion) ,sadness,anger
"Y'know, Joey, I think it's time to give up the bag. (Statement Opinion) ",sadness,neutral
I don't wanna give up the bag. (Disagreement) ,sadness,anger
I don't have to give up the bag! (Disagreement) ,anger,anger
Do I Rach? (Question) ,sadness,neutral
"Oh, you think I should give up the bag! (Statement Non Opinion) ",anger,neutral
"Honey wait, Joey, I'm sorry I mean as terrific as I think you are with it (Apology) ",neutral,sadness
I just don't know if the world is ready for you and your bag. (Statement Opinion) ,sadness,neutral
I can't believe I'm hearing this! (Statement Non Opinion) ,sadness,anger
Wait a minute! (Statement Non Opinion) ,sadness,neutral
Wait a minute! (Statement Non Opinion) ,anger,neutral
"I'm not saying that you shouldn't have a bag, I just--it's just there are other bags that are a little less umm, controversial. (Statement Opinion) ",neutral,neutral
"Yeah umm, they're called wallets. (Statement Non Opinion) ",neutral,neutral
I think you'll find this room more to your liking. (Statement Opinion) ,neutral,joy
"Okay, great. (Agreement) ",joy,joy
They say he's only got half a tank left. (Statement Non Opinion) ,neutral,neutral
Half a tank? We still got a lot of high-speed chasing to do! (Others) ,surprise,surprise
We're switching rooms again. (Statement Non Opinion) ,anger,neutral
What? Why? (Question) ,surprise,surprise
"This is a garden view room, and we paid for an ocean view room. (Answer) ",anger,anger
Our last ocean view room was unacceptable to you. (Statement Non Opinion) ,joy,neutral
"Excuse me, umm, can I talk to you over here for just a second? (Command) ",anger,anger
Uh-huh. (Acknowledge) ,neutral,neutral
Chandler! (Others) ,neutral,anger
Are you kidding me?! Joey. Joey! Joey! Joey! Joey! Joey! Joey! Joey! Joey! Joey!! (Others) ,anger,anger
Joey. Joey. Joey. Joey! Joey!! (Others) ,anger,anger
"Oh. Oh, did-did-did I wake you? (Question) ",surprise,neutral
Hey! (Greeting) ,joy,joy
"Hey! Oh, I was just about to leave. I-I-I-I didn't think you were coming. (Statement Non Opinion) ",surprise,surprise
"Oh, I wouldn't miss this. (Statement Non Opinion) ",joy,joy
"Well, I'm very glad you're here. (Statement Opinion) ",joy,joy
"Oh, you're such a gentleman. Come on! We're going to my place! (Statement Non Opinion) ",joy,joy
Hey! (Greeting) ,joy,joy
Hey-hey. (Greeting) ,neutral,joy
So are guys doing okay? (Question) ,neutral,neutral
"Yeah, we talked and Monica made me see that I over reacted a little bit and some things in life are more important. (Answer) ",neutral,neutral
Do you have a minute? (Question) ,neutral,neutral
"Well yeah, sure, what's up? (Answer) ",neutral,neutral
I got asked out twice today when I was at lunch...by guys. (Backchannel) ,neutral,surprise
Oh really?! (Statement Non Opinion) ,surprise,surprise
Yeah. Did you tell someone that I was gay? (Question) ,neutral,anger
"Oh, did you not want people to know that? (Question) ",joy,surprise
But I'm not gay. And I especially wouldn't want you to think I was gay. (Answer) ,joy,sadness
Why's that? (Question) ,neutral,neutral
I don't think I should say. (Answer) ,neutral,sadness
"Ohh, you can say. Come on, I don't want you to feel like you can't tell me things. (Statement Non Opinion) ",neutral,neutral
Okay. (Agreement) ,neutral,neutral
Kay. (Agreement) ,neutral,neutral
Well (Others) ,neutral,neutral
Yeah. (Others) ,neutral,neutral
I'd love to ask out your friend Phoebe. (Statement Non Opinion) ,neutral,joy
"Yeah, she's gay. (Statement Non Opinion) ",neutral,neutral
Here you go. (Command) ,neutral,neutral
"Great! All right, so I'll call you later. (Statement Non Opinion) ",joy,joy
Great! (Agreement) ,joy,joy
Hey-Hey-Hey! Who was that? (Question) ,surprise,surprise
That would be Casey. We're going out tonight. (Answer) ,neutral,neutral
"Goin' out, huh? Wow! Wow! So things didn't work out with Kathy, huh? Bummer. (Statement Non Opinion) ",surprise,sadness
"No, things are fine with Kathy. I'm having a late dinner with her tonight, right after my early dinner with Casey. (Statement Non Opinion) ",neutral,neutral
What? (Question) ,surprise,surprise
Yeah-yeah. And the craziest thing is that I just ate a whole pizza by myself! (Statement Non Opinion) ,anger,joy
Wait! You're going out with Kathy! (Question) ,surprise,surprise
Yeah. Why are you getting so upset? (Question) ,surprise,anger
"Well, I'm upset--for you. I mean, having sex with an endless line of beautiful women must be very unfulfilling for you. (Answer) ",disgust,anger
What is the big deal? It's not like we're exclusive. (Statement Non Opinion) ,sadness,neutral
"Look, Joey, Kathy is clearly not fulfilling your emotional needs. (Statement Opinion) ",anger,anger
"But Casey, I mean granted I only saw the back of her head, but I got this sense that she's-she's smart, and funny, and gets you. (Statement Non Opinion) ",neutral,neutral
You got all that from the back of her head? (Statement Non Opinion) ,surprise,surprise
"All right look, I think it's time for you to settle down. Y'know? Make a choice, pick a lane. (Statement Opinion) ",neutral,anger
Who's Elaine? (Question) ,neutral,surprise
Can you people not see me?! (Question) ,joy,anger
"So, will you talk to him? (Question) ",neutral,neutral
I don't know Rach. (Answer) ,neutral,sadness
"Oh, come on! I'll give you ten free (Statement Non Opinion) ",anger,joy
One! No ten! You said ten! You can't take that back! (Agreement) ,anger,anger
Hey! (Greeting) ,joy,joy
Hi! (Greeting) ,joy,joy
"Listen, can we watch cartoons on your television? (Question) ",neutral,neutral
We need a porn break. (Statement Non Opinion) ,neutral,neutral
"We spent the last two hours watching In & Out & In, Again. (Statement Non Opinion) ",neutral,neutral
"Well, so, why don't you just turn it off? (Question) ",joy,neutral
Because then we would be the guys who turned off free porn. (Answer) ,neutral,neutral
"Ooh, good, you're hear! Okay. (Statement Non Opinion) ",joy,joy
Hey! (Greeting) ,joy,joy
Hi! (Greeting) ,joy,joy
"Well, what-what 'cha got there? (Question) ",joy,neutral
"Oh this, well I'm glad you asked. (Answer) ",joy,joy
"Now, don't you hate it when you have to cut a tin can with an ordinary steak knife? (Statement Opinion) ",disgust,disgust
Ahh! (Backchannel) ,neutral,surprise
"Now, I know what you're thinking (Question) ",neutral,neutral
Pregnant Woman Slays Four? (Answer) ,fear,surprise
"Phoebe, they didn't make you pay for those knives, did they? (Question) ",surprise,neutral
No! (Answer) ,joy,neutral
"Honey, you're not gonna make enough money to help Frank and Alice just by selling knives. (Statement Opinion) ",neutral,sadness
"No-no, I know that, but I just have to make enough money for the second part of my plan. (Statement Non Opinion) ",neutral,neutral
What's the second part of your plan? (Question) ,neutral,neutral
Yes that's right. (Agreement) ,neutral,neutral
Why? (Question) ,surprise,neutral
"I tired attacking two women, did not work. (Answer) ",neutral,sadness
What?! (Question) ,surprise,surprise
"No, I mean it's okay, I mean, they're-they're my friends. (Answer) ",neutral,neutral
"In fact, I-I-I was married to one of them. (Statement Non Opinion) ",anger,neutral
"Let me get this straight man, you attacked your ex-wife?! (Question) ",anger,anger
"Oh, no! (Answer) ",surprise,fear
No-no! (Answer) ,surprise,fear
"No, I tired! (Answer) ",surprise,sadness
But I couldn't. (Disagreement) ,neutral,sadness
That's why I'm here. (Statement Non Opinion) ,anger,neutral
Maybe we could attack them together? (Question) ,neutral,anger
That-that's a no. (Command) ,neutral,anger
"What? No! No, I'm not stopping. I'm Red Ross! (Statement Non Opinion) ",sadness,anger
"Dude, if you go back out there, you're gonna be Dead Ross! (Statement Opinion) ",anger,fear
I don't care! I am not quitting! I insist on finishing this game! (Statement Opinion) ,anger,anger
"All right, all right, if you insist on doing this, at least let me help you. (Agreement) ",anger,neutral
"No, God no! That is no place for a woman. Those guys will grab anything. (Statement Non Opinion) ",neutral,disgust
No. That's not what I'm saying. I just may know a few things that might help you inflict some pain. (Statement Non Opinion) ,neutral,neutral
I like that. (Agreement) ,joy,joy
"Yeah? Listen closely, Devon has got a weak ankle. (Statement Non Opinion) ",neutral,neutral
Huh? (Backchannel) ,neutral,surprise
One swift kick and he'll back off. (Statement Non Opinion) ,neutral,neutral
"All right, bad ankle, got it! (Statement Non Opinion) ",neutral,joy
"And that big bloke with the beard, he has got a trick hip. (Statement Non Opinion) ",neutral,neutral
Yeah. (Backchannel) ,neutral,neutral
"And uh, and David over there, I heard he doesn't wear a cup. (Statement Non Opinion) ",neutral,neutral
"Yeah? I can use that, trick hip, no cup, okay! Okay! (Statement Non Opinion) ",joy,joy
"And uh, Liam, Liam's got bad knees. You hit him right and he'll go down like a lamp. (Statement Non Opinion) ",neutral,neutral
"But-but, Liam's on my team. (Disagreement) ",joy,surprise
I don't care! You just get him! (Statement Non Opinion) ,anger,anger
"I'm gonna go get him! Okay, I am going back in! (Statement Non Opinion) ",joy,joy
The Red Ross! Okay. (Others) ,joy,joy
Oh! Oh by the way? (Statement Non Opinion) ,neutral,surprise
Uh-hmm. (Backchannel) ,neutral,neutral
James Brolin? (Question) ,neutral,neutral
"Oh, I know. I could only think of two names, him and Ed Begley Jr. and then I remembered he's gay. (Answer) ",neutral,neutral
Ed Begley Jr. is not gay. (Statement Opinion) ,neutral,neutral
Really?! (Question) ,surprise,surprise
Hello? (Greeting) ,neutral,neutral
"Hello, is Ross there? (Question) ",neutral,neutral
"Uh no, he's not. Can I take a message? (Question) ",neutral,neutral
"Yes, this Russell, Ross's divorce lawyer, just tell him that since I haven't heard from him, I assume he's decided to give the marriage a try. (Answer) ",neutral,neutral
Ross got married again--Nooooooo!!!!!!!!! (Disagreement) ,surprise,surprise
"Oh-oh! Okay, she's kicking! (Statement Non Opinion) ",joy,joy
Oh! She's growing inside you. (Statement Opinion) ,neutral,surprise
Whoa!! (Backchannel) ,surprise,surprise
Oh! (Backchannel) ,surprise,surprise
Wow that was a big one. (Statement Non Opinion) ,surprise,joy
I think that's the youngest girl ever to reject me. (Statement Opinion) ,joy,sadness
Oh hey you guys! (Greeting) ,joy,joy
"Sure, I can hang out 'til I have to meet ya. What uh--How come you're not going? (Question) ",neutral,neutral
I have a job interview I have to get ready for. (Answer) ,neutral,neutral
I thought you already have a job. (Statement Opinion) ,neutral,surprise
And people say you don't pay attention. (Statement Non Opinion) ,neutral,joy
"No, this is a much better job. (Statement Non Opinion) ",neutral,joy
It's vice-president of a company that does data reconfiguration and statistical factoring for other companies. (Statement Non Opinion) ,neutral,joy
Wow! How do you know how to do that?! (Question) ,surprise,surprise
That's what I do now. (Answer) ,neutral,neutral
"Hey Joey, come taste this. (Command) ",neutral,neutral
What is it? (Question) ,neutral,neutral
Remember that guy that gave me a bad review? Well... I'm getting my revenge! (Answer) ,anger,anger
You cooked him? (Question) ,surprise,surprise
No. (Answer) ,neutral,neutral
"He teaches a course on food criticism at the New School, so before we go to the movies I wanna go by there and make him try my bouillabaisse again. (Answer) ",neutral,anger
"Oh, I cannot wait to read the front page of the Post tomorrow! (Statement Non Opinion) ",joy,joy
"""Restaurant reviewer admits: I was wrong about Monica."" (Statement Non Opinion) ",joy,joy
"The front page? You really do live in your own little world, don't ya? (Others) ",sadness,joy
"So, did you uh, find anyone to marry you guys yet? (Question) ",neutral,neutral
"No, but Horny for Monica Minister called, wanting to know if we were still together. (Answer) ",disgust,neutral
We're never gonna find anybody. (Statement Non Opinion) ,sadness,sadness
Well then let me do it! (Statement Non Opinion) ,joy,joy
Joe (Others) ,joy,neutral
No-no-no! (Disagreement) ,neutral,anger
"Look, I've been thinking about it. (Statement Non Opinion) ",neutral,neutral
I'm an actor right? (Statement Non Opinion) ,neutral,neutral
So I won't get nervous talking in front of people. (Statement Non Opinion) ,neutral,neutral
"I won't spit, and I won't stare at Monica's breasts! (Statement Non Opinion) ",anger,joy
Everyone knows I'm an ass man! (Statement Non Opinion) ,joy,joy
That is true. (Agreement) ,neutral,joy
"Yeah and the most important thing is that it won't be some like, stranger up there who barely knows you. (Statement Non Opinion) ",joy,neutral
It'll be me! (Statement Non Opinion) ,joy,joy
And I swear I'll do a really good job. (Statement Non Opinion) ,joy,joy
"Plus, y'know I love you guys and-and it would really mean a lot to me. (Statement Non Opinion) ",joy,joy
It might be kinda cool. (Statement Non Opinion) ,joy,joy
So I can do it? (Question) ,joy,joy
I still can't believe they took away my key. You trust me with yours. (Statement Non Opinion) ,fear,sadness
Of course I do! And I'm gonna give it back to you as soon as they're done with it at the key shining place. (Statement Non Opinion) ,neutral,joy
What the hell is that? (Question) ,anger,anger
"Whoa! Whoa! Whoa! Treeger, what are you doing? (Question) ",surprise,surprise
You said there was a gas leak in here. (Answer) ,neutral,neutral
Well why don't you use your key? (Question) ,neutral,neutral
"Because by the time I find it on this thing , the whole place might have exploded. (Answer) ",neutral,fear
"If that happens at another building that I manage, people are gonna start asking questions. (Statement Non Opinion) ",neutral,fear
Come on! (Others) ,anger,anger
Hurry up. (Others) ,sadness,anger
Oh! We could have done that. (Statement Opinion) ,neutral,surprise
"Luckily, the guy she settled for can't hear what you're talking about. (Statement Non Opinion) ",neutral,neutral
"Oh, I'm so sorry. (Apology) ",sadness,sadness
"Um, and maybe I'm wrong! (Acknowledge) ",sadness,fear
"I but--y'know I'm gonna go out with him again, I'll find out more. (Statement Non Opinion) ",neutral,neutral
You believe that this guy is destined for someone else and you're still gonna date him? (Question) ,surprise,anger
"Well, he may not be my soul mate, but a girl's gotta eat. (Answer) ",neutral,joy
"Oh, but it's made her so happy. (Statement Opinion) ",anger,joy
Little girl misses her cat. (Statement Non Opinion) ,neutral,sadness
Crazy lady thinks her mother is in a cat. (Statement Non Opinion) ,sadness,disgust
"Okay, y'know what, I have to go have dinner with my son, can I trust that when you see Phoebe, you will tell her. (Statement Non Opinion) ",neutral,neutral
Yeah. (Agreement) ,neutral,neutral
Thank you. (Acknowledge) ,neutral,neutral
I (Statement Non Opinion) ,neutral,neutral
"He is right, isn't he? (Question) ",joy,neutral
"Y'know what, I think this might be one of the times he's wrong. (Answer) ",neutral,neutral
You think? (Question) ,surprise,surprise
"Oh-no, he's right. (Answer) ",neutral,neutral
Seven hundred bucks! (Statement Non Opinion) ,joy,surprise
"Alright, you did it! Do we have any fruit? (Question) ",joy,joy
"Man, hell of a two weeks, huh? Y'know what, though? I really feel like I learned something. (Statement Non Opinion) ",joy,neutral
"Really? So, you're gonna stick with this 'it's all for her' thing? (Question) ",neutral,surprise
"What, are you crazy? When a blind man gets his sight back, does he walk around like this? (Question) ",disgust,anger
Oh. (Backchannel) ,neutral,neutral
Y'know those are a delicacy in India. (Statement Non Opinion) ,neutral,neutral
Ah-ha! Too cocky! (Others) ,joy,joy
Me too. (Statement Non Opinion) ,neutral,neutral
"Although this city is my home, so. (Statement Non Opinion) ",neutral,neutral
"So that's dumb what I said, don't tell him I said that. (Statement Non Opinion) ",neutral,neutral
"Umm, you make something up. (Statement Non Opinion) ",neutral,neutral
"Nice, thank you. (Acknowledge) ",joy,joy
This is me. (Statement Non Opinion) ,neutral,neutral
Here. (Statement Non Opinion) ,neutral,neutral
Your eyes are very pretty. (Statement Opinion) ,joy,joy
"Thank you, very much! Oh! Thank you! (Others) ",joy,joy
He would like to kiss you. (Statement Opinion) ,neutral,neutral
"Okay, y'know what, you don't have to do that now. (Statement Non Opinion) ",neutral,neutral
No-no-no-no!! (Disagreement) ,joy,anger
"Not him, you don't! (Statement Non Opinion) ",surprise,anger
Well the moment's over. (Statement Non Opinion) ,neutral,sadness
Oh. (Backchannel) ,neutral,neutral
Oy! (Backchannel) ,neutral,surprise
"Hey! Hold on a minute, hold on a second. Do you think these pearls are nice? (Question) ",anger,neutral
I'd really prefer a mountain bike. (Statement Non Opinion) ,neutral,neutral
"Janice's birthday is coming up, I want to get her something speacial. Come in here with me. (Statement Non Opinion) ",neutral,neutral
"Whoa, whoa, whoa, wait, whoa. (Disagreement) ",surprise,surprise
"Do you ah, want to get her something speacial, get her flowers, get her candy, get her gum, girls love gum. (Statement Opinion) ",anger,joy
"That's a good idea, 'Dear Janice have a Hubba-Bubba birthday'. I would like to get her something serious. (Agreement) ",disgust,neutral
"Oh, you want something serious. (Statement Non Opinion) ",neutral,neutral
"Y'know what you should do, you should get her one of those um, barium enemas. (Statement Non Opinion) ",neutral,disgust
Those are dead serious. (Statement Non Opinion) ,neutral,neutral
"All right. Look, I'm gonna go in here, and you don't buy me anything ever. (Statement Non Opinion) ",anger,anger
"No, no, you can't, you can't, okay, you can't, you can't buy her pearls, you just can't, you can't, you can't. (Statement Non Opinion) ",fear,anger
Why not?! (Question) ,surprise,anger
"Oh God. Uh, okay, here's the thing, this is the thing, okay, the thing is... (Answer) ",neutral,sadness
What is the thing? (Question) ,sadness,anger
"Okay. I went down to the 'Mattress King' showroom and, and I saw Janice, kissing her ex-husband. (Answer) ",sadness,sadness
What? (Question) ,surprise,surprise
They were in his office. (Answer) ,neutral,neutral
"Well she, she wouldn't do that, she's with, she's with me. (Statement Opinion) ",sadness,sadness
I'm telling you it's like watching Bambi learn how to walk. (Statement Non Opinion) ,anger,neutral
You're drunk! Mom and dad are gonna be maaaaadd! Maybe I'm a little drunk. (Statement Opinion) ,surprise,anger
Hey! Are those crab cakes? Did I not tell ya to come straight to me when more crab cakes were ready? (Question) ,joy,disgust
How are you feeling? (Question) ,neutral,neutral
You are (Answer) ,neutral,neutral
I really wish that you wouldn't. (Statement Non Opinion) ,anger,sadness
"Now all you have to do is just get through a little bit more, okay? (Statement Opinion) ",neutral,joy
"Then we can put you in bed, okay? (Statement Non Opinion) ",neutral,neutral
Just smile and don't talk to (Statement Non Opinion) ,neutral,neutral
Speech! Speech! Let's hear from the birthday girl! Huh? (Statement Non Opinion) ,joy,joy
Pheebs!! (Others) ,joy,surprise
Don't you see? Everyone's looking at me! The plan's working! I didn't even have to take off my top yet! (Statement Non Opinion) ,joy,joy
Speech! Come on Monica! (Statement Non Opinion) ,joy,joy
Come on! (Statement Non Opinion) ,joy,neutral
Come on! Speech! (Statement Non Opinion) ,joy,joy
"Hey Chandler, you can't keep your hands off her for one second! (Statement Non Opinion) ",anger,joy
"Oh-ho, I think it's nice. (Statement Opinion) ",joy,joy
Well you have to because maybe it's stupid. (Command) ,neutral,anger
Well it's just while Monica and I were dancing to them it was...the first time I knew that...you were the woman I wanted to dance all my dances with. (Statement Non Opinion) ,joy,joy
Oh crap! (Others) ,anger,disgust
All right. (Statement Non Opinion) ,neutral,neutral
The super couldn't figure out what it did. (Statement Non Opinion) ,neutral,neutral
A $200 an hour electrician couldn't figure out what it did. (Statement Non Opinion) ,sadness,neutral
I've had seven pretty serious shocks. (Statement Non Opinion) ,sadness,sadness
I officially give up. (Statement Non Opinion) ,disgust,sadness
Thank God. (Others) ,joy,joy
"I guess Joey was right, it does nothing. (Statement Opinion) ",joy,sadness
See? I'm doing it. I am totally doing it. I lost it. (Statement Non Opinion) ,anger,joy
Are there no conscious men in the city for you two? (Question) ,sadness,neutral
He doesn't have anyone. (Answer) ,neutral,sadness
"Yeah, we-we feel kinda responsible. (Statement Non Opinion) ",anger,sadness
I can't believe you said woowoo. I don't even say woowoo. (Others) ,disgust,surprise
"Oh, she's coming up! She's coming up! (Statement Non Opinion) ",joy,joy
"Folks, when we come back we'll be talking about her new book, 'Euphoria Unbound': the always interesting Nora Tyler Bing. (Statement Non Opinion) ",neutral,neutral
You might wanna put the kids to bed for this one. (Statement Non Opinion) ,neutral,neutral
"Y'know, we don't have to watch this. (Statement Opinion) ",neutral,neutral
"No way, forget it. (Disagreement) ",joy,anger
"C'mon, she's your mom! (Statement Non Opinion) ",anger,neutral
Exactly. (Agreement) ,neutral,neutral
"Chandler, I gotta tell you, I love your mom's books! (Acknowledge) ",joy,joy
I love her books! (Acknowledge) ,joy,joy
I cannot get on a plane without one! (Statement Non Opinion) ,joy,joy
"I mean, this is so cool! (Statement Opinion) ",joy,joy
"Yeah, well, you wouldn't think it was cool if you're eleven years old and all your friends are passing around page 79 of 'Mistress Bitch.' (Statement Non Opinion) ",disgust,anger
"C'mon, Chandler, I love your mom. I think she's a blast. (Statement Opinion) ",joy,joy
Thank you. (Others) ,neutral,joy
And a nice hot cider for Monica. (Statement Non Opinion) ,neutral,neutral
"Aww, thank you. Uh Rach? (Question) ",neutral,joy
Yeah? (Answer) ,neutral,neutral
Why does my cinamon stick have an eraser? (Question) ,surprise,surprise
Oh! That's why. I'm sorry! (Apology) ,surprise,sadness
"Oh. Oh! Ma'am? Excuse me, ma'am? (Question) ",neutral,surprise
You can't put your cigarette out on a tree! (Question) ,anger,anger
"Yeah I can, it worked real well. (Answer) ",neutral,neutral
No but you shouldn't! Don't ever do that again. (Disagreement) ,anger,anger
I won't! Until I have my next cigarette. (Statement Non Opinion) ,anger,neutral
Hold it! N.Y.P.D! Freeze punk! (Statement Non Opinion) ,anger,anger
What?! (Question) ,surprise,surprise
Yeah that's right you are so busted. Book 'em. (Answer) ,anger,joy
Who are you talking too? (Question) ,surprise,neutral
"Save it Red! Unless you wanna spend the night in the slammer, you apologize to the tree. (Answer) ",disgust,anger
I am (Disagreement) ,neutral,neutral
You apologize to the tree right now or I am calling for backup. Backup! Backup!! (Command) ,anger,anger
I-I'm sorry! Sorry. (Apology) ,fear,fear
"Okay, cancel backup! Cancel backup! (Statement Non Opinion) ",neutral,joy
Shh! Get me out of here. (Statement Non Opinion) ,fear,fear
Oh. (Backchannel) ,neutral,surprise
Ross! (Greeting) ,surprise,joy
What? (Question) ,neutral,surprise
"Come here, check this out! (Answer) ",surprise,joy
What? Is it the comet? (Question) ,neutral,surprise
"No! No-no. Look, there's a bug stuck in tar right here. (Answer) ",surprise,neutral
"Joey come--I can't believe--I bring you here to see the Bapstein-King comet, one of nature's most spectacular phenomenon, and all you care about are bugs stuck in tar and-and some woman! (Statement Non Opinion) ",anger,anger
"Y'know, there's (Statement Non Opinion) ",neutral,neutral
Show me where? (Question) ,neutral,surprise
Right-right up here. (Answer) ,neutral,neutral
Joey where's the pipe that was holding the door open? (Question) ,neutral,surprise
"I don't know! Yeah, I do. (Answer) ",joy,neutral
Joey! (Others) ,anger,anger
What?! All right--Hey! Don't look at me! You're the one who wanted to come up and look for some stupid (Statement Non Opinion) ,anger,anger
"It's called the Bapstein-King comet, okay? Hey! Hey! Bapstein was a very well respected astronomer! (Others) ",anger,anger
Oh no! No! No! (Disagreement) ,surprise,fear
Wow! This place is incredible! Sting's pen...that he gave to Phoebe. Come on! Secret passageway! (Statement Opinion) ,joy,joy
Hi! (Greeting) ,neutral,neutral
Hi! (Greeting) ,neutral,neutral
I'm Trudie. (Statement Non Opinion) ,neutral,neutral
Uh-huh. (Backchannel) ,neutral,neutral
You must be Ben's mum. (Question) ,neutral,neutral
Why else would I be here? (Question) ,neutral,anger
Do sit down. (Answer) ,neutral,neutral
Yeah. (Agreement) ,neutral,neutral
Hi.. how was the game? (Question) ,neutral,neutral
Well.. (Answer) ,neutral,neutral
WE WON!! Thank you! Yes! (Others) ,joy,joy
Fantastic! I have one question: How is that possible? (Question) ,surprise,surprise
Alan. (Answer) ,neutral,neutral
He was unbelievable. (Acknowledge) ,joy,joy
"He was like that-that-that Bugs Bunny cartoon where Bugs is playing all the positions, right, but instead of Bugs it was first base-Alan, second base-Alan, third base-... (Statement Opinion) ",joy,joy
"I mean, it-it was like, it was like he made us into a team. (Statement Opinion) ",joy,joy
"Yep, we sure showed those Hassidic jewellers a thing or two about softball.. (Statement Non Opinion) ",joy,joy
Can I ask you guys a question? D'you ever think that Alan is maybe.. sometimes.. (Question) ,neutral,neutral
What? (Question) ,surprise,neutral
"..I dunno, a little too Alan? (Question) ",neutral,neutral
"Well, no. That's impossible. You can never be too Alan. (Answer) ",joy,joy
"Yeah, it's his, uh, innate Alan-ness that-that-that we adore. (Statement Non Opinion) ",joy,joy
I personally could have a gallon of Alan. (Statement Non Opinion) ,joy,joy
"Well I had a great time! Learned how to bake, ate great food, that's the first A I've gotten since seventh grade, (Statement Non Opinion) ",joy,joy
"Oh, look! Acting for Beginners! Want to feel good about yourself? (Question) ",fear,joy
What the hell! (Statement Non Opinion) ,surprise,anger
Okay. (Statement Non Opinion) ,neutral,neutral
"All right, let's start with some basics. Can anybody tell me what the difference between upstage and downstage is? (Question) ",neutral,neutral
"Yeah, this was a stupid idea. (Statement Opinion) ",disgust,sadness
My God! (Others) ,surprise,surprise
These pants are burning up! (Statement Non Opinion) ,surprise,anger
"Oh come on, she wants to snuggle now! (Statement Non Opinion) ",surprise,disgust
What is she trying to kill me? (Question) ,anger,fear
It's like a volcano in here! (Statement Non Opinion) ,surprise,anger
Are you hot? (Question) ,neutral,neutral
"Okay, it must just be me then. (Statement Non Opinion) ",neutral,sadness
"That was just the pants on the couch. Umm, hey, do you, do you mind if I use your bathroom? (Question) ",neutral,neutral
You're driving me crazy with that! (Statement Non Opinion) ,anger,anger
"Okay, I'll stop. (Statement Non Opinion) ",neutral,neutral
Don't stop! Move the bowl further away! Ross could make that shot! (Command) ,anger,anger
"Well, you suck! But at least you suck at a man's game now. (Statement Non Opinion) ",anger,joy
You wanna play? (Question) ,neutral,neutral
"Chandler, I can't be playing games, Ross is gonna be home soon. (Answer) ",neutral,sadness
And I have to write five whole pages if I'm gonna stick to his schedule. (Statement Non Opinion) ,neutral,sadness
"Well, so, play for the next 30 minutes and then write until he gets home. (Statement Opinion) ",neutral,neutral
"All right! But uh, listen, what do you say we crank it up a notch? (Agreement) ",joy,joy
I'm intrigued. (Statement Non Opinion) ,neutral,surprise
"All right, all we need is a little lighter fluid. (Statement Non Opinion) ",neutral,joy
"Okay, but be careful okay, because I wanna get our security deposit back. (Agreement) ",joy,fear
"Yeah, I think we said good-bye to that when we invented hammer darts. (Statement Non Opinion) ",joy,neutral
Do you even remember which part of the wall is not spackle? (Question) ,neutral,surprise
"Uh yeah, right here. (Answer) ",neutral,neutral
"Hey, Rach. How was it with your friends? Okay! How would you like some Tiki Death Punch? (Question) ",joy,joy
What's that? (Question) ,neutral,surprise
"Weeeell, it's rum, and- (Answer) ",neutral,neutral
I'm sure they'll be here soon. (Statement Non Opinion) ,neutral,neutral
"Yeah, honey, they wouldn't miss this. (Statement Non Opinion) ",neutral,joy
Relax. You're only at nine centimeters. And the baby's at zero station. (Statement Non Opinion) ,neutral,neutral
You are really frightening me. (Statement Non Opinion) ,fear,fear
"Somebody wanna help me, tryin' to rip out my heart. Uh, that's great. Anybody seen a nipple? (Question) ",fear,disgust
"All right, ten centimeters, here we go. (Statement Opinion) ",neutral,joy
"All right, honey, time to start pushing. (Command) ",neutral,neutral
But they're not here yet! (Statement Non Opinion) ,fear,sadness
"I'm sorry, I can't tell the baby to wait for them. (Disagreement) ",neutral,neutral
"Oh, god. (Others) ",fear,fear
"Here we go. Mona umm, I think it's time we-we had a conversation about-about where things are with us. (Statement Non Opinion) ",joy,neutral
"Yeah, I-I think I suggested that. (Statement Non Opinion) ",neutral,neutral
"Aw, we-we are so... So umm, well I-I-I like you and I-I love umm, y'know hanging out with you. (Statement Non Opinion) ",joy,joy
And I mean-I'm having a lot of fun. (Statement Non Opinion) ,joy,joy
Okay. (Others) ,neutral,neutral
"I mean, there's no point in spending time with someone if-if it's just fun. (Statement Opinion) ",neutral,sadness
"It's gotta be, it's gotta be going somewhere right? (Others) ",joy,neutral
So where-where is it going? (Question) ,neutral,neutral
Ah! (Backchannel) ,surprise,surprise
That's-that's the real question. (Statement Non Opinion) ,neutral,neutral
And-and the answer is...is it's going somewhere...fun. (Statement Non Opinion) ,joy,joy
"Now I-I know what you're thinking, fun was fine for you like ten years ago y'know, but you're-you're not getting any younger. (Statement Non Opinion) ",neutral,anger
"No I mean--No not you, not you, you--you (Others) ",fear,fear
"I'm sorry, so umm, so where are we? (Question) ",sadness,sadness
Y'know what? (Question) ,neutral,neutral
I am going to take you out to dinner tonight. (Statement Non Opinion) ,joy,joy
I found this place that makes the greatest mozzarella sticks and jalepino poppers . (Statement Non Opinion) ,joy,joy
No? (Others) ,anger,sadness
Really? (Question) ,surprise,surprise
They taste so good. (Statement Non Opinion) ,joy,joy
Drum roll. (Others) ,neutral,joy
"Okay. Okay. All right. Help! Am I a Mark, or a John? (Question) ",neutral,fear
"Nah, you're not tall enough to be a Mark, but you might make a good Barney. (Answer) ",neutral,joy
"All right look, am I serious, okay? Tomorrow at 3:30 I am going down to the courthouse. (Others) ",neutral,neutral
You're actually going through with this? (Question) ,surprise,surprise
"Hey, look, this name has been holding me back my entire life. (Statement Opinion) ",anger,sadness
"Okay, it's probably why kids picked on me in school, and why I never do well with women... So, as of 4 o'clock tomorrow, I'm either gonna be Mark Johnson or John Markson. (Statement Non Opinion) ",neutral,sadness
You got problems because of you! (Statement Opinion) ,anger,anger
Not your name! (Others) ,sadness,anger
"All right, this has got to stop! (Statement Non Opinion) ",anger,anger
Chandler is a great name! (Statement Opinion) ,anger,joy
"In fact--yes, I'm, I'm sorry. (Apology) ",sadness,sadness
"I know you really wanted me to name the baby Joey, but eh, so, I'm-I'm, I'm gonna, I'm gonna name the baby Chandler. (Statement Opinion) ",neutral,joy
Damn! I thought that was going to be romantic as hell! (Statement Opinion) ,surprise,anger
It was. (Agreement) ,neutral,neutral
"Look, I just saw my best friends brains smeared across the canvas, that's not gonna be me, not me. (Statement Non Opinion) ",sadness,disgust
Wow! That was good. That was... Tweezers? (Question) ,surprise,surprise
No. (Answer) ,neutral,neutral
Whoa. That was really good. (Statement Opinion) ,surprise,joy
"Thanks, any suggestions? (Question) ",neutral,neutral
You-you...you had sex with Ursula?! (Question) ,surprise,surprise
"Uh, a little bit. She-she-she walked in and I thought she was you and I kissed her and (Answer) ",fear,fear
You didn't notice she was wearing different clothes?! (Question) ,surprise,anger
Well I was just so excited to see you. (Answer) ,sadness,joy
Oh. Ew! Ew! Ew! Ugh! Y'know what? This is too weird. (Others) ,disgust,disgust
No-no it's not! (Disagreement) ,sadness,fear
I don't want to lose you! (Acknowledge) ,fear,sadness
It's-it's like I was saying to Ursula when I was making love to her and I thought she was you--Yeah it is too weird. (Statement Non Opinion) ,sadness,neutral
So I guess this is it. (Statement Non Opinion) ,sadness,sadness
Yeah. Maybe it's for the best. You smell just like her. (Statement Opinion) ,sadness,neutral
"Yeah, so do you. (Agreement) ",anger,neutral
Hey! (Greeting) ,joy,joy
Hi. (Greeting) ,neutral,neutral
"So, did shopping make you feel any better about Ross? (Question) ",neutral,neutral
Manhattan does not have enough stores. (Answer) ,sadness,sadness
"Well, (Others) ",neutral,neutral
You can? (Others) ,surprise,surprise
Yeah. I just need you to bring me some photos of Ross. (Command) ,neutral,neutral
Um-hmm. (Backchannel) ,neutral,neutral
And a small piece of chocolate. (Command) ,neutral,joy
Okay. (Agreement) ,neutral,neutral
"Okay, we have to talk. I'm just getting out of a very serious relationship (Statement Opinion) ",sadness,sadness
"I know! And I'm just getting out of a marriage, I mean talk about meant to be! (Statement Non Opinion) ",fear,joy
Right! I just think that this is happening too soon. (Statement Opinion) ,joy,sadness
"Oh, too soon, too schmoon. Face it honey, I am not letting you get away this time. (Statement Non Opinion) ",sadness,joy
"I hear ya. But! Unfortunately, my company is transferring me overseas! (Statement Non Opinion) ",disgust,neutral
Oh no! Where to? Too Paris? (Question) ,surprise,surprise
"No! No! Not, Paris. (Answer) ",neutral,neutral
"Too London? No-no, Rome? Vienna? Ooh-ooh, Barcelona? (Question) ",joy,surprise
"Okay, could you just stop talking for a second? Yemen. That's right, yes, I'm being transferred to Yemen! (Answer) ",anger,anger
When? (Question) ,anger,neutral
I don't know exactly. (Answer) ,neutral,neutral
"Ugh, well I will just have to soak up every once of Chandler Bing until that moment comes. (Statement Non Opinion) ",sadness,joy
But I do know that it's some time tomorrow. (Statement Non Opinion) ,joy,neutral
"Ooh, this is it! Oh, that's him! That's him! (Others) ",joy,joy
Great! Go get him. (Others) ,joy,joy
"Wait a second, or maybe you can go in first. (Statement Opinion) ",neutral,neutral
He's not really my type. (Disagreement) ,neutral,neutral
"No not you, Dr. Drake Remoray. You can ask him questions and see what's he like. People tell doctors everything. (Statement Opinion) ",neutral,neutral
"But lately all the guys I meet seem really nice at first, then they turn out to be the biggest jerks. (Statement Non Opinion) ",sadness,sadness
You do attract some stinkers. (Statement Non Opinion) ,sadness,neutral
Chandler. (Greeting) ,neutral,neutral
"Mrs. Tedlock. You're looking lovely today. And may I say, that is a (Statement Non Opinion) ",neutral,joy
"Yes. Well, Mr. Kostelick wants you to stop by his office at the end of the day. (Statement Opinion) ",neutral,neutral
"Oh, listen. (Others) ",neutral,neutral
"If this is about those prank memos, I had nothing to do with them. (Statement Non Opinion) ",neutral,fear
Really. (Others) ,joy,neutral
Nothing at all. (Others) ,neutral,neutral
Really. (Agreement) ,joy,neutral
Nothing. (Disagreement) ,neutral,anger
"Y'know when we move in together, can I get a gumball machine? (Question) ",neutral,joy
Of course! Joey wouldn't let you have one? (Answer) ,sadness,surprise
"No. When it comes to sweets, he's surprisingly strict. (Statement Non Opinion) ",sadness,neutral
"Hey, have you figured out a way to tell him you're moving out? (Question) ",neutral,neutral
"No, no, I keep trying, y'know? (Answer) ",anger,sadness
"I can get out, ""Joey, I have too..."" but then I lose my nerve and I always finish with, ""...go to the bathroom."" (Statement Non Opinion) ",sadness,neutral
He may think I'm sick. (Statement Non Opinion) ,neutral,neutral
"Y'know, I really have to tell Rachel, but I... We just have to get it over with! (Statement Non Opinion) ",neutral,neutral
"Y'know, the next time we see them we're just gonna tell them. (Statement Opinion) ",neutral,neutral
That's it. (Agreement) ,neutral,neutral
"Oh, so that's this is gonna work now? You're just gonna order me around all the time? (Question) ",joy,joy
Pretty much. (Answer) ,neutral,joy
All right. (Agreement) ,neutral,neutral
Hey Monica! (Greeting) ,joy,neutral
Hi! (Greeting) ,joy,neutral
"Hey man, you feeling any better? (Question) ",neutral,neutral
"Joey, we have something to tell you. (Answer) ",neutral,neutral
Oh my God! You're pregnant! (Statement Non Opinion) ,surprise,surprise
"Yeah, if you get married in Vegas, you're only married in Vegas. (Statement Non Opinion) ",neutral,neutral
What are you talking about? If you get married in Vegas you're married everywhere. (Others) ,neutral,anger
Really?! (Question) ,surprise,surprise
Yeah! (Answer) ,neutral,joy
Oh my God!--Eh! Well (Others) ,surprise,surprise
"You see that guy? He's in classics now, but y'know as soon as we leave he's going straight to the porn. (Statement Non Opinion) ",disgust,disgust
He's gonna go up to the counter with (Statement Non Opinion) ,neutral,neutral
Yeah. (Agreement) ,neutral,neutral
I missed this. (Statement Non Opinion) ,joy,sadness
Me too. (Statement Non Opinion) ,anger,sadness
"So, you wanna get a hamburger or something? (Question) ",neutral,joy
Yes! Yes! Yes! Yes! Awww! (Others) ,joy,joy
"Hey, it's your Thanksgiving too, y'know, instead of watching football, you could help. (Statement Non Opinion) ",anger,neutral
We will. (Agreement) ,neutral,neutral
"Okay, Rachel, you wanna put the marshmellows in concentric circles. (Command) ",neutral,neutral
"No Mon, (Disagreement) ",neutral,anger
Every year. (Others) ,neutral,neutral
Hey! Ross! (Greeting) ,joy,joy
Die Hard (Others) ,neutral,neutral
"Yep. Hey, what do you say we make it a double feature? (Question) ",neutral,joy
What'd you rent? (Question) ,neutral,neutral
Die Hard 2 (Answer) ,neutral,neutral
"Joey, this is (Statement Non Opinion) ",neutral,neutral
"Oh, well we watch it a second time and its (Statement Opinion) ",neutral,neutral
"Joey, we (Statement Non Opinion) ",neutral,neutral
And? (Others) ,neutral,neutral
And it'll be cool to see it again! Yeah! (Statement Non Opinion) ,joy,joy
Die Hard (Statement Non Opinion) ,neutral,neutral
"Dude, you didn't say (Question) ",neutral,anger
"Yeah, I just got uh, got plans. (Answer) ",neutral,neutral
"Well, John McClane had plans! (Statement Non Opinion) ",anger,neutral
"No, see the thing is I want to get out of here before Joey gets all worked up and starts calling everybody bitch. (Statement Non Opinion) ",neutral,neutral
What are you talking about? Bitch. (Question) ,anger,anger
I know you botched that operation on purpose. (Statement Non Opinion) ,joy,anger
"I can't prove it yet, but when I do, you'll be going to jail for murder. (Statement Non Opinion) ",anger,anger
I don't care if you are my brother. (Statement Non Opinion) ,disgust,anger
"Good for you! And hey, I thought your paper on punctuated equilibrium in the Devonian era was top notch! (Statement Opinion) ",joy,joy
Stop going through my stuff ! (Command) ,anger,anger
Hey! (Greeting) ,joy,neutral
Hey! (Greeting) ,joy,neutral
"I just wanted to let you know I've changed my mind: I'm gonna do it, I'm gonna kiss Joey. (Statement Non Opinion) ",anger,joy
"No, you can't! Friends hooking up is a bad idea. (Disagreement) ",fear,anger
"Please, what about you and Chandler? (Question) ",anger,neutral
That's different! I was drunk and stupid! (Answer) ,anger,anger
Well hello ! (Others) ,anger,joy
What about all the guys that you've got the phone numbers from? Why don't you just kiss one of them? (Question) ,neutral,neutral
"I could, I could but I don't want to! I want to kiss Joey! (Answer) ",anger,joy
Alright . I think it's a big mistake but it's your decision. (Statement Opinion) ,neutral,sadness
I'm gonna do it. (Statement Non Opinion) ,joy,neutral
And I can't stop you. (Statement Non Opinion) ,neutral,neutral
No. (Agreement) ,neutral,neutral
"Hey Rach, have you seen Charlie anywhere? (Question) ",neutral,neutral
I'm smarter than (Statement Non Opinion) ,neutral,neutral
"Oh, hey, Gunther, check this out. (Statement Non Opinion) ",joy,neutral
"Yeah, that-that Chandler cracks me up. (Others) ",joy,joy
"Hey Ross, listen, you want anything to drink, 'cause I'm heading up there. (Statement Non Opinion) ",neutral,neutral
"Uh, yeah, I'll take a coffee. Thanks, man. (Statement Non Opinion) ",neutral,neutral
Sure. Coffee? 'Cause I'm going up there. (Others) ,joy,neutral
No. (Disagreement) ,neutral,anger
"No, thank you. (Disagreement) ",neutral,neutral
"You guys need anything, 'cause I'm heading up there. (Question) ",neutral,neutral
I'd love an ice water. (Answer) ,neutral,neutral
You got it. (Statement Non Opinion) ,neutral,neutral
"Joey, what are you doing? (Question) ",surprise,surprise
Just being friendly. (Answer) ,anger,neutral
"Joey, honey, I don't think you're supposed to go back there. (Statement Opinion) ",anger,sadness
"Nah, it's okay. Right, Gunther? (Others) ",neutral,neutral
Don't wink at me. And put on your apron. (Statement Non Opinion) ,anger,anger
"Okay, but I don't see you asking any other paying customers to put on aprons. (Statement Non Opinion) ",sadness,anger
"Joey, do you work here? (Question) ",surprise,surprise
No. (Answer) ,neutral,neutral
"Hey, waiter. (Others) ",neutral,neutral
Yeah? (Agreement) ,neutral,neutral
"You've reached Monica and Chandler's, if you're listening to this message, we're probably screening. Yeah we are. (Statement Non Opinion) ",neutral,neutral
"Hi, this is Heldi from the Morgan Chase museum. (Statement Non Opinion) ",neutral,neutral
I'm calling for Monica Geller. (Statement Non Opinion) ,neutral,neutral
"I want to let her know that there was a cancellation and if she's still interested in having the Bing-Geller wedding at our facility, it is available (Statement Non Opinion) ",neutral,joy
"This is Chandler Bing! This is Chandler Bing! Yes, the groom--No! Not the groom!! (Others) ",surprise,anger
Thank you. (Others) ,neutral,joy
Thanks. (Others) ,neutral,joy
I can't believe this! This is like the worst night ever! (Statement Opinion) ,anger,anger
Y'know Monica you had a minor setback in your relationship with Chandler. Big deal! It's only Chandler. I am (Statement Non Opinion) ,neutral,neutral
"This is crazy! I mean, it's such a stupid argument. I don't even wanna see Richard again. (Statement Opinion) ",sadness,anger
So go fix it! (Command) ,neutral,neutral
Go find Chandler! (Command) ,neutral,neutral
He's probably up in your room! (Statement Non Opinion) ,sadness,neutral
Tell him that you're sorry and that you love him. (Statement Non Opinion) ,anger,neutral
Y'know what? You're right Phoebe. You're right. Thank you! (Agreement) ,joy,joy
"Sure! Yeah! Las Vegas, number one! (Statement Non Opinion) ",joy,joy
Anybody lose this? (Question) ,neutral,neutral
Comin' out. Place your bet. Dice are out. Double or nothin'! Pay the front line! (Statement Non Opinion) ,joy,neutral
Hmm. (Backchannel) ,neutral,neutral
Do you remember where the duck food is? (Question) ,neutral,neutral
"Yeah, it's in the guys' apartment under the sink. Why? (Question) ",surprise,neutral
Because I'm going to London. (Answer) ,neutral,neutral
What?! What do you mean you're going to London? (Question) ,surprise,surprise
"Yeah, I have to tell Ross that I love him. (Answer) ",neutral,joy
"Now honey, you take care, you don't have those babies until I get back. (Command) ",neutral,joy
"I--Rachel, you can't go! Ross loves Emily! (Statement Non Opinion) ",fear,anger
"Yeah, I know, I know, I know he does. (Agreement) ",fear,sadness
But I have to tell him how I feel! (Statement Non Opinion) ,sadness,sadness
He deserves to have all the information and then he can make an informed decision. (Statement Non Opinion) ,neutral,neutral
That's not why you're going! (Statement Non Opinion) ,sadness,anger
"You're going because you hope he's gonna say, ""Yeah, I love you too, Rach. (Statement Opinion) ",sadness,anger
"Forget that British chippy."" (Command) ",sadness,anger
Ohh--Do you think he will?! (Question) ,surprise,neutral
No! (Answer) ,sadness,anger
Because he's in love with the British chippy! (Statement Opinion) ,sadness,anger
"Look, Rachel, if you go, you're just gonna mess with his head and ruin his wedding! (Statement Non Opinion) ",anger,anger
"Y'know, it's too late! (Statement Non Opinion) ",anger,anger
You missed you're chance! (Statement Non Opinion) ,sadness,anger
"I'm sorry, I know this must be really hard, it's over. (Apology) ",sadness,sadness
"Y'know what? No. It's not over until someone says, ""I do."" (Statement Non Opinion) ",anger,anger
"I do! I do! I do! I do! Ugh, like I can really chase you. I'm carrying a litter. (Statement Non Opinion) ",joy,anger
So is everybody here? (Question) ,neutral,neutral
I got here a little early myself. (Statement Non Opinion) ,neutral,neutral
Let us begin. (Statement Non Opinion) ,neutral,neutral
"Now, the hydrosaurids have been unearthed in two main locations. (Statement Non Opinion) ",neutral,neutral
Here. (Others) ,neutral,neutral
Here. (Others) ,neutral,neutral
Now as for the hydrosaurs (Statement Non Opinion) ,neutral,neutral
"Well, so anyway Beth, what I'm saying is I should've considered your feelings before I went home with you that night. (Statement Non Opinion) ",neutral,sadness
"I've ah, I've recently learned what's it like to be on your side of it, and I'm sorry. (Apology) ",sadness,sadness
"So, do you think you can forgive me? (Question) ",sadness,sadness
Great. (Agreement) ,joy,joy
Thanks. (Others) ,joy,neutral
"Okay, bye. (Greeting) ",neutral,neutral
"Hello, Jennifer? (Greeting) ",neutral,neutral
"Oh hi, Mrs. Loreo, is Jennifer there? (Question) ",surprise,neutral
"Oh, she's not home huh? (Question) ",surprise,sadness
"Well ah, actually I kinda need to talk to you too. (Statement Non Opinion) ",neutral,neutral
Hey! (Greeting) ,anger,joy
Hi. (Greeting) ,neutral,neutral
Are you all right? (Question) ,neutral,neutral
Uhh... I think I just got engaged. (Answer) ,fear,surprise
Oh my God! He did it? (Question) ,surprise,surprise
Well...did you know he was gonna ask me? (Question) ,joy,neutral
Are you kidding? (Question) ,surprise,surprise
I'm like the one who talked him into it. (Statement Non Opinion) ,joy,neutral
I like to think of myself as the puppet master of the group. (Statement Non Opinion) ,sadness,joy
And you really think this is a good idea? (Question) ,sadness,neutral
"I just talked him into it, don't tell me I have to do you too. The puppet master gets tired people. (Answer) ",neutral,anger
I just don't know! It just doesn't feel right. (Statement Opinion) ,sadness,sadness
"Why?! You two are so meant to be together, everybody thinks so. (Statement Non Opinion) ",surprise,neutral
Really?! Even Ross? (Question) ,surprise,surprise
Especially Ross! (Answer) ,joy,neutral
"Oh uh, hey Pheebs. Uh y'know what? I'll-I'll come back later. (Statement Non Opinion) ",neutral,neutral
"Wow! Kind of uh, kind of a full house here. I'll guess just...I'll come back. (Statement Non Opinion) ",surprise,neutral
"There he goes, your fiancée. (Statement Non Opinion) ",joy,neutral
I guess so. (Statement Non Opinion) ,neutral,neutral
Although he does play with himself in his sleep. (Statement Non Opinion) ,neutral,neutral
I can't say that I'm surprised. (Statement Non Opinion) ,neutral,neutral
"Oh, that is so unfortunate. (Statement Opinion) ",sadness,sadness
What? (Question) ,neutral,surprise
Cute naked guy is really starting to put on weight. (Answer) ,joy,disgust
"Okay, I'll be back in just a minute. Oh, Phoebe I'm sorry that I left lipstick marks on the phone. (Apology) ",neutral,neutral
You didn't leave lipstick marks on the phone. (Statement Non Opinion) ,neutral,neutral
"Oh, then it must've been you. Bye. (Statement Opinion) ",neutral,neutral
Bye-bye! That's why I moved out. (Statement Opinion) ,joy,anger
"Hey, y'know while we're on that, when are you gonna tell my sister that you don't live here anymore. (Question) ",neutral,neutral
I think on some levels she already knows. (Answer) ,neutral,neutral
Night Mon. Night Julio. (Greeting) ,neutral,neutral
Adiâˆšâ‰¥s. (Greeting) ,neutral,neutral
"Look Julio, someone left their book here. (Statement Non Opinion) ",surprise,neutral
"Ah actually, that is mine. (Statement Non Opinion) ",neutral,neutral
"Oh yeah, what are you reading? (Question) ",neutral,neutral
"Flowers of Evil, by Beaudalire. Have you read it? (Question) ",neutral,neutral
"Have I read it? No, are you enjoying it? (Question) ",neutral,neutral
"I thought I would, but the translation's no good. (Answer) ",neutral,sadness
Your a poet and don't know it. (Statement Opinion) ,neutral,joy
"Actually I ah, I am a poet. (Agreement) ",neutral,neutral
"Oh, then you do know it. So um what kind of things do you write about? (Question) ",neutral,neutral
"Things that move me. The, the shadow of a tree, a child laughing, or this lip. (Answer) ",neutral,joy
Mine? Right here? (Question) ,neutral,surprise
I can write an epic poem about this lip. (Answer) ,joy,joy
"How would that go? Well, it didn't rhyme, but I liked it. (Statement Opinion) ",joy,joy
"Last stop, Montreal. This stop is Montreal. (Statement Non Opinion) ",neutral,neutral
What? (Question) ,surprise,surprise
"I made a bet with myself that you have beautiful eyes. Now that I see them, I win. (Statement Non Opinion) ",neutral,joy
What? (Question) ,surprise,surprise
We're at my stop. But would you like to have coffee? (Question) ,neutral,neutral
Are we really in Montreal?! (Question) ,surprise,surprise
"Yes we are. So, coffee? (Answer) ",neutral,neutral
"Coffee sounds great. Wait, so, so you live in Montreal? (Question) ",neutral,joy
"Oh, no. But it's just a two hour ferry ride to Nova Scotia. (Answer) ",neutral,neutral
"Okay, here's batch 22. (Statement Non Opinion) ",neutral,neutral
"Oh, maybe these'll taste a little like your grandmother's. (Statement Non Opinion) ",anger,joy
"This has a little bit of orange peel, but no nutmeg. (Statement Non Opinion) ",neutral,neutral
Let's give it a shot. (Statement Non Opinion) ,neutral,neutral
"Oh, what was that for? Like a bake sale? (Question) ",surprise,surprise
"No, just a Friday night. (Answer) ",neutral,neutral
Would she? (Question) ,neutral,neutral
Would she? You ate my candy bar! (Question) ,anger,anger
"Oh God, I hate my job, I hate it, I hate my job, I hate it. (Statement Opinion) ",disgust,anger
"I know honey, I'm sorry. (Apology) ",sadness,sadness
"Oh, I wanna quit, but then I think I should stick it out, then I think why would such a person stay in such a demeaning job, just because it's remotely related to the field they're interested in. (Statement Non Opinion) ",sadness,sadness
"Gee, I don't know Rach. Order up!! I got a Yentel soup, a James Beans, and a Howdy hold the Dowdy! (Statement Non Opinion) ",joy,neutral
"Oh honey, come on, I'm sorry, I didn't.... (Apology) ",sadness,sadness
"I don't mind paying my dues, y'know, its just how much am I gonna learn about fashion by walking Mira, the arthritic seamstress, to the bathroom. (Statement Non Opinion) ",disgust,sadness
Hi! Is my misery amusing to you? (Question) ,anger,anger
"I'm sorry, I wa, I wa, I was just ah.... (Answer) ",fear,fear
"It's not funny, this is actually my job. (Acknowledge) ",anger,anger
"Oh believe me, I-I-I've been there. I had to sort mannequin heads at that Mannequins Plus. (Statement Non Opinion) ",neutral,neutral
"Oh well then, so I'm just going to go back to talking to my friend here. (Statement Non Opinion) ",joy,neutral
And you can go back to enjoying your little hamburger. (Statement Opinion) ,joy,anger
"Ah, just one other thing. (Statement Non Opinion) ",neutral,neutral
Yes?! (Agreement) ,joy,neutral
"I ah, I work at (Statement Non Opinion) ",neutral,neutral
Do you want my pickle? (Question) ,neutral,neutral
Do you think they have yesterday's daily news? (Question) ,neutral,neutral
Why? (Question) ,surprise,neutral
"Just wanna check my horoscope, see if it was right. (Answer) ",neutral,joy
Oh my God. (Apology) ,surprise,surprise
Phoebe. (Greeting) ,neutral,neutral
"Don't look now, but behind us is a guy who has the potential to break our hearts and plunge us into a pit of depression. (Statement Opinion) ",neutral,fear
"Where? Ooh, come to Momma. (Question) ",joy,joy
"He's coming. Be cool, be cool, be cool. (Answer) ",anger,fear
We should do something. Whistle. (Statement Opinion) ,joy,joy
We are not going to whistle. (Disagreement) ,anger,anger
"Come on, do it. (Others) ",neutral,joy
No! (Disagreement) ,anger,anger
Do it! (Command) ,joy,anger
No! (Disagreement) ,anger,anger
Do it do it do it! (Command) ,joy,anger
Woo-woo! (Others) ,joy,joy
I can't believe you did that! (Acknowledge) ,surprise,surprise
"Hi! Umm, I'm Monica Geller, I'm the chef at Alessandro's. (Greeting) ",neutral,neutral
Still? (Question) ,surprise,surprise
"I think the things that you said about me are really unfair, and I would like for you to give my bouillabaisse another chance. (Answer) ",neutral,sadness
I don't see any reason why I would do that to myself again. (Statement Non Opinion) ,joy,disgust
"Either eat it, or be in it. (Statement Opinion) ",anger,anger
"Spoon? So, what do you think? (Question) ",joy,neutral
"I'm torn, between my integrity and my desire to avoid a beating. But I must be honest, your soap is abysmal. (Answer) ",disgust,fear
Thata girl! Huh? We should get out of here.. there's a new class comin' in. (Statement Non Opinion) ,joy,joy
"Welcome to introduction to cooking. Now, before we start, can anyone tell me the difference between a hollandaise sauce and a bearnaise sauce? (Question) ",neutral,neutral
I can. (Answer) ,neutral,neutral
"Okay, go ahead. (Agreement) ",neutral,neutral
"Well umm, they both have a egg yolk and butter base, but a bearnaise has shallots, shirvel, and most importantly tarragon. (Answer) ",neutral,joy
"That's very good, what's your name? (Question) ",neutral,neutral
Monica. (Answer) ,neutral,neutral
"Monica, you go to the head of the class. (Command) ",neutral,joy
Okay. (Agreement) ,joy,neutral
"And there's a country called Argentinaaaa, it's a place I've never seeeeen. (Statement Non Opinion) ",neutral,joy
But I'm told for fifty pesos you can buy a human spleen. (Statement Non Opinion) ,neutral,disgust
Human spleeeen. (Others) ,neutral,disgust
Olé! (Others) ,joy,joy
What are you doing here! (Question) ,surprise,surprise
"Well, you said that you had customers lined up in the street, so I am here to entertain! (Answer) ",joy,joy
Great! (Acknowledge) ,joy,joy
Yeah! (Agreement) ,joy,joy
"It really has been great too, you know, some of this people must have seen me play before because they were requesting a bunch of my songs! (Statement Non Opinion) ",joy,joy
"Yeah, ""You suck"" and ""shut up and go home"". (Statement Opinion) ",joy,sadness
Listen Phoebe... (Others) ,joy,neutral
Yeah. (Others) ,neutral,neutral
"You know how much I love listening to your music, you know, but... (Statement Opinion) ",neutral,neutral
But what? (Question) ,neutral,neutral
This is kind of a classy place. (Answer) ,neutral,neutral
"Ok, say no more. (Acknowledge) ",neutral,neutral
"I'm so bored! Stupid rain, we... we can't do anything. (Statement Opinion) ",sadness,sadness
"Well, I've brought some books. We could read. (Statement Non Opinion) ",neutral,neutral
"Hey, it hasn't come to that yet. (Statement Non Opinion) ",joy,neutral
Hey hey hey! Don't mind if I do! (Statement Non Opinion) ,joy,joy
"I'm sorry sir, these are for the pharmaceutical convention (Apology) ",neutral,neutral
"Hey Rach, do you feel like going to a convention? (Question) ",neutral,neutral
We can't. We're not pharmacists! (Answer) ,sadness,neutral
"I know we're not, but Frank Medeio and... Eva Trorro... womba... (Statement Non Opinion) ",neutral,neutral
Kate Miller? (Question) ,neutral,neutral
Kate Miller it is. (Answer) ,neutral,neutral
And... that's the most sex I'm gonna have this weekend. (Statement Non Opinion) ,joy,neutral
In that case should I make sure it's on real good? (Others) ,neutral,joy
Thank you. (Acknowledge) ,neutral,neutral
Oh my God! (Others) ,surprise,surprise
"We heard about your pants, I'm so sorry. (Apology) ",sadness,sadness
This year was supposed to be great! (Statement Opinion) ,anger,sadness
"But, it's only the second day and I'm a loser with stupid leather pants that don't even fit! (Statement Non Opinion) ",disgust,anger
"No. No, you're not a loser. (Statement Opinion) ",sadness,joy
Look at me! (Others) ,anger,anger
"Hey, hey, look. Look Ross, Ben drew a picture of you! Huh? You're-you're a cowboy! (Statement Non Opinion) ",joy,joy
"Oh, be-because of the leather pants. (Statement Non Opinion) ",sadness,neutral
"See? Ben doesn't think you're a loser, he thinks you're a cowboy! Now that's something. (Statement Non Opinion) ",joy,joy
That really is something.. that's really cool. (Others) ,joy,joy
Howdy partner! (Others) ,joy,joy
Maybe I should get another pair! (Statement Non Opinion) ,joy,joy
"Ooh, y'know, they-they had some with fringe all down the sides. (Statement Non Opinion) ",joy,joy
I'm gonna go kiss Ben goodnight. (Statement Opinion) ,joy,joy
I can't believe he thinks I'm a cowboy. (Statement Non Opinion) ,joy,joy
I would make a good cowboy. (Statement Non Opinion) ,joy,joy
"Okay, now that everything's wrapped up here, I think I'm, I'm gonna go do my laundry. (Statement Non Opinion) ",neutral,neutral
"Oh yeah, me too. Y'know if this shirt is dirty. Yep. (Statement Non Opinion) ",neutral,neutral
"No you didn't. You said you would, but you never did! (Statement Non Opinion) ",anger,anger
Oh yeah! (Agreement) ,surprise,joy
Great nap. (Statement Non Opinion) ,neutral,neutral
It really was. (Agreement) ,neutral,joy
"Uh me? Gay? No! No. No, but I have a number of close friends who are. (Statement Non Opinion) ",joy,surprise
"So, let's talk about women. I'm sure our female readers will be interested to know about your romantic life. (Statement Opinion) ",neutral,neutral
"Oh-oh-oh-oh, how I do it is, I look a woman up and down and say, ""Hey, how you doin'?"" (Question) ",neutral,joy
"Oh, please! (Others) ",disgust,disgust
"Hey, how you doin'? (Question) ",neutral,joy
Hey Mikey (Greeting) ,neutral,neutral
Hey P (Greeting) ,neutral,neutral
What are you doing? (Question) ,neutral,neutral
Setting rattraps (Answer) ,neutral,neutral
To kill Bob?? (Question) ,surprise,fear
"No, no, to test his neck strength. (Answer) ",neutral,neutral
"No, Mike, I don't want to kill him! (Disagreement) ",anger,anger
"I thought we were just gonna capture him and, and you know, set him free in the country side where he can maybe meet a friendly possom and a wisecracking owl. (Statement Opinion) ",sadness,joy
"Ok, ok, I'll throw away the traps. (Agreement) ",neutral,neutral
"I'll find Bob, I'll get him. (Statement Non Opinion) ",neutral,neutral
Bob? (Others) ,fear,neutral
Bob! (Others) ,sadness,neutral
Robert! (Others) ,anger,neutral
"Oh wait, I think I hear him. (Statement Non Opinion) ",neutral,neutral
Oh - Oh my god! (Others) ,surprise,surprise
Bob had babies! (Acknowledge) ,surprise,surprise
Bob's a mom! (Others) ,surprise,joy
Better think of a new name for him. (Statement Non Opinion) ,neutral,neutral
"I don't know, I kinda like Bob for a girl. (Statement Opinion) ",neutral,joy
"I don't know, I mean I'm not sure ... (Statement Non Opinion) ",neutral,neutral
"Oh my god, we killed Bob! (Statement Non Opinion) ",sadness,sadness
"Maybe it wasn't Bob, maybe it was a mouse. (Statement Opinion) ",neutral,neutral
Suzie (Statement Non Opinion) ,neutral,neutral
"Hmmm, soup! (Others) ",joy,joy
"Joey, Ross is gonna be here any second, would you mind watching Ben for me while I use the ladies' room? (Question) ",neutral,neutral
"Oh yeah, no problem. (Answer) ",neutral,joy
Thanks. (Greeting) ,neutral,joy
"Hi Ben! So you wanna be an actor huh? I gotta tell ya, it's no picnic. There's tons of rejection. (Statement Non Opinion) ",sadness,sadness
Joey! (Greeting) ,surprise,joy
What one? You wanted him to invite you to the party and he did it! (Statement Non Opinion) ,surprise,neutral
"Yeah, but he waited until the last minute! (Acknowledge) ",anger,anger
"So if I said yes, he would know I had nothing better to do than wait around for an invitation to his stupid party. (Statement Non Opinion) ",anger,anger
"I said, ""No!"" (Statement Non Opinion) ",anger,anger
Which puts (Statement Non Opinion) ,neutral,neutral
Great. So the ball is in his court? (Question) ,anger,neutral
Ball? There is no ball. (Disagreement) ,anger,anger
"Oh, hey Rach! I thought we said seven? (Question) ",surprise,surprise
"Yeah uh, y'know what uh, let's skip it. (Others) ",neutral,sadness
What?! Why?! (Question) ,surprise,anger
"Umm, you-you and your sister seem to have umm, a very special bond, and (Answer) ",neutral,neutral
Oh great! That (Acknowledge) ,anger,joy
"Do-do you, do you have brothers? (Question) ",neutral,neutral
"No, I have two sisters. But one of them has a very masculine energy. (Answer) ",neutral,neutral
Are you close with them? (Question) ,neutral,neutral
"No-no, they're not very nice people. (Answer) ",neutral,sadness
"Okay, listen, I really like you. (Statement Non Opinion) ",neutral,neutral
Okay? (Agreement) ,neutral,neutral
I think this can go somewhere. (Statement Non Opinion) ,neutral,joy
"So what if I'm close to my family, are you gonna let that stand in the way of us? (Question) ",neutral,anger
"Well, uh, I-I don't know. See when-when you put it that way y'know it does sort of (Answer) ",neutral,sadness
Danny! Hurry up! The bath is getting cold! (Statement Non Opinion) ,neutral,neutral
What? (Question) ,surprise,surprise
"Yeah, okay, I'll see you later. (Others) ",neutral,sadness
It's over. (Statement Non Opinion) ,sadness,sadness
"Oh, was it awful? (Question) ",sadness,surprise
"Well, it was loong. (Answer) ",sadness,neutral
"I didn't even realise how late it was, until I noticed the 5 o'clock shadow on her head. (Statement Non Opinion) ",neutral,disgust
"Anyway, she didn't want to stay. (Statement Non Opinion) ",sadness,neutral
I called a cab. she just left. (Statement Non Opinion) ,neutral,neutral
I wrote you a letter. (Statement Non Opinion) ,neutral,neutral
Ohh! Thank you! I like mail. (Acknowledge) ,joy,joy
It's just some things I've been thinking about. (Statement Non Opinion) ,neutral,neutral
"Some things about us, and before we can even think about the two of us getting back together, I just need to know how you feel about this stuff. (Statement Non Opinion) ",neutral,sadness
"Okay. Wow, it's-it's 5:30 in the morning. So, I'd better get cracking on this baby. (Statement Non Opinion) ",neutral,neutral
"Well, I'll be waiting for you, just come up when you're done. (Agreement) ",neutral,neutral
"Okay, I'll be up in, 18 pages. Front and back. Very exciting. (Agreement) ",joy,joy
The waiter carried the breadsticks in his pants! (Statement Non Opinion) ,anger,disgust
"Well, you said that we except the (Statement Non Opinion) ",neutral,neutral
"All right, that I'll retract. (Statement Non Opinion) ",neutral,neutral
"But I stand by my review, I know food and that wasn't it. (Statement Non Opinion) ",disgust,anger
You're marinara sauce tasted like tomato juice! (Statement Opinion) ,disgust,disgust
You should serve it with vodka and a piece of celery. (Statement Non Opinion) ,disgust,neutral
"Hey! I'm proud of that sauce, it's delicious. (Statement Non Opinion) ",anger,joy
Oh my God! You own an Italian restaurant and you think that tastes good?! Where are you even from? (Question) ,surprise,surprise
Lebanon. (Answer) ,neutral,neutral
"Hand me those tomatoes, I'm gonna show you what it should taste like! Come on, hand me them. (Statement Non Opinion) ",anger,anger
How long is this gonna take? 'Cause I got another critic to go yell at. (Question) ,neutral,neutral
"Okay, then what happened? (Question) ",neutral,neutral
Ohh. Uh-huh. Uh-huh. You'll get your turn! (Others) ,anger,joy
"Hey Pheebs, what's going on? (Question) ",neutral,neutral
Nothing! This is not over! (Answer) ,anger,anger
No! No! No! (Others) ,anger,anger
What?! (Question) ,surprise,surprise
"I was up all night writing this really nasty letter to Emily! It was perfect and now it's all covered in-in... Actually, thanks! (Answer) ",sadness,joy
All right! Everybody ready to go to the movies? (Question) ,neutral,joy
"Uh actually, I think I'm gonna skip it. (Answer) ",sadness,sadness
Really? (Question) ,surprise,surprise
"Yeah, I'm gonna stay and read my book. I just wanna be alone right now. (Answer) ",sadness,sadness
"Oh. Are you sure you don't want to come? Tom Hanks, Meg Ryan, they get mail and stuff. (Question) ",neutral,neutral
"That's okay, Joe. (Answer) ",neutral,neutral
"All right, let's go Pheebs. (Statement Non Opinion) ",neutral,neutral
Oh God! (Others) ,surprise,sadness
That was amazing. (Statement Non Opinion) ,joy,joy
I know. (Agreement) ,neutral,joy
"Hey, do you realize we may have just changed our lives forever? (Question) ",joy,surprise
We may have just started a family. (Answer) ,joy,joy
"Nine months from now we can be here, having our own baby. (Statement Opinion) ",joy,joy
"And if not, we got to do it on a bucket. (Statement Non Opinion) ",neutral,neutral
Ross! You gotta stop! Okay?! You can't just stare through the peep hole for three hours! You're gonna get peep eye! (Statement Non Opinion) ,anger,anger
I knew it! (Statement Non Opinion) ,surprise,joy
I knew it! (Statement Non Opinion) ,anger,joy
I always knew she liked him! (Statement Opinion) ,anger,sadness
"Y'know, she'd say no, but here we are! (Statement Non Opinion) ",anger,neutral
Right? (Statement Non Opinion) ,neutral,neutral
"We just broke up, first thing she does! (Statement Non Opinion) ",anger,anger
You didn't just break up. (Statement Non Opinion) ,neutral,neutral
"Hey, it's been like three weeks! (Statement Non Opinion) ",anger,anger
You slept with somebody three hours after you thought you broke up. I mean bullets have left guns slower! (Statement Opinion) ,disgust,disgust
"Hey, so uh, y'know how there's something I wanted to talk to you about? (Question) ",neutral,neutral
Oh yeah! (Answer) ,joy,joy
"Well, y'know how I'm trying to work things out with Emily. (Statement Non Opinion) ",joy,neutral
"Well, there's this one thing... Okay, here goes. (Statement Non Opinion) ",neutral,neutral
I made a promise that--Oh hey! (Others) ,surprise,surprise
What? (Question) ,neutral,surprise
You're nose is bleeding! (Answer) ,surprise,surprise
Oh God. (Others) ,sadness,fear
No! (Statement Non Opinion) ,sadness,anger
Oh not again! (Statement Non Opinion) ,anger,sadness
This-this happened when my grandfather died. (Statement Non Opinion) ,sadness,sadness
It's ugh! (Others) ,disgust,disgust
Sorry. (Apology) ,sadness,sadness
"Oh, okay, so I'm sorry, what-what were you-what did you want to tell me? (Question) ",neutral,sadness
Umm (Backchannel) ,neutral,neutral
Sorry. Sorry. (Apology) ,sadness,sadness
"Okay, I uh, I can't see you anymore. (Statement Non Opinion) ",sadness,sadness
"Yeah, I know. It's ridiculous! I can't see you either. (Agreement) ",neutral,anger
Not yet! Not yet! Not yet! Not yet! Not yet! Not yet! Not yet! Not yet! (Others) ,fear,anger
"Hello, Chip. (Greeting) ",neutral,neutral
"Hey, Rach! How ya doin'? (Question) ",joy,joy
I'm great! I'm great. I've got a great job at (Answer) ,joy,joy
"So ah, Monica ready yet? (Question) ",neutral,neutral
"She'll be out in a second. So, Chip, how's umm, Amy Welch? (Answer) ",neutral,neutral
"Amy Welch? Wow! I haven't seen her since... So, Monica about ready? (Question) ",surprise,surprise
"That's right, I love you! And-and I'm gonna play with you all the time. (Statement Non Opinion) ",joy,joy
How can you let him talk to your crotch like that? (Question) ,surprise,disgust
He's talking to the baby. (Answer) ,neutral,neutral
Ohh! (Others) ,surprise,surprise
Okay! (Agreement) ,surprise,neutral
"Okay, cause when-when he said, ""I can't wait to hear your first words,"" I thought, ""There's a trick."" (Statement Opinion) ",surprise,surprise
"Okay. Well, I gotta go you guys. I'll see you later. (Statement Non Opinion) ",neutral,neutral
Okay. (Agreement) ,neutral,neutral
"Oh my, oh my God! (Others) ",surprise,surprise
"Aw, it's unbelievable! (Statement Non Opinion) ",surprise,joy
Wow! (Others) ,surprise,surprise
She is kicking so much! (Statement Non Opinion) ,surprise,joy
"Oh, she's like umm...oh...who's that kind of annoying girl soccer player? (Question) ",joy,neutral
Mia Hamm? (Answer) ,neutral,neutral
Mia Hamm! (Agreement) ,joy,joy
Oh that's amazing. (Statement Non Opinion) ,joy,joy
Oh-oh!! One hand on the sheet Joe! (Statement Non Opinion) ,surprise,anger
Whoa-hey-oh! Sorry! (Apology) ,surprise,fear
"Okay, what do you guys think? (Question) ",neutral,neutral
Dude! (Statement Non Opinion) ,surprise,surprise
I have never known love like this. (Statement Opinion) ,sadness,joy
You really like it? (Question) ,surprise,surprise
Dude! How-how did you write this? (Question) ,surprise,surprise
I stole Monica's and changed the name. (Answer) ,neutral,neutral
You can't (Disagreement) ,neutral,anger
If he goes first he can! (Statement Non Opinion) ,joy,neutral
Yeah! (Others) ,anger,joy
"Anyway, I-I still think we should try to patch things up, y'know? (Statement Non Opinion) ",neutral,neutral
"Like uh, maybe we could get him to get tickets to another Knicks game and invite him. (Statement Opinion) ",neutral,neutral
Oh wow that's a great idea! And (Statement Opinion) ,joy,joy
Here you go. (Statement Non Opinion) ,neutral,neutral
"Hey-hey-hey-ho-ho, I got this one. (Statement Non Opinion) ",joy,neutral
Here you go. (Statement Non Opinion) ,neutral,neutral
"Y'know I gotta tell ya, sometimes I just--I don't get Chandler. (Statement Non Opinion) ",neutral,neutral
"Y'know, me and him do stuff all the time without you and you don't get all upset. (Statement Non Opinion) ",neutral,anger
All the time? (Question) ,sadness,surprise
All the time! (Answer) ,anger,anger
"Cassie, how you-how you doin' on that...hot dog. (Question) ",neutral,neutral
I'm all done. (Answer) ,neutral,neutral
Thank God. (Others) ,joy,joy
I guess the last time we really hung out was when our parents rented that beach house together. (Statement Non Opinion) ,neutral,neutral
Oh right. (Acknowledge) ,neutral,neutral
Right. (Agreement) ,neutral,neutral
"Ooh, remember the time I uh, I pinned you down and tickled you 'til you cried? (Statement Non Opinion) ",joy,joy
We're probably too old to do that now. (Statement Non Opinion) ,sadness,neutral
"I'll always remember that summer, because it's when I got all of these freckles. (Statement Opinion) ",joy,joy
Uh-huh! Uh-huh! And-and-and I'll always remember that summer because that's when I realized that we are related. (Statement Opinion) ,joy,joy
"It took you that long to figure it out, huh? (Question) ",surprise,surprise
"Well I'm, I'm a little slow. Just as our children would be. (Answer) ",neutral,sadness
Relax every muscle in your body. (Command) ,neutral,neutral
Listen to the plinky-plunky music. (Command) ,neutral,neutral
"Okay, now close you eyes, and think of a happy place. (Command) ",neutral,neutral
"Okay, tell me your happy place. (Question) ",neutral,neutral
"Richard's living room, drinking wine. (Answer) ",joy,joy
"All right. No, no, no, not a Richard thing, just put down the glass. And get out! (Disagreement) ",anger,anger
"I'm sorry, but that's my happy place. (Apology) ",sadness,sadness
"Well, okay, fine, use my happy place. (Statement Opinion) ",neutral,neutral
"Okay, I'm just gonna, I have to ask that you don't move anything. (Command) ",neutral,neutral
"All right, I'll try not to. (Agreement) ",neutral,neutral
"Okay, all right, so, your in a meadow, millions of stars in the sky.... (Statement Non Opinion) ",neutral,neutral
Do you think breaking up with him was a huge mistake? (Question) ,sadness,sadness
"All right, there are no questions in the happy place. Okay, just, the warm breeze, and the moonlight flowing through the trees.... (Answer) ",joy,neutral
"I'll bet he's totally over me, I'll bet he's fine. (Disagreement) ",sadness,sadness
"All right, betting and wagering of any kind, are, I'm sure, not permitted in the happy place. (Statement Non Opinion) ",neutral,neutral
Okay. (Agreement) ,neutral,neutral
"Just-just, you know, the-the lovely waterfalls, and the, the trickling fountains. (Question) ",joy,neutral
And the-the calming sounds of the babbling brook.... (Question) ,neutral,neutral
"Okay, this isn't working. I'm still awake and now I have to pee. (Answer) ",disgust,sadness
"OK sweetie, I'll see you later. (Statement Non Opinion) ",neutral,joy
See you later Rach. (Statement Non Opinion) ,neutral,neutral
Bye-bye Julie. (Greeting) ,neutral,joy
Hey. (Greeting) ,neutral,neutral
Hey. (Greeting) ,neutral,neutral
"Hey, c'mon, cut it out. (Command) ",joy,anger
Hey? (Question) ,neutral,surprise
What? (Question) ,neutral,surprise
Can I ask you somethin'? (Question) ,neutral,neutral
"Hey Rach, wanna hear the new song I'm thinkin' of singing this afternoon? I wrote it this morning in the shower. (Statement Non Opinion) ",joy,joy
Ok. (Agreement) ,neutral,neutral
"Uh, Rachel, sweetheart, could I see ya for a minute? (Question) ",neutral,neutral
What's up? (Question) ,neutral,neutral
F.Y.I.. (Statement Non Opinion) ,neutral,neutral
I've decided to pay a professional musician to play in here on Sunday afternoons. (Statement Non Opinion) ,neutral,neutral
Her name is Stephanie... something. (Statement Non Opinion) ,neutral,neutral
She's supposed to be very good. (Statement Opinion) ,neutral,neutral
But what about Phoebe? (Question) ,surprise,surprise
"Rachel, it's not that your friend is bad, it's that she's so bad, she makes me want to put my finger through my eye into my brain and swirl it around. (Answer) ",disgust,disgust
"Ok, ok, so you're not a fan, but I mean, come on, you cannot do this to her. (Disagreement) ",sadness,anger
Uh... (Others) ,neutral,neutral
"Oh, no no no no. Oh no no no no. I have to do this to her? (Question) ",fear,sadness
"Ahh, no. (Answer) ",sadness,fear
Oh. (Others) ,neutral,surprise
Are you jealous? (Question) ,surprise,neutral
"Noo, I y'know I don't see why she has to play with you, that's all. (Answer) ",anger,anger
I mean doesn't she have any y'know other stripper moms friends of her own? (Statement Non Opinion) ,anger,disgust
You are totally jealous. (Statement Opinion) ,joy,joy
I'm not jealous. (Disagreement) ,anger,anger
"All right this is about, umm, people feeling certain things y'know about strippers. (Statement Opinion) ",neutral,neutral
"And y'know, and um, I... (Statement Non Opinion) ",neutral,sadness
"Honey, I love you too. (Statement Non Opinion) ",neutral,joy
"Ugh. Wait, wait, wait. (Others) ",sadness,disgust
What? (Question) ,surprise,surprise
Huh. (Others) ,surprise,neutral
"Well, there's a kiss that he won't forget for a couple of hours, y'know. (Statement Opinion) ",joy,joy
"Yeah. Either that, or you just turned him on and sent him off to a stripper. (Agreement) ",neutral,joy
I can't believe you came back. (Acknowledge) ,surprise,surprise
Don't say anything. (Command) ,joy,anger
"I don't wanna speak, I don't wanna think. (Statement Non Opinion) ",neutral,sadness
"I just want you to take me and kiss me and make love to me right here, right now. (Statement Non Opinion) ",joy,joy
Rachel! Rachel! (Others) ,joy,neutral
What? (Question) ,neutral,neutral
You missed the exit! (Answer) ,surprise,surprise
"Oh, sorry. (Apology) ",neutral,sadness
"My God, what were you thinking about? (Question) ",surprise,surprise
"Um, Barry. (Answer) ",neutral,neutral
Awwwww (Backchannel) ,joy,joy
"I just--I thought you guys were doing it, I didn't know you were in love! (Statement Non Opinion) ",surprise,surprise
Dude! (Greeting) ,joy,joy
And hats off to Phoebe. Quite a competitor. And might I say your breasts are still showing. (Statement Non Opinion) ,joy,neutral
God! (Backchannel) ,surprise,anger
All right! So that's it! It's over! Everybody knows! (Statement Non Opinion) ,joy,anger
"Well actually, Ross doesn't. (Statement Non Opinion) ",neutral,neutral
"Yes, and we'd appreciate it if no one told him yet. (Agreement) ",neutral,neutral
Dear Mary-Angela. (Greeting) ,neutral,neutral
Hi. (Greeting) ,neutral,neutral
How?s it going. (Question) ,neutral,neutral
This is the hardest letter I?ve ever had to write. (Statement Opinion) ,sadness,sadness
What the hell?s a matter with you? (Question) ,disgust,anger
How do you think Joey?s going to react when he finds out that you blew off his sister with a letter? (Question) ,anger,anger
"Well, that?s the part where you tell him that I moved to France. When actually I?ll be in Cuba. (Statement Non Opinion) ",neutral,neutral
"All right, look, look, you?ve got to do this yourself, okay in person. (Command) ",neutral,anger
At least you know her name. (Statement Non Opinion) ,neutral,neutral
"You just go to the house and you ask for Mary-Angela, okay, when which ever one she is comes to the door, you take her for a walk, you let her down easy. (Statement Non Opinion) ",neutral,neutral
What if Mary-Angela comes to the door and I ask for Mary-Angela? (Question) ,fear,fear
Where in Cuba? (Question) ,sadness,surprise
Hey. (Greeting) ,neutral,neutral
"You uh, you may have been right about Jill. (Agreement) ",sadness,sadness
Oh! I knew it! What happened? (Question) ,surprise,surprise
"Umm, she kissed me. (Answer) ",sadness,neutral
What?! You kissed! (Question) ,surprise,surprise
All right. (Agreement) ,neutral,neutral
"Okay, here you go. I have two queens, what do you have? (Question) ",neutral,neutral
A two and a five. (Answer) ,neutral,neutral
"Ho-ho, you win! 50 dollars! (Statement Non Opinion) ",joy,joy
Really?! (Backchannel) ,surprise,surprise
"Oh yeah! Okay, let's play again. What do you got? (Question) ",neutral,joy
A four and a nine. (Answer) ,neutral,neutral
You're kidding right? (Question) ,surprise,surprise
No. Why? (Answer) ,neutral,neutral
Well that's a full cup! (Answer) ,surprise,neutral
Damn! I am good at Cups! (Statement Opinion) ,joy,joy
What? Why? Where are you? (Question) ,surprise,surprise
I'm still on the set! (Answer) ,neutral,neutral
Joey! The wedding is in less than an hour! (Statement Non Opinion) ,anger,anger
"I know! I'm sorry! The guy's drunk, they won't let me go until we get this. (Apology) ",sadness,sadness
Oh my God! I'm gonna have to find another minister. (Statement Non Opinion) ,sadness,fear
"No! No, I'm the minister! Alright, look-look, put 'em both on the phone, I'll marry them right now. (Disagreement) ",anger,anger
"Ugh! Joey, I have to go. (Statement Non Opinion) ",sadness,disgust
Hey! Don't you hang up on me! I'll marry you and me right now! I have the power! (Statement Non Opinion) ,anger,anger
Oh hey Joey! What's up? (Greeting) ,joy,joy
"I can't decide which route to take to Vegas. Hey, you've traveled a lot right? (Question) ",neutral,neutral
"Yeah, I've been around. (Answer) ",neutral,neutral
"Okay, so-so which route should I take the northern route or the southern route? (Question) ",neutral,neutral
"Ooh, if you take the northern route there's a man in Illinois with a beard of bees. (Answer) ",neutral,surprise
Great! Problem solved! (Statement Non Opinion) ,joy,joy
"Estelle, you gotta get me some work. I-I lost my health insurance. (Command) ",sadness,fear
"All right, first thing we gotta do, damage control. (Command) ",neutral,neutral
Why? (Question) ,surprise,surprise
"Well, I think uhh, someone out there may have been bad mouthing you all over town. (Answer) ",sadness,sadness
Bastard! (Disagreement) ,anger,anger
You mean whenever Monica and Chandler where like y'know doing laundry or going grocery shopping or--Oh! (Statement Non Opinion) ,surprise,surprise
All that time Monica spent on the phone with sad Linda from camp! (Statement Non Opinion) ,surprise,sadness
"Uh-huh, doing it. Doing it. Phone doing it. (Others) ",joy,joy
"Oh, I can't believe it! (Statement Non Opinion) ",surprise,surprise
I mean I think it's great! (Statement Non Opinion) ,joy,joy
For him. (Others) ,neutral,neutral
She might be able to do better. (Statement Opinion) ,neutral,neutral
Hey guys! (Greeting) ,neutral,joy
Joey! Come here! Come here! (Command) ,neutral,joy
Phoebe just found out about Monica and Chandler. (Statement Non Opinion) ,neutral,neutral
You mean how they're friends and nothing more? (Question) ,neutral,neutral
"No. Joey, she (Answer) ",neutral,neutral
"Okay, so now they know that you know and they don't know that Rachel knows? (Statement Non Opinion) ",surprise,neutral
"Yes, but y'know what? (Question) ",neutral,neutral
It doesn't matter who knows what. (Answer) ,neutral,neutral
"Now, enough of us know that we can just tell them that we know! (Statement Non Opinion) ",neutral,joy
Then all the lying and the secrets would finally be over! (Statement Non Opinion) ,joy,joy
"It's a tradition, like the parade. If the parade decided it was gay, moved out, and abandoned its entire family. (Statement Non Opinion) ",neutral,neutral
"Y'know, you're friend's getting married, it's gotta change things. (Statement Non Opinion) ",neutral,neutral
You really think it would be that different? (Question) ,surprise,neutral
How could it not be? (Question) ,surprise,neutral
"I mean pretty soon they're gonna be having kids, and then they're just gonna be hanging out with other couples who have kids. (Answer) ",sadness,sadness
And then maybe they're gonna have to leave the city to be near a (Statement Non Opinion) ,sadness,sadness
"Well, things change. (Agreement) ",neutral,neutral
I don't want them to move to a (Statement Non Opinion) ,sadness,sadness
It'll be okay Joe. (Statement Non Opinion) ,neutral,neutral
Its still there! (Question) ,surprise,surprise
Mrs. Braverman must be out. (Answer) ,neutral,neutral
She could be out of town. Maybe she'll be gone for months. (Statement Non Opinion) ,sadness,neutral
"By then, the cheesecake may have gone bad. We don't want her to come back to bad cheesecake. (Statement Non Opinion) ",fear,neutral
No that could kill her. (Statement Non Opinion) ,fear,fear
"Well, we don't want that. (Statement Non Opinion) ",neutral,neutral
"No, so we're protecting her. (Statement Opinion) ",neutral,neutral
But we should take it. (Statement Non Opinion) ,neutral,neutral
But we should move quick. (Statement Non Opinion) ,fear,neutral
Why? (Question) ,surprise,surprise
Because I think I just heard her moving around in there. (Answer) ,fear,fear
Go! Go! Go! Go! Go! Go! Go! Go! Go! Go! (Command) ,fear,fear
"Hey, Kicky. What're you doing? (Question) ",neutral,neutral
Just trying to get comfortable. I can't sleep in my underwear. (Answer) ,neutral,sadness
"Well, you're gonna. (Statement Non Opinion) ",neutral,neutral
"I've been thinking. Y'know, about how I'm always seeing girls on top of girls... (Statement Opinion) ",neutral,neutral
"Are they end to end, or tall like pancakes? (Question) ",neutral,joy
"Y'know what I mean, about how I'm always going out with all these women. (Answer) ",neutral,sadness
"And I always figured, when the right one comes along, I'd be able to be a stand-up guy and go the distance, y'know? (Question) ",sadness,sadness
"Now I'm looking at my dad, thinking... (Answer) ",neutral,sadness
"Hey, you're not him. (Statement Opinion) ",neutral,neutral
You're you. (Statement Opinion) ,neutral,neutral
"When they were all over you to go into your father's pipe-fitting business, did you cave? (Question) ",neutral,neutral
No. (Answer) ,neutral,neutral
No. (Answer) ,neutral,neutral
You decided to go into the out-of-work actor business. (Statement Non Opinion) ,neutral,neutral
"Now that wasn't easy, but you did it! (Acknowledge) ",neutral,joy
"And I'd like to believe that when the right woman comes along, you will have the courage and the guts to say ""No thanks, I'm married."" (Statement Opinion) ",neutral,neutral
You really think so? (Question) ,joy,neutral
Yeah. I really do. (Answer) ,neutral,neutral
"Thanks, Chandler. (Acknowledge) ",neutral,joy
Get off! (Others) ,anger,anger
Hi. (Greeting) ,neutral,neutral
"Your Fettuccini Alfredo looks a little dry, did you use all your cheese? (Question) ",neutral,neutral
"When you say used, do you mean eat as a pre-cooking snack? (Question) ",neutral,neutral
And the cream? (Question) ,neutral,neutral
Cheese makes me thirsty. (Answer) ,neutral,neutral
Okay. Let's move on. (Others) ,neutral,neutral
All right. (Agreement) ,neutral,neutral
Oh! Something smells good over at Monica's station! Oh my God! This is absolutely amazing! You've never made this before? (Question) ,surprise,joy
Oh no! (Answer) ,surprise,surprise
I don't know anything about cooking. (Disagreement) ,neutral,sadness
"I had to ask someone what it's called when the, when the water makes those little bubbles. (Statement Non Opinion) ",neutral,neutral
"Well, hats off to the chef. (Acknowledge) ",joy,joy
"I-I-I'm sorry, your-your mouth was full, I didn't hear what you said. Umm, hats off to who now? (Question) ",neutral,neutral
The chef! (Answer) ,joy,neutral
That's right. (Agreement) ,joy,neutral
"Hey, Pheebs. (Greeting) ",neutral,joy
Hey. (Greeting) ,neutral,joy
How's it going? (Question) ,neutral,neutral
Good. Oh oh! Roger's having a dinner thing and he wanted me to invite you guys. (Answer) ,joy,joy
So what's going on? (Question) ,neutral,neutral
"Nothing, um, it's just, um... It's Roger. (Answer) ",neutral,sadness
"I dunno, there's just something about... (Disagreement) ",neutral,anger
Basically we just feel that he's... (Statement Non Opinion) ,neutral,neutral
We hate that guy. (Statement Opinion) ,disgust,anger
Yeah. Hate him. (Disagreement) ,disgust,anger
"We're sorry, Pheebs, we're sorry. (Apology) ",sadness,sadness
Uh-huh. (Others) ,neutral,neutral
Okay. (Question) ,neutral,neutral
"Okay, don't you think, maybe, though, it's just that he's so perceptive that it freaks you out? (Statement Opinion) ",neutral,anger
"...No, we hate him. (Disagreement) ",disgust,anger
We're sorry. (Apology) ,sadness,sadness
Hey! (Greeting) ,joy,joy
Hey! (Greeting) ,joy,joy
What are you doing? (Question) ,neutral,neutral
I'm sending back all this stuff that Chandler bought out of guilt. (Answer) ,neutral,neutral
Yes that was mine. (Statement Non Opinion) ,fear,neutral
Cause I figured you'd hooked up with some girl and she'd left it there. (Statement Non Opinion) ,neutral,neutral
Yes that would have made more sense. (Agreement) ,sadness,joy
"Y'know, I-I don't even feel like I know you anymore man! (Statement Opinion) ",anger,sadness
"All right, look, I'm just gonna ask you this one time. (Statement Non Opinion) ",neutral,neutral
"And whatever you say, I'll believe ya. (Statement Non Opinion) ",neutral,neutral
"Were you, or were you not on a gay cruise? (Question) ",anger,surprise
"Oh hey! There's some kids playing in the street, you wanna go down there and give them a project, ruin their day? (Question) ",anger,joy
"Hey, if they have a ball maybe you can stick razor blades in it and teach them a new game, Gonna Need Stitches Ball. (Statement Opinion) ",neutral,anger
She said what? (Question) ,surprise,surprise
"She said, ""If I'm not gonna be happy getting married somewhere that we find in a day, well then we should just postpone it."" (Answer) ",neutral,sadness
Postpone it? (Others) ,joy,surprise
"Emily, do you think Monica realises how much our parents spent on this wedding? (Question) ",anger,anger
"Do you my sister's teeny-tiny little brain comprehends that people took time out of their lives to fly thousands of miles to be here, huh? (Statement Non Opinion) ",anger,anger
This isn't right. (Disagreement) ,neutral,anger
"I realize that people are going to be disappointed. But, I'm sure they'll come back when we can do it right. (Statement Non Opinion) ",sadness,sadness
I can't ask people to do that? Would you ask people to do that? (Question) ,anger,anger
Don't you point your pants at me! (Statement Non Opinion) ,anger,anger
We have no choice! (Answer) ,anger,anger
"Anywhere that's half-decent would've be booked months ago, Ross don't you understand? (Question) ",anger,anger
This is our wedding I'm talking about. (Statement Non Opinion) ,anger,sadness
The only thing I understand is postponing it is not an option. This is when we're getting married. (Statement Non Opinion) ,neutral,anger
So what are you saying? It's now or never? (Question) ,anger,sadness
No. I'm saying it's now. (Answer) ,neutral,anger
Or? (Question) ,anger,sadness
There's no 'or' in mind. What is wrong with these pants?!! (Answer) ,anger,anger
It's not the pants. (Answer) ,anger,sadness
It's you that is backwards. (Statement Non Opinion) ,anger,anger
"And if, and if you don't understand how important this is to me, well then, perhaps we shouldn't get married at all! (Statement Opinion) ",anger,sadness
"No, wait! Emily! No, wait, stop! Emily, please-- (Command) ",sadness,fear
"Hi, honey. (Greeting) ",neutral,joy
See you later. (Disagreement) ,neutral,anger
"What? I-I bought groceries, I was gonna make you dinner! (Question) ",joy,surprise
Well next time ask! Or at least wait for me to ask! (Answer) ,anger,anger
"Hi, this is Heldi from the Morgan Chase museum. I'm calling for Monica Geller. (Statement Non Opinion) ",neutral,neutral
Oh no! (Others) ,surprise,sadness
"I want to let her know that there was a cancellation and if she's still interested in having the Bing-Geller wedding at our facility, it is available (Statement Non Opinion) ",neutral,neutral
"Oh please, he didn't hear it! He didn't hear it!! (Statement Non Opinion) ",fear,fear
This is Chandler Bing! This is Chandler Bing! (Statement Non Opinion) ,surprise,joy
NOOOO!!!!!!!! (Backchannel) ,anger,anger
Ma! What're you doing here? (Question) ,surprise,surprise
I came to give you this and this. (Answer) ,neutral,neutral
Oww! Big ring! (Others) ,surprise,joy
"Yeah, all the time. I want the baby to know my voice. (Statement Non Opinion) ",neutral,joy
"Do you uh, do you talk about me? (Question) ",neutral,neutral
"Yeah, yeah, all the time. (Answer) ",neutral,joy
Really? (Question) ,surprise,surprise
"But um, we just refer to you as Bobo the Sperm Guy. (Answer) ",neutral,disgust
Would you look at this dump? He hated us. This is his final revenge! (Statement Opinion) ,disgust,anger
Have you ever seen so much crap? (Question) ,disgust,disgust
"Actually, I think this apartment sullies the good name of crap (Answer) ",anger,neutral
Check this out. Can I have this? (Question) ,neutral,joy
What? (Question) ,neutral,surprise
"I'm at work, ordinary day, you know, chop chop chop, sauti, sauti, sauti. (Answer) ",neutral,neutral
"All of a sudden, Leon, the manager, calls me into his office. (Statement Non Opinion) ",neutral,neutral
"It turns out they fired the head lunch chef, and guess who got the job. (Question) ",joy,surprise
"If it's not you, this is a horrible story. (Answer) ",sadness,anger
"Fortunately, it is me. (Statement Non Opinion) ",joy,joy
"And, they made me head of purchasing, thank you very much. (Statement Non Opinion) ",joy,joy
"Anyway, I just ran into Ross and Chandler downstairs, and they think we should go out and celebrate. (Statement Opinion) ",joy,joy
"Y'know, someplace nice. (Question) ",neutral,joy
"Yeah, someplace nice. (Answer) ",neutral,joy
Yeah! (Others) ,joy,joy
How much do you think I can get for my kidney? (Question) ,neutral,joy
"So, what do you think? (Question) ",neutral,neutral
I think It's the most beautiful table I've ever seen. (Answer) ,joy,joy
I know! (Agreement) ,joy,joy
"So how does this work, you going to balance the plates on these little guys' heads? (Question) ",neutral,surprise
"Who cares, we'll eat at the sink! Come on, let's play! (Command) ",joy,joy
Heads up Ross! Score! You suck! (Others) ,joy,anger
Thank you. Just make yourself comfortable. (Others) ,neutral,neutral
Gotcha. (Backchannel) ,neutral,neutral
This place is really my Grandmother's. (Statement Non Opinion) ,neutral,neutral
"I got it from her when she moved to Florida, otherwise I could never afford a place like this. (Statement Non Opinion) ",neutral,neutral
"So if the landlord ever asks, I'm 87 year old woman, who's afraid of her VCR. (Statement Non Opinion) ",neutral,joy
So are you thirsty? (Question) ,neutral,neutral
"Oh, you bet I am! (Answer) ",joy,joy
"Okay, here's your penis! (Statement Non Opinion) ",surprise,surprise
"Ohh, okay. (Others) ",neutral,neutral
"Oh my God, what a great surprise! This is such a beautiful house. (Statement Opinion) ",joy,joy
"Thank you, it's my mom's. So this is the kitchen. (Statement Non Opinion) ",neutral,neutral
"Hey, ready for dinner? (Question) ",neutral,neutral
"Ooh, absolutely! (Agreement) ",joy,joy
Great! How about you wanted to go the Italian place down on Bleaker Street right? (Question) ,joy,neutral
"Ooh, I love that place! So, no. (Answer) ",neutral,joy
How about Mama Lisettie's? (Question) ,neutral,neutral
Enh. Sure! (Answer) ,neutral,neutral
I wonder how long that milk has been setting out. (Statement Non Opinion) ,disgust,disgust
"Oh, no-no, this place is totally healthy! (Statement Non Opinion) ",neutral,neutral
That--this milk is mine. (Statement Non Opinion) ,neutral,neutral
"I bought this today, 'cause I was thirsty for milk, y'know. (Statement Non Opinion) ",neutral,neutral
"Okay, let's go! (Command) ",joy,joy
"Hey, buddy! Are you familiar with Section 11-B of the Health Code that requires all refuse material out the (Statement Non Opinion) ",anger,anger
But then I'd have to go all the way around the dry cleaner place. (Statement Non Opinion) ,neutral,neutral
"Oh, so you're saying you'd choose convenience over health?! (Question) ",disgust,anger
"Okay, stop! (Statement Non Opinion) ",anger,anger
"Larry, okay, can't you just be Larry and not Larry the health inspector guy? (Statement Non Opinion) ",neutral,sadness
"Y'know I mean it was really exciting at first but now it's like, okay, so where are we gonna eat ever? (Statement Non Opinion) ",anger,sadness
"Well, I suppose I could give him a warning. (Statement Non Opinion) ",neutral,neutral
Thank you. (Greeting) ,joy,joy
Go! (Command) ,neutral,anger
Go! (Command) ,anger,anger
"Now, if after dinner you still really need to bust someone, I know a hot dog vendor who picks his nose. (Statement Non Opinion) ",disgust,disgust
"No! No! Phoebe, come on! I don't want to switch! Please come on! I can throw wet paper towels here! (Others) ",sadness,fear
No but at Monica's you can eat cookies over the sink! (Disagreement) ,joy,disgust
I know. I'm sorry. (Apology) ,sadness,sadness
All right fine! This looks like so much fun. (Statement Non Opinion) ,neutral,neutral
Yeah. (Agreement) ,neutral,neutral
"God, what a mess. (Statement Non Opinion) ",neutral,disgust
"Tell us what happened, Brown Bird Ross. (Question) ",neutral,neutral
"Well, I lost. (Answer) ",sadness,sadness
"Some little girl loaned her uniform to her nineteen year old sister, who went down to the U.S.S. (Statement Non Opinion) ",sadness,neutral
"Nimitz, and sold over 2,000 boxes. (Statement Non Opinion) ",anger,neutral
Hey! How'd the interview go? (Question) ,joy,neutral
"Oh, I blew it. I wouldn't of even hired me. (Answer) ",sadness,sadness
"Oh, come here sweetie, listen, you're gonna go on like a thousand interviews before you get a job. (Statement Opinion) ",sadness,joy
That's not how that was supposed to come out. (Disagreement) ,sadness,sadness
This is the worst Christmas ever. (Statement Opinion) ,sadness,sadness
"Y'know what Rach, maybe you should just, y'know stay here at the coffee house. (Statement Opinion) ",neutral,neutral
I can't! (Disagreement) ,anger,anger
It's too late! (Disagreement) ,anger,anger
Terry already hired that girl over there. (Statement Non Opinion) ,sadness,sadness
"Look at her, she's even got waitress experience. (Others) ",sadness,disgust
Last night she was teaching everybody how to make napkin.... swans. (Statement Non Opinion) ,sadness,neutral
That word was swans. (Statement Non Opinion) ,neutral,neutral
What do we got there? (Question) ,surprise,neutral
"A piece of something: boxer shorts, greeting cards, and what looks like a half-charred picture--Wow, that guy's hairier than the Chief! (Answer) ",surprise,joy
"You know, it's a really funny story how this happened. (Statement Non Opinion) ",joy,neutral
It's all right. (Statement Non Opinion) ,neutral,neutral
It's all right. (Statement Non Opinion) ,neutral,neutral
You don't have to explain. (Statement Non Opinion) ,neutral,neutral
This isn't the first boyfriend bonfire that we've seen get out of control. (Statement Non Opinion) ,neutral,neutral
You're our third call tonight. (Statement Non Opinion) ,neutral,neutral
Really? (Question) ,surprise,surprise
"Oh, sure, Valentine's is our busiest night of the year. (Answer) ",neutral,neutral
"I'm so sorry, you guys. I didn't mean to bring you down. (Apology) ",sadness,sadness
"No, you were right. I don't have a plan. (Agreement) ",neutral,sadness
Thank God. Food. (Greeting) ,joy,joy
Phoebe? (Question) ,neutral,neutral
What? (Answer) ,neutral,neutral
Do you have a plan? (Question) ,neutral,neutral
I don't even have a 'pl'. (Answer) ,joy,neutral
"No, no, that's not what we ordered... We ordered a fat-free crust with extra cheese. (Statement Non Opinion) ",sadness,anger
Wait! Did you say 'G.Stephanopoulos?' (Question) ,surprise,surprise
"Wait, was this a-a small mediterranean guy with curiously intelligent good looks? (Question) ",surprise,surprise
Was he wearing a stunning blue suit? (Question) ,joy,surprise
And-and a power tie? (Question) ,joy,surprise
Oh God. (Others) ,surprise,surprise
Are you nuts?! We've got George Stephanopoulos' pizza! (Statement Non Opinion) ,surprise,joy
"Uh, Pheebs? Who's George Snuffalopagus? (Question) ",neutral,neutral
Big Bird's friend. (Answer) ,neutral,neutral
I see pizza! (Statement Non Opinion) ,joy,joy
"Oh, I wanna see! Lemme see! Lemme see! (Statement Non Opinion) ",joy,joy
Hello? Who are we spying on? (Question) ,sadness,neutral
"Hey, y'know what a really good rainy day game is? (Question) ",neutral,joy
What?! (Question) ,neutral,surprise
"I mean naked game. Strip poker, we should totally play strip poker. (Answer) ",joy,joy
"No, no! (Disagreement) ",disgust,anger
What are you crazy?! (Question) ,disgust,anger
"Come on! When you go away, you-you have to play, it's like a law! (Answer) ",sadness,joy
Allll done! (Statement Non Opinion) ,neutral,neutral
"Aww, thank you. (Greeting) ",joy,joy
"Okay, who's next?! (Question) ",neutral,joy
No-o-o! No way! (Disagreement) ,disgust,anger
"Come on, please?! I'm boredddd! You let me do it once before. (Statement Non Opinion) ",neutral,sadness
"Yeah well, if ah, if that's the rule this weekend... No! (Agreement) ",joy,anger
It's beautiful! It's like the first bathroom floor there ever was. Whoa! Are you going in there for? (Question) ,surprise,joy
"What, like a number? (Question) ",neutral,neutral
Hey! (Greeting) ,joy,neutral
Hi! Bye! (Greeting) ,neutral,neutral
"Okay, I'm done with my choices, these are final. (Statement Non Opinion) ",neutral,neutral
"Well, it's about time. (Statement Non Opinion) ",anger,neutral
"Ooh, very official. (Statement Non Opinion) ",neutral,neutral
"Oh, yeah, well y'know Chandler printed it up on his computer. (Statement Non Opinion) ",neutral,neutral
And who laminated it? (Question) ,neutral,neutral
That would be me. (Answer) ,neutral,neutral
"All right let me see. Uma Thurman, Winona Ryder, Elizabeth Hurely, Michelle Pfieffer, and Dorothy Hammel? (Statement Non Opinion) ",neutral,neutral
"Hey, it's my list. (Statement Non Opinion) ",anger,neutral
"Okay honey, you do realize she only spins like that on ice. (Statement Opinion) ",neutral,neutral
"Okay, Phoebe, this Dr. Oberman. He has no strong feelings about Fonzie or any of the (Statement Non Opinion) ",neutral,neutral
Hi! And you're going into what grade? (Question) ,surprise,neutral
"Umm, I'm actually a first year resident, but I get that a lot, you see, I-I graduated early (Answer) ",joy,neutral
"Uh-huh, me too. Ross, maybe I should've specified that I'd be needing a grown up doctor. (Statement Opinion) ",joy,disgust
"Oh no, I'm fully qualified to (Statement Non Opinion) ",joy,neutral
Shh! (Backchannel) ,anger,anger
"Doogie, shh! (Others) ",anger,anger
Doesn't anybody understand that I'm gonna be having babies soon? (Question) ,surprise,sadness
Huh? (Others) ,surprise,neutral
Go! (Command) ,anger,anger
"Go little boy, go! (Command) ",anger,anger
Oh cool! You made him cry! (Statement Non Opinion) ,joy,joy
"Hey, there's uh, some people outside, askin' about candy. (Statement Non Opinion) ",neutral,neutral
"Well, they're just gonna have to wait aren't they? I've only got two hands!! (Statement Non Opinion) ",anger,anger
Need some help? (Question) ,neutral,neutral
No! You don't know the system! There'll be nobody messing with the system! (Answer) ,anger,anger
Your license please. (Others) ,neutral,neutral
You don't-you don't want to hear about my dream Officer...Pretty? (Question) ,neutral,surprise
It's Petty. I'll be right back with your ticket. (Answer) ,neutral,neutral
You have a son! (Statement Non Opinion) ,surprise,surprise
I know. I know. (Acknowledge) ,neutral,neutral
"Uh, like, could these margaritas (Question) ",neutral,neutral
"Hello, Mr. Bing. (Greeting) ",neutral,joy
Loved your Stevie Wonder last night. (Statement Non Opinion) ,joy,joy
"Thanks. Listen, about the weekly numbers, I'm gonna need them on my desk (Statement Non Opinion) ",neutral,neutral
Sure. (Agreement) ,neutral,neutral
No problem. (Statement Opinion) ,neutral,neutral
"You have to give 'em something, you know. (Statement Opinion) ",joy,neutral
"Okay, now that was Gerston, Santos, and who's the guy with the moustache? (Question) ",neutral,neutral
Petrie. (Answer) ,neutral,neutral
"Petrie, right, right. Okay, some people gonna be working (Agreement) ",neutral,neutral
....right? (Others) ,anger,neutral
Right? (Others) ,anger,neutral
"I mean it's pretty unbelievable y'know, I mean they just took off, took off without even looking back. (Statement Non Opinion) ",anger,sadness
"Y'know I don't, I don't need them, huh, I've got you guys now as friends, you and Susan. (Statement Non Opinion) ",anger,joy
"Ah, Susan will be so pleased. (Agreement) ",joy,joy
"717? Where's 717? Hey, you've have more of these for Susan right? (Question) ",surprise,surprise
"No. But it's okay, I'll just put out pickles or something. (Answer) ",neutral,neutral
"Ross, thank God. (Greeting) ",joy,joy
"Pheebs? What, why are you whispering? (Question) ",surprise,surprise
I ate a bug. (Answer) ,disgust,disgust
"Hey Rach, the tampons here are only a penny. Let's stock up. (Statement Non Opinion) ",joy,joy
"Listen Ross, we ran out of gas, and we don't know where we are, so we can't get a tow truck. (Statement Non Opinion) ",fear,sadness
"Oh, now you want a favour? (Question) ",joy,anger
"Yes, please. (Answer) ",neutral,neutral
"Well, oh, I'm sorry your car broke down Pheebs, but I'm a little too busy with some of my real friends right now, but please call to let me know you got home safely okay? (Question) ",anger,sadness
"Phoebe, hang on a second. Here, take my car, go pick up your friends. (Command) ",neutral,neutral
"No, I'm not gonna pick them up. (Disagreement) ",anger,anger
"Listen, we both know you're gonna do it 'cause you're not a jerk. (Statement Opinion) ",neutral,neutral
"So you can either sulk here for a half hour and then go pick them up, or save us both time and sulk in the car. (Statement Non Opinion) ",anger,neutral
"No, Rachel doesn't want me to.... (Disagreement) ",anger,sadness
"Look, I-I-I am sorry that Rachel dumped you 'cause she fell in love with that Mark guy, and you are the innocent victim in all of this, but don't punish your friends for what Rachel did to you. (Statement Opinion) ",neutral,sadness
"Yeah, you're right. (Agreement) ",neutral,neutral
"God, I feel so guilty about Ross. (Apology) ",sadness,sadness
"Oh, I know. (Agreement) ",sadness,neutral
I kinda feel like it's my fault. (Statement Non Opinion) ,sadness,sadness
Kind of? If you just kept this to yourself none of this would've happened. (Statement Non Opinion) ,anger,anger
"Well, I'm keeping so many things to myself these days, something was bound to slip out! (Statement Non Opinion) ",anger,anger
"Well, I think it's very brave what you said. (Statement Non Opinion) ",anger,neutral
"All right, I can't sit here anymore. I have to walk places. (Statement Non Opinion) ",neutral,neutral
"Pheebs, what are you doing with the coat? How about the whole animal rights thing? (Question) ",anger,surprise
"Well, I've been reading up and for your information, minks are not very nice. (Answer) ",anger,neutral
"Okay, I admit it! (Acknowledge) ",anger,neutral
I love this coat! (Statement Non Opinion) ,joy,joy
"Okay, I--it's the best thing I've ever had wrapped around me, including Phil Huntley! (Statement Opinion) ",joy,joy
Remember Phil Huntley? (Question) ,neutral,neutral
He was fine! (Answer) ,joy,joy
So your dad dropped by. He's a pleasant man! (Statement Non Opinion) ,joy,neutral
Oh no (Backchannel) ,fear,sadness
I'd better go. (She goes and sits down in the (Statement Opinion) ,neutral,neutral
"Ross I'm so sorry. Okay. I-I will promise I will straighten this out with him tomorrow in person, or via e-mail. (Apology) ",sadness,sadness
I don't care about your dad! I care about Mona! She was there and now she's totally freaked out! (Statement Non Opinion) ,anger,anger
"Oh okay, I'll fix that to. What's her e-mail address? (Question) ",neutral,neutral
Rachel! (Others) ,anger,anger
"All right, I promise. I'll fix this. I swear. I'll-I'll-I'll-I'll talk to her. (Statement Non Opinion) ",fear,neutral
Okay! (Agreement) ,anger,joy
Okay. (Agreement) ,neutral,neutral
Thank you! (Others) ,anger,joy
That's it?! (Others) ,anger,surprise
You call that a fight? (Question) ,surprise,surprise
Come on! (Statement Non Opinion) ,anger,anger
"""We were on a break!"" (Statement Non Opinion) ",anger,anger
"""No we weren't!"" (Statement Non Opinion) ",anger,anger
What happened to you two? (Question) ,surprise,surprise
"Hi, could we get two burritos to go, please? (Question) ",neutral,neutral
I'm sorry. (Apology) ,neutral,sadness
"But not that sorry, 'cause you don't have to live with it. (Statement Non Opinion) ",neutral,neutral
"Um, we have a reservation under the name Chandler Bing. (Statement Non Opinion) ",neutral,neutral
"Oh-kay, we'll have a table for you in about 45 minutes. (Acknowledge) ",neutral,neutral
Forty-five minutes? We have tickets to the (Statement Non Opinion) ,surprise,anger
"I'm sorry. Christmas is a very busy time, sir. (Apology) ",neutral,sadness
Is this because of the burrito thing? (Question) ,sadness,anger
You need to give him money. (Answer) ,neutral,neutral
Give him money? It was a joke! (Question) ,surprise,anger
"No, to get a table! Places like this are always shakin' you down. Everybody wants to be paid off. (Answer) ",anger,anger
"Right, calm down, O'Mally. I'll slip him some money. (Statement Non Opinion) ",neutral,neutral
You've got to be smooth about it. (Statement Opinion) ,neutral,neutral
"Hey, I can be smooth. (Statement Non Opinion) ",neutral,neutral
"Listen, we're a little bit in a hurry, so, if you can get us a table a little quicker, I'd appreciate it. (Command) ",neutral,neutral
"Of course, sir. (Agreement) ",neutral,joy
Okay. (Agreement) ,neutral,neutral
I'd better get back to my desk. (Statement Non Opinion) ,neutral,neutral
"Okay, you hard worker! I'll remember to put that in your evaluation. (Statement Opinion) ",joy,joy
My what? (Question) ,surprise,surprise
"Well, you've been here for two months now and your boss is required to hand in a performance evaluation. (Answer) ",neutral,neutral
"But y'know, there is one thing that I have yet to evaluate. (Statement Non Opinion) ",neutral,neutral
Are you serious? (Question) ,surprise,surprise
"No, I've just always wanted to do that. Can you help me clean this up? (Answer) ",neutral,neutral
I can blow dry it. (Statement Non Opinion) ,neutral,neutral
I can put gel on it. (Statement Non Opinion) ,neutral,neutral
"It doesn't matter, I still wind up with this little cowlicky thing on the middle part of my head. (Statement Non Opinion) ",neutral,sadness
It's so annoying. (Statement Non Opinion) ,disgust,anger
Does it bug you? (Question) ,sadness,neutral
You bug me. (Answer) ,disgust,anger
Is there any chance you didn't see that? (Question) ,neutral,neutral
"Hey Joey, what 'cha doing? (Question) ",neutral,neutral
Sweepin'. Why? Turn you on? (Answer) ,neutral,joy
No. (Disagreement) ,neutral,neutral
Huh. What if I was sweeping a chimney? (Question) ,joy,surprise
"Joey, did (Answer) ",neutral,neutral
Where are you going? The vicar won't be home for hours. (Question) ,joy,neutral
"Joey, where did you learn that word? (Question) ",surprise,surprise
"Where do you think, Zelda? (Question) ",neutral,neutral
You found my book?! (Question) ,anger,surprise
Yeah I did! (Answer) ,joy,joy
"Joey, what-what are you doing going into my bedroom?! (Question) ",anger,anger
"Okay, look I'm sorry, I went in there to take a nap and I know I shouldn't have, but you got porn! (Answer) ",surprise,sadness
"Hey-hey, y'know what? (Question) ",anger,neutral
There's nothing wrong with a woman enjoying a little...erotica. (Statement Non Opinion) ,neutral,neutral
"It's just a healthy expression of female sexuality, which by the way, you will never understand. (Statement Non Opinion) ",anger,neutral
You got porn! (Statement Non Opinion) ,joy,joy
"Well, I feel like a snack! (Statement Opinion) ",joy,joy
Do you want some shortbread? Eh that's Scottish like you are. (Question) ,neutral,joy
Oh no thanks. I don't like (Answer) ,neutral,neutral
What?! (Question) ,surprise,surprise
"Well it's just my entire family was run out of Scotland by...Vikings. Anyway, lots of bad memories. (Answer) ",sadness,sadness
"Oh well, it sounds to me like your family is ready to uh, rediscover its Scottish roots. (Statement Non Opinion) ",neutral,neutral
You can not play bagpipes at the wedding!! (Others) ,anger,anger
How did you know about that?! (Question) ,surprise,surprise
Hi! (Greeting) ,joy,joy
Hi! (Greeting) ,joy,joy
Come in. (Command) ,neutral,neutral
"Thanks for comin' back, umm, okay there have been a lot of people interested in the room, but I have narrowed it down and (Statement Opinion) ",neutral,neutral
Great! (Agreement) ,joy,joy
"Okay now, before I make my final decision I uh, I just want to make sure our personalities match. (Statement Opinion) ",neutral,neutral
"Okay, so I made up a little test. (Statement Non Opinion) ",neutral,neutral
"Now, I'm gonna say a word and then you say the first thing that comes to mind. (Command) ",neutral,neutral
I can do that. (Statement Non Opinion) ,neutral,neutral
Okay! Here we go. Pillow. (Question) ,neutral,neutral
Fight. (Answer) ,neutral,neutral
Very good! Okay. G. (Question) ,joy,neutral
String? (Answer) ,neutral,neutral
"Excellent! Okay umm, doggy. (Question) ",joy,neutral
Kitten? (Answer) ,neutral,neutral
"Ooh, sorry! No-no-no, so close though, but--bye-bye! (Disagreement) ",sadness,anger
"Dad, please don't pick your teeth out here! (Command) ",disgust,disgust
"Alright, and if you're gonna put your feet up, why don't you sit on the- (Statement Non Opinion) ",disgust,neutral
"Monica, leave him alone (Command) ",anger,anger
Will you hurry up? (Question) ,sadness,anger
Did you not hear me before when I told you that all of Janine's friends are dancers?! (Question) ,surprise,surprise
And that they're going to be drinking alot! (Statement Opinion) ,anger,joy
"No, I did, but tell me again, because it's so romantic. (Answer) ",neutral,joy
Well you're whippin' so slow! Can't you do it any faster? (Question) ,anger,anger
Joey! (Others) ,anger,anger
Come on! (Statement Non Opinion) ,anger,neutral
"I don't wanna make any mistakes, alright? (Question) ",anger,fear
"This is the only dessert and if I screw it up everybody's gonna be like “Oh, remember that Thanksgiving when Rachel screwed up the trifle?” (Statement Opinion) ",fear,fear
"So why don't you just let me worry about making the trifle and you just worry about eating it, alright? (Question) ",neutral,anger
Oh I am! (Answer) ,joy,joy
"Ross, if you don't tell them, then I will! (Statement Non Opinion) ",anger,anger
"Okay, fine! (Agreement) ",anger,neutral
Ross! Can I talk to you for a second? (Question) ,neutral,neutral
"Oh, uh, can it wait a second Joey? I have to tell my parents something. No it can't? Okay. (Answer) ",neutral,neutral
You are so cute! How did you get to be so cute? (Question) ,joy,joy
"Well, my Grandfather was Swedish and my Grandmother was actually a tiny little bunny. (Answer) ",joy,joy
"Okay, now you're even cuter!! (Statement Opinion) ",joy,joy
Y'know that is a popular opinion today I must say. (Statement Non Opinion) ,neutral,neutral
What? (Question) ,surprise,surprise
"The weirdest thing happened at the coffee house, I think, I think Phoebe was hitting on me. (Answer) ",surprise,surprise
What are you talking about? (Question) ,surprise,surprise
I'm telling you I think Phoebe thinks I'm foxy. (Answer) ,joy,neutral
That's not possible! (Disagreement) ,joy,anger
Ow! (Others) ,surprise,neutral
"I'm sorry it's just, Phoebe just always thought you were, you were charming in a, in a sexless kind of way. (Apology) ",joy,sadness
"Oh, y'know I-I can't hear that enough. (Statement Non Opinion) ",anger,neutral
"I'm sorry, I think that you just misunderstood her. (Apology) ",sadness,sadness
"No, I didn't misunderstand, okay? She was all over me! She touched my bicep for crying out loud! (Disagreement) ",anger,anger
This bicep? (Question) ,surprise,surprise
Well it's not flexed right now! (Answer) ,anger,anger
It's Phoebe. (Statement Non Opinion) ,neutral,neutral
"Umm, well I sorta have some bad news, can I come in? (Question) ",sadness,sadness
"Umm, well, umm Grandma died. (Statement Non Opinion) ",sadness,sadness
"No, she just died today! Okay, umm, we're having a memorial service tomorrow. (Statement Non Opinion) ",sadness,sadness
No you didn't! (Statement Non Opinion) ,joy,anger
"Well, lots of people! Look, are you coming to memorial service or not? (Question) ",anger,anger
"Fine. Okay, enjoy your concert. (Statement Non Opinion) ",disgust,anger
"anyway, his name is Allan and we've been going out for three years. (Statement Non Opinion) ",neutral,neutral
He was my first client when I became a party planner. (Acknowledge) ,neutral,neutral
He was planning a party for his girlfriend at the time. (Statement Non Opinion) ,neutral,neutral
Oh well. (Others) ,neutral,sadness
And he was Theta Beta Pi at Syracuse. (Statement Non Opinion) ,neutral,neutral
"Oh. Oh, that's great! (Agreement) ",joy,joy
Really? Like how? (Question) ,surprise,surprise
"Well y'know, we would umm, repeat everything the other said, or uh, we'd jump out of closets to scare each other, or switch the sugar for the salt so they'd put salt on their cereal. (Answer) ",neutral,joy
That's a good one. (Agreement) ,joy,joy
Yeah? You like that one? (Question) ,surprise,joy
"Yeah, you're funny. (Answer) ",joy,joy
I'm funny? (Question) ,surprise,surprise
Oh thank God! (Others) ,joy,joy
"Well hey, I've got a ton of these! (Statement Non Opinion) ",joy,neutral
"Umm, oh here--Do you want a good one? (Question) ",neutral,neutral
"Umm, you uh, you take a quarter, take a quarter and, and you blacken the edge. (Answer) ",neutral,neutral
Right? (Question) ,neutral,neutral
"And then you say to person, I bet you can't roll this quarter from your forehead to your chin without it leaving your face. (Answer) ",neutral,neutral
"And then when they do it, they're left with a big black pencil line right down the center of their face. (Statement Non Opinion) ",neutral,joy
Can I do it to you? (Question) ,neutral,neutral
"Yeah, I-I-I-I'm funny Ben, but I'm not stupid. Okay? (Answer) ",joy,joy
Chloe? Hi.. (Greeting) ,neutral,neutral
Is this about me taking your watch? (Question) ,sadness,neutral
You took my watch? (Question) ,surprise,surprise
"I'm sorry, I do that. (Answer) ",sadness,sadness
"Just you keep it, listen did you, did you tell anyone about us? (Question) ",sadness,fear
"Oh no. I feel it isn't really anybody's business, y'know. (Answer) ",neutral,neutral
"Oh, one other thing. Hoshi thinks that you being ringside may have affected my concentration. (Statement Opinion) ",neutral,neutral
Yeah. That-that was the problem. (Agreement) ,neutral,neutral
"Excuse me, Doug? Hey there sports fan!! (Others) ",joy,joy
Bing! You got those numbers for me? (Question) ,joy,neutral
So you still in touch with anyone from high school? (Question) ,neutral,neutral
"Umm. Well, there's Rachel, and umm, I think that's it. How bout you? (Question) ",neutral,neutral
"Oh yeah, I still hang with Simmons and Zana, y'know. (Answer) ",neutral,joy
I see Spindler a lot. (Statement Non Opinion) ,neutral,neutral
"Devane, Kelly, and I run into Goldie from time to time. (Statement Non Opinion) ",neutral,neutral
"Stick, Brown, Sulkov, McGuire, J.T., Beardsley. (Statement Non Opinion) ",neutral,neutral
Is that all? (Question) ,neutral,neutral
"Ehh, y'know after high school, you just kinda lose touch. Oh yeah! I ran into Richard Dorfman. (Answer) ",joy,neutral
"Ohh, how is he? (Question) ",surprise,neutral
"Not so good, Simmons and I gave him a wedgie. (Answer) ",neutral,joy
Isn't he an architect now? (Question) ,neutral,neutral
"Yeah, they still wear underwear. (Answer) ",neutral,joy
So the Porsche guy took his car back. (Acknowledge) ,neutral,neutral
But you found the keys to his clothes? (Question) ,neutral,surprise
"No. No, I just uh, I just loved the way it feels when everybody thinks I own a Porsche. (Answer) ",joy,joy
And people will think you own a Porsche because you're wearing the clothes? (Statement Opinion) ,surprise,disgust
"Hey, Mon, I was just doing the dishes! (Statement Non Opinion) ",neutral,neutral
Hey! (Greeting) ,joy,joy
Oh! It's you. Hi. (Greeting) ,surprise,surprise
What about me?! You-you just said I could! (Statement Non Opinion) ,anger,anger
"I'm not even getting married! Okay, this is a question for science fiction writers! (Statement Non Opinion) ",neutral,neutral
I can't believe you're not picking me. (Statement Non Opinion) ,anger,sadness
"Hey, how can it (Question) ",neutral,neutral
I'm not even... I'm not even (Statement Non Opinion) ,neutral,neutral
"Fine, y'know what, that's it. From now on, Joey, I want you to be my best man. (Statement Non Opinion) ",anger,joy
Yes! Shame about you man. (Statement Non Opinion) ,joy,joy
Hey-hey! Stanley! Hey-hey! You're leading man is here! Let's get to work. (Statement Non Opinion) ,joy,joy
"Umm, slight change of plans. We've shut down. (Statement Non Opinion) ",sadness,neutral
Wh-what?! Why?! (Question) ,surprise,surprise
"It's a money thing, we don't have any. (Answer) ",sadness,neutral
You're kidding right? (Question) ,surprise,surprise
No. (Answer) ,neutral,neutral
What?! (Question) ,surprise,surprise
"It-it's probably just temporary. We're hoping to get some more money soon, so if could just uh, hang out. (Answer) ",neutral,neutral
"Uh, hang out?! How long? (Question) ",sadness,anger
I don't know. (Answer) ,neutral,neutral
A week? (Statement Non Opinion) ,anger,neutral
Maybe two? (Statement Non Opinion) ,neutral,neutral
The money will turn up! (Statement Non Opinion) ,neutral,neutral
People will always wanna invest in movies! (Statement Non Opinion) ,neutral,neutral
"Hey, you're not rich are ya? (Question) ",neutral,neutral
No! (Answer) ,anger,neutral
"Eh, worth a shot. Look Joey, let me know where you're staying, okay? (Statement Non Opinion) ",neutral,neutral
"Hey pal, are you Joey Tribbiani? (Question) ",neutral,neutral
Yeah. (Answer) ,neutral,neutral
These got left for ya. (Statement Non Opinion) ,neutral,neutral
Thanks. Congratulations on your big break. (Greeting) ,sadness,neutral
"Rachel, do you have any muffins left? (Question) ",neutral,neutral
"Yeah, I forget which ones. (Answer) ",neutral,neutral
"Oh, you're busy, that's ok, I'll get it. Anybody else want one? (Question) ",neutral,neutral
Hey. (Greeting) ,neutral,neutral
Hey! (Greeting) ,joy,joy
So how was Joan? (Question) ,neutral,neutral
I broke up with her. (Answer) ,neutral,sadness
"Don't tell me, because of the big nostril thing? (Question) ",surprise,surprise
"They were huge. When she sneezed, bats flew out of them. (Answer) ",disgust,disgust
"Come on, they were not that huge. (Disagreement) ",neutral,neutral
"I'm tellin' you, she leaned back; I could see her brain. (Disagreement) ",disgust,disgust
How many perfectly fine women are you gonna reject over the most superficial insignificant things? (Question) ,surprise,anger
"Hold it, hold it. (Others) ",neutral,neutral
I gotta side with Chandler on this one. (Agreement) ,neutral,neutral
"When I first moved to the city, I went out a couple of times with this girl, really hot, great kisser, but she had the biggest Adam's apple. (Statement Opinion) ",disgust,neutral
It made me nuts. (Statement Opinion) ,disgust,anger
You or me? (Question) ,neutral,neutral
"I got it. Uh, Joey, women don't have Adam's apples. (Statement Non Opinion) ",neutral,neutral
"You guys are messing with me, right? (Question) ",surprise,surprise
Yeah. (Answer) ,neutral,joy
"That was a good one. For a second there, I was like, ""whoa."" (Statement Non Opinion) ",joy,joy
