Utterance,Original_Labels,DeepSeek
also I was the point person on my company's transition from the KL-5 to GR-6 system. (neutral),Statement Non Opinion,Statement Non Opinion
You must've had your hands full. (neutral),Statement Opinion,Statement Opinion
That I did. That I did. (neutral),Agreement,Agreement
So let's talk a little bit about your duties. (neutral),Statement Non Opinion,Command
My duties? All right. (surprise),Agreement,Statement Non Opinion
"Now you'll be heading a whole division, so you'll have a lot of duties. (neutral)",Statement Non Opinion,Statement Non Opinion
I see. (neutral),Agreement,Acknowledge
But there'll be perhaps 30 people under you so you can dump a certain amount on them. (neutral),Statement Opinion,Statement Non Opinion
Good to know. (neutral),Statement Non Opinion,Acknowledge
We can go into detail (neutral),Statement Opinion,Statement Non Opinion
No don't I beg of you! (fear),Disagreement,Command
"All right then, we'll have a definite answer for you on Monday, but I think I can say with some confidence, you'll fit in well here. (neutral)",Statement Opinion,Statement Non Opinion
Really?! (surprise),Question,Question
Absolutely. You can relax (neutral),Answer,Agreement
But then who? The waitress I went out with last month? (surprise),Question,Question
You know? Forget it! (sadness),Statement Opinion,Statement Non Opinion
"No-no-no-no, no! Who, who were you talking about? (surprise)",Question,Question
"No, I-I-I-I don't, I actually don't know (fear)",Answer,Answer
Ok! (neutral),Backchannel,Acknowledge
"All right, well... (neutral)",Others,Backchannel
"Yeah, sure! (neutral)",Backchannel,Agreement
"Hey, Mon. (neutral)",Greeting,Greeting
Hey-hey-hey. You wanna hear something that sucks. (neutral),Question,Statement Non Opinion
Do I ever. (joy),Others,Agreement
Chris says they're closing down the bar. (sadness),Statement Non Opinion,Statement Non Opinion
No way! (surprise),Disagreement,Others
"Yeah, apparently they're turning it into some kinda coffee place. (neutral)",Statement Non Opinion,Statement Non Opinion
Just coffee! Where are we gonna hang out now? (disgust),Question,Disagreement
Got me. (sadness),Others,Acknowledge
Can I get a beer. (neutral),Question,Command
"Hey, did you pick a roommate? (neutral)",Question,Question
You betcha! (joy),Others,Agreement
Is it the Italian guy? (neutral),Question,Question
"Um-mm, yeah right! (joy)",Answer,Agreement
"Oh my God, oh my God! Poor Monica! (surprise)",Statement Non Opinion,Statement Opinion
"What, what, what?! (surprise)",Question,Question
What?! (surprise),Question,Question
He was with her when he wrote this poem. (neutral),Statement Non Opinion,Statement Non Opinion
"Look, 'My vessel so empty with nothing inside. (neutral)",Statement Non Opinion,Statement Non Opinion
"Now that I've touched you, you seem emptier still.' (neutral)",Statement Non Opinion,Statement Non Opinion
"He thinks Monica is empty, she is the empty vase! (surprise)",Statement Opinion,Statement Opinion
"Oh, totally. Oh, God, oh, she seemed so happy too. (sadness)",Statement Opinion,Statement Opinion
Done. (neutral),Agreement,Acknowledge
Hey! (surprise),Greeting,Greeting
Hi! (joy),Greeting,Greeting
What are you doing here? (surprise),Question,Question
"Ah y'know, this building is on my paper route so I... (neutral)",Statement Non Opinion,Statement Non Opinion
Oh. (neutral),Backchannel,Backchannel
Hi. (neutral),Greeting,Greeting
Hi. (neutral),Greeting,Greeting
How'd did it go? (neutral),Question,Question
"Oh well, the woman I interviewed with was pretty tough, but y'know thank God Mark coached me, because once I started talking about the fall line, she got all happy and wouldn't shut up. (joy)",Statement Non Opinion,Statement Opinion
I'm so proud of you. (joy),Apology,Statement Opinion
Me too! (joy),Agreement,Agreement
"Listen, I'm ah, I'm sorry I've been so crazy and jealous and, it's just that I like you a lot, so... (sadness)",Apology,Apology
I know. (neutral),Agreement,Acknowledge
Yeah. (neutral),Backchannel,Backchannel
Yeah. (neutral),Backchannel,Backchannel
Ameri-can. (neutral),Others,Statement Non Opinion
Ameri-ccan. (neutral),Others,Statement Non Opinion
Ameri-can. Y'know it's a (neutral),Statement Non Opinion,Statement Non Opinion
Everybody!! (surprise),Others,Command
Good job Joe! Well done! Top notch! (joy),Apology,Agreement
You liked it? You really liked it? (surprise),Question,Question
"Oh-ho-ho, yeah! (joy)",Answer,Agreement
Which part exactly? (neutral),Question,Question
The whole thing! Can we go? (neutral),Answer,Statement Non Opinion
"Oh no-no-no, give me some specifics. (anger)",Command,Command
"I love the specifics, the specifics were the best part! (joy)",Statement Opinion,Statement Opinion
"Hey, what about the scene with the kangaroo? Did-did you like that part? (neutral)",Question,Question
I was surprised to see a kangaroo in a World War I epic. (surprise),Answer,Statement Opinion
You fell asleep!! (anger),Statement Non Opinion,Statement Non Opinion
There was no kangaroo! (anger),Statement Non Opinion,Statement Non Opinion
They didn't take any of my suggestions! (anger),Statement Non Opinion,Statement Opinion
That's for coming buddy. (neutral),Statement Opinion,Acknowledge
I'll see you later. (neutral),Statement Non Opinion,Statement Non Opinion
Don't go! (sadness),Command,Command
I'm sorry. (sadness),Apology,Apology
I'm so sorry! (sadness),Apology,Apology
Look! (surprise),Command,Command
This guy fell asleep! (anger),Statement Non Opinion,Statement Non Opinion
He fell asleep too! (anger),Statement Non Opinion,Statement Non Opinion
Be mad at him! (anger),Statement Opinion,Command
"Or, call an ambulance. (anger)",Statement Opinion,Command
"Okay, look, I think we have to tell Rachel she messed up her dessert. (neutral)",Statement Opinion,Statement Opinion
"What?! What is with everybody? It's Thanksgiving, not...Truth-Day! (anger)",Question,Disagreement
"Yes, and it is my dying wish to have that ring. (neutral)",Statement Opinion,Statement Non Opinion
"See, if I'm not buried with that ring then my spirit is going to wander the nether world for all eternity (neutral)",Statement Opinion,Statement Non Opinion
"Okay, that's enough honey! (neutral)",Statement Non Opinion,Command
I don't know. Let me see the ring. (neutral),Statement Non Opinion,Question
"Great! Okay, here. (joy)",Agreement,Agreement
All right. (neutral),Others,Acknowledge
Thank you. Thank you. Thank you! And (joy),Acknowledge,Acknowledge
What've you been up to? (neutral),Question,Question
"Oh, you know, the usual, teaching aerobics, partying way too much. (neutral)",Answer,Statement Non Opinion
"Oh, and in case you were wondering, those are my legs on the new James Bond poster. (neutral)",Statement Non Opinion,Statement Non Opinion
Can you hold on a moment? I have another call. I love her. (joy),Statement Non Opinion,Statement Opinion
I know. (neutral),Agreement,Acknowledge
I'm back. (neutral),Statement Non Opinion,Statement Non Opinion
"So, are we gonna get together or what? (neutral)",Question,Question
"Um, absolutely. Uh, how 'bout tomorrow afternoon? Do you know uh, Central Perk in the Village, say, five-ish? (neutral)",Answer,Question
"Great, I'll see you then. (neutral)",Agreement,Agreement
Ok. Ok. Having a phone has finally paid off. (joy),Statement Non Opinion,Statement Opinion
"Even though you do do a good Bob impression, I'm thinkin' when she sees you tomorow, she's probably gonna realize, ""Hey, you're not Bob."" (neutral)",Statement Opinion,Statement Opinion
"I'm hoping that when Bob doesn't show up, she will seek comfort in the open arms of the wry stranger at the next table. (neutral)",Statement Opinion,Statement Opinion
Oh my god. You are pure evil. (disgust),Statement Opinion,Disagreement
"Ok, pure evil , horny and alone . I've done this (anger)",Statement Non Opinion,Statement Opinion
Nobody! (anger),Others,Statement Non Opinion
Nobody respects the bucket! (anger),Statement Opinion,Statement Non Opinion
You wouldn't believe what people put in here! (anger),Statement Non Opinion,Statement Opinion
Look! (anger),Command,Command
"Okay, does this look like a garbage can to you? (anger)",Question,Question
No. (neutral),Answer,Answer
This is my wedding. (neutral),Statement Non Opinion,Statement Non Opinion
"All right, y'know what? We really are late! Let's go! Let's go! Let's go!! (anger)",Statement Non Opinion,Command
Fine. You'll-you'll watch it on video when we get back. (neutral),Statement Non Opinion,Statement Non Opinion
Here you go Phoebe! Here you go Phobo! Phewbedo! Phaybobo. (joy),Statement Non Opinion,Statement Opinion
Thank you. (neutral),Greeting,Acknowledge
Thank you. (neutral),Greeting,Acknowledge
"All right, let's go! Bye, Pheebs! (joy)",Greeting,Command
"Bye, Pheebs! (joy)",Greeting,Acknowledge
London baby!! (joy),Others,Statement Opinion
"Oh, do you need a hug? You don't have to bring me anything! (joy)",Statement Opinion,Question
Hey! (neutral),Greeting,Greeting
Hey! So Estelle lined up a bunch of auditions for me tomorrow and I'll have my health insurance back in no time. (joy),Statement Non Opinion,Statement Opinion
"That's great, but shouldn't you be on the toilet right now? (disgust)",Question,Disagreement
What?! (surprise),Question,Question
What's wrong with you? (disgust),Question,Question
Nothing! (neutral),Answer,Statement Non Opinion
"Well, I-I got this blinding pain in my stomach when I was lifting weights before, then I uh passed out and uh, haven't been able to stand up since. (fear)",Statement Non Opinion,Statement Opinion
"But um, I don't think it's anything serious. (neutral)",Statement Opinion,Statement Opinion
This sounds like a hernia. You have to--you-you go to the doctor! (surprise),Statement Opinion,Command
"No way! 'Kay look, if I have to go to the doctor for anything it's gonna be for this thing sticking out of my stomach! (fear)",Disagreement,Disagreement
That's a hernia. (disgust),Statement Non Opinion,Statement Non Opinion
Why did I have to start working out again? Damn you 15s! (anger),Question,Statement Opinion
I love your place! Where is this guy from? (joy),Question,Statement Opinion
Uh that's an eighteenth century Indian artifact from Calcutta. (neutral),Answer,Answer
"Oh wow! So, you're more than just dinosaurs. (surprise)",Statement Opinion,Statement Opinion
So much more. (neutral),Agreement,Statement Non Opinion
"Well, well to sum up, we're having fun, you look young. (neutral)",Statement Non Opinion,Statement Opinion
Okay (neutral),Agreement,Acknowledge
But that's not enough. So... So...here's a key to my apartment. (neutral),Statement Non Opinion,Statement Non Opinion
Really?! (surprise),Question,Question
Really. (neutral),Answer,Answer
You don't think this is too fast. (neutral),Statement Opinion,Question
Get Out! (anger),Command,Command
"Ross, can I talk to you for a minute? (neutral)",Question,Question
"Yes, please! So, what's going on? (neutral)",Answer,Answer
"Uh, well... Joey and I broke up. (sadness)",Statement Non Opinion,Statement Non Opinion
"Oh my God, wh-what happened? (surprise)",Question,Question
"Joey is a great guy, but we're just... so different! I mean, during your speech he kept laughing at homo erectus! (sadness)",Answer,Statement Non Opinion
I knew that was him! (anger),Statement Opinion,Statement Opinion
"Anyway I just, uh, I think it's for the best. (sadness)",Statement Opinion,Statement Opinion
"Hey, you ok? (neutral)",Question,Question
I guess. (sadness),Answer,Acknowledge
There was hum... there was another reason that I thought it was time to end it with Joey. (neutral),Statement Non Opinion,Statement Non Opinion
I started to realize that I was having feelings for someone else. (neutral),Statement Opinion,Statement Non Opinion
"Ok Geller. Last day of the conference, you know what happens to the keynote speaker. (neutral)",Statement Non Opinion,Statement Non Opinion
"Oh, professor Clerk we're kind of in the middle of a conversation, here. (neutral)",Statement Non Opinion,Statement Non Opinion
"Yeah, can you guys just throw him in the pool later? (neutral)",Question,Question
Or we could throw you both in (joy),Statement Opinion,Statement Opinion
"Ok, gentlemen! (anger)",Others,Command
Please! (anger),Others,Command
Aren't we a little old for this? (anger),Statement Opinion,Question
"I mean, we're scientists, right? (neutral)",Statement Opinion,Statement Non Opinion
We're academics. (anger),Statement Non Opinion,Statement Non Opinion
And most importantly I... you-you will have to catch us first. (joy),Statement Non Opinion,Statement Opinion
"GO, GO, GO! (joy)",Command,Command
"Go, go, go! (joy)",Command,Command
"Oh yeah, now everybody wants to be under this hat! (joy)",Statement Opinion,Statement Opinion
Oy!! (disgust),Others,Acknowledge
What's with all this sand? (surprise),Question,Question
"Oh, yeah, Bob said there might be flood damage. (neutral)",Statement Non Opinion,Statement Non Opinion
"Yeah, either that, or he has a really big cat. (neutral)",Statement Opinion,Statement Opinion
"Okay, see that blind guy right there? I'm gonna bash his head in later. (anger)",Statement Non Opinion,Statement Non Opinion
"Oh umm, my big scene is coming up. Big scene coming up. (joy)",Statement Non Opinion,Statement Non Opinion
"If you said, ""Big lima bean, bubbling up."" Would she understand the difference? (neutral)",Question,Question
Rach? What are you doing? (neutral),Question,Question
"Oh boy, I just can't watch. It's too scary! (fear)",Statement Opinion,Statement Opinion
It's a diaper commercial. (neutral),Statement Non Opinion,Statement Non Opinion
"Oh yeah well, you know me, babies, responsibilities, ahhh!!! (fear)",Statement Non Opinion,Statement Opinion
Pizza delivery! (joy),Others,Statement Non Opinion
I'll get it! I will get that! (joy),Statement Non Opinion,Statement Non Opinion
Hi! (joy),Greeting,Greeting
Hi! (joy),Greeting,Greeting
"Hey, you wanna get something to eat or uh, do you wanna see how long we can throw this ball back and forth? Huh? (neutral)",Question,Question
"Uhh, the ball thing. (neutral)",Answer,Statement Non Opinion
Yeah? (neutral),Backchannel,Backchannel
"Hey Ross, wouldn't it be great if we could go two straight hours without dropping it?! (joy)",Question,Statement Opinion
"Uhh, (neutral)",Answer,Backchannel
Okay! (joy),Agreement,Agreement
Uh-oh. (fear),Backchannel,Acknowledge
What? (neutral),Question,Question
I have to pee. And Rachel's in the bathroom! (sadness),Answer,Statement Non Opinion
"Man, I didn't think we were gonna make it! (surprise)",Statement Opinion,Statement Opinion
"I know! Don't switch hands, okay? (fear)",Statement Opinion,Command
Hey. (neutral),Greeting,Greeting
Hey! (neutral),Greeting,Greeting
How did it go with Erin? (neutral),Question,Question
"Oh, unbelievable! We had the best time! (joy)",Statement Non Opinion,Statement Opinion
"Yay!! Oh so, you're not, you're not mad at us anymore? (joy)",Question,Question
No! (joy),Answer,Answer
No! (joy),Answer,Answer
No! (joy),Answer,Answer
You guys were totally right! (joy),Statement Opinion,Agreement
This is so much better than the first time we went out. (joy),Statement Opinion,Statement Opinion
Y'know? (neutral),Others,Backchannel
"That was so awkward, we were really nervous. (neutral)",Statement Opinion,Statement Non Opinion
Didn't you sleep together? (neutral),Question,Question
"Yeah, that really calms me down. (neutral)",Answer,Statement Non Opinion
And! (joy),Backchannel,Backchannel
We have so much in common! (joy),Statement Non Opinion,Statement Opinion
"She loves sandwiches, sports, although she is a Met fan, not much of an issue now but if we were ever to have kids, well that's a (joy)",Statement Non Opinion,Statement Opinion
"Oh my God! Listen to you talkin' about having kids. Oh my Joey. Oh, please don't get married before I do. (surprise)",Statement Opinion,Statement Opinion
Okay. (neutral),Agreement,Acknowledge
How does she do that? (surprise),Question,Question
I cannot sleep in a public place. (neutral),Statement Opinion,Statement Non Opinion
Would you look at her? She is so peaceful. (joy),Question,Statement Opinion
Oh! What what what! ...Hi. (surprise),Greeting,Greeting
"It's okay, y'know, you just nodded off again. (neutral)",Statement Non Opinion,Acknowledge
What's going on with you? (surprise),Question,Question
I got no sleep last night! (anger),Answer,Statement Non Opinion
Why? (neutral),Question,Question
"My grandmother has this new boyfriend, and they're both kind of insecure in bed. (disgust)",Answer,Statement Non Opinion
"Oh, and deaf. (neutral)",Others,Statement Non Opinion
"So they're constantly, like, having to reassure each other that they're having a good time. (neutral)",Statement Non Opinion,Statement Non Opinion
You have no idea how loud they are! (disgust),Statement Non Opinion,Statement Opinion
"Well, if you want, you can stay with Rachel and me tonight. (neutral)",Statement Opinion,Statement Non Opinion
Thanks. (joy),Greeting,Acknowledge
Ew! What is that? Something exploded! (disgust),Question,Question
"It's just her water breaking. Calm down, will you? (neutral)",Answer,Statement Non Opinion
"Water breaking, what do you mean? What's that, water breaking? (surprise)",Question,Question
"Breathe, breathe, breathe. (neutral)",Others,Command
"Are you insane? I mean Joey, is going to kill you, he's actually going to kill you dead. (surprise)",Statement Opinion,Question
Okay! You don't think I thought of that? (anger),Statement Non Opinion,Statement Opinion
How can you not know which one? (surprise),Question,Question
I mean that's unbelievable. (joy),Statement Opinion,Statement Opinion
"I mean, was it Gina? (neutral)",Question,Question
Which one is Gina? (neutral),Question,Question
"Dark, big hair, with the airplane earrings. (neutral)",Answer,Statement Non Opinion
"No, no, no, that's Dina. (neutral)",Statement Non Opinion,Statement Non Opinion
"You see you can't tell which one is which either, dwha!! (surprise)",Agreement,Statement Opinion
"I don't know, you thought 'See you Saturday' was funny. (neutral)",Statement Non Opinion,Statement Non Opinion
"Look honey, Mark is in fashion okay, I like having a friend that I can share this stuff with. (neutral)",Statement Opinion,Statement Opinion
You guys would never want to go to a lecture with me. (neutral),Statement Non Opinion,Statement Non Opinion
Pa-haa!! I would love to go with you. (joy),Statement Opinion,Agreement
Really!? (surprise),Question,Question
"Yeah, hey I-I have clothes, I even pick them out. (neutral)",Answer,Statement Non Opinion
"I mean for, for all you know I could be a fashion..... monger. (neutral)",Statement Non Opinion,Statement Non Opinion
"Okay. Honey, I would love for you to go with me. What? (joy)",Statement Opinion,Agreement
"What should I wear, now I'm all nervous. (fear)",Question,Question
": I know, we did it!! Hey, that was incredible, huh?! (joy)",Statement Opinion,Statement Opinion
"I know, it was amazing! I mean, we totally nailed it, it was beautiful. (joy)",Agreement,Statement Opinion
": Thank you, listen, thanks a lot Tribbiani, . Oh my God, look at the time, I gotta catch the bus to the ball. (joy)",Statement Non Opinion,Statement Non Opinion
"Oh well, okay, good luck. (joy)",Greeting,Statement Non Opinion
: Yeah. (neutral),Others,Acknowledge
Unless you wanna practice the Foxtrot again? Or-or the Tango? (neutral),Statement Opinion,Question
": Ahh, thanks but no. You see I-I think I'm ready to dance with girls. (neutral)",Statement Opinion,Statement Opinion
Okay. (neutral),Agreement,Acknowledge
: Yeah. (neutral),Backchannel,Acknowledge
Go get 'em Treeger. (neutral),Command,Command
": Right. Hey, ahh, you wanna come? Marge has a girlfriend. (neutral)",Question,Question
Really? (surprise),Backchannel,Question
": Yeah, you could dance real good with her, she's the same size as me. (neutral)",Answer,Statement Non Opinion
"No, I'm good. (neutral)",Disagreement,Statement Non Opinion
"Oh God, this is so nerve wracking! How-how do you do this? (surprise)",Question,Statement Opinion
"Well, unfortunately, I don't get many callbacks so (neutral)",Answer,Statement Non Opinion
Is it a good sign that they asked us to hang around after the audition? (surprise),Question,Question
Who knows? (neutral),Statement Non Opinion,Statement Non Opinion
"Okay uh, we have narrowed it down to Raymond, Ben, Kyle, and Joey. The rest of you, thank you very much. (neutral)",Statement Non Opinion,Statement Non Opinion
Yes!! I knew it!! Bye-bye! So long! Later! (joy),Greeting,Statement Opinion
Oh this is great! I might actually get to play Ben's dad! (joy),Statement Non Opinion,Statement Opinion
Yeah! (joy),Backchannel,Agreement
"Actually, that can't happen. (neutral)",Disagreement,Statement Non Opinion
"Yeah because you all have such different looks, we're putting you with Raymond and Kyle with Ben. (neutral)",Statement Opinion,Statement Non Opinion
So it'll be either you two or you two. (neutral),Statement Opinion,Statement Non Opinion
"Man, this is gonna be kinda weird. (sadness)",Disagreement,Statement Opinion
"Yeah, it is. (neutral)",Agreement,Agreement
"No, we-we're gonna be like best friends, that's why it's gonna be weird. (neutral)",Statement Opinion,Statement Opinion
"Okay, come on, I can't get married until I get something old, something new, something borrowed, and something blue. (sadness)",Statement Opinion,Statement Non Opinion
"Okay, all right, all right, all right! Okay! Okay, here's something, here's something blue and new. (joy)",Agreement,Agreement
Please! (anger),Others,Command
Are you kidding? (anger),Question,Question
"I-I hurt three huge men, I gave a guy a bloody nose--I mean I-I'm not proud of it but, I really am. (anger)",Statement Non Opinion,Statement Opinion
"And it's all because of you, wonderful, amazing you. (joy)",Statement Opinion,Statement Opinion
I think you've got concussion. (fear),Statement Opinion,Statement Opinion
"No, no, I'm serious. Thank you. (joy)",Disagreement,Acknowledge
You're welcome. I'm sorry. Did I hurt you? (fear),Question,Apology
"It's worth the pain. Y'know what, you know what? It's not. (sadness)",Answer,Statement Opinion
Wow! That Mike thing was interesting! I don't know what's gonna happen with Phoebe and David. (surprise),Statement Opinion,Statement Opinion
"I do! Want a hint? huh? ""I do"" ""I do"". (joy)",Statement Non Opinion,Answer
"Ok, I'm sensing that this is some kind of word play, because you are pink with barely controlled glee. (neutral)",Statement Opinion,Acknowledge
David is going to propose to Phoebe. (joy),Statement Non Opinion,Statement Non Opinion
What? Why? (surprise),Question,Question
"Chandler, we have talked about this. (anger)",Statement Non Opinion,Statement Non Opinion
You are not supposed to give people advice! (anger),Command,Command
Now couldn't you just have made some sort of inappropriate joke? (anger),Statement Opinion,Question
I (neutral),Others,Backchannel
They've only been going out for a few weeks and Phoebe is completely hung up on Mike! (anger),Statement Non Opinion,Statement Opinion
"She'll say ""No"", David's heart will be broken, it will be too hard for them to recover from and then Phoebe will end up alone (anger)",Statement Opinion,Statement Opinion
"Man, that's some (surprise)",Others,Acknowledge
"Oh, that's not what you want... (neutral)",Statement Non Opinion,Statement Non Opinion
"This is my father, Paul Stevens. Dad, this is Ross Geller. (neutral)",Statement Non Opinion,Statement Non Opinion
It-it's great to meet you Paul. (joy),Greeting,Greeting
I usually prefer Elizabeth's boyfriends to address me as Mr. Stevens. (neutral),Statement Opinion,Statement Opinion
"Of course, of course, Mr. Stevens. (neutral)",Agreement,Acknowledge
"So Ross, what your problem? (anger)",Question,Question
Eh-wh--Excuse me? (surprise),Answer,Question
Why can't you get a girlfriend your own age? (anger),Question,Question
That's funny. Umm.... It's not funny. (fear),Answer,Disagreement
I (neutral),Others,Statement Non Opinion
Okay. (neutral),Others,Acknowledge
"I can, I can see that. (neutral)",Statement Non Opinion,Acknowledge
"Umm, but I think if you give me umm, one chance I can, I can change your mind. (fear)",Statement Opinion,Statement Opinion
Okay. (neutral),Agreement,Acknowledge
What? (neutral),Question,Question
Okay. I'll give you one chance to change my mind. You got one minute. (anger),Answer,Command
Daddy! (surprise),Others,Backchannel
"Oh well, it's not on TV yet. (neutral)",Statement Non Opinion,Statement Non Opinion
"Well, then it's not on the wall yet. (neutral)",Statement Non Opinion,Statement Non Opinion
"Okay, fine, I will bring you a tape, huh? (neutral)",Statement Non Opinion,Agreement
"So umm, now do you have any of Matt Lauer's clothes here? Maybe? Just ones that haven't been cleaned yet? (neutral)",Question,Question
Ooooohh! (surprise),Others,Acknowledge
"Oh yeah, I'm sure. And all of a sudden his hands weren't the problem anymore. (neutral)",Statement Opinion,Statement Non Opinion
Was it...? (surprise),Question,Question
"Oh, boy scouts could have camped under there. (neutral)",Answer,Statement Non Opinion
"""Ooo,"" what? (surprise)",Question,Question
Uma Thurman. (neutral),Answer,Statement Non Opinion
Oh! (surprise),Others,Acknowledge
The actress! (surprise),Statement Non Opinion,Statement Non Opinion
Thanks Rach. (neutral),Greeting,Acknowledge
So what are you gonna do? (surprise),Question,Question
You have to tell her! (joy),Statement Opinion,Command
You have to tell her! (joy),Statement Opinion,Command
"It's your moral obligation, as a friend, as a woman, I think it's a feminist issue! (anger)",Statement Opinion,Statement Opinion
Guys? (anger),Others,Question
Guys? (anger),Others,Question
"Oh, yeah, you have to tell her. (neutral)",Agreement,Agreement
Feminist issue. That's where I went! (neutral),Statement Non Opinion,Statement Non Opinion
She is gonna hate me. (fear),Statement Opinion,Statement Opinion
"Yeah, well... (neutral)",Others,Backchannel
Will you marry me? (fear),Question,Question
It's the big night! We wanted to wish you good luck! (joy),Statement Non Opinion,Statement Non Opinion
"Yeah, yeah you have the ring? (neutral)",Question,Question
"Yeah, right here in my pocket. Pheebs? (neutral)",Answer,Answer
Oh! Oop! (surprise),Others,Acknowledge
"Okay, now will you guys get out of here? I want this is to be a surprise and she's gonna know. (neutral)",Statement Opinion,Command
Yeah-yeah you guys. Get out of here! (neutral),Agreement,Command
Hi guys. (neutral),Greeting,Greeting
You are beautiful. (joy),Statement Opinion,Statement Opinion
"Oh, thank you! What's going on? (joy)",Question,Acknowledge
We're just really...very excited about this charity event that we have to go to. (neutral),Answer,Statement Non Opinion
"Okay umm, Ross? (neutral)",Others,Greeting
"I'm-I'm really warm, so I'm going to be taking off my sweater. (neutral)",Statement Non Opinion,Statement Non Opinion
"Now, I'm just letting you know that this is (neutral)",Statement Non Opinion,Statement Non Opinion
Yep! That's hilarious! (joy),Statement Opinion,Agreement
I'm sorry. I'm done. I'm done. (neutral),Apology,Apology
"Y'know, last night was embarrassing for you too. (neutral)",Statement Non Opinion,Statement Opinion
"No, not really. I mean you've seen me naked hundreds of times. (neutral)",Disagreement,Disagreement
Uh-huh. But it was a first for the rest of my building. (neutral),Statement Non Opinion,Statement Opinion
"Okay. All right, that's true! But y'know I just don't embarrass that easily. (neutral)",Statement Opinion,Agreement
What?! You totally get embarrassed! (surprise),Question,Disagreement
"No, I don't! Ross, I think I'm just a more secure person than you are. (neutral)",Answer,Statement Opinion
Is that so? (neutral),Question,Question
Yeah. (neutral),Answer,Answer
Hey lady! I don't care how much you want it! Okay?! I am (disgust),Statement Non Opinion,Command
I can't believe it! (surprise),Statement Non Opinion,Statement Opinion
I did it! (joy),Statement Non Opinion,Statement Opinion
I rode a bike! (joy),Statement Non Opinion,Statement Opinion
I never thought I'd be able to do that! (joy),Statement Opinion,Statement Opinion
Thank you Ross. (joy),Greeting,Acknowledge
"Oh hey, don't thank me, thank yourself. You're the one who faced her fears and ultimately overcame them. (joy)",Statement Non Opinion,Statement Opinion
"Hey, both you guys should be up there with me. (neutral)",Statement Opinion,Greeting
"I mean, you two are-are my... I mean, I'm lucky to have just one good (neutral)",Statement Non Opinion,Statement Opinion
Thanks man. (neutral),Acknowledge,Acknowledge
I gotta go check something over here. (neutral),Statement Non Opinion,Statement Non Opinion
What a baby. (sadness),Statement Non Opinion,Statement Opinion
Total wuss! (sadness),Others,Statement Opinion
"Okay, we have a lot of options here, a number of prototypes for you to try on. (neutral)",Statement Non Opinion,Statement Non Opinion
Wow! This looks great! (joy),Acknowledge,Statement Opinion
"Yeah! Okay, this one is a mushroom cap. Umm, this one is made of bologna. (joy)",Statement Non Opinion,Statement Non Opinion
And-and-and-and-and the toothpicks? (disgust),Statement Non Opinion,Question
You kissed another woman! (anger),Statement Non Opinion,Disagreement
Call it even?! (neutral),Others,Question
Okay! (joy),Others,Agreement
"Well, I'm gonna go get these in some water. (neutral)",Statement Non Opinion,Statement Non Opinion
Wait you stole those from these people's wedding? (surprise),Question,Question
"No-no, I took them from the hotel lobby. (neutral)",Answer,Statement Non Opinion
"Yeah, they think they can charge me for some dirty movie and a bag of Mashuga nuts, they got another think coming. (anger)",Statement Non Opinion,Statement Opinion
Hey! (surprise),Greeting,Greeting
My sweater! (surprise),Statement Non Opinion,Statement Non Opinion
I've been looking for this for like a month! (surprise),Statement Non Opinion,Statement Non Opinion
Oh my God!! (surprise),Others,Acknowledge
Oh my God! (surprise),Others,Acknowledge
Happy?! Is that what I'm supposed to be Vic? Happy? (anger),Question,Disagreement
"Well, why don't you tell me what you're supposed to be! (anger)",Question,Question
Huh? (surprise),Backchannel,Question
Because I sure as hell can't figure it out! (anger),Statement Non Opinion,Statement Opinion
I talk to you and nothin'. (anger),Statement Non Opinion,Statement Non Opinion
"You look at me, and it's nothin'. (anger)",Statement Non Opinion,Statement Non Opinion
Nothing. (anger),Others,Statement Non Opinion
"Tasty! I'm really starting to feel like you guys have a history, it's-it's nice. (joy)",Statement Opinion,Statement Opinion
I have a question about this scene. (neutral),Statement Non Opinion,Question
Yes? (neutral),Agreement,Backchannel
"Well, I don't understand why Adrienne's attracted to Victor. (disgust)",Question,Question
"Peel the onion. First of all, he's good looking. (neutral)",Answer,Statement Non Opinion
Yeah. (neutral),Agreement,Acknowledge
I think my character's gonna need a little bit more of reason than that. (neutral),Statement Opinion,Statement Opinion
"Oh, hey, how about this one. (neutral)",Statement Non Opinion,Statement Non Opinion
"Ah, it's says so in the script! (anger)",Statement Non Opinion,Statement Opinion
"Y'know ah, I-I don't know why my character likes you either, I mean it says in the script here that you're a bitch. (anger)",Statement Non Opinion,Statement Opinion
It doesn't say that in the script. (anger),Statement Non Opinion,Disagreement
It does in mine! (anger),Statement Non Opinion,Disagreement
I can't (anger),Disagreement,Statement Non Opinion
Yeah! You gotta tell a girl before you tape her. Such a rookie mistake. (anger),Statement Opinion,Statement Opinion
Y'know who has a great video camera? (neutral),Question,Question
Greg and Jenny? (neutral),Answer,Question
Do you still wanna call 'em? I wanna call 'em. (neutral),Question,Question
Let's call 'em. (neutral),Answer,Agreement
Yeah! Ask them if they brought their friends any souvenirs! (joy),Statement Non Opinion,Command
Hello? Eighth street deli? (neutral),Greeting,Greeting
"Hey, hang up! You get food poisoning just talkin' to that place. (disgust)",Statement Non Opinion,Command
"Uh sorry, wrong number. (fear)",Apology,Apology
Here you go. (neutral),Statement Non Opinion,Statement Non Opinion
Hello? It's the deli again! (surprise),Statement Non Opinion,Statement Non Opinion
All right! I'll have a sandwich! (joy),Statement Non Opinion,Statement Opinion
I don't think this number's right! (sadness),Statement Opinion,Statement Non Opinion
Oh come on!! (sadness),Others,Statement Non Opinion
"Gotta go. I miss you too, I love you, but it's getting real late now (sadness)",Statement Non Opinion,Statement Non Opinion
"Hey Ma. Listen, I made the appointment with Dr. Bazida, and... Excuse me? Did you know this isn't Ma? (surprise)",Question,Question
Her name's Ronni. She's a pet mortician. (neutral),Answer,Statement Non Opinion
Sure. So how long you been... (neutral),Question,Backchannel
"Remember when you were a little kid, I used to take you to the navy yard and show you the big ships? (neutral)",Statement Non Opinion,Question
Since then?! (surprise),Question,Question
"No, it's only been six years. (neutral)",Answer,Statement Non Opinion
I just wanted to put a nice memory in your head so you'd know that I wasn't always such a terrible guy. (neutral),Statement Opinion,Statement Opinion
...Joe. (neutral),Others,Greeting
Y'ever been in love? (neutral),Question,Question
...I d'know. (neutral),Answer,Statement Non Opinion
Then y'haven't. You're burning your tomatoes. (neutral),Statement Non Opinion,Statement Non Opinion
You're one to talk. (disgust),Statement Non Opinion,Disagreement
"Joe, your dad's in love big time. And the worst part of it is, it's with two different women. (neutral)",Statement Non Opinion,Statement Opinion
Oh man. Please tell me one of 'em is Ma. (disgust),Statement Opinion,Question
"Of course, course one of 'em's Ma. What's the matter with you. (surprise)",Statement Non Opinion,Statement Opinion
"Everything's gonna be all right. Okay, Dick? (neutral)",Statement Opinion,Statement Non Opinion
"Hello, I am Guru Saj--Whoa!! That's supposed to be a duck right? 'Cause otherwise, this is waaay out of my league. (surprise)",Statement Non Opinion,Statement Opinion
"Hey, Rach, how was work? (neutral)",Question,Greeting
"Oh, great. Although I did sit down where there wasn't a chair. (neutral)",Answer,Statement Non Opinion
"By the way, Ross dropped by a box of your stuff. (neutral)",Statement Non Opinion,Statement Non Opinion
"Oh, well, I guess I had that one coming. (neutral)",Statement Non Opinion,Statement Opinion
"I'm just gonna throw it out, it's probably just a bunch of shampoo and... (neutral)",Statement Non Opinion,Statement Non Opinion
Something wrong? (neutral),Question,Question
No. Nothing. (neutral),Answer,Statement Non Opinion
"And then, and then you said that thing about, about bringing the Mesozoic era in the 21st century. (neutral)",Statement Non Opinion,Statement Non Opinion
"Yeah, that's it? (surprise)",Backchannel,Question
Yeah. (neutral),Others,Acknowledge
"Dude, I am sorry about what I said! (sadness)",Apology,Apology
"No, no, you're right, it is a ridiculous name! (disgust)",Agreement,Agreement
It's not that bad. (neutral),Statement Non Opinion,Disagreement
"Yes it is! From now on, I have no first name. (anger)",Disagreement,Statement Opinion
"So, you're just Bing? (neutral)",Question,Question
Because we won our apartment back! (joy),Answer,Statement Opinion
"What? Ace is high! Jack, queen, king, ace! (surprise)",Statement Non Opinion,Disagreement
"No! Ace is low! Ace, two, three, four! (anger)",Statement Non Opinion,Disagreement
I don't know. Ooh! Ooh! Look it! Ah-ha! (surprise),Statement Non Opinion,Statement Non Opinion
"All right, cut, let's pick again, pick again. (neutral)",Statement Opinion,Command
Okay. (neutral),Agreement,Acknowledge
Come on apartment! Come on apartment! Oh! I know queen is high! (anger),Statement Non Opinion,Statement Opinion
"Uh-huh, not as high as... It worked! King! (surprise)",Disagreement,Statement Opinion
Yeah baby! (joy),Backchannel,Agreement
"But, we pick again! We pick again! (joy)",Statement Opinion,Statement Opinion
Why?! (neutral),Question,Question
I don't know! (fear),Answer,Statement Non Opinion
Tickets please! That's courtside baby! (joy),Statement Non Opinion,Statement Opinion
"Seriously, good game though. Good game. What are they so mad about? They get the apartment back! (surprise)",Question,Question
No they didn't! (joy),Answer,Disagreement
"You know, I don't think we brought enough stuff. Did you forget to pack the baby's anvil? (neutral)",Question,Statement Non Opinion
It's gonna be worth it. (neutral),Statement Opinion,Statement Non Opinion
"It's a known fact that women love babies, all right? (neutral)",Statement Non Opinion,Statement Non Opinion
Women love guys who love babies. (neutral),Statement Opinion,Statement Non Opinion
It's that whole sensitive thing. (neutral),Statement Non Opinion,Statement Non Opinion
"Quick, aim him at that pack o' babes over there. (neutral)",Others,Command
Maybe one of them will break away. (neutral),Statement Opinion,Statement Non Opinion
"No, no wait, for get them, we got one, hard left. (joy)",Statement Non Opinion,Statement Opinion
"All right, gimme the baby. (neutral)",Statement Non Opinion,Command
"No, I got him. (neutral)",Disagreement,Statement Non Opinion
"Oh, seriously you want him? (surprise)",Question,Question
Hello. (neutral),Greeting,Greeting
"Well, don't, don't think me immodest, but, me? (surprise)",Statement Opinion,Statement Opinion
You wanna smell him? (neutral),Question,Question
"Oh, yeah. He's got that great baby smell. Get a whiff of his head. (joy)",Statement Opinion,Statement Opinion
What'd I tell you? What'd I tell you? (joy),Question,Statement Opinion
"Well, we are great guys. (neutral)",Statement Opinion,Statement Opinion
"Well, not really. (neutral)",Others,Disagreement
"I mean technically it's-it's not against the rules or anything, but it is frowned upon. (neutral)",Statement Non Opinion,Statement Non Opinion
"Especially by that professor we ran into last night, Judgey von Holierthanthou. (anger)",Statement Non Opinion,Statement Opinion
"Well Ross, you be careful now. You don't want to get a reputation as y'know Professor McNailshisstudents. (joy)",Statement Opinion,Statement Opinion
Yeah. What-what should I do? (fear),Question,Question
"Well Ross, it seems pretty clear. (neutral)",Answer,Statement Non Opinion
I mean what's more important? (neutral),Question,Question
"What people think or how you feel, huh? (neutral)",Question,Question
"Ross, you gotta follow your heart. (neutral)",Answer,Command
Joey that is so sweet. (joy),Apology,Statement Opinion
Hey. (neutral),Greeting,Greeting
"Hey-hey-hey! So, how did it go with Dana? Any reason I should leave a block of time open say Thursday? (neutral)",Question,Question
I couldn't do it. (sadness),Answer,Statement Non Opinion
You couldn't do it?! (surprise),Question,Question
"Hey, relax I just need more time. We're going to dinner tonight. (neutral)",Answer,Command
What?! You're going out with her again! (surprise),Question,Question
Going out with who? (neutral),Question,Question
"Uh, Dana Keystone from college. (neutral)",Answer,Statement Non Opinion
Oh yeah! Wasn't she uh (surprise),Others,Question
"No, that was Dana Caplin. (neutral)",Disagreement,Statement Non Opinion
Joey! You didn't even know her! (surprise),Statement Non Opinion,Statement Opinion
Ah whatever! (anger),Others,Disagreement
"Morning! Hey, how's my favorite genius and my little robot buddy?! (joy)",Question,Greeting
Don't touch him! (anger),Command,Command
Okay! (surprise),Agreement,Acknowledge
All right. (neutral),Statement Non Opinion,Backchannel
"Umm, all right Wayne, level with me. (neutral)",Statement Non Opinion,Statement Non Opinion
I-I keep hearing all these rumors that I might get fired. (fear),Statement Non Opinion,Statement Opinion
"Okay, they even have actors coming in to read for my part! (fear)",Statement Non Opinion,Statement Opinion
"Come on man, you-you got to give me a second chance! (sadness)",Statement Opinion,Command
"I mean, I love-I love this little guy! (joy)",Statement Non Opinion,Statement Opinion
Ah-ah!! (surprise),Backchannel,Others
"Okay, that's why you didn't want me to touch him right? (surprise)",Question,Question
Here you go! (neutral),Statement Non Opinion,Statement Non Opinion
Okay? (neutral),Others,Question
Stupid! (anger),Others,Statement Opinion
I can't believe it! (surprise),Statement Non Opinion,Statement Opinion
God! (anger),Others,Others
"Hey, how you doin'? (neutral)",Question,Greeting
Hey. (neutral),Greeting,Greeting
"Hi. Look um, about what happened earlier... (sadness)",Statement Non Opinion,Greeting
"No, hey, well, I-I completely understand. You were, you were stressed. (neutral)",Statement Opinion,Agreement
I was gonna give you a chance to apologise to me. (disgust),Statement Non Opinion,Statement Opinion
For what? For letting you throw me out of your office? (anger),Disagreement,Question
You had no (anger),Others,Statement Non Opinion
"Yeah, well excuse me for wanting to be with my girlfriend on our anniversary, boy what an ass am I. (anger)",Statement Non Opinion,Statement Opinion
"But I told you, I didn't have the time! (anger)",Statement Non Opinion,Statement Non Opinion
"Yeah, well you never have the time. I mean, I don't feel like I even have a girlfriend anymore, Rachel. (anger)",Statement Non Opinion,Statement Opinion
"Wh, Ross what do you want from me? (anger)",Question,Question
"You want me, you want me to quit my job so you can feel like you have a girlfriend? (anger)",Statement Opinion,Question
Bye. (neutral),Greeting,Greeting
I know. (neutral),Agreement,Acknowledge
"Ooh, I have to tell you something. (joy)",Statement Non Opinion,Statement Non Opinion
What? (neutral),Question,Question
But I can't tell you. (neutral),Answer,Statement Non Opinion
"Okay, but wouldn't it be easier if you had to tell me something that you could tell me. (neutral)",Statement Opinion,Statement Opinion
"Well, sure in a perfect world. But, no, I promised I wouldn't tell, and I swore to like all my gods. (neutral)",Statement Non Opinion,Statement Opinion
Okay. Does it have to do with Ross and Rachel? (neutral),Question,Question
No. (neutral),Answer,Answer
Does it have to do with Joey? (neutral),Question,Question
No. (neutral),Answer,Answer
Does it have to do with-with Chandler and that sock that he keeps by his bed? (neutral),Question,Question
"No, but let's come back to that later! (neutral)",Answer,Statement Non Opinion
Hi! (joy),Greeting,Greeting
Richard! (joy),Others,Greeting
"Actually, I'm not here to complement the chef. (neutral)",Statement Non Opinion,Statement Non Opinion
"Ohh... Oh, that's okay I hate when people come back to complement the chef. (neutral)",Statement Opinion,Statement Opinion
Like I have nothing better to do! (neutral),Statement Non Opinion,Statement Opinion
So what's up? (neutral),Question,Question
"Well, it was great seeing you the other night. (joy)",Answer,Statement Opinion
"Oh, good to see you too. Did you come down here to tell me that? (neutral)",Question,Acknowledge
No! I came here to tell you something else. I came here to tell you I still love you. (joy),Answer,Statement Opinion
"One pregnant woman at a time, please! I just want you to be okay. (disgust)",Statement Opinion,Command
So forcing her to marry Bobby is gonna make that happen? (sadness),Question,Question
"Maybe! Well! Well...so-so uh, what kind of music does Numb Nuts--Oh forget it! I can't! (anger)",Answer,Statement Opinion
"Joey, I am scared to death about this. (fear)",Statement Non Opinion,Statement Opinion
"But I really think I can do it, I'm just gonna need some help. (fear)",Statement Opinion,Statement Opinion
And Bobby's gonna be here the whole time. (neutral),Statement Non Opinion,Statement Non Opinion
"You bet I am! And to answer your earlier question, we're straight-up gangster rap. (joy)",Statement Non Opinion,Statement Opinion
"Look, Rachel's told me how much easier you've made all this on her. Why can't you do that for me? (anger)",Question,Question
Because! 'Cause... 'Cause you're my baby sister! (sadness),Answer,Statement Opinion
And you're my big brother! (joy),Statement Non Opinion,Statement Opinion
"I mean, you're my favorite guy in the whole world. (neutral)",Statement Opinion,Statement Opinion
I'm not even scared to tell mom and dad. (neutral),Statement Non Opinion,Statement Non Opinion
I was scared of telling you. (fear),Statement Non Opinion,Statement Opinion
"Well I'd be scared of them, but all right. (fear)",Statement Opinion,Statement Opinion
"Joey, I can't stand the thought of having this baby with you mad at me. (sadness)",Statement Opinion,Statement Opinion
I want him to have his uncle. (sadness),Statement Non Opinion,Statement Opinion
Is my baby gonna have his Uncle Joey? (sadness),Question,Question
Of course he's gonna have his Uncle Joey! (joy),Answer,Statement Opinion
"We're gonna be all right. I mean, even if we're not married this baby is gonna be so loved. Not just by us. (joy)",Statement Opinion,Statement Opinion
That's right! By his uncle too! (joy),Agreement,Statement Opinion
And by you. (joy),Others,Statement Opinion
"Okay Bobby, why don't we just come over here and let them have a little moment. (neutral)",Statement Non Opinion,Command
Come here! (joy),Command,Command
No! Seriously! What's wrong with you?! (anger),Question,Question
I had a really nice time tonight. (joy),Statement Non Opinion,Statement Opinion
So did I. I'm really glad Monica asked us out. (joy),Agreement,Agreement
"I'd love to ask you in, but uh, my sister's visiting and I think she's asleep on the couch. (neutral)",Statement Opinion,Statement Non Opinion
You're sister? You're sister's asleep on the couch? Ohhh! I saw (surprise),Statement Non Opinion,Question
"Oh hey, great, you're up. Rachel, this is my sister Krista. Krista, this is Rachel. (neutral)",Statement Non Opinion,Statement Non Opinion
Hi! (joy),Greeting,Greeting
"Nice to meet you. I wish you'd told me we were having company, I'd fix myself up! (surprise)",Statement Opinion,Statement Opinion
Like it would help. (neutral),Statement Non Opinion,Statement Opinion
You are so bad! (joy),Statement Non Opinion,Statement Opinion
You are! (joy),Others,Statement Opinion
You are! (joy),Others,Statement Opinion
You are! (joy),Others,Statement Opinion
You are! (joy),Others,Statement Opinion
You are! (joy),Others,Statement Opinion
You are! (joy),Others,Statement Opinion
You are so dead! I'm gonna get you. (joy),Statement Non Opinion,Statement Opinion
"Uh, it was very nice meeting you. (neutral)",Greeting,Statement Non Opinion
"Oh my God, it's that Victoria's Secret model. Something... something Goodacre. (surprise)",Statement Non Opinion,Statement Opinion
"Hi Mom, it's Jill. (neutral)",Greeting,Greeting
"She's right, it's Jill. Jill Goodacre. Oh my God. I am trapped in an ATM vestibule with Jill Goodacre! (surprise)",Statement Non Opinion,Statement Opinion
"Yeah, I'm fine. I'm just stuck at the bank, in an ATM vestibule. (neutral)",Statement Non Opinion,Answer
Jill says vestibule... I'm going with vestibule. (neutral),Statement Non Opinion,Statement Non Opinion
"I'm fine. No, I'm not alone... I don't know, some guy. (neutral)",Statement Non Opinion,Answer
"Oh! Some guy. Some guy. 'Hey Jill, I saw you with some guy last night. Yes, he was (joy)",Statement Non Opinion,Statement Opinion
Are you seeing anybody right now? (neutral),Question,Question
"Og-ee-op, I'm not asking for me, I'm... I mean... No, I'm-I'm not gay, I'm not asking you out. (fear)",Statement Non Opinion,Apology
I'm not-I'm not-I'm not gay! (fear),Statement Non Opinion,Statement Non Opinion
Personal shopping? What is that? Like where you walk around with snooty rich people and tell them what to buy? (neutral),Question,Question
Uh-huh. (neutral),Backchannel,Backchannel
That sounds great! (surprise),Agreement,Statement Opinion
Hey! (neutral),Greeting,Greeting
"Umm, excuse me, we switched apartments. You can't eat are food anymore, that-that gravy train had ended. (anger)",Statement Non Opinion,Statement Non Opinion
There's gravy? (surprise),Question,Question
If you have the big apartment you have to deal with people coming over all the time. (neutral),Statement Opinion,Statement Non Opinion
"That fridge has got to be stocked, okay, that's your department now. (neutral)",Statement Non Opinion,Command
What are you doing? (neutral),Question,Question
I think I left a donut up here. (neutral),Answer,Statement Non Opinion
"So, in conclusion, the lines all go up , so I'm happy. (neutral)",Statement Opinion,Statement Opinion
Great job team! (joy),Apology,Agreement
Tomorrow at 8:30. (neutral),Statement Non Opinion,Statement Non Opinion
Phil! (joy),Others,Greeting
Nice job. (joy),Apology,Agreement
Stevens! (joy),Others,Greeting
Way to go! (joy),Others,Agreement
"Joel-burg, you maniac! (joy)",Others,Statement Opinion
I love ya! (joy),Statement Non Opinion,Statement Opinion
Bing! (joy),Others,Others
"Oh, excuse me. I forgot my briefcase y'know, by accident. (neutral)",Statement Non Opinion,Apology
"Of course, you did. (joy)",Statement Non Opinion,Agreement
Forgot something else too ya bastard! (joy),Statement Non Opinion,Statement Non Opinion
"Well, what about you? (neutral)",Question,Question
You're not feeling left out or anything are ya? (neutral),Question,Question
"No. No, not at all, that's-that's ridiculous. (sadness)",Answer,Disagreement
"Everybody else got one, and you want one too. Don't you? (joy)",Question,Statement Opinion
"Ye-ye-yeah, yes I do! (sadness)",Answer,Acknowledge
"Now get on out of here, you! (joy)",Statement Non Opinion,Command
Hey Bob. (neutral),Greeting,Greeting
Hey! How's my pal Toby doing today? (joy),Question,Greeting
"If I see him, I'll ask. (neutral)",Answer,Statement Non Opinion
Toby! (joy),Others,Greeting
Yeah! (joy),Backchannel,Acknowledge
Oh then you know each other. (neutral),Statement Non Opinion,Statement Non Opinion
We're on a semi-first name basis. (neutral),Statement Non Opinion,Statement Non Opinion
What do you think of adding him to our team? (neutral),Question,Question
"Bob? Ooh, working here with us? Everyday? Yeah, I don't know if he has what it takes. (surprise)",Answer,Statement Opinion
Really? They love him down on six. (surprise),Statement Non Opinion,Statement Opinion
But this is eleven. It's almost twice as hard up here. (neutral),Statement Non Opinion,Statement Opinion
Hey! Guess what I got for your wedding! (joy),Question,Greeting
A freakish thin date with a hanger for her head? (neutral),Answer,Statement Non Opinion
"No. Rachel hooked me up with a tux! But not just any tux, Batman's tux! (joy)",Statement Non Opinion,Statement Opinion
What? (surprise),Question,Question
That's right! Made expressly for Val Kilmer and worn by him in the hit film...that Batman film he was in. (joy),Answer,Statement Opinion
You can't wear that! I'm wearing the famous tux! James Bond's tux! (anger),Statement Opinion,Disagreement
So? (neutral),Question,Question
So--If you wear that you'll make mine less special. (sadness),Answer,Statement Opinion
"Sorry, I just don't like the idea of when I say ""I do,"" he's thinking, ""Yeah, I'd do her too!"" (anger)",Statement Opinion,Statement Opinion
Well then we still have a problem. (neutral),Statement Non Opinion,Statement Non Opinion
Yeah! (neutral),Agreement,Agreement
With what? (neutral),Question,Question
"Well, we're trying to find someone to perform our wedding and they're all either boring or annoying or y'know, can't stop staring at the ladies. (neutral)",Answer,Statement Non Opinion
Oo! You should have one of us do it! (joy),Statement Opinion,Statement Opinion
"Phoebe, we're getting (neutral)",Statement Non Opinion,Statement Non Opinion
No! No! It's-it's uh a real thing! Anyone can get ordained on the Internet and perform like weddings and stuff! (joy),Statement Opinion,Statement Opinion
I call it!! (joy),Statement Non Opinion,Statement Opinion
What?! No! It was my idea! (anger),Disagreement,Disagreement
Guys thank you very much but neither of you is marrying us. (neutral),Statement Non Opinion,Statement Non Opinion
Does calling it not mean anything anymore?! (anger),Question,Question
"We are going to have a legitimate member of the clergy! And when I say legitimate I mean, gay and in control of his saliva! (neutral)",Statement Non Opinion,Statement Non Opinion
"See, I see.... big passion in your future. (joy)",Statement Non Opinion,Statement Opinion
Really? (surprise),Backchannel,Question
I do. (neutral),Statement Non Opinion,Answer
"Oh Ross, you're so great. [she playfully rubs his head and gets up] (joy)",Apology,Statement Opinion
"That was supposed to be a good thing, I forget why. (neutral)",Statement Non Opinion,Statement Non Opinion
"Just listen, Monica, I, do you know, okay, do you know, I couldn't sleep for like a month because I got like a dot of ink on one of the sofa cushions. (neutral)",Statement Non Opinion,Statement Non Opinion
"Well, you-you coulda just turned the cushion over. (neutral)",Statement Opinion,Statement Opinion
"Yeah, I would've except I had a big spaghetti stain on the other side. (neutral)",Agreement,Statement Non Opinion
What?!?! (surprise),Question,Question
"Okay, this is what I'm talking about, this. I-I need to live in a land where people can spill. (neutral)",Answer,Statement Opinion
You can spill. In the sink. (neutral),Statement Opinion,Statement Opinion
"Aw, honey it's not your fault, y'know this is who you are, and I love you, and I want us to be friends, and if I keep living here I don't see that happening. (sadness)",Statement Non Opinion,Statement Opinion
"I love you, too. (joy)",Statement Non Opinion,Statement Opinion
"Aww, good. What? (joy)",Question,Acknowledge
What? I'm just said. (sadness),Statement Non Opinion,Statement Non Opinion
"No you're not, you're wondering which cushion it is. (neutral)",Statement Non Opinion,Statement Opinion
Oh my God! Are you serious?! (surprise),Question,Question
Uh-huh. (neutral),Answer,Backchannel
I would love to live with you Ross.. that's-that's great! Thank you! (joy),Statement Opinion,Statement Opinion
"Well, I'm-I'm just glad I could, y'know, help you out. (neutral)",Statement Non Opinion,Statement Non Opinion
"Ross-Ross, you have no idea what this means to me! (joy)",Statement Non Opinion,Statement Opinion
"I mean, I mean I was gonna be homeless. (sadness)",Statement Non Opinion,Statement Non Opinion
You just saved me! (joy),Statement Non Opinion,Statement Opinion
You're my hero! (joy),Statement Opinion,Statement Opinion
"Hero, I uh, I don't know--well, all right. (neutral)",Agreement,Acknowledge
"Oh, I have to go tell Monica what a wonderful brother she has! (joy)",Statement Non Opinion,Statement Opinion
"Oh please! You're gonna say things now, aren't ya? (joy)",Question,Question
No. (neutral),Answer,Disagreement
"No, I won't. (neutral)",Answer,Disagreement
"But I should tell you this, this exact same thing happened to my roommate Denise. (neutral)",Statement Non Opinion,Statement Non Opinion
"She moved in with a guy who was secretly married to her and he said he didn't love her, but he really did, and it just blew up! (anger)",Statement Non Opinion,Statement Non Opinion
"...Dammit, hire the girl! Okay, everybody ready? (anger)",Question,Command
"Uh, listen, I just wanna thank you for this great opportunity. (joy)",Apology,Statement Opinion
Lose the robe. (neutral),Others,Command
Me? (surprise),Question,Question
That's great. (joy),Apology,Agreement
"Well, I'm gonna get another espresso. Can I get you another latte? (neutral)",Question,Question
"No, no, I'm still working on mine. (neutral)",Answer,Answer
That's it? (surprise),Question,Question
"Yeah, it was really hard. (sadness)",Answer,Statement Opinion
"Oh, yeah, that hug looked pretty brutal. (neutral)",Statement Opinion,Statement Non Opinion
"Ok, you weren't there. (anger)",Statement Non Opinion,Disagreement
"Wow! That's ah, that's pretty nice! (joy)",Apology,Statement Opinion
Pretty nice? (neutral),Question,Question
"You'll have to pardon my roommate, he wanted to marry this. (neutral)",Statement Non Opinion,Statement Non Opinion
"We don't have 50 bucks, but would you be willing to trade for it? We've got a canoe. (neutral)",Statement Opinion,Question
"Y'know, I, I really don't think we need a canoe. (neutral)",Disagreement,Disagreement
You gotta take the canoe! (anger),Statement Non Opinion,Command
"All right, just, just take the entertainment center, and then when you get home, throw the canoe away! (neutral)",Statement Opinion,Statement Non Opinion
We're not throwing it away! I built that canoe! (anger),Disagreement,Disagreement
Good for you!! (anger),Statement Non Opinion,Statement Opinion
Pheebs? (neutral),Question,Greeting
Yeah? (neutral),Answer,Acknowledge
"Okay. Then I guess it's just, wait here then. Hi. I need one fake ticket to Yemen. (neutral)",Statement Non Opinion,Command
One ticket to Yemen? (surprise),Question,Question
"Oh no-no-no, no. No, no, no, I just, I just need a pretend ticket. (neutral)",Answer,Statement Non Opinion
"I'm sorry sir, I don't understand. (surprise)",Apology,Apology
What would you give to a kid if he wanted a ticket to play with? (neutral),Question,Question
Are you travelling with a child? (neutral),Question,Question
No. (neutral),Answer,Answer
"All right, y'know what, she's gonna think that I'm handing you a credit card, but what I'm really gonna do is hand you a library card. (neutral)",Statement Opinion,Statement Non Opinion
"Okay, but this is the last time. (neutral)",Statement Non Opinion,Agreement
"With a chick-chick here, and a chick-chick there. (joy)",Others,Statement Non Opinion
"Here a chick, there a chick, everywhere a chick-chick--chickeeeen. (joy)",Others,Statement Non Opinion
Hey. (neutral),Greeting,Greeting
Hey. (neutral),Greeting,Greeting
How's she doing? (neutral),Question,Question
She? (surprise),Question,Question
"Well yeah, don't-don't you think it's a she? (neutral)",Question,Question
"I don't know. I can't tell, what ever it was went back in too quickly. (neutral)",Answer,Statement Non Opinion
"Well, anyway, I got to go change, I'm ah, meeting some of the cast for drinks. (neutral)",Statement Non Opinion,Statement Non Opinion
Excuse me? (surprise),Others,Question
What? (neutral),Question,Question
"Okay, good, so there you go. Go with Vince. (joy)",Statement Non Opinion,Agreement
"Yeah, but Jason's really sensitive. (neutral)",Statement Opinion,Statement Opinion
"Well sensitive is important, pick him. (neutral)",Statement Non Opinion,Statement Opinion
Yeah. (neutral),Agreement,Acknowledge
"Oh sure, go with the sissy. (disgust)",Statement Non Opinion,Disagreement
Jason is not a sissy! (anger),Disagreement,Disagreement
"Oh no-no-no-no, I meant Chandler. (anger)",Statement Non Opinion,Disagreement
Hi. (neutral),Greeting,Greeting
"So uh, apparently people are familiar with the Europe story? (neutral)",Question,Question
Yeah. (neutral),Answer,Answer
"Listen about that, the whole uh, who came on to who thing really doesn't matter. (neutral)",Statement Non Opinion,Statement Non Opinion
"I mean, I think it would've happened either way. (neutral)",Statement Opinion,Statement Opinion
I mean if you hadn't initiated it I-I-I know I would've. (neutral),Statement Opinion,Statement Opinion
It was an amazing night. (joy),Statement Non Opinion,Statement Opinion
It was. It was an amazing night. (joy),Statement Non Opinion,Agreement
You think it looked amazing? (sadness),Question,Question
Do we have a name yet? (neutral),Question,Question
"No, not yet. (neutral)",Answer,Answer
"That's fine, for now we'll just call her Baby Girl Green. (neutral)",Statement Opinion,Statement Non Opinion
"Oh no, Baby Girl Geller-Green. (neutral)",Disagreement,Statement Non Opinion
Hello baby girl. (joy),Greeting,Greeting
"Ah-ha, nowhere to run! (joy)",Statement Non Opinion,Statement Non Opinion
I don't like sitting up here! I'm just gonna over (anger),Statement Opinion,Statement Opinion
No Rachel! They got here first! (anger),Statement Non Opinion,Disagreement
Why is Ross doing that? (neutral),Question,Question
DANGER (fear),Others,Statement Non Opinion
Oh my God! Why is he jumping on those women! (surprise),Question,Question
No that's all right. Don't worry about it. (neutral),Statement Opinion,Acknowledge
Oh but look! That's gonna leave a stain! (disgust),Statement Non Opinion,Statement Opinion
Rach! Hey! It's fine! You're at Joey's! (joy),Statement Opinion,Statement Opinion
Really? (surprise),Question,Question
Yeah! Look! (neutral),Answer,Statement Non Opinion
I've never lived like this before. (disgust),Statement Non Opinion,Statement Opinion
I know. (neutral),Agreement,Acknowledge
"All right, don't waste it, I mean its still food. (neutral)",Statement Opinion,Command
"Hey Joey, is this the bed where Olivia lost her virginity? (neutral)",Question,Question
"I don't know, but one of the extras sure did! Hey, listen Rach. Thanks again for coming down to watch my scenes! (joy)",Answer,Statement Non Opinion
"Oh, please!Honey, just the fact that you want me here to support you, I'm...OH MY GOD!Is that Christian Sanders?He's so (surprise)",Statement Non Opinion,Statement Opinion
Also so (neutral),Others,Statement Non Opinion
"Oh, in my head he's done some pretty ""not-gay-stuff""! (neutral)",Statement Opinion,Statement Opinion
"Well, at the Christmas party him and Santa did some definitely gay stuff! (neutral)",Statement Non Opinion,Statement Non Opinion
"OK, you've got to promise that you'll never, ever tell Ross that I told you. (neutral)",Statement Non Opinion,Command
About what? (neutral),Question,Question
He's planning your birthday party. (neutral),Answer,Statement Non Opinion
Oh my God! I love him! (joy),Statement Non Opinion,Statement Opinion
You'd better act surprised. (fear),Statement Opinion,Command
About what? (neutral),Question,Question
My surprise party! (joy),Answer,Statement Opinion
What surprise party? (surprise),Question,Question
Oh stop it. Joey already told me. (joy),Statement Non Opinion,Statement Opinion
"Well, he didn't tell me. (neutral)",Statement Non Opinion,Statement Non Opinion
"Hey, don't look at me. This is Ross's thing. (neutral)",Statement Non Opinion,Statement Non Opinion
This is so typical. I'm always the last one to know everything. (anger),Statement Opinion,Statement Opinion
"No, you are not. We tell you stuff. (neutral)",Disagreement,Disagreement
Yuh-huh! (anger),Others,Disagreement
I was the last one to know when Chandler got bitten by the peacock at the zoo. (anger),Statement Non Opinion,Statement Non Opinion
I was the last one to know when you had a crush on Joey when he was moving in. (anger),Statement Non Opinion,Statement Non Opinion
Looks like I was second to last. (surprise),Statement Non Opinion,Statement Opinion
"Chandler, we still haven't gotten an RSVP from your dad. (neutral)",Statement Non Opinion,Statement Non Opinion
"Oh! Right. Umm, maybe that's because I didn't send him an invitation. (neutral)",Statement Opinion,Statement Non Opinion
Chandler! He's your father. he should be at the wedding. (anger),Statement Opinion,Statement Opinion
I don't even know the man. Okay? We're not that close. I haven't seen him in years. (disgust),Statement Non Opinion,Statement Opinion
Well what are you gonna do when he finds out he wasn't even asked?! (sadness),Question,Question
It's not like we run in the same circles. (neutral),Answer,Statement Non Opinion
"I hang out with you guys, and he stars in a drag show in Vegas. (disgust)",Answer,Statement Opinion
"Ooh, I think I wanna trade circles. (neutral)",Statement Opinion,Statement Opinion
Nobody is gonna be staring at the bride when the father of the groom is wearing a back-less dress. (disgust),Statement Opinion,Statement Opinion
So what! As long as he's not wearing a white dress and a veil I don't care. (neutral),Disagreement,Statement Opinion
"Okay, I think I need to do some shopping. (neutral)",Statement Opinion,Statement Non Opinion
Hello! Who's in there? (neutral),Question,Greeting
How ya doin'? (neutral),Question,Greeting
Who in the hell are you? (anger),Question,Question
"I guess you wouldn't believe me if I said I was Kurt Douglas, huh? (neutral)",Answer,Statement Non Opinion
"No-no, Rachel, don't get it! He can't see us! (fear)",Statement Non Opinion,Command
"No, yeah! The groom cannot see the bride! (anger)",Agreement,Disagreement
I'm not gonna marry Chandler! (anger),Statement Non Opinion,Statement Opinion
Not after this! (anger),Disagreement,Statement Opinion
"Okay, you guys, just relax. I doooo. (neutral)",Statement Non Opinion,Agreement
I gotta go. (neutral),Statement Non Opinion,Statement Non Opinion
"Oh, wait, Joshua! Joshua! Yeah, well, that oughta do it. (sadness)",Statement Non Opinion,Acknowledge
"Sorry I'm late, but I left late. (neutral)",Apology,Apology
Okay. (neutral),Acknowledge,Acknowledge
"So Pheebs, what is the book about? (neutral)",Question,Question
I thought you said you read it in high school. (neutral),Answer,Statement Non Opinion
"Well yeah, but then I remembered I started it and there was this pep rally and I was, I was on top of the pyramid but anyway--umm, what is this book about? (neutral)",Statement Non Opinion,Statement Non Opinion
"Excuse me, can I, can I bum one of those? (neutral)",Question,Question
"Y'know what, actually... Okay, okay, okay, what's so funny over here? (neutral)",Question,Question
I thought you didn't smoke. (surprise),Statement Opinion,Statement Non Opinion
"Oh, I thought you guys meant marijuana cigarettes, y'know? (neutral)",Statement Opinion,Statement Non Opinion
"Y'know what I mean, like dubbies? (neutral)",Statement Non Opinion,Statement Non Opinion
"And I actually, I thought to myself, ""Wow, those guys are crazy!"" (surprise)",Statement Non Opinion,Statement Opinion
"But no, I actually smoke the regular ones all, all the time. (neutral)",Statement Non Opinion,Statement Non Opinion
We get high. (neutral),Statement Non Opinion,Statement Non Opinion
"Oh, me too. (neutral)",Agreement,Agreement
I'm kidding. (neutral),Statement Non Opinion,Statement Non Opinion
"Oh, me too. (joy)",Agreement,Agreement
"Oh, are you sure you're ok? (sadness)",Question,Question
Yeah. (neutral),Answer,Answer
Does it still hurt? (sadness),Question,Question
Yeah. (sadness),Answer,Answer
What a neat idea. All your clothes match. I'm gonna do this. (joy),Statement Opinion,Statement Opinion
Hi. (neutral),Greeting,Greeting
"Hey, how'd it go? (neutral)",Question,Question
Excellent. (joy),Answer,Answer
"We ripped that couple apart, and kept the pieces for ourselves. (joy)",Statement Non Opinion,Statement Non Opinion
"What a beautiful story. Hey, I'm fine by the way. (joy)",Statement Opinion,Statement Opinion
You know what? You are right. I (neutral),Agreement,Agreement
Good for you Pheebs! (joy),Statement Non Opinion,Acknowledge
Ok. (neutral),Acknowledge,Backchannel
"Okay If you guys have microphones in there too, I didn't mean (neutral)",Statement Non Opinion,Statement Non Opinion
This sucks! I didn't know I had to stay up all night before I went to this stupid sleep clinic! I'm so tired! (anger),Statement Opinion,Statement Opinion
It's 6:00. (neutral),Statement Non Opinion,Statement Non Opinion
Hi! (joy),Greeting,Greeting
"Yeah, Rach, I think you're handling that really well. (neutral)",Statement Opinion,Agreement
Handling it? (neutral),Question,Question
"What do you mean, handling it? (joy)",Question,Question
There's nothing to handle. (joy),Statement Non Opinion,Statement Opinion
"Now, maybe I would have a problem with this if it wasn't for me and Joshua. (neutral)",Statement Opinion,Statement Opinion
"Y'know, they're not gonna get married anyway! (anger)",Statement Opinion,Statement Opinion
What? (surprise),Disagreement,Question
Come on! (anger),Disagreement,Command
They rushed into this thing so fast it's ridiculous! (disgust),Statement Opinion,Statement Opinion
"And somewhere along the way, one of them is gonna realise what they've done and they're call the whole thing off. (neutral)",Statement Opinion,Statement Opinion
"I'm telling ya, you're gonna be dancing at my wedding before you're dancing at there's. (joy)",Statement Opinion,Statement Opinion
What the hell is this?! (surprise),Question,Question
"What, did you actually thought it would make me feel better to give me stuff that I can't use for another two months?! (anger)",Question,Statement Opinion
This sucks! (anger),Statement Opinion,Statement Opinion
"All right, what's my next present? (neutral)",Question,Question
"All right, there's a nuclear holocaust, I'm the last man on Earth. Would you go out with me? (neutral)",Question,Question
Enhh (neutral),Disagreement,Backchannel
I've got canned goods. (neutral),Statement Non Opinion,Statement Non Opinion
"Hey, you guys! Take a look at this! Check this baby out, dug me a hole! (surprise)",Statement Non Opinion,Command
"Excellent hole, Joe. (neutral)",Apology,Statement Opinion
Oh no! No!! My hole!! (surprise),Others,Statement Non Opinion
Ow!! Ow!!! (disgust),Others,Statement Non Opinion
What?! What?!! What is it?! (surprise),Question,Question
My drinking? (neutral),Others,Question
"Oh, I must've said that after you left. (neutral)",Statement Opinion,Statement Non Opinion
Said what? Exactly. (fear),Question,Question
That you enjoyed the occasional drink...ing binge. (neutral),Answer,Statement Non Opinion
"Oh my God!! Ohh, that is it! I'm leaving! You are just a horrible person! (disgust)",Statement Non Opinion,Disagreement
Wait-wait-wait-wait-wait-wait-wait-wait!! (fear),Command,Command
If you're gonna get all sensitive about it! (anger),Statement Non Opinion,Statement Opinion
I don't want to lose you. (sadness),Statement Opinion,Statement Opinion
"What if I, create a position for you? (neutral)",Question,Statement Non Opinion
I'll make you an assistant buyer in this department. (neutral),Answer,Statement Non Opinion
Say more things like that. (joy),Command,Command
"You can have your own office, and a raise! Effective tomorrow. (joy)",Statement Opinion,Statement Non Opinion
I'd need an expense account. (neutral),Statement Non Opinion,Statement Non Opinion
Done! (joy),Agreement,Agreement
And an assistant. (neutral),Others,Statement Non Opinion
"Sophie, get in here! (joy)",Agreement,Command
Monica? You gonna be very proud of me. I just got us dates with two unbelievably cute nurses. (joy),Statement Non Opinion,Statement Opinion
Oh my! (surprise),Others,Acknowledge
They're male nurses. (neutral),Statement Non Opinion,Statement Non Opinion
Not in my head. (neutral),Disagreement,Statement Non Opinion
"Anyway, they want to take us out Saturday night! What do you say? (joy)",Question,Question
Umm. Umm. Umm. I don't think so. (joy),Disagreement,Disagreement
What? (surprise),Question,Question
What are you talking about?! (surprise),Question,Question
You-you're the one who's been telling me to get over Ross and move on. (anger),Statement Non Opinion,Statement Opinion
"I'm moving on, and you're moving on with me. (neutral)",Statement Non Opinion,Statement Non Opinion
"Come on, give me one good reason why you don't wanna go. (neutral)",Command,Command
"Umm, why don't you give (neutral)",Statement Non Opinion,Question
What? (surprise),Question,Question
Harder than it sounds. Isn't it? (neutral),Question,Question
"Okay, you're coming with me, and I also told them that if we're still here when they get off that we'll go down to the cafeteria and have some (neutral)",Statement Non Opinion,Command
Yep! There's always room for (neutral),Statement Non Opinion,Agreement
"Joey, how do you make (neutral)",Question,Question
"Oh, it's easy. Yeah, I-I can do it with anything. Watch uh, Grandma's chicken salad (neutral)",Answer,Statement Non Opinion
"Hello, this is Monica... (neutral)",Greeting,Greeting
Yeah??? (neutral),Backchannel,Question
Oh... (neutral),Backchannel,Acknowledge
"Okay, yes, we'll be right, we'll be right down. (neutral)",Agreement,Agreement
Thank you. (neutral),Greeting,Acknowledge
Okay. Let's bring it in. (neutral),Statement Non Opinion,Command
"Wait no, honey, honey throw it to me, throw it to me. (neutral)",Command,Command
Here you go. (neutral),Agreement,Answer
That almost hit me in the face. (anger),Statement Non Opinion,Statement Non Opinion
"Well, if the magician can open my beer with his but cheeks, then all right. (neutral)",Statement Opinion,Statement Opinion
Hey! (joy),Greeting,Greeting
Hey! (joy),Greeting,Greeting
Y'know I'm-I'm really glad we decided not to sleep together before the wedding. (joy),Statement Non Opinion,Statement Opinion
"Oh boy, me too! (joy)",Agreement,Agreement
Y'know I was thinking if we had a...a big fight and uh we broke up for a few hours (neutral),Statement Opinion,Statement Non Opinion
Yeah? (fear),Backchannel,Backchannel
"Technically we could have sex again. What do you think, bossy and domineering?! (neutral)",Question,Question
"The wedding is off, sloppy and immature! (anger)",Answer,Disagreement
That's me! Come on! (joy),Disagreement,Statement Opinion
"Okay. But wait, we can't. My Cousin Cassie is in the guest room, we're supposed to have lunch. (neutral)",Statement Opinion,Statement Non Opinion
"Well, get rid of her, obsessive and shrill. (neutral)",Statement Opinion,Command
Shrill?! The wedding is back on! (anger),Statement Non Opinion,Disagreement
I thought I heard voices. You must be Chandler. (neutral),Statement Opinion,Statement Non Opinion
Hi! Nice to meet you! (joy),Greeting,Greeting
Nice to meet you too. (neutral),Greeting,Greeting
"So, are you ready to go? (neutral)",Question,Question
Yeah. (neutral),Answer,Acknowledge
Chandler! (anger),Others,Command
I'll be right with you. (neutral),Statement Non Opinion,Acknowledge
"Th-th-that's all it is, a third nipple. (neutral)",Statement Non Opinion,Statement Non Opinion
Just your run-of-the-mill third nipple. (neutral),Statement Non Opinion,Statement Non Opinion
You can take it off. (neutral),Statement Opinion,Command
Just slice that baby right off! (fear),Statement Non Opinion,Command
"Take your shirt off, and let's see what we're dealing with here. What are you doing? (neutral)",Question,Command
Just showing you my run-of-the-mill-slice-it-right-off third nipple. (neutral),Answer,Statement Non Opinion
Well that's not a third nipple. (neutral),Disagreement,Statement Non Opinion
No? (surprise),Backchannel,Question
"First of all, it's on your ass. (neutral)",Statement Non Opinion,Statement Non Opinion
"Well then, what is it?! (surprise)",Question,Question
"Wait a minute, hold it. Johnson! Will you come in here a moment? (neutral)",Statement Non Opinion,Command
I'm with Hamilton! (neutral),Statement Non Opinion,Statement Non Opinion
"He's good with rear things, bring him in too. (neutral)",Statement Non Opinion,Command
"Umm, this is great wine. (joy)",Statement Opinion,Statement Opinion
"It's from France...In Europe...Western Europe. Y'know umm, a few years ago I actually was backpacking across Western Europe. (neutral)",Statement Non Opinion,Statement Non Opinion
Really? (surprise),Backchannel,Question
"Uh-hmm--Wait! It gets better. Um, yeah I was in Barcelona. (joy)",Statement Non Opinion,Statement Non Opinion
I studied for a year in Barcelona. (neutral),Statement Non Opinion,Statement Non Opinion
"Anyway, umm so I was um, I was hiking (neutral)",Statement Non Opinion,Statement Non Opinion
I love hiking! (joy),Statement Non Opinion,Statement Opinion
Oh that's great! I was hiking along the foothills of Mount Tibidaybo (joy),Statement Non Opinion,Statement Non Opinion
"So? Congratulations you two, I didn't even know you got married. (surprise)",Statement Non Opinion,Statement Opinion
Oh we-we didn't. (joy),Disagreement,Statement Non Opinion
No-no. We (fear),Others,Statement Non Opinion
What?! (surprise),Question,Question
"Um uh...We're-we're just having this baby together but uh, uh that's all. (neutral)",Answer,Statement Non Opinion
Why?!! (surprise),Question,Question
"Uh well umm...we're just not in that place, y'know? But we're very excited about this. (neutral)",Answer,Statement Opinion
Oh. Well then shut me up. (neutral),Others,Command
Just tell me how. (neutral),Question,Command
"Uh-oh, I feel another one coming. (fear)",Statement Opinion,Statement Non Opinion
"Let it go, Ross. (neutral)",Statement Opinion,Command
"Yeah, well, you didn't know Chi Chi. (neutral)",Disagreement,Disagreement
Do you all promise? (neutral),Question,Question
Chandler? Do you promise to be good? (neutral),Question,Question
"You can come in, but your filter-tipped little buddy has to stay outside! (joy)",Statement Non Opinion,Statement Opinion
"Hey, Pheebs. (neutral)",Greeting,Greeting
Dear Ms. Buffay. (neutral),Greeting,Statement Non Opinion
Thank you for calling attention to our error. (neutral),Greeting,Apology
We have credited your account with five hundred dollars. (neutral),Statement Non Opinion,Statement Non Opinion
"We're sorry for the inconvenience, and hope you'll accept this- - (neutral)",Apology,Apology
"Oh my God, honey we are so meant to be together. We both have copies of the (neutral)",Statement Non Opinion,Statement Opinion
"Honey, both yours. (neutral)",Others,Statement Non Opinion
Hey! Great advice on that Joey thing! (joy),Apology,Acknowledge
Yeah? The work problem? (neutral),Backchannel,Question
Oh it was perfect! I mean it really felt like he was my friend again. (joy),Statement Opinion,Statement Opinion
What problem did you tell him you had? (neutral),Question,Question
"Oh that's not important. The point is, I really--I think everything's gonna be okay. (neutral)",Answer,Statement Opinion
"Okay, I've got some Ones, you wanna put them in her panties? (neutral)",Question,Statement Non Opinion
"No thanks, Mom! (disgust)",Answer,Disagreement
"Ha-ha, it's not my baby, ha-ha-ha! (anger)",Statement Non Opinion,Statement Non Opinion
"Very good, so good. (joy)",Acknowledge,Agreement
"I really, really enjoyed it. Very exotic. (joy)",Statement Non Opinion,Statement Opinion
"Well, I just checked our messages and Joshua didn't call. (sadness)",Statement Non Opinion,Statement Non Opinion
I mean you'd think he'd be worried about me not showing up at his club. (sadness),Statement Opinion,Statement Opinion
"Ugh, you know what makes it so much worse, Ross is all happy in Vermont! (sadness)",Statement Non Opinion,Statement Opinion
Come on! Look where you are!! (joy),Statement Non Opinion,Command
"When you get a sec, another round of daiquiris. (neutral)",Statement Non Opinion,Command
"Remember, a virgin for me please. (neutral)",Statement Non Opinion,Command
Oh! And don't let me leave without getting the name of that carpet guy. (neutral),Statement Opinion,Command
"Ahh, come on! Y'know what--y'know what, I think I'm just gonna go home and call Kathy. (neutral)",Statement Opinion,Statement Non Opinion
"Well, if you think it will help. (neutral)",Agreement,Acknowledge
No! (anger),Disagreement,Disagreement
That was a test! (fear),Statement Non Opinion,Statement Non Opinion
In a couple of hours I'm gonna get really drunk and wanna call Kathy and you guys are gonna have to stop me! (fear),Statement Opinion,Statement Non Opinion
"And then after that, I'm gonna get so drunk, I'm gonna wanna call Janice (fear)",Statement Opinion,Statement Non Opinion
You should! How is she? (surprise),Question,Question
Ohhh!! (anger),Backchannel,Acknowledge
I think somebody needs another lap dance. (joy),Statement Opinion,Statement Opinion
"All right, I definitely taste nutmeg. (neutral)",Statement Non Opinion,Statement Opinion
You do? (surprise),Question,Question
"You don't? Well, that's the difference between a professional and a layman. (surprise)",Statement Opinion,Statement Opinion
That and arrogance. (anger),Others,Statement Opinion
Hey. (neutral),Greeting,Greeting
Hey! How was sailing? (joy),Question,Greeting
Wow thanks! (joy),Greeting,Acknowledge
Joe? (fear),Others,Question
Yeah! (joy),Backchannel,Agreement
"Uh, you've had a lot of sex right? (neutral)",Question,Question
"When? Today? Some, not a lot. (surprise)",Answer,Answer
"Well, it's just the reason that I'm asking is because I kind of eh, uh, I was unable to--I mean I really wanted to, but I couldn't.... (fear)",Statement Non Opinion,Statement Non Opinion
"There huh--hmm, there-there was an incident. (fear)",Statement Non Opinion,Statement Non Opinion
"Don't worry about that man, that happens. (neutral)",Statement Opinion,Statement Opinion
It's happened to you? (surprise),Question,Question
Yeah! Once. (neutral),Answer,Answer
"Well, what'd you do? (surprise)",Question,Question
I did it anyway. (neutral),Answer,Statement Non Opinion
Sup? 'Sup dude? (neutral),Greeting,Greeting
"Take whatever you want, just please don't hurt me. (fear)",Statement Opinion,Command
So you're playing a little (neutral),Statement Non Opinion,Statement Non Opinion
"Yes, on a scale from 1 to 10, 10 being the dumbest a person can look, you are definitely 19. (disgust)",Statement Opinion,Disagreement
"Come on man, really how old?! (surprise)",Question,Question
"Young! You're a man-child okay?! Now go get changed because everybody's ready and please, oh please, keep my underwear! (disgust)",Answer,Command
And they knew about it? (surprise),Statement Non Opinion,Question
"Okay, well Ross, what is this really about? (surprise)",Question,Question
"Look, this is my home and I want to be able to come and go whenever I want! (anger)",Answer,Statement Opinion
"Okay, I will find someplace else to do the rest of my appointments. I just don't know what the big deal is! (anger)",Question,Statement Opinion
"The big deal is I don't want naked, greasy strangers in my apartment when I want to kick back with a puzzle--beer! Cold beer. (disgust)",Answer,Statement Opinion
"Okay, look, he's not gonna hurt them, right? (neutral)",Statement Opinion,Question
Do you always have to bring him here? (anger),Question,Question
I didn't wanna leave him alone. (neutral),Answer,Statement Non Opinion
Alright? (neutral),Others,Question
We- we had our first fight this morning. (neutral),Statement Non Opinion,Statement Non Opinion
I think it has to do with my working late. (neutral),Statement Opinion,Statement Opinion
"I said some things that I didn't mean, and he- he threw some faeces... (neutral)",Statement Non Opinion,Statement Non Opinion
"Y'know, if you're gonna work late, I could look in on him for you. (neutral)",Statement Opinion,Statement Opinion
"Oh, that'd be great! (joy)",Apology,Agreement
"Okay, but if you do, make sure it seems like you're there to see him, okay, and you're not like doing it as a favour to me. (neutral)",Statement Opinion,Command
"Okay, but if he asks, I'm not going to lie. (neutral)",Statement Non Opinion,Statement Non Opinion
Check this out. (neutral),Command,Command
It says here that there's a place you can go to rent videos of all the museums! (surprise),Statement Non Opinion,Statement Non Opinion
"""It's almost as good as being there."" (neutral)",Statement Opinion,Statement Non Opinion
It's better! You can't go to a museum in your underwear! (joy),Statement Non Opinion,Statement Opinion
Oh-ho! I bet the British version is gooooood! (joy),Statement Opinion,Statement Opinion
"Uh, may I help you? (neutral)",Question,Question
"Yeah, I talked to you on the phone, I'm the lady that got stuck with the racecar bed. (neutral)",Answer,Statement Non Opinion
"Look, it's like I told you, there's nothing I can do. You signed for it, Monica Velula Geller. (neutral)",Statement Non Opinion,Statement Non Opinion
"All right, Jester man, look we wanna see the king. (neutral)",Statement Non Opinion,Command
Nobody sees the king! (anger),Disagreement,Statement Opinion
"Oh-ho-kay, I'm talking to the king. (neutral)",Statement Non Opinion,Statement Non Opinion
Hey! You can't go back there! (surprise),Statement Non Opinion,Command
Oh my God. (surprise),Others,Acknowledge
"So, this must be kinda neat for ya, huh? (neutral)",Question,Question
"I mean, your Dad tells me that you get a couple of days off school, and you, you ah, don't have to sell those cookies anymore. (neutral)",Statement Non Opinion,Statement Non Opinion
"Well, I kinda wanted to sell the cookies. The girl who sells the most wins a trip to Spacecamp, and gets to sit in a (sadness)",Statement Opinion,Statement Non Opinion
"Wow, you ah, you really like all this space stuff, huh? (surprise)",Question,Question
Yeah. (neutral),Answer,Answer
"My Dad says if I spend as much time helping him clean apartments, as I do daydreaming about outer space, he'd be able to afford a trip to the Taj Mahal. (neutral)",Statement Non Opinion,Statement Non Opinion
I think you would have to clean a whole lot of apartments to go all the way to India. (neutral),Statement Opinion,Statement Opinion
"No. The one in Atlantic City, Dad loves the slots. He says he's gonna double the college money my Grandma left me. (sadness)",Disagreement,Statement Non Opinion
"Oh, um, I don't know if that's a good idea. (joy)",Statement Opinion,Disagreement
"Oh. Look, just friends, I won't grope you. I promise. (neutral)",Statement Opinion,Statement Non Opinion
"No, I just I think that it's too soon. (joy)",Disagreement,Disagreement
"No it's not too soon, I had lunch at a eleven. (neutral)",Disagreement,Disagreement
I invented the game of Cups as a way to give Joey money. (neutral),Statement Non Opinion,Statement Non Opinion
And now you want that money back. (surprise),Statement Non Opinion,Statement Opinion
Exactly. (neutral),Agreement,Agreement
"Chandler, what kind of an idiot do you take me for? (joy)",Statement Opinion,Disagreement
It's not a real game! I made it up! (anger),Statement Non Opinion,Statement Non Opinion
"I'm sorry you lost your money, but I won it fair and square. (joy)",Apology,Statement Opinion
I don't know. (neutral),Statement Non Opinion,Answer
But I can see through your sheet. (neutral),Statement Non Opinion,Statement Non Opinion
"Yeah, yeah, that's her. (neutral)",Statement Non Opinion,Acknowledge
But y'know what? (neutral),Others,Statement Non Opinion
"Doesn't matter, I'm never gonna get to meet her anyway. (sadness)",Statement Opinion,Statement Opinion
Why? (neutral),Question,Question
"Because it's impossible to find her apartment! She lives in some like of hot girl parallel universe, or something. (sadness)",Answer,Statement Opinion
"What are you talking about? She obviously lives on the second floor, seventh apartment from the left! (surprise)",Question,Statement Opinion
No. No. No. She lives on the (neutral),Disagreement,Disagreement
"No, those first two windows, that's the lobby. (neutral)",Statement Non Opinion,Statement Non Opinion
"And y'know the other one over there, that's the stairway. (neutral)",Statement Non Opinion,Statement Non Opinion
You've been counting wrong. (neutral),Statement Non Opinion,Statement Non Opinion
I did (anger),Agreement,Acknowledge
"Monica, betting the apartment, I don't know about this. (fear)",Statement Non Opinion,Statement Opinion
"Rachel, I have not missed one question the whole game. I own this game! Look at my hand. (joy)",Statement Opinion,Statement Opinion
Why? Do you have the answers written on there? (surprise),Question,Question
"No! Steady as a rock! Now, are you with me. (neutral)",Answer,Statement Non Opinion
"All right, let's do it. (fear)",Statement Non Opinion,Agreement
"All right, gentlemen, you're up first. (neutral)",Statement Non Opinion,Command
Okay. (neutral),Agreement,Acknowledge
Okay. (neutral),Agreement,Acknowledge
You have 30 seconds. And the lightning round begins--stop it --now. What was Monica's nickname when she was a field hockey goalie? (neutral),Question,Command
Big fat goalie. (neutral),Answer,Answer
Correct. Rachel claims (neutral),Question,Acknowledge
Dangerous Liaisons (neutral),Answer,Answer
Correct. Her actual favorite movie is... (neutral),Question,Statement Non Opinion
Weekend at Bernie's (neutral),Answer,Answer
"Well, look, why don't you just, why don't you do your Phase Two strip club thing with us. (neutral)",Statement Opinion,Statement Opinion
"Yeah, come on, we can be guys! (joy)",Agreement,Agreement
No you can't. (joy),Disagreement,Disagreement
"You don't want to be guys, you'd be all hairy and wouldn't live as long. (disgust)",Statement Opinion,Statement Opinion
"Y'know you, you just stop being such a wuss and get those off and you come with us and watch naked girls dance around!! (anger)",Statement Opinion,Command
Okay. (neutral),Agreement,Acknowledge
I'm sorry. (sadness),Apology,Apology
"And y'know what, I just realised, in the last year I've only gone out with two guys, Richard and Julio. (surprise)",Statement Non Opinion,Statement Opinion
"You gotta help me out here, you gotta set me up, you gotta get me back in the game. (fear)",Statement Opinion,Command
"Well, that shouldn't be a problem. I mean I work in fashion and all I meet are eligible straight men. (neutral)",Disagreement,Statement Non Opinion
"Pete, can I get you something else? (neutral)",Question,Question
"Yeah, a slice of cheesecake and-and a date if you're given' 'em out. (neutral)",Answer,Statement Opinion
Haven't you and I covered that topic? (neutral),Question,Question
"Hmm, come on, you just said to her that you.... (neutral)",Answer,Statement Non Opinion
"Aww, the only reason you want to go out with me because my blond wig, and the big boobs, and the fact that I serve you food. (joy)",Statement Opinion,Statement Opinion
"Well, if that were true, I'd dating my Aunt Ruth. (joy)",Statement Non Opinion,Statement Opinion
And the two times we went out were just plain awkward. (disgust),Statement Non Opinion,Statement Opinion
"Come on, you think she should go out with me, don't you? (neutral)",Question,Question
"Well, I mean, are you sure you want to go out with her? (neutral)",Question,Question
"I mean that ain't a pretty picture in the morning, y'know what I mean. (disgust)",Statement Non Opinion,Statement Opinion
"That wig all in disarray, and boobs flung over the night stand, y'know. (disgust)",Statement Non Opinion,Statement Opinion
"I mean really, think about it. (neutral)",Statement Non Opinion,Command
"Ho-ho, I will. (neutral)",Agreement,Acknowledge
I believe I read that somewhere! (surprise),Statement Non Opinion,Statement Opinion
"That only is not funny, it's physically impossible! (anger)",Statement Opinion,Disagreement
Okay? (anger),Others,Question
Depending on the species I'd have to have a six foot long... (anger),Statement Non Opinion,Statement Non Opinion
It's not funny! (anger),Statement Opinion,Statement Opinion
I respectfully disagree. (neutral),Disagreement,Disagreement
I can't believe you put that on my alumni page! (anger),Statement Non Opinion,Statement Opinion
Who cares? Nobody reads those things (neutral),Statement Opinion,Statement Opinion
You'd better hope not because I just read what you put on your page today. (anger),Statement Opinion,Statement Opinion
I don't have a page. (neutral),Statement Non Opinion,Statement Non Opinion
Oh oh oh! I RESPECTFULLY DISAGREE!! (anger),Disagreement,Disagreement
I know I miss you too. I can't wait to see you. I love you. Bye. (joy),Statement Non Opinion,Acknowledge
"Okay, what is in here? Rocks? (surprise)",Question,Question
"No-no, this is my collection of fossil samples. (neutral)",Answer,Statement Non Opinion
"So, rocks. (disgust)",Others,Statement Opinion
"I'm really gonna miss this apartment. Y'know, Ben-Ben took his first steps right over there. (sadness)",Statement Non Opinion,Statement Opinion
"Ohh. Hey, remember when I ran into this thing and it kinda knocked me out a little? (joy)",Statement Non Opinion,Statement Opinion
"I loved this place! To tell you the truth, I wish I didn't have to move. (joy)",Statement Opinion,Statement Opinion
"Uhh, are you saying that you're not entirely happy about this? (surprise)",Question,Question
"Well, I mean if uh, if Emily gave me a choice (sadness)",Answer,Statement Opinion
You (neutral),Others,Backchannel
Why? (neutral),Question,Question
"Hey, you guys! Look what I found in the giiiiiiift shop. Get up! Get up! Get up! (joy)",Command,Command
"I left a bra drying on the shower rod, you don't think your son will think it's yours and be horribly traumatised? (joy)",Statement Opinion,Question
"Hey, if mommy can have a wife, daddy can have a bra. (neutral)",Statement Opinion,Statement Non Opinion
"Ohh, it's time to go. (neutral)",Statement Non Opinion,Statement Non Opinion
"Oh, no-no-no, see, that-that clock's a little fast, uh, we have 17 minutes. (neutral)",Statement Non Opinion,Statement Non Opinion
"Huh, what can we do in 17 minutes? (neutral)",Question,Question
Twice? (neutral),Others,Question
Well that's ambitious. (neutral),Statement Opinion,Statement Opinion
"Hey, uh, you can ignore that. (neutral)",Statement Opinion,Command
That's Carol with your son! (surprise),Statement Non Opinion,Statement Non Opinion
"Morning's here! Sunshine is here! The sky is clear, the morning's here! The morning's here! (joy)",Others,Greeting
HEY!! Do you (anger),Question,Question
Oh come on! Morning's here! Morning's here! The morning is here! Sunshine is here! (joy),Others,Greeting
I (neutral),Others,Statement Non Opinion
Are you kidding? I love that guy! Morning's here! Morning is here-- (joy),Answer,Agreement
Stop it! I will kill you. I hate the fact that my room is so small. (anger),Statement Opinion,Command
"Hey, I have all the space I need. Just do what I did. (neutral)",Statement Non Opinion,Statement Non Opinion
"Monica, you don't even have a bed, you sleep in a ball on the floor! (anger)",Statement Non Opinion,Statement Opinion
Y'know what? I am (neutral),Statement Non Opinion,Statement Non Opinion
I'm sorry. I'm so sorry. (sadness),Apology,Apology
Okay. (neutral),Others,Acknowledge
"See, this is a (neutral)",Others,Statement Non Opinion
Shut up! This place is a hole! (anger),Statement Opinion,Command
"All right buddy, time to roll over. (neutral)",Statement Non Opinion,Command
No-no! (fear),Disagreement,Disagreement
"No, no-n-n-n-no!! (fear)",Disagreement,Disagreement
You are going to a clinic! (disgust),Statement Non Opinion,Statement Non Opinion
"You're going to a clinic, and a pyjama store! (disgust)",Statement Non Opinion,Statement Non Opinion
Are you under the sheet? (neutral),Question,Question
Yes. (neutral),Answer,Answer
"Great, let's begin. How's the pressure? (joy)",Question,Statement Non Opinion
Nice! Wow Phoebe you are good! (joy),Answer,Statement Opinion
"Stating the obvious, but thank you. And it's not weird is it. (joy)",Question,Statement Opinion
No. Ooohh (joy),Answer,Agreement
"That's right, you just enjoy. (neutral)",Statement Non Opinion,Command
Oh. Oh yeah! Ohhhhh! Ohh! Oh yeah! (joy),Others,Acknowledge
Okay. (neutral),Others,Backchannel
Oh God Phoebe!! Oh that's it! That's it! Right there! Oh! Ooooh-oooh-ooooh (joy),Others,Acknowledge
Become a drama critic! (joy),Statement Opinion,Command
I am hurt! A plague on both your houses! (sadness),Statement Non Opinion,Statement Non Opinion
"By the way, he dumped me tonight after he read my review. (sadness)",Statement Non Opinion,Statement Non Opinion
"Oh, classy. (disgust)",Statement Opinion,Statement Opinion
"Yep! I sure know how to pick 'em, huh? Y'know I gave up a part on a soap for this! (sadness)",Statement Non Opinion,Statement Non Opinion
"Wow! Yeah I ah, I gave up a job too. (anger)",Statement Non Opinion,Statement Non Opinion
Really. What? (surprise),Question,Question
"Uh, de-clawing cats. (anger)",Others,Statement Non Opinion
"Hey, tell ya what. (neutral)",Statement Non Opinion,Statement Non Opinion
Let me walk you home. (neutral),Statement Opinion,Command
We'll stop by every news stand and burn every copy of their Times and the Post. (anger),Statement Non Opinion,Command
Why the Post? (surprise),Question,Question
"Oh, you didn't see the Post? (surprise)",Question,Question
No. You? (neutral),Answer,Answer
No. Why? (neutral),Question,Question
Hi Joey! What are you doing here? (joy),Question,Greeting
"Uhh, well I've got an audition down the street and I spilled sauce all over the front of my shirt. You got an extra one? (neutral)",Question,Statement Non Opinion
"Yeah, sure. Umm...here. (neutral)",Answer,Answer
Great. You got anything that's not (disgust),Question,Disagreement
"Yeah, I don't think so Joe. (neutral)",Answer,Statement Non Opinion
"All right, I guess this will be fine. (neutral)",Statement Opinion,Agreement
"Hey, listen umm, what-what are you doing tonight? (neutral)",Question,Question
"Nothing, why? (neutral)",Answer,Answer
How would you feel about taking out my assistant Tag? I'll pay. (neutral),Question,Question
"Huh, Rach I got to say it's gonna take a lot of money for me to go out on a date with a dude. (disgust)",Answer,Disagreement
I'm not asking you to go on a (neutral),Statement Non Opinion,Statement Non Opinion
Really? 'Cause I could kinda use the money. (surprise),Statement Opinion,Acknowledge
"Joey, just-just he-he's new in town and I know he doesn't have any guy friends. (neutral)",Statement Non Opinion,Statement Non Opinion
Just take him to like a ball game or something. (neutral),Statement Opinion,Command
I'll really appreciate it. (neutral),Statement Opinion,Statement Opinion
"Yeah, okay. (neutral)",Agreement,Agreement
Yeah? (surprise),Backchannel,Question
"Sure, no problem. Ooh--Hey, donuts! (joy)",Statement Non Opinion,Agreement
"Problem odour in the litter box? Don't change your kitty, change your kitty litter. (neutral)",Statement Opinion,Statement Non Opinion
"Sorry, Pheebs. (sadness)",Apology,Apology
Yeah. You okay? (neutral),Question,Agreement
"No! Sorry, I just thought you were somebody else. Hi! (surprise)",Answer,Disagreement
"Hi. Well, look, I was just gonna leave a message, isn't tonight your, your big anniversary dinner? (neutral)",Question,Question
"Yeah. Well, umm..... (sadness)",Answer,Backchannel
"Rach, are you okay? (surprise)",Question,Question
"Yeah, I'm fine. (sadness)",Answer,Statement Non Opinion
"You wanna talk, I mean I can come over? (neutral)",Statement Opinion,Others
"No! Really, no, please, please, that's, that's okay. (sadness)",Statement Opinion,Disagreement
"All right, all right, I'm coming over, and I'm bringing Chinese food. (neutral)",Statement Non Opinion,Command
"Oh, yeah, I'm not, I'm not hungry. (sadness)",Statement Non Opinion,Statement Non Opinion
It's for me. (neutral),Statement Non Opinion,Statement Non Opinion
"Oh. Okay, bye. (neutral)",Greeting,Acknowledge
"Come on, pick up, pick up! (fear)",Command,Command
Hello? (neutral),Greeting,Greeting
Transit Authority? (neutral),Question,Question
"Yes, hello. (neutral)",Answer,Greeting
"I'm doing research for a book, and I was wondering what someone might do if they left a baby on a city bus. (neutral)",Statement Opinion,Question
"Hi, here's the deal. (neutral)",Statement Non Opinion,Statement Non Opinion
We lost a carseat on a bus today. (neutral),Statement Non Opinion,Statement Non Opinion
"It's white plastic, with a handle, and it fits onto a stroller. (neutral)",Statement Non Opinion,Statement Non Opinion
"Oh, and there was a baby in it. (neutral)",Statement Non Opinion,Statement Non Opinion
He wants to talk to you again. (neutral),Statement Non Opinion,Statement Non Opinion
Hello. (neutral),Greeting,Greeting
I'm sorry I'm a little late. (neutral),Apology,Apology
Whoa (surprise),Others,Backchannel
"Let me start by uh, by introducing myself, I am Professor Geller. (neutral)",Statement Non Opinion,Statement Non Opinion
"So to sum up, I'm Professor Geller. (neutral)",Statement Non Opinion,Statement Non Opinion
"Good evening, sir. (neutral)",Greeting,Greeting
My name is Ross Geller. (neutral),Statement Non Opinion,Statement Non Opinion
I'm one of the people who applied for the apartment. (neutral),Statement Non Opinion,Statement Non Opinion
And I-I realize that the competition is fierce but--I'm sorry. (neutral),Statement Opinion,Apology
"I, I can't help but notice you're naked and I applaud you. (joy)",Statement Non Opinion,Statement Opinion
"Man, I wish I was naked. (neutral)",Statement Opinion,Statement Opinion
"I mean, this-this looks so great. (joy)",Statement Opinion,Statement Opinion
That is how God intended it. (neutral),Statement Opinion,Statement Opinion
"Okay, I have to tell you something that I have never admitted during our entire friendship! (anger)",Statement Non Opinion,Statement Opinion
"But, when we were in high school I made out with James Farrell even when I knew that you liked him! (anger)",Statement Non Opinion,Statement Opinion
"Wow, that feels so good to get off my chest! (joy)",Statement Opinion,Statement Opinion
"Okay, you go! (anger)",Command,Command
My turn? What-what are you talking about? (surprise),Question,Question
"Ugh, Monica, I know about you and Chandler. (disgust)",Answer,Statement Opinion
What?! (surprise),Question,Question
"I overheard you guys on the phone the other day, and you said, ""I'll just tell Rachel that I'm doing laundry for a couple of hours."" (neutral)",Answer,Statement Non Opinion
"And he said, ""Laundry? (neutral)",Statement Non Opinion,Statement Non Opinion
Is (neutral),Others,Statement Non Opinion
Well. Sounds like you're writing yourself a little play there Rach. Wow! Let me know how that one turns out. (joy),Statement Non Opinion,Statement Opinion
"Well, I wouldn't know because I got so freaked out that I hung up the phone. (anger)",Statement Non Opinion,Statement Opinion
"Well, if you had kept listening, you-you would have heard me call him Mr. Big......ot. (neutral)",Statement Non Opinion,Statement Non Opinion
What?! (surprise),Question,Question
Mr. Bigot. He tells the most (neutral),Answer,Statement Non Opinion
All right. So you're telling me that there is nothing going on between you and Chandler. (anger),Statement Non Opinion,Question
Me and Chandler?! (surprise),Question,Question
"I really thought you making a good point. I mean y'know, until you got cut off. (neutral)",Statement Opinion,Agreement
"Yeah, what's up with that girl Monica? (neutral)",Question,Question
I don't know! I didn't come with her! (anger),Answer,Statement Non Opinion
All right everybody! Everybody guess what? I just convinced Paul to give us a test next week! (joy),Statement Non Opinion,Statement Opinion
A test?!! (surprise),Question,Acknowledge
Come on! Tests make us all better learners! Oh yeah! We should have essay questions!! (joy),Statement Opinion,Statement Opinion
"Okay I've got one for you, if you had too which one would you rather eat, a seeing eye dog or a talking gorilla? (neutral)",Question,Question
"I'd have to say...the talking gorilla, because at least I can explain to him that you're making me eat him. (neutral)",Answer,Statement Opinion
Somebody went to college. Wow. What is it? I'm sorry. (surprise),Statement Non Opinion,Acknowledge
"Okay, I hear you loud and clear. Bob will stay put. (neutral)",Statement Non Opinion,Acknowledge
I think it's best sir. (neutral),Statement Opinion,Agreement
But we really do need to find someone up here. (neutral),Statement Opinion,Statement Non Opinion
The work is starting to pile up. (neutral),Statement Non Opinion,Statement Non Opinion
I've got a stack of documents on my desk this high. (neutral),Statement Non Opinion,Statement Non Opinion
"Y'know what you should do, just toss 'em in the shedder and claim you never got 'em. (neutral)",Statement Opinion,Statement Opinion
That's a good one. (neutral),Apology,Agreement
What does a guy have to (neutral),Others,Question
"Yeah, yeah, everybody's here. Hey, everybody, say hi to Julie in New Mexico. (neutral)",Greeting,Acknowledge
"Hi, Julie! (joy)",Greeting,Greeting
Isn't there a national football league. (neutral),Question,Question
"Yes. Yes, there is, they play on Sundays and Monday nights. (neutral)",Answer,Answer
Oh shoot! I work Monday nights. (sadness),Statement Non Opinion,Statement Non Opinion
"Umm, this stuffing is amazing. Do you think we should bring them some? (joy)",Question,Statement Opinion
"When they're hungry enough, they'll come in. (neutral)",Answer,Statement Opinion
"Hey Joey, you wanted to talk to me? (neutral)",Question,Greeting
"I don't know. You uh, you got something for me? (neutral)",Question,Question
"Oh, yeah, this is from Rachel. (neutral)",Answer,Statement Non Opinion
Ten. Okay. Now Tag there's such a thing as too many women. (neutral),Statement Non Opinion,Statement Opinion
Really? (surprise),Question,Question
"Yeah, for you! (joy)",Answer,Statement Opinion
"Oh, Danielle! I wasn't expecting the machine... Give me a call when you get a chance. Bye-bye. Oh God! (surprise)",Statement Non Opinion,Acknowledge
That's (neutral),Others,Statement Non Opinion
"Hey, I've been honing! (anger)",Statement Non Opinion,Statement Opinion
What was with the dishes? (neutral),Question,Question
"Oh, uh.. (fear)",Backchannel,Backchannel
I want her to think I might be in a restaurant.. y'know? (fear),Answer,Statement Opinion
"I might have some kind of life, like I haven't been sitting around here honing for the past few hours. (anger)",Statement Opinion,Statement Opinion
"Look look! He's doing it again, the guy with the telescope! (surprise)",Statement Non Opinion,Statement Opinion
Oh my God! Go away! Stop looking in here! (anger),Command,Command
"Great, now he's waving back. (disgust)",Statement Non Opinion,Statement Opinion
"Man, we gotta do something about that guy. (disgust)",Statement Opinion,Statement Opinion
"This morning, I caught him looking into our apartment. (disgust)",Statement Non Opinion,Statement Non Opinion
It creeps me out! (anger),Statement Opinion,Statement Opinion
I feel like I can't do stuff! (anger),Statement Opinion,Statement Opinion
What kinda stuff? (joy),Question,Question
"Will you grow up? I'm not talking about sexy stuff, but, like, when I'm cooking naked. (disgust)",Answer,Command
You cook naked? (surprise),Question,Question
"Yeah, toast, oatmeal... nothing that spatters. (neutral)",Answer,Statement Non Opinion
What are you looking at me for? I didn't know that. (surprise),Question,Question
Y'know they say a watched pot never beeps. (neutral),Statement Non Opinion,Statement Non Opinion
"It's just y'know, been a couple of hours, and she hasn't called. Not that I even care, y'know. (sadness)",Statement Opinion,Statement Opinion
Phoebe why don't you just call her? You obviously want to. (neutral),Statement Opinion,Command
You think you know me so well. (anger),Statement Non Opinion,Disagreement
"Well, don't 'cha wanna? (neutral)",Question,Question
Yeah. (neutral),Answer,Agreement
"Okay, well I do know you. (neutral)",Agreement,Statement Opinion
That's what I said. (neutral),Acknowledge,Acknowledge
Well so? (neutral),Question,Question
I can't. (sadness),Answer,Statement Non Opinion
I can't. (sadness),Answer,Statement Non Opinion
"She dumped me, I mean I totally trusted her and then one day it was 'Okay, bye Pheebs' gone. (sadness)",Statement Non Opinion,Statement Opinion
"Y'know what the saddest part is, when we were playing together, that was like the most fun I've ever had in like all my lives. (sadness)",Statement Opinion,Statement Opinion
"Ok, bye. Well, Monica's not coming, it's just gonna be me and Rachel. (neutral)",Statement Non Opinion,Statement Non Opinion
"Oh. Well, hold on camper, are you sure you've thought this thing through? (neutral)",Question,Question
It's laundry. The thinking through is minimal. (neutral),Answer,Statement Non Opinion
"It's just you and Rachel, just the two of you? This is a date. You're going on a date. (joy)",Question,Statement Opinion
Nuh-uh. (fear),Answer,Disagreement
Yuh-huh. (joy),Disagreement,Agreement
"So what're you saying here? I should shave again, pick up some wine, what? (surprise)",Question,Question
"Well, you may wanna rethink the dirty underwear. (disgust)",Answer,Statement Opinion
This is basically the first time she's gonna see your underwear--you want it to be dirty? (surprise),Question,Question
No. (neutral),Answer,Acknowledge
"Oh, and uh, the fabric softener? (neutral)",Question,Question
"Ok, ok, now what is wrong with my (anger)",Question,Question
"Ok, so it's just because it was my table, I have to buy a new one? (anger)",Question,Question
That's the rule. (neutral),Answer,Statement Non Opinion
"What rule? There's no rule, if anything, you owe me a table! (anger)",Statement Opinion,Disagreement
How'd you get to that? (anger),Question,Question
"Well, I believe the piece of furniture was fine until your little breakfast adventure with Angela Delvecchio (anger)",Answer,Statement Opinion
You knew about that? (surprise),Question,Question
"Well, let's just say the impressions you made in the butter left little to the imagination. (disgust)",Statement Non Opinion,Statement Opinion
"Ok, ok, How about if we split it? (neutral)",Question,Others
"What do you mean, like, buy it together? (neutral)",Answer,Question
Yeah (neutral),Agreement,Agreement
You think we're ready for something like that? (neutral),Question,Question
Why not? (neutral),Answer,Question
"Well, it's a pretty big commitment, I mean, what if one of us wants to move out? (neutral)",Statement Opinion,Statement Opinion
"Why, are you moving out? (surprise)",Question,Question
I'm not moving out. (neutral),Answer,Statement Non Opinion
You'd tell me if you were moving out right (fear),Statement Non Opinion,Question
"Yeah, yeah, it's just that with my last roommate Kip... (neutral)",Statement Non Opinion,Statement Non Opinion
"Aw, I know all about Kip! (anger)",Statement Non Opinion,Statement Opinion
"It's just that we bought a hibachi together, and then he ran off and got married, and things got pretty ugly. (anger)",Statement Non Opinion,Statement Opinion
"Well, let me ask you something, was Kip a better roommate than me? (sadness)",Question,Question
"Aw, don't do that (sadness)",Answer,Statement Opinion
"Ooh, oh no! I have to go! I have a massage appointment. (sadness)",Statement Non Opinion,Acknowledge
"Oh no, stay here we'll keep doing this. I'll pay you. (neutral)",Command,Command
"No, I got in trouble for that before. I'll see you later. (neutral)",Disagreement,Statement Non Opinion
Absolutely. I love the way you kiss. (joy),Statement Opinion,Agreement
Oh my God! Oh my God! I'm so sorry! (fear),Apology,Apology
"Aw forget it, it's from (neutral)",Statement Non Opinion,Statement Non Opinion
You think you can knock up my daughter and then not marry her?! I'm gonna kill you!! (anger),Statement Non Opinion,Others
Y'know this is actually not a great time for me. (sadness),Statement Opinion,Statement Opinion
"Okay! So, we'll just stay married. (joy)",Statement Non Opinion,Agreement
"Yes, exactly! (joy)",Agreement,Agreement
And I will make everyone call me Mrs. Geller! (joy),Statement Non Opinion,Statement Opinion
"Wow! This is so amazing. I uh, I really thought I'd have to talk you into this more. (joy)",Statement Opinion,Statement Opinion
What-wh-what so we'll just stay married forever?! (surprise),Question,Question
"Okay, look, how is this gonna affect you? (neutral)",Question,Question
Really? (anger),Others,Question
I mean you fill some form out once and a while and instead of checking the box that says Ms you check the box that says Mrs.! (joy),Statement Non Opinion,Statement Opinion
It's (neutral),Others,Statement Non Opinion
"Ohh, okay, I'm sorry. (sadness)",Apology,Apology
You're right. (neutral),Statement Opinion,Agreement
Y'know what? (neutral),Others,Others
I'm asking you to do me a favor. (neutral),Statement Non Opinion,Command
You are asking me to be your wife! (anger),Statement Non Opinion,Disagreement
And as my wife I think you should grant me this favor. (neutral),Statement Opinion,Command
Oh my God! (surprise),Others,Statement Non Opinion
"I know, I know, I'm such an idiot. (joy)",Statement Opinion,Apology
"My brother's going through that right now, he's such a mess. How did you get through it? (neutral)",Question,Question
"Well, you might try accidentally breaking something valuable of hers, say her- (neutral)",Answer,Statement Non Opinion
#NAME? (neutral),Answer,Others
"That's one way! Me, I- I went for the watch. (neutral)",Statement Opinion,Statement Non Opinion
You actually broke her watch? (surprise),Question,Question
"Barry, I'm sorry... (sadness)",Apology,Apology
I am so sorry... (sadness),Apology,Apology
"I know you probably think that this is all about what I said the other day about you making love with your socks on, but it isn't... it isn't, it's about me, and I ju- Hi, machine cut me off again... anyway... (sadness)",Statement Opinion,Apology
"No real-, honey, really it's fine, just g-go with Susan. (neutral)",Statement Non Opinion,Acknowledge
"Really, I, no, I think girls night out is a great idea. (joy)",Statement Opinion,Agreement
"Okay, okay, bye (neutral)",Greeting,Acknowledge
So what are they doing? (neutral),Question,Question
"I don't know, something girlie. (joy)",Answer,Statement Non Opinion
"Hey, you're early. (neutral)",Statement Opinion,Greeting
What are you doing with the lamp? (surprise),Question,Question
I'm just taking it to be re-wired. (neutral),Answer,Statement Non Opinion
"Oh, well don't take it to the same place you took the stereo, 'cause they've had that thing for over a week. (disgust)",Statement Opinion,Statement Opinion
"No, no, Mr. Heckles no one is making any noise up here. (neutral)",Statement Non Opinion,Disagreement
You're disturbing my oboe practice. (anger),Statement Non Opinion,Statement Opinion
You don't play the oboe! (anger),Statement Non Opinion,Disagreement
I could play the oboe! (anger),Statement Opinion,Disagreement
Ohhh! That is soo sweet! (joy),Apology,Statement Opinion
"Okay, okay look, I know I'm being Mr. Inappropriate today, but it's just so tough, I mean see you walking around and I just wanna touch you and hold you, come on no one's around, just, just kiss me. (joy)",Statement Opinion,Statement Opinion
"All right that's, that's it!! Get off her! (anger)",Command,Command
What is going on? (surprise),Question,Question
What's going on?! That's what's going on!! (anger),Answer,Statement Non Opinion
Ross! (surprise),Others,Acknowledge
I have been down in your store for twenty minutes trying to get a tie! (anger),Statement Non Opinion,Statement Non Opinion
What do I have to do to get some service?! (anger),Question,Question
Hi Rach. (neutral),Greeting,Greeting
Ross? (neutral),Statement Non Opinion,Greeting
Yeah? (neutral),Backchannel,Acknowledge
Hey it's Mona! From the wedding. (joy),Greeting,Greeting
Oh hi! (joy),Greeting,Greeting
Hi! (joy),Greeting,Greeting
Wow! Uh...how are you? (surprise),Question,Question
"I'm good except umm, you still owe me a dance. (neutral)",Answer,Statement Non Opinion
"Oh that's right. Well uh, would you be interested in seeing a Ukrainian film? (joy)",Question,Question
Oh you're serious. Sure! (surprise),Answer,Agreement
Great! Well umm (joy),Others,Acknowledge
I think I might need one more cup of coffee. (neutral),Statement Opinion,Statement Non Opinion
"Sure! Uh, let me get it for ya. (neutral)",Agreement,Command
Okay. (neutral),Others,Acknowledge
"Look, I feel really bad about how I freaked you out before, so I called the father and asked him to meet you here so you can tell him. (sadness)",Statement Opinion,Apology
Go! (anger),Command,Command
"What? Hey wait a minute! Phoebe, how do you even know who the father is? (surprise)",Question,Question
"I may play the fool at times, but I'm a little more than a pretty blond girl with an ass that won't quit. (anger)",Answer,Statement Opinion
I believe this belongs to the father of your baby. (neutral),Statement Opinion,Statement Non Opinion
"Oh God... Oh, he's in there right now? (surprise)",Statement Non Opinion,Question
Uh-huh. Now you can turn around or you can go in there and rip the Band-Aid off. What to you want to do? (neutral),Question,Question
"Uh, let's rip! (fear)",Answer,Agreement
Really? Are you sure? (surprise),Question,Question
Oh Phoebe! (joy),Backchannel,Acknowledge
"Okay, sorry. Yeah. (neutral)",Apology,Apology
Hey Rach. (neutral),Greeting,Greeting
"Hey, thank you so much for these tickets, Chandler. (joy)",Statement Non Opinion,Greeting
"Oh well, this was a really important experience for me, and I wanted to share it with you. (joy)",Statement Non Opinion,Statement Opinion
"Oh, you're so wonderful. (joy)",Statement Opinion,Statement Opinion
"It can't be me, I'm standing right here. (neutral)",Statement Opinion,Disagreement
Wanna peek? (neutral),Question,Question
No! (disgust),Answer,Disagreement
Come on! (surprise),Command,Command
We're not peeking? (sadness),Question,Question
Well I'm peeking. Oh my God! (surprise),Answer,Statement Opinion
"Hello sir, you know Monica. (neutral)",Statement Non Opinion,Greeting
Chandler is fantastic!! (joy),Statement Opinion,Statement Opinion
What?! (surprise),Question,Question
Y'know how people just click? (joy),Statement Non Opinion,Statement Opinion
"Like he came by to pick me up, and I opened the door, and it was just like, click! (joy)",Statement Non Opinion,Statement Opinion
Did he tell you? (surprise),Question,Question
"Oh, and he's got such a good heart! Doesn't he have a good heart? (joy)",Question,Statement Opinion
"Oh, I know... (joy)",Answer,Acknowledge
"Oh, I know and he's soo sweet! Listen, he said he was going to call, so put him straight through. (joy)",Answer,Statement Opinion
Isn't this great?! (joy),Statement Opinion,Question
Don't spoil it. (neutral),Command,Command
Hi. (neutral),Greeting,Greeting
"Hi, sweetie! (joy)",Greeting,Greeting
Hello. (neutral),Greeting,Greeting
"Hi, Ross. (neutral)",Greeting,Greeting
"Yeah, huh. (neutral)",Backchannel,Acknowledge
I?ve got some bad news. (sadness),Statement Non Opinion,Statement Non Opinion
What? (fear),Question,Question
"I can get a quick bite to eat, but then I have to come back up here. (neutral)",Answer,Statement Non Opinion
"Come on sweetie! You?ve had to work late every night for the past two weeks, what is it this time? (sadness)",Question,Question
"But work comes first! Oh hey, but that?s sad about you though, what happened? Burn out? Burn all out, did ya? (joy)",Question,Statement Opinion
"Nooo, he?s leaving for a better job. (neutral)",Answer,Statement Non Opinion
"Oh well that?s great, so I guess this is ah, this is good bye then. Huh? Good bye. (joy)",Greeting,Statement Opinion
"Okay, then. (neutral)",Agreement,Acknowledge
Okay. (neutral),Others,Acknowledge
Well we?re gonna miss you around here. (sadness),Statement Opinion,Statement Opinion
"Yeah, me too. (sadness)",Agreement,Statement Opinion
"So, see ya on Saturday. (neutral)",Greeting,Statement Non Opinion
"Yeah, you bet. (neutral)",Agreement,Acknowledge
Whazzup?? (neutral),Question,Greeting
"Seriously dude, 3 years ago. (joy)",Statement Non Opinion,Statement Non Opinion
"Listen, can you do me a favor? (neutral)",Question,Question
I'm gonna be out today. (neutral),Statement Non Opinion,Statement Non Opinion
"Can you just keep an eye on Joey, make sure nothing happens between him and Molly? (neutral)",Question,Command
You don't trust him? (surprise),Question,Question
I think the check in is that way. (neutral),Statement Opinion,Statement Opinion
Ahh. (neutral),Backchannel,Acknowledge
"Monica face it, Chandler is against marriage. And-and always will be! (neutral)",Statement Opinion,Statement Non Opinion
Well there's some people who do want to marry me. (anger),Statement Non Opinion,Statement Opinion
There are? (surprise),Others,Question
Yeah! Richard! (anger),Backchannel,Statement Non Opinion
R-R-Richard said he wants to marry you?! And-and Chandler's tellin' ya how much he hates marriage?! (surprise),Statement Non Opinion,Question
That's right. (neutral),Agreement,Acknowledge
Chandler (neutral),Others,Backchannel
You just told me that he hates marriage! (surprise),Statement Non Opinion,Statement Non Opinion
That-that he's a-a complex fellow who's unlikely to take a wife! (anger),Statement Non Opinion,Statement Opinion
That-that he's against marriage and always will be! (anger),Statement Non Opinion,Statement Opinion
You got (neutral),Others,Backchannel
"You know you probably didn't know this, but back in high school, I had a, um, major crush on you. (fear)",Statement Non Opinion,Statement Non Opinion
I knew. (neutral),Statement Non Opinion,Acknowledge
You did! Oh.... I always figured you just thought I was Monica's geeky older brother. (surprise),Statement Opinion,Statement Opinion
I did. (neutral),Agreement,Acknowledge
Oh. (sadness),Backchannel,Backchannel
"Listen, do you think- and try not to let my intense vulnerability become any kind of a factor here--but do you think it would be okay if I asked you out? (fear)",Question,Question
Sometime? (neutral),Question,Question
Maybe? (neutral),Question,Question
"Yeah, maybe... (joy)",Answer,Agreement
"Okay... okay, maybe I will... (joy)",Others,Agreement
"Well, I just thought it'd make me feel good to do something nice for my friend. (neutral)",Statement Opinion,Statement Non Opinion
"Well, you're amazing. (joy)",Apology,Statement Opinion
Oh no-no-no. (neutral),Disagreement,Disagreement
"A TV as if it appears from nowhere! That's the dream! Man, how did you afford this stuff? (surprise)",Question,Question
"Well, y'know I'm 29. I mean who needs a savings account. (neutral)",Answer,Statement Non Opinion
"Oh, you are the best friends anyone has ever had. (joy)",Statement Opinion,Statement Opinion
"Oh, I don't know. (fear)",Statement Non Opinion,Statement Opinion
"Oh-no-no-no, you are! (joy)",Statement Non Opinion,Agreement
"You do this, you give me the great advice, and hey listen, I was thinking about what you said yesterday about focusing on one woman, I'm gonna do that. (joy)",Statement Opinion,Statement Opinion
You mean with Casey. (neutral),Question,Statement Non Opinion
"No-no-no, I think I'm gonna see how things go with Kathy. She's pretty cool. (neutral)",Answer,Statement Non Opinion
Or Casey. (neutral),Others,Statement Non Opinion
"No-no, Kathy. (neutral)",Disagreement,Statement Non Opinion
Could be Casey. (neutral),Statement Opinion,Statement Non Opinion
"No. No, Kathy. (neutral)",Disagreement,Statement Non Opinion
Consider Casey. (neutral),Statement Opinion,Command
I think somebody's got a little crush on Casey. (joy),Statement Opinion,Statement Opinion
How 'bout I fix you two up? (joy),Question,Others
What do you think? (joy),Question,Question
That all the pieces of my life are falling right into place! (joy),Answer,Statement Opinion
"Hey, anybody got a length of rope about six feet long with a little nouse at the end? (neutral)",Question,Question
"Honey, what's the matter? (neutral)",Question,Question
I just saw Janice. (neutral),Answer,Statement Non Opinion
"Cause every time I see your face, I can't help but fall from grace. I know..... (joy)",Others,Statement Opinion
Wow! This girl is good. (surprise),Statement Opinion,Statement Opinion
"Oh-ho yeah! A song with rhyming words. Oo, I never thought of that before. (anger)",Statement Non Opinion,Statement Opinion
I like her. (neutral),Statement Opinion,Statement Opinion
Why? Because she can sing and play guitar and do both at the same time? (neutral),Statement Opinion,Question
"Well, that's pretty much all I'm looking for from these people. (neutral)",Statement Non Opinion,Statement Opinion
Look at you. All jealous. (anger),Statement Non Opinion,Statement Opinion
"Yeah Pheebs, come on, you two have completely different styles. Y'know, she's more.. y'know, and you're more (neutral)",Statement Opinion,Statement Non Opinion
Say you'll stay beside me (sadness),Others,Command
"Okay, see, see, everyone else is happy she's done. (anger)",Statement Non Opinion,Statement Opinion
"Okay, my next song's called: Phoebe Buffay, What Can I Say. (neutral)",Statement Non Opinion,Statement Non Opinion
"I Really Loved When We Were Singing Partners, And I Shouldn't Have Left You That Way. (neutral)",Statement Opinion,Statement Non Opinion
"Oh no, one of those 'look for the hidden meaning' songs. (neutral)",Statement Non Opinion,Statement Opinion
"Yes, hello. (neutral)",Greeting,Greeting
I have a question. (neutral),Statement Non Opinion,Statement Non Opinion
"Umm, I used your pen to draw on my friend's face. (neutral)",Statement Non Opinion,Statement Non Opinion
A beard and a moustache. (neutral),Statement Non Opinion,Statement Non Opinion
Thank you. (neutral),Greeting,Acknowledge
"No, (neutral)",Disagreement,Disagreement
What?! What else did he say? (surprise),Question,Question
"Umm, he said he thought I was funny. (neutral)",Answer,Statement Non Opinion
"So... Okay, look-look umm, let's just go downstairs, we'll have some fun, and you will forget all about it. (neutral)",Statement Opinion,Command
"Ross, no! There is (anger)",Disagreement,Disagreement
"Oh, come on! Rach, it's-it's not that bad. (neutral)",Statement Opinion,Statement Opinion
"Ross, I am a human doodle!! (anger)",Statement Non Opinion,Statement Opinion
"Look, just because some idiot drew on your face doesn't mean you shouldn't have any fun! (neutral)",Statement Opinion,Statement Opinion
"And besides, hey-hey-hey no one is even gonna (neutral)",Statement Non Opinion,Statement Non Opinion
"Okay, there was (neutral)",Others,Acknowledge
Come on! (joy),Others,Command
"Oh wait, don't you have to pay for your, Busty Ladies? (joy)",Question,Question
"No, it's okay. Some-some kid asked me to pick it up for him, but I don't (neutral)",Answer,Statement Non Opinion
Oh my God!!! What are you doing?!! (surprise),Question,Question
"You said, you wanna come in for some lemonade? (neutral)",Answer,Statement Non Opinion
So?! (disgust),Question,Statement Opinion
"Whoa, ah!! We're you just gonna give me some lemonade? (surprise)",Answer,Question
Yeah huh!! Cover yourself up! (disgust),Command,Command
"Oh right, right. (neutral)",Agreement,Acknowledge
"I don't believe this! When someone asks you in for lemonade, and to you that means they wanna have sex? (disgust)",Question,Statement Opinion
Well usually...yeah! (surprise),Answer,Statement Opinion
"Well, not just lemonade, iced tea, sometimes juice. (neutral)",Statement Non Opinion,Statement Non Opinion
"Well, sorry, I just, I thought you liked me. (neutral)",Statement Opinion,Apology
I'm such a jerk. (sadness),Statement Non Opinion,Statement Opinion
"It's okay. I suppose it could happen to anyone, not anyone I know, but... By the way I can still see it. (neutral)",Statement Opinion,Statement Opinion
Hmmm... this is so nice. (joy),Statement Opinion,Statement Opinion
"OK, I have a question. Well, actually, it's not so much a question as.. more of a general wondering... ment. (neutral)",Statement Non Opinion,Question
OK. (neutral),Backchannel,Acknowledge
"OK. Here goes. For a while now, I've been wanting to, um.... (neutral)",Statement Non Opinion,Statement Non Opinion
Ohhh!!!! (surprise),Backchannel,Backchannel
"Yes, yes, that's right... (neutral)",Statement Non Opinion,Agreement
"Oh, look at the little cat! (surprise)",Command,Statement Non Opinion
What? Ow! (surprise),Question,Question
"Well, I was probably going to do it at some point. (neutral)",Statement Opinion,Statement Non Opinion
I didn't mean (neutral),Statement Non Opinion,Apology
It's brilliant! (joy),Statement Opinion,Statement Opinion
"Goodbye Mike, we'll see you at the wedding, fella! (joy)",Greeting,Greeting
"well, we probably won't invite you to the wedding... (neutral)",Statement Non Opinion,Statement Non Opinion
"Thank you, Chandler. (neutral)",Greeting,Acknowledge
Sincerely. (neutral),Others,Statement Non Opinion
"Well, you're welcome! Glad I could help. (joy)",Greeting,Agreement
"David, I'm pretending to (neutral)",Others,Statement Non Opinion
"Okay, you have 19 questions left. Use them wisely. Come on Joey! You can't win if you don't ask any (joy)",Statement Opinion,Command
What?! (surprise),Question,Question
"Well, you promised me a fun road trip! (joy)",Answer,Statement Opinion
We've been on the road six hours and you've been asleep for five and a half! (anger),Statement Non Opinion,Statement Non Opinion
We are switching at the next rest stop and (anger),Statement Non Opinion,Statement Non Opinion
All right. All right. (neutral),Agreement,Agreement
Yeah! And until then you are going to sing to me because the radio's broken and you are selfish but have a nice voice. (anger),Statement Opinion,Statement Opinion
Really? I don't (surprise),Question,Question
Sing!! (anger),Command,Command
Morning! (joy),Others,Greeting
Everything was delicious! (joy),Statement Opinion,Statement Opinion
Thank you! (joy),Greeting,Acknowledge
It was. The duck in particular was superb. (joy),Statement Opinion,Statement Opinion
Thank you! You haven't said anything... (joy),Statement Non Opinion,Acknowledge
Actually I do have one small complaint. (neutral),Statement Non Opinion,Statement Non Opinion
Oh..please!I-I welcome criticism. (neutral),Statement Opinion,Acknowledge
The musician right outside the restaurant...it's kind of a mood-killer! (sadness),Statement Opinion,Statement Opinion
What musician? (surprise),Question,Question
We did? (neutral),Question,Question
You owe me 20 bucks. (joy),Statement Non Opinion,Statement Non Opinion
Thank you. Thank you so much! (joy),Greeting,Acknowledge
"Chandler, here you go, got your traditional Thanksgiving feast, you got your tomato soup, your grilled cheese fixin's, and your family size bag of Funyuns. (neutral)",Statement Non Opinion,Statement Non Opinion
"Wait, wait, Chandler, this is what you're havin' for Thanksgiving dinner? (surprise)",Question,Question
"What, what, what is it with you and this holiday? (anger)",Question,Question
"All right, I'm nine years old. (neutral)",Answer,Statement Non Opinion
"Oh, I hate this story. (sadness)",Statement Opinion,Statement Opinion
We just finished this magnificent Thanksgiving dinner. (neutral),Statement Non Opinion,Statement Non Opinion
"I have--and I remember this part vividly--a mouthful of pumpkin pie, and this is the moment my parents choose to tell me they're getting divorced. (sadness)",Statement Non Opinion,Statement Non Opinion
Oh my god. (surprise),Backchannel,Acknowledge
Yes. It's very difficult to appreciate a Thanksgiving dinner once you've seen it in reverse. (sadness),Statement Opinion,Statement Opinion
"Hey, who's this little naked guy? (surprise)",Question,Question
That little naked guy would be me. (neutral),Answer,Answer
"Aww, look at the little thing. (surprise)",Statement Non Opinion,Statement Opinion
Who are those people? (surprise),Question,Question
Got me. (surprise),Others,Answer
"Oh, that's Nana, right there in the middle. 'Me and the gang at Java Joe's'. (neutral)",Answer,Statement Non Opinion
"Wow, Monica, you look just like your grandmother. How old was she there? (surprise)",Question,Question
"Let's see, 1939... yeah, 24, 25? (neutral)",Answer,Answer
Looks like a fun gang. (neutral),Statement Opinion,Statement Opinion
"Ooh, look-look-look-look-look! I got Monica naked! (joy)",Statement Non Opinion,Statement Opinion
"So, what's this about? (joy)",Question,Question
"Rachel has something that she wants to tell you and umm, I believe that this is your red sweater. (neutral)",Answer,Statement Non Opinion
No. This is my red sweater. (neutral),Disagreement,Statement Non Opinion
Oh no. Could I get anyone a coffee or...poison? No? Just for me? Okay. (fear),Question,Apology
What's going on Rach? (joy),Question,Question
"Nothing! Phoebe kinda made a mistake. But y'know you do wear that sweater a lot, are you involved in some kind of dare? (fear)",Answer,Statement Opinion
"Y'know, I'm actually glad Phoebe called. (joy)",Statement Opinion,Statement Opinion
"I know we broke up because you thought I wasn't mature enough, but I've really grown up and think we should get back together. (joy)",Statement Opinion,Statement Opinion
"Oh, it's just not the right time. (sadness)",Disagreement,Statement Opinion
It is the right time. (joy),Agreement,Statement Opinion
Okay. (neutral),Backchannel,Acknowledge
Kay! (joy),Others,Greeting
in the category of Favorite Returning Male Character the nominees are: John Wheeler from (neutral),Statement Non Opinion,Statement Non Opinion
What the?! (surprise),Question,Statement Non Opinion
Yeah. (neutral),Answer,Backchannel
"You're an Aquarius, huh? (neutral)",Question,Question
I bet you're a Gemini. (neutral),Question,Statement Opinion
Nope. (neutral),Answer,Disagreement
Taurus? (neutral),Question,Question
Nope. (neutral),Answer,Disagreement
Virgo? (neutral),Question,Question
Nope. (neutral),Answer,Disagreement
Sagittarius? (neutral),Question,Question
Yep. (neutral),Answer,Agreement
"I knew it! I knew it, ahh.... (joy)",Statement Non Opinion,Statement Opinion
You're not gonna speed anymore right? (neutral),Question,Question
I won't speed. (neutral),Answer,Statement Non Opinion
And you promise you'll get this taken care of right away? (neutral),Question,Question
I promise. (neutral),Answer,Statement Non Opinion
And in the meantime you better let him drive. Does he have a license? (neutral),Question,Command
Yeah! (neutral),Answer,Answer
Can he handle the stick? (neutral),Question,Question
Oh well (neutral),Backchannel,Acknowledge
I can handle the stick!! (anger),Answer,Statement Opinion
Hey! (joy),Greeting,Greeting
I can't believe this is taking so long. How are you doing? (sadness),Question,Question
Oh not bad. Do you know that feeling when you're trying to blow a Saint Bernard out your ass? (sadness),Answer,Answer
Weirdest thing. Did I hear----Mother of God it's true! (surprise),Statement Non Opinion,Statement Non Opinion
Chandler Bing! (surprise),Others,Greeting
Janice (surprise),Others,Acknowledge
"Not just Janice, Janice in labor, contracting and everything. (joy)",Statement Non Opinion,Statement Opinion
"Oh, this should be easy. I have a very wide pelvis. You remember Chandler. (neutral)",Statement Opinion,Statement Non Opinion
Janice I didn't even know you were pregnant! Who's the unwitting human who's essence you've stolen? (surprise),Question,Question
It's you. This is yours. (neutral),Answer,Statement Non Opinion
What?! (surprise),Question,Question
Look how nervous he gets! We haven't slept together in years! (joy),Statement Non Opinion,Statement Opinion
That's funny. Does it-does it hurt? Does the labor hurt? (fear),Question,Question
"Man, I'm starving! What the hell was I thinking at dinner?! ""Do you want soup or salad?"" Both! Always order both! (anger)",Statement Non Opinion,Statement Opinion
"Y'know, y'know I'm lookin' and I don't think anyone's home here. (neutral)",Statement Opinion,Statement Non Opinion
"I say we just break the window, crawl through, and-and y'know explain later. (neutral)",Statement Opinion,Command
Yeah? Really? No one's home? (surprise),Question,Question
I don't think so. Hello? When you get in there (neutral),Answer,Statement Non Opinion
"Hey, what's up? (neutral)",Question,Greeting
I just saw Danny getting on the subway with a girl and he had his arm around her. (sadness),Answer,Statement Non Opinion
"Oh, honey, I'm sorry. (sadness)",Apology,Apology
"Well, you should be, this is all your fault! You meddled in our relationship!! (anger)",Statement Opinion,Disagreement
You had no relationship!! (anger),Disagreement,Disagreement
"No, but I was doing my thing and everything was going according to the plan! (anger)",Disagreement,Disagreement
"Oh God, stop with the plan! (anger)",Command,Command
"So what, so what you saw him with a girl? (neutral)",Question,Question
Who cares?! (anger),Statement Opinion,Statement Opinion
That doesn't mean anything! (anger),Statement Non Opinion,Statement Opinion
"Now look, you're going to go out on a date with Danny and you're going to be so charming he's gonna forget all about that stupid subway girl. (neutral)",Statement Opinion,Command
She was kinda stupid. (neutral),Statement Non Opinion,Statement Opinion
You're right. (neutral),Agreement,Agreement
"All right, I'm just gonna go on the date. (neutral)",Statement Non Opinion,Statement Non Opinion
I'm gonna go on the date. (neutral),Statement Non Opinion,Statement Non Opinion
That is the new plan. (neutral),Statement Opinion,Statement Non Opinion
Hi. (neutral),Greeting,Greeting
Phoebe! (surprise),Greeting,Greeting
Ta-da. (joy),Greeting,Statement Non Opinion
Hey. (neutral),Greeting,Greeting
Hi. (neutral),Greeting,Greeting
"Ahh, look at you, you look great. (joy)",Statement Opinion,Statement Opinion
"Do I? Thank you, so do you. (neutral)",Statement Opinion,Answer
Thanks. (neutral),Greeting,Acknowledge
Sparkly. (neutral),Statement Non Opinion,Statement Non Opinion
"So, wow, this is pretty wonerful, huh. (joy)",Statement Opinion,Statement Opinion
Mr. major capades guy. (neutral),Others,Statement Non Opinion
"I, I remember when you were just, like, King Friday in Mr. Roger's Ice is Nice. (neutral)",Statement Opinion,Statement Non Opinion
You always said I'd make it. (joy),Statement Non Opinion,Statement Opinion
"Yeah, well, ya know, I'm kind of spooky that way. Wooo. (neutral)",Statement Opinion,Statement Non Opinion
I missed you. I'm gonna get changed. (neutral),Statement Opinion,Statement Non Opinion
OK. (neutral),Backchannel,Acknowledge
"Um, now. Phoebs. (neutral)",Backchannel,Command
"Oh, right, OK. Ole. (neutral)",Statement Non Opinion,Acknowledge
What? (neutral),Question,Question
"Um, the matador. Ole, ha ha ha. (joy)",Answer,Statement Non Opinion
"Hi Joey it's Jane Rogers, can't wait for your party tonight. (joy)",Statement Opinion,Greeting
"Listen, I forgot your address, can you give me a call? (neutral)",Question,Question
"Thanks, bye. (neutral)",Greeting,Acknowledge
Hey! (joy),Greeting,Greeting
Hey! (joy),Greeting,Greeting
What's happening? (joy),Question,Question
"Yeah, it's a real shame you can't make it to that one-woman show tonight. (sadness)",Statement Opinion,Statement Opinion
"Oh, I'd love to, but I gotta get up so early the next day and so, you know me, work comes first (neutral)",Statement Non Opinion,Statement Non Opinion
"Oh, yeah, yeah, yeah... (neutral)",Agreement,Backchannel
"""Hi Joey, it's Jane Rogers can't wait for your party tonight"" (joy)",Statement Non Opinion,Greeting
Stupid Jane Rogers!! (anger),Statement Opinion,Statement Opinion
You are having a party tonight?? (surprise),Question,Question
Kinda have a... a thing for the Days Of Our Life's people. (neutral),Answer,Statement Non Opinion
And you weren't going to tell us? How did you think you were gonna get away with that? (anger),Question,Question
I do it every year. (neutral),Answer,Statement Non Opinion
You do that every year?? (surprise),Question,Question
I didn't have to tell you that!! I'm stupider than Jane Rogers!! (anger),Statement Opinion,Statement Opinion
"Oh, that's why you got these tickets to that play, to get rid of us?? (anger)",Question,Question
Yeah... (neutral),Answer,Agreement
And last year is that why you sent us to that medieval times restaurant? (anger),Question,Question
Yeah... (neutral),Answer,Agreement
"OH! And the year before that, when you set up that nighttime tour of that button factory? (anger)",Question,Question
Who's this from? (surprise),Question,Question
"Oh, that's Ross's. (neutral)",Answer,Answer
Oh... Oh my God. He remembered. (surprise),Statement Non Opinion,Statement Opinion
Remembered what? (neutral),Question,Question
It was like months ago. (surprise),Answer,Statement Non Opinion
"We were walking by this antique store, and I saw this pin in the window, and I told him that it was just like one my grandmother had when I was a little girl. (sadness)",Answer,Statement Non Opinion
Oh! (surprise),Backchannel,Acknowledge
I can't believe he remembered! (surprise),Statement Non Opinion,Statement Opinion
"Oh, it's so pretty. This must have cost him a fortune. (surprise)",Statement Opinion,Statement Opinion
I can't believe he did this. (surprise),Statement Non Opinion,Statement Opinion
"Come on, Ross? Remember back in college, when he fell in love with Carol and bought her that ridiculously expensive crystal duck? (neutral)",Statement Non Opinion,Statement Non Opinion
What did you just say? (surprise),Question,Question
F-hah.... flennin.... (fear),Others,Others
Oh.... my God. (surprise),Others,Acknowledge
I really like waking up with you. (joy),Statement Opinion,Statement Opinion
"I like waking up with you too. Oh! It's such a beautiful morning. Oh, I can stay here all day. (joy)",Agreement,Statement Opinion
That would be great! (joy),Statement Opinion,Agreement
We could have breakfast in bed (joy),Statement Opinion,Statement Non Opinion
"Wait, just a second. (neutral)",Statement Non Opinion,Command
Okay. Oh! Oh no. (surprise),Others,Acknowledge
"Well that was depressing, I think I just bought a soft pretzel from one of the kids from (sadness)",Statement Opinion,Statement Opinion
Um-hmm. Oh wait! This is Bonnie. (surprise),Statement Non Opinion,Acknowledge
Hi! (joy),Greeting,Greeting
This is Bonnie? This is Bonnie? You're Bonnie? (surprise),Question,Question
I can show you an ID if you want? (neutral),Answer,Statement Non Opinion
"Oh no, I'm sorry, you look a lot different from the last time I-I saw you. (surprise)",Apology,Apology
"Oh yeah, well I just started wearing bras again. (neutral)",Statement Non Opinion,Statement Non Opinion
"Oh, that must be it. (neutral)",Agreement,Acknowledge
Well I hope you have fun tonight. (neutral),Statement Opinion,Statement Non Opinion
Thanks! You too. (joy),Greeting,Acknowledge
I believe it. (neutral),Statement Non Opinion,Statement Opinion
"Yes, I do. (neutral)",Agreement,Agreement
"No you do--y'know what, you're not gonna suck me into this. (anger)",Statement Opinion,Disagreement
"Oh sure I am, because you always have to be right. (anger)",Statement Non Opinion,Disagreement
"I do not always have to be--okay, okay. (anger)",Statement Non Opinion,Disagreement
Jurassic Park (neutral),Others,Statement Non Opinion
"I'm telling you, something's wrong! My brother does not stay out all night. (fear)",Statement Opinion,Statement Opinion
Maybe we should check the trash chute. (neutral),Statement Opinion,Others
Ross couldn't fit down the trash chute. (neutral),Statement Non Opinion,Statement Non Opinion
"That's right, he almost could. Which is exactly how I got stuck there. (neutral)",Agreement,Statement Non Opinion
Hey! (neutral),Greeting,Greeting
There he is! (joy),Statement Non Opinion,Others
Oh my God! Where the hell have you been?!! (anger),Question,Question
"Just, y'know out. (neutral)",Answer,Statement Non Opinion
"Ohh, out, oh God, I don't know why we didn't think to check there! (anger)",Statement Opinion,Statement Opinion
What were you doing? (neutral),Question,Question
"I uh, went to a bar. And then I just uh, just walked around for a while. (neutral)",Answer,Statement Non Opinion
He hooked up! He hooked up with someone. (surprise),Statement Non Opinion,Statement Opinion
"Look, I don't have to answer your questions! Okay? I'm a big boy, I can do whatever I want! (anger)",Statement Non Opinion,Statement Opinion
He hooked up!! Tell us about her! (joy),Command,Command
Ross you left you scarf in... Hey you guys. (neutral),Greeting,Greeting
"Oh yeah, that looks good. (neutral)",Statement Opinion,Agreement
You guys make a (neutral),Others,Statement Non Opinion
"Yeah, we look great together. (joy)",Agreement,Agreement
Okay. (neutral),Backchannel,Acknowledge
Wow! Imagine what our kids would look like! (joy),Statement Opinion,Statement Opinion
"Y'know, we don't have to imagine. (neutral)",Disagreement,Statement Non Opinion
I'm marrying her. (joy),Statement Non Opinion,Statement Opinion
We'll just see. (neutral),Statement Non Opinion,Statement Non Opinion
Hey! Hey! Be careful around my Porsche! (anger),Command,Command
Hi Joey. (neutral),Greeting,Greeting
Hey! How you doin'? (neutral),Greeting,Greeting
He has the most amazing Porsche under there! (joy),Statement Opinion,Statement Opinion
"I'd love to show ya, but I just tucked her in. (neutral)",Statement Non Opinion,Statement Non Opinion
She's sleeping. (neutral),Statement Non Opinion,Statement Non Opinion
"Hey uh, would you two girls like to go for a drink? (neutral)",Question,Question
"Well, the old lady died. (sadness)",Statement Non Opinion,Statement Non Opinion
And how do I know? (neutral),Question,Question
Her dying wish was for one last kiss. (neutral),Answer,Statement Non Opinion
"But I don't care, because you got the apartment. (joy)",Statement Non Opinion,Statement Opinion
Yes! (joy),Agreement,Agreement
Ewww. Yeah. Umm. I think I'm gonna stay here. (disgust),Statement Opinion,Disagreement
Isn't that great? (joy),Question,Question
Ezels!! (disgust),Others,Statement Opinion
"Smelly cat, smelly cat, what are they feeding you? Smelly cat, smelly cat, it's not your fault. (neutral)",Others,Statement Non Opinion
"Wow, that's great. (joy)",Statement Opinion,Acknowledge
"Oh, yeah! (joy)",Agreement,Agreement
"Y'know you could totally sell this. It'd be perfect for like umm, a kitty litter campaign. (neutral)",Statement Opinion,Statement Opinion
"I..., a jingle? No, no-no-no, no. (neutral)",Disagreement,Disagreement
What? Why not? You could make a ton of money. (surprise),Question,Question
"Okay, well if I was in this for the money, I'd be a millionaire by now, y'know. (neutral)",Answer,Statement Non Opinion
You just got to get out of that jingle head sweetie. (neutral),Statement Non Opinion,Command
"Aw, you're right, you're right. I'm sorry. (neutral)",Agreement,Apology
"That's okay. All right, I'm gonna play song that's really, really sad. It's called Magician Box Mix Up. (joy)",Statement Non Opinion,Statement Non Opinion
"Okay sir, um-mm, let see if I got this right. (neutral)",Statement Non Opinion,Backchannel
"Ah, so this is a half-caf, double tall, easy hazel nut, non-fat, no foam, with whip, extra hot latte, right? (neutral)",Question,Question
"Okay, great. (joy)",Agreement,Acknowledge
You freak. (disgust),Statement Opinion,Statement Non Opinion
Thank you. (joy),Greeting,Acknowledge
"Um, coffee to go, please. (neutral)",Statement Non Opinion,Command
Isabella Rosselini. (neutral),Others,Statement Non Opinion
Are you serious? Oh my God. (surprise),Question,Question
Damn! I can't believe I took her off my list. (anger),Statement Opinion,Statement Opinion
Why? 'Cause otherwise you'd go for it? (neutral),Question,Question
"Yeah, maybe. (neutral)",Answer,Agreement
"Oh-oh, you lie. (disgust)",Statement Non Opinion,Statement Opinion
What you don't think I'd go up to her? (neutral),Question,Question
"Ross, it took you ten years to finally admit you liked me. (neutral)",Statement Non Opinion,Statement Non Opinion
"Yeah, well missy, you better be glad that list is laminated. (anger)",Statement Opinion,Statement Opinion
"You know what honey, you go ahead, we'll call her an alternate. (neutral)",Statement Opinion,Statement Opinion
"Okay, hold my crawler. (neutral)",Statement Non Opinion,Command
Okay. (neutral),Agreement,Acknowledge
"Rach, are you really gonna let him do this? (surprise)",Question,Question
"Honey, he's about to go hit on Isabella Rosselini. I'm just sorry we don't got popcorn. (joy)",Answer,Statement Opinion
"Okay, that's, that's enough. (neutral)",Disagreement,Command
Won't you dance around with me. (neutral),Question,Question
A-ha!!! (surprise),Answer,Backchannel
"Oh-oh-oh, yeah! That's right, you take good care of those babies! (joy)",Statement Opinion,Statement Opinion
Excuse me? (surprise),Question,Question
"It's me, Joey! (joy)",Answer,Statement Non Opinion
Do I know you? (surprise),Question,Question
Joey! (joy),Answer,Statement Non Opinion
"Oh-ho, yeah. Yeah, the hand guy. (neutral)",Acknowledge,Acknowledge
Okay that's fair. (neutral),Agreement,Agreement
All right. (neutral),Others,Acknowledge
Good! (neutral),Apology,Acknowledge
Pick one. (neutral),Command,Command
Left! Thank you. (joy),Greeting,Statement Non Opinion
You're welcome. (neutral),Statement Non Opinion,Acknowledge
Ross! (surprise),Others,Statement Non Opinion
Joey! We should just switch. (neutral),Statement Opinion,Statement Opinion
Yeah absolutely! (joy),Agreement,Agreement
"Rachel, we're sorry for pushing those guys on you. (sadness)",Apology,Apology
Oh that's all right! (joy),Statement Non Opinion,Acknowledge
"Y'know, I ended up having a really good time. (joy)",Statement Non Opinion,Statement Opinion
"Y'know, the charity was a big success and they raised a lot of money and awareness. (joy)",Statement Non Opinion,Statement Opinion
So what was it for anyway? (neutral),Question,Question
I wanna say a disease. (neutral),Answer,Statement Non Opinion
Hey! (surprise),Greeting,Greeting
Hey! (surprise),Greeting,Greeting
I just got this really weird message from Ross. He said turn on (neutral),Statement Non Opinion,Statement Non Opinion
"Oh my God, look! That's Elizabeth! (surprise)",Statement Non Opinion,Statement Non Opinion
Oh-oh Professor Geller. (neutral),Statement Non Opinion,Statement Non Opinion
"Ahh, to be 13 again. (neutral)",Statement Opinion,Statement Opinion
"Hey! So uh, was he excited about the tickets? (neutral)",Question,Greeting
No! He blew us off! (anger),Answer,Answer
What?! (surprise),Question,Question
I know! (surprise),Agreement,Acknowledge
I can't believe it. Can I tell you something? I'm a little mad at him now. (anger),Statement Opinion,Statement Opinion
Can I tell you something? Me too. (anger),Agreement,Statement Opinion
"Y'know what? He didn't want to talk to us about being angry, well maybe we don't talk to him (anger)",Statement Opinion,Statement Opinion
Ooooh! Freeze him out. (joy),Command,Statement Opinion
That's right! (joy),Agreement,Agreement
I like it! (joy),Statement Opinion,Statement Opinion
Doorknob? (neutral),Question,Question
"Yeah, it kinda grows on you. Actually, I wanted to finish talking to you about uh, spring vacation. (neutral)",Answer,Statement Non Opinion
Oh good. (joy),Agreement,Acknowledge
"Look, I... Look, I'm having a great time with you and I just don't want us to move to fast or put to much pressure on us. (fear)",Statement Opinion,Statement Opinion
"So, I'm sorry I just don't think we should go away together yet. (sadness)",Apology,Apology
It's-it's too soon. (fear),Statement Opinion,Statement Opinion
"Ross, I think you misunderstood what I was saying. I just wanted to tell you that I'm going to Florida for a couple weeks. (surprise)",Statement Opinion,Statement Non Opinion
No. I think you misunderstood what (surprise),Statement Opinion,Disagreement
You are so adorable. (joy),Statement Opinion,Statement Opinion
That! Let's talk about that. (joy),Statement Non Opinion,Command
Hey! (joy),Greeting,Greeting
How do you feel? (neutral),Question,Question
"Well, let's just say that Krog will be fully equipped to destroy the universe again in twelve to fourteen hours. (neutral)",Answer,Statement Non Opinion
"Okay, so I (neutral)",Others,Backchannel
And protected them from a tornado? (neutral),Question,Question
Oh my God. (surprise),Others,Acknowledge
"I know, the babies are asleep. (neutral)",Statement Non Opinion,Statement Non Opinion
"Phoebe, what, what happened here?! (surprise)",Question,Question
I did it! I took care of the babies all by myself! (joy),Answer,Statement Opinion
But my apartment! (surprise),Others,Statement Non Opinion
Is not as important as the fact that Phoebe took care of the babies all by herself. (neutral),Statement Non Opinion,Statement Opinion
"You're right, you're right I shouldn't freak out. (neutral)",Agreement,Agreement
Cause this is what will happen when you and I have babies! (neutral),Statement Non Opinion,Statement Non Opinion
When will that be? (neutral),Question,Question
"Phoebe, would you take a look at this mess!!!! (anger)",Question,Command
Hey Ross! The baby's kicking! (joy),Statement Non Opinion,Greeting
What?! It is?! (surprise),Question,Question
It's not kicking right now. Although we would love to see you do that again. (joy),Answer,Statement Non Opinion
"Hey, when-when was it kicking? What happened? (joy)",Question,Question
Last night! I just felt it and I went into Joey's room and he was sleeping (joy),Answer,Statement Non Opinion
A dreamless sleep. (neutral),Statement Non Opinion,Statement Non Opinion
"So c'mon, you guys, tell me all the dirt! (joy)",Statement Non Opinion,Command
"Well, the biggest news is still you dumping Barry at the altar! (neutral)",Statement Non Opinion,Statement Non Opinion
Alright. Let's talk reality for a second. (neutral),Statement Non Opinion,Statement Non Opinion
Okay. (neutral),Statement Non Opinion,Acknowledge
When are you coming home? (neutral),Question,Question
"What? Guys, I'm not. (surprise)",Answer,Disagreement
"C'mon, this is us. (neutral)",Statement Non Opinion,Statement Non Opinion
I'm not! This is what I'm doing now. I've got this job- (neutral),Statement Non Opinion,Statement Non Opinion
Waitressing? (surprise),Question,Question
"Okay, I'm not just waitressing. (neutral)",Answer,Statement Non Opinion
I'm.. (neutral),Backchannel,Backchannel
"I, um... (neutral)",Backchannel,Backchannel
"I write the specials on the specials board, and, uh... and I, uh... (neutral)",Statement Non Opinion,Statement Non Opinion
"I take the uh dead flowers out of the vase... Oh, and, um, sometimes Artelle lets me put the little chocolate blobbies on the cookies. (sadness)",Statement Non Opinion,Statement Non Opinion
"We get off around midnight, why don't we pick you up then? (neutral)",Question,Statement Non Opinion
"So, um, will you bring the truck? (neutral)",Question,Question
I'll even let you ring the bell. (neutral),Answer,Statement Non Opinion
"Oh, my god. (surprise)",Others,Acknowledge
"See, there you go, the cleansing works! (joy)",Statement Non Opinion,Statement Opinion
They're nice guys. (neutral),Statement Opinion,Statement Opinion
"Oh, they're firemen guys. (joy)",Statement Non Opinion,Acknowledge
Your son. (neutral),Question,Statement Non Opinion
"No-no-no. I don't have a son named Jordie. We all agreed, my son's name is Jamie. (anger)",Answer,Disagreement
"Well, Jamie was the name of Susan's first girlfriend, so we went back to Jordie. (neutral)",Statement Non Opinion,Statement Non Opinion
"What? Whoa, whoa whoa whoa, what do you mean, (surprise)",Question,Question
"Ow, ow, ow, ow, leg cramp, leg cramp, leg cramp. (anger)",Statement Non Opinion,Statement Non Opinion
I got it. (neutral),Statement Non Opinion,Acknowledge
I got it. (neutral),Statement Non Opinion,Acknowledge
"I got it! Hey, you get to sleep with her, I get the cramps. (anger)",Statement Opinion,Statement Opinion
"No, you don't. (neutral)",Disagreement,Disagreement
"All right, that's it. I want both of you out. (anger)",Statement Opinion,Command
Why? (surprise),Question,Question
He started it! (anger),Statement Non Opinion,Statement Opinion
"No, you started it. (anger)",Disagreement,Disagreement
"I don't care. I am trying to get a person out of my body here, and you're not making it any easier. (anger)",Statement Non Opinion,Statement Opinion
Now go! (anger),Statement Non Opinion,Command
Thanks a lot. (anger),Greeting,Statement Opinion
See what you did. (anger),Statement Non Opinion,Statement Opinion
"Yeah, listen... (neutral)",Command,Backchannel
Out (anger),Command,Command
"Oh, and I can also speak a little French. Voulez-vous coucher avec moi ce soir? Why? What did I say? (joy)",Question,Statement Opinion
"Well, you just asked if I wanted to go to bed with you tonight. (neutral)",Answer,Answer
Oh my God! No wonder I get such great service at Cafe Maurice. (surprise),Statement Non Opinion,Statement Opinion
"Knock, knock, knock, knock, hi. (neutral)",Greeting,Greeting
"Um, could you please tell Sergei that um, I was fascinated by what Boutros Boutros Gali said in the New York Times. (neutral)",Statement Non Opinion,Command
You didn't say Boutros Boutros Gali. (neutral),Statement Non Opinion,Statement Non Opinion
Boutros Boutros Gali. (neutral),Others,Statement Non Opinion
He says he was too. (neutral),Statement Non Opinion,Answer
Interesting. (neutral),Statement Opinion,Acknowledge
So I was wondering.... (neutral),Others,Statement Non Opinion
"Okay, ah, before you get all talky again, umm, could you also please tell Sergei that I really like his suit. (joy)",Statement Non Opinion,Command
"Eh, he said, thank you very much, he thinks you look very pretty tonight, your hair, golden like the sun. (joy)",Statement Non Opinion,Answer
So you're a chef? (neutral),Question,Question
I'm also thinking about opening up my own restaurant. (joy),Answer,Statement Opinion
"Oh, really. (surprise)",Backchannel,Acknowledge
"Monica, can I talk to you behind my menu, please. What are you doing? (neutral)",Question,Question
"Well, I was having a conversation. (neutral)",Answer,Answer
"Yeah but, Mischa is so interested in you, that Sergei and I haven't been able to say two words to each other. (anger)",Statement Non Opinion,Statement Opinion
What do you want me to do? Just sit here silently while you three have a conversation? (anger),Question,Question
That would be great. Thank you. (neutral),Answer,Agreement
so we finally get to the top of the mountain and airhead here forgets the camera! (disgust),Statement Non Opinion,Statement Opinion
"Oh, y'know the same thing happened to me one time. (neutral)",Statement Non Opinion,Acknowledge
When did that happen to you?! (surprise),Question,Question
Don't you remember when we were jogging in the park and we saw that really pretty bird and wanted to take a picture--I didn't have my camera! (neutral),Answer,Statement Non Opinion
"Oh yeah. First off all, chasing the Churo guy isn't jogging. (disgust)",Statement Opinion,Statement Opinion
"Oh, this is so good you have got to try it. (joy)",Statement Opinion,Statement Opinion
"Oh, damn! I got it on my pants. (anger)",Statement Non Opinion,Statement Non Opinion
"Here, I'll get it. (neutral)",Statement Non Opinion,Command
We'd better take these pants off upstairs or that stain's gonna set. (neutral),Statement Opinion,Command
Yep. I'm gonna wear these on our date tonight. (joy),Agreement,Statement Opinion
"Oh, great! (surprise)",Others,Acknowledge
"Okay, bye! Oh my God!! (joy)",Greeting,Acknowledge
That was unbelievable! (surprise),Statement Opinion,Statement Opinion
"Yeah, wow, sorry Rach. (sadness)",Apology,Apology
I don't believe they're brother and sister. (surprise),Statement Opinion,Statement Opinion
They're brother and sister!!! (surprise),Statement Non Opinion,Statement Opinion
Action! (neutral),Command,Command
I found the picture! (anger),Statement Non Opinion,Statement Non Opinion
What picture?! (surprise),Question,Question
The picture of my wife! In your pack! (anger),Answer,Statement Non Opinion
You went through my personal property? (anger),Question,Question
Why do have a picture of Paulette in your pack?! (anger),Question,Question
"Because Vincent, we were lovers. For two years! (anger)",Answer,Statement Non Opinion
Cut! Wonderful! (joy),Apology,Statement Opinion
Great scene yeah? (joy),Statement Opinion,Question
"Oh you're awesome! And, in that last speech? You soaked me. (joy)",Apology,Statement Opinion
Here's your call sheet for tomorrow. (neutral),Statement Non Opinion,Statement Non Opinion
I know. (neutral),Statement Non Opinion,Acknowledge
"So Chandler, your parents must've been thrilled when you told them you were engaged. (joy)",Statement Opinion,Statement Opinion
"Oh yeah, I should probably call them. (neutral)",Statement Opinion,Statement Non Opinion
I remember when we first got engaged. (joy),Statement Non Opinion,Statement Opinion
"Oh, I don't think I ever heard that story. (neutral)",Statement Opinion,Statement Non Opinion
"Well, I'd gotten Judy pregnant. I still don't know how that happened. (joy)",Statement Non Opinion,Statement Opinion
You don't know how that happened?! Your dog thought my diaphragm was a chew toy! (disgust),Statement Non Opinion,Disagreement
What a sweet story. (neutral),Statement Opinion,Statement Non Opinion
"Well, at least you're not hearing it for the first time at your fifth grade Halloween party. (disgust)",Statement Non Opinion,Statement Opinion
What?! They wanted a scary story! (surprise),Statement Non Opinion,Others
"Anyway, we're really excited about our wedding plans, and well I guess pretty soon we'll be making a big withdrawal from the Monica wedding fund. (joy)",Statement Non Opinion,Statement Opinion
What? (surprise),Question,Question
"You tell her Jack, I can't do it. (fear)",Answer,Command
What happened? You still have the Monica wedding fund don't you? (surprise),Question,Question
"We have it. Only now, we call it the beach house. (neutral)",Answer,Statement Non Opinion
"After applying the Waxine and linen strips to leg number one, (neutral)",Statement Non Opinion,Statement Non Opinion
Did that! (joy),Statement Non Opinion,Acknowledge
Grasp one of the linen strips by its 'easy grab tab' and pull it off in one quick pain free motion. (neutral),Command,Command
Okay. Ow!!!!! Ow-oh-oh! (surprise),Others,Acknowledge
Was it not pain-free? (surprise),Question,Question
"No. It was painful. Oh my God , they should call it Pain-zine, now with a little wax. (disgust)",Answer,Disagreement
"Huh, well, the girls in the satin nighties on the commercial don't seem to think it's that bad. (neutral)",Statement Non Opinion,Statement Opinion
That's because their nerves are probably deadened from being so stupid. (anger),Statement Opinion,Statement Opinion
"But hey, y'know if you don't believe me, please, by my guest. (neutral)",Statement Opinion,Statement Non Opinion
Ow-ow-ow-ow! Oh my God!!! (surprise),Others,Acknowledge
"Now umm, remember I'm still learning. (neutral)",Statement Non Opinion,Statement Non Opinion
"One, two, three, four! (neutral)",Others,Statement Non Opinion
You know the song! Sing along! (joy),Statement Non Opinion,Command
So? (neutral),Question,Question
No! (sadness),Disagreement,Disagreement
Oh my God! That's David! (surprise),Statement Non Opinion,Statement Opinion
David who? (neutral),Question,Question
"David the scientist guy, David that I was in love with, David who went to Russia and broke my heart David! (sadness)",Answer,Statement Opinion
Oh my God! (surprise),Others,Statement Opinion
"Oh, you say someone's name enough, they turn around. (neutral)",Statement Non Opinion,Statement Non Opinion
Phoebe? (surprise),Others,Question
David! What-what are you doing here? Aren't you supposed to be in Russia? (surprise),Question,Question
"Yeah, I'm just, I'm just in town for a conference. Umm, (neutral)",Answer,Statement Non Opinion
Well... Yeah. You look great too. Did you get a haircut? (joy),Question,Statement Opinion
Yeah. Well I-I got like thirty of them. (neutral),Answer,Statement Non Opinion
Yeah. (neutral),Backchannel,Acknowledge
Yes! Santa's coming! (joy),Statement Non Opinion,Agreement
"Hey, uh, I'm really, really sorry about what happened in the cafeteria today. (sadness)",Apology,Apology
"It's no big deal. Hey, y'know, you do what you gotta do. Right? (neutral)",Question,Acknowledge
"But hey, it's not just me, I mean the scientists and the tour guides (neutral)",Statement Non Opinion,Statement Non Opinion
Whatever. (neutral),Others,Acknowledge
"Okay, Mon, back me up here. (neutral)",Command,Command
"Where you work the uh, waiters eat with the waiters, right? (neutral)",Question,Question
"And the chefs eat with the other chefs, right? (neutral)",Question,Question
I eat by myself in the alley because everybody hates me. (sadness),Answer,Statement Opinion
"Look, Ross, really it's-it's no big deal. (neutral)",Statement Opinion,Statement Non Opinion
"Y'know you wear a white coat, I wear a blue blazer, if that means we can't be friends at work, then so be it. (sadness)",Statement Opinion,Statement Opinion
"Y'know, hey I understand. (neutral)",Statement Non Opinion,Acknowledge
Y'know? (neutral),Backchannel,Backchannel
"Hey, when I'm in a play and you're in the audience, I don't talk to you, right? (neutral)",Statement Non Opinion,Statement Non Opinion
"So it's y'know, it's uh, it's cool. (neutral)",Statement Opinion,Statement Non Opinion
I'll see you tomorrow. (neutral),Statement Non Opinion,Statement Non Opinion
"Yeah, when we're in the audience he doesn't talk to us, but he does wave. (neutral)",Statement Non Opinion,Statement Non Opinion
You did look like an idiot. (joy),Statement Opinion,Statement Opinion
"Hey, I wasn't the only one who looked like an idiot. (neutral)",Statement Opinion,Disagreement
All right? (neutral),Backchannel,Question
"Remember when Ross tried to say, ""Butternut squash?"" (joy)",Statement Non Opinion,Statement Non Opinion
"And it came out, ""Squatternut buash?"" (joy)",Statement Non Opinion,Statement Non Opinion
Yeah that's the same. (neutral),Statement Opinion,Agreement
That's it. That's my worse Thanksgiving. (sadness),Statement Opinion,Statement Opinion
Oh wait! That can't be the one Rachel's talking about. She didn't even know that happened. So which one was it? (neutral),Question,Question
"Umm, I-I really don't want to tell this story. (sadness)",Answer,Statement Opinion
"Oh, come on Monica, reliving past pain and getting depressed is what Thanksgiving is all about. (neutral)",Statement Opinion,Statement Opinion
"Y'know, for me anyway. (sadness)",Others,Statement Opinion
"And of course, the Indians. (sadness)",Statement Non Opinion,Statement Non Opinion
"Look umm, of all people, you do not want me to tell this story! (anger)",Statement Opinion,Statement Opinion
"Hi, guys. (neutral)",Greeting,Greeting
Hi! Phoebe. (joy),Greeting,Greeting
Hi Phoebe. (neutral),Greeting,Greeting
"I-I wanted to apologise if I--y'know seemed a tad edgy yesterday at my shower. Y'know it's just the hormones, y'know. (sadness)",Apology,Apology
No we (neutral),Backchannel,Acknowledge
Hormones. (neutral),Others,Statement Non Opinion
"hormones, yeah. (neutral)",Agreement,Backchannel
Your parents'? (neutral),Question,Question
"Yeah, they're out of town. (neutral)",Answer,Answer
Ohh. (surprise),Backchannel,Acknowledge
"Yeah-yeah, it's this (neutral)",Others,Backchannel
Yeah that works. (neutral),Statement Opinion,Agreement
They-they-they can smell fear. (fear),Statement Non Opinion,Statement Non Opinion
Bing! Ho! And the Bing-ette! (joy),Others,Greeting
"Honey, you remember my boss Doug right? (neutral)",Question,Statement Non Opinion
"Yes, hi. (neutral)",Answer,Greeting
"Hi. So good news, the divorce is final. I signed the papers this A.M. (joy)",Statement Non Opinion,Statement Opinion
"I didn't know you and Carol were getting divorced, I'm sorry. (sadness)",Statement Non Opinion,Apology
"Sorry? Finally chewed my leg out of that bear trap. Hey, congratulations to you guys though! (joy)",Greeting,Statement Opinion
No leg-chewing for us sir. (neutral),Statement Non Opinion,Statement Non Opinion
"Oh well, give it time. (neutral)",Statement Opinion,Statement Non Opinion
"So the divorce, the marriage, we've got a lot to celebrate. (joy)",Statement Opinion,Statement Opinion
How about we all go out to dinner tomorrow night? (neutral),Question,Question
"Tomorrow night it is then, I should be out of court by six. (joy)",Answer,Agreement
They keep throwing these sexual harassment cases at me and I keep knocking them out of the park! (joy),Statement Non Opinion,Statement Opinion
"Okay, I'll see you tomorrow! (joy)",Statement Non Opinion,Acknowledge
"Just so you know, we're not seeing him tomorrow. (neutral)",Statement Non Opinion,Statement Non Opinion
I-I cannot spend another evening with that man. (disgust),Statement Opinion,Statement Opinion
Do you remember how he behaved at our wedding? (disgust),Question,Question
No. (neutral),Answer,Answer
That's because he wasn't invited because of the way he behaved at our engagement party. (disgust),Statement Opinion,Statement Opinion
"Oh yeah. Boy, urine cuts (disgust)",Agreement,Statement Opinion
"Now maybe you just like wanna but the whole duck in there! Who cares, y'know? Now I got the legs (neutral)",Others,Statement Opinion
"How many times have I told you guys, you (neutral)",Statement Opinion,Statement Non Opinion
Hi Chandler. (neutral),Greeting,Greeting
Hey! (neutral),Greeting,Greeting
"Uh, listen, I need that broiling pan that Joey borrowed the other day. (neutral)",Statement Non Opinion,Statement Non Opinion
"Oh that was yours? Uh, yeah, we used it when the duck was throwing up caterpillars. (sadness)",Statement Non Opinion,Answer
William Sonoma (neutral),Others,Statement Non Opinion
Expect it in 4-6 weeks. (neutral),Statement Non Opinion,Statement Non Opinion
"Umm, hey, umm, Joey's gonna be at the telethon for the rest of the day, we have the whole place to ourselves. (neutral)",Statement Non Opinion,Statement Non Opinion
"Yeah, so? (neutral)",Question,Question
"Well I just, thought maybe you'd wanna book some time with the best you'd ever had. (neutral)",Answer,Statement Opinion
"Y'know what, champ? I think I'll pass. (neutral)",Statement Opinion,Disagreement
Why? (surprise),Question,Question
Why? (neutral),Question,Question
What's your point? (neutral),Question,Question
"So uh, what's your name? (neutral)",Question,Question
It's Jake. (neutral),Answer,Answer
"Joey. Hey Jake, do you like the Knicks? (neutral)",Question,Statement Non Opinion
"Yeah, big fan. (neutral)",Answer,Agreement
"Me too! There's a game on Tuesday, do you wanna go? (joy)",Question,Question
Yeah that would be great! Let me make sure I'm not doing anything Tuesday. (joy),Answer,Agreement
Ugh. Ross! (disgust),Greeting,Disagreement
Hi! Sorry I'm late. Were you sleeping? (neutral),Question,Greeting
"Ahh, nooo!! (joy)",Answer,Statement Non Opinion
"Oh, great! (joy)",Statement Opinion,Agreement
"Listen, oh I had to get you a whole new battery. (neutral)",Statement Non Opinion,Statement Non Opinion
"I got you the best one I could, 'cause that's not where you want to skimp. (neutral)",Statement Non Opinion,Statement Opinion
"You're a genius, Ross. (joy)",Statement Opinion,Statement Opinion
"Yeah, well it came to about $112, but what the hell, just call it an even 110? (neutral)",Statement Non Opinion,Statement Non Opinion
"Okay, I'll pay you tomorrow. (neutral)",Statement Non Opinion,Acknowledge
"So they ah, they all took off, it was pretty hard watching them go, y'know? (sadness)",Statement Non Opinion,Statement Non Opinion
"Yeah, okay, bye. (neutral)",Greeting,Backchannel
So I'm gonna take off then! (neutral),Statement Non Opinion,Statement Non Opinion
"Hey! Oh right, tonight was your party. (surprise)",Statement Non Opinion,Greeting
"Oh wow, you look great! Glad you could make it. (joy)",Statement Opinion,Statement Opinion
"Oh well, y'know, the gala had to end sometime. (neutral)",Statement Non Opinion,Statement Non Opinion
"Don't go anywhere, I'll be right back. (neutral)",Command,Command
"Yeah, sure. All right, whose court is the ball in now? (neutral)",Question,Acknowledge
I thought there wasn't a ball? (neutral),Question,Question
"Oh, come on! He's glad that I came, he doesn't want me to go anywhere, balls flying all over the place! (neutral)",Statement Opinion,Statement Opinion
"Rachel, this is my friend Tom. (neutral)",Statement Non Opinion,Statement Non Opinion
"Oh, go on! You telling people about me? (surprise)",Question,Statement Opinion
You two could really hit it off! I'm gonna go mingle. (joy),Statement Opinion,Statement Opinion
So you work at (neutral),Statement Non Opinion,Question
"Yeah, okay, at ease solider! (neutral)",Command,Statement Non Opinion
I'm sorry? (surprise),Apology,Question
"No, it's all right, you can just drop the act Tommy. (neutral)",Statement Opinion,Statement Non Opinion
"I'm gonna go talk to uh, a friend. (sadness)",Statement Non Opinion,Statement Non Opinion
"Yeah, yeah, you go talk to your friend. You tell him, ""Nice try."" (disgust)",Statement Opinion,Statement Opinion
Man! He just keeps lobbing them up and I just keep knocking them right out of the park! (joy),Statement Non Opinion,Statement Opinion
I think I need a drink. (neutral),Statement Opinion,Statement Non Opinion
Yeah! (joy),Agreement,Agreement
"Hey, Pheebs? (neutral)",Greeting,Greeting
"No, I can't talk to you! I don't have a fancy ad in the Yellow Pages! (anger)",Statement Non Opinion,Disagreement
"Look, Pheebs, I just, I wanna apologize for, for saying that your method was stupid and-and maybe ask you to be my teacher again. (sadness)",Apology,Apology
"And-and I promise, I won't touch a guitar until you say I'm ready. (neutral)",Statement Non Opinion,Statement Non Opinion
You really think I'm ready? (surprise),Question,Question
Uh-huh! (joy),Answer,Agreement
Wow! Cool! (joy),Statement Opinion,Acknowledge
Was the chord at least right (neutral),Question,Question
No! (anger),Answer,Disagreement
"Well, this has been fun. (neutral)",Statement Opinion,Statement Non Opinion
"Yes. Yes, thanks for letting me use your phone... and for saving my life. (joy)",Statement Non Opinion,Agreement
"Well, goodbye Chandler. I had a great blackout. See ya. (neutral)",Greeting,Statement Non Opinion
"Hi, um, I'm account number 7143457. (neutral)",Statement Non Opinion,Statement Non Opinion
"And, uh, I don't know if you got any of that, but I would really like a copy of the tape. (neutral)",Statement Opinion,Statement Opinion
We're beginning to see a lot of layering of sheer fabrics and colours. For instance a sheer navy blouse over a pink.... (neutral),Statement Non Opinion,Statement Non Opinion
I'm really glad we came. You're so pretty. I love you. (joy),Statement Opinion,Statement Opinion
"Okay, that's a fire. Oh yeah. Oh yeah. (neutral)",Statement Non Opinion,Acknowledge
"Excuse me, I'm sorry, I'm gonna have to call you back, I've got a Schemp in my office. (neutral)",Apology,Apology
What are you doing? (neutral),Question,Question
I'm sorry. (neutral),Apology,Apology
"But ah, hey, oh, somebody's off the phone, how 'bout a glass of wine by the fire, I could get it going again. (neutral)",Statement Opinion,Statement Opinion
"Ross you're not listening to me, I don't have time to stop. (neutral)",Statement Opinion,Disagreement
"Come on Rach, you don't have what, ten minutes? (neutral)",Question,Question
I don't have ten minutes!! (anger),Answer,Disagreement
"What? Sophie, does she have ten minutes? (neutral)",Question,Question
"Hey, Ross!!! I told you I don't! (anger)",Answer,Disagreement
"Don't yell at me okay, this is the most I've seen you all week. (sadness)",Command,Statement Opinion
"Look, I cannot do this right now, okay, I've got a deadline, would you just go home, I'll talk to you later. (neutral)",Statement Non Opinion,Command
"Yeah, but wait... (neutral)",Others,Acknowledge
Good bye! (neutral),Greeting,Statement Non Opinion
"Actually, that's our three hole punch. (neutral)",Statement Non Opinion,Statement Non Opinion
Oh yeah? When? (surprise),Question,Question
I'll tell you what. (neutral),Answer,Statement Non Opinion
"When we're 40, if neither one of us are married, what do you say you and I get together and have one? (neutral)",Question,Question
Why won't I be married when I'm 40? (surprise),Question,Question
"Oh, no, no. I just meant hypothetically. (neutral)",Answer,Statement Non Opinion
"Ok, hypothetically, why won't I be married when I'm 40? (anger)",Question,Question
"No, no, no. (neutral)",Answer,Backchannel
What is it? Is there something fundamentally unmarriable about me? (anger),Question,Question
"Uh, uh. (neutral)",Backchannel,Backchannel
Well? (surprise),Others,Question
Dear God! This parachute is a knapsack! (surprise),Statement Non Opinion,Statement Non Opinion
Hey. (neutral),Greeting,Greeting
"Hey. Ooh, look at you, dressy-dress. (surprise)",Greeting,Statement Opinion
Did you go home and change? (surprise),Question,Question
"Yeah, well, it's an important day. I wanna look nice. Um, has uh Dr. Franzblau been by? (neutral)",Question,Statement Non Opinion
"No, I haven't seen him. (neutral)",Answer,Answer
"Well, where is he? He is supposed to be here. What if the baby needs him? (surprise)",Question,Question
"Rachel, what is the deal with you and doctors, anyway? Was, like, your father a doctor? (neutral)",Question,Question
"Yeah, why? (neutral)",Answer,Answer
No reason. (neutral),Answer,Statement Non Opinion
I'm the holiday armadillo! I'm a friend of Santa's and he sent me here to wish you a Merry Christmas! (joy),Statement Non Opinion,Statement Opinion
"What happened to Santa, Holiday Armadillo? (surprise)",Question,Question
"Yes! Yes! Please, just give it to me! (joy)",Statement Non Opinion,Command
"Yeah, that's her. (neutral)",Agreement,Acknowledge
Thank you. (neutral),Greeting,Acknowledge
It's unbelievable! I-I can't believe that sign didn't work! (surprise),Statement Opinion,Statement Opinion
Y'know what would work? (neutral),Question,Question
Stop making candy! (anger),Command,Command
You mean they like you. (neutral),Question,Statement Non Opinion
Maybe. (neutral),Answer,Statement Non Opinion
Is that why you became a chef? So that people would like you? (surprise),Question,Question
"Oh, you really want to talk about getting people to like you huh, funny man? (anger)",Question,Disagreement
"We were on the platform, ready to dance the world into the new Millennium, and the guy yelled 'CUT!' (anger)",Statement Non Opinion,Statement Non Opinion
"Uh, wait, so you guys are telling me you actually did the routine from eighth grade? (surprise)",Question,Question
"Yeah. But of course we had to update it a little bit. Hey, by the way, great thinking about catching me! (joy)",Answer,Statement Opinion
Cos I was gonna say there's no way you could've done the end the way you guys did it back then! (joy),Statement Non Opinion,Statement Opinion
What? We could do it! (surprise),Question,Statement Opinion
"I don't know, I mean you were a lot bigger, I mean, stronger back then. (joy)",Answer,Statement Opinion
"I can do it, okay? Come on, let's go. (neutral)",Statement Non Opinion,Command
"1, 2, 3, 4, 5, 6, 7, 8 (neutral)",Others,Others
I can't do it! (sadness),Statement Opinion,Statement Non Opinion
"Now you do that, you're on TV. (neutral)",Statement Opinion,Statement Non Opinion
Hey! (joy),Greeting,Greeting
"So, what are you guys in the market for? We've got uh, scarves, tulip post cards... (neutral)",Question,Question
Check this out? Huh? Yeah. That's the stuff. What do you think? (neutral),Question,Statement Opinion
"Well, I don't have to buy that, ""I'm with stupid"" T-shirt anymore. (neutral)",Answer,Statement Non Opinion
"Well, I like it. Here you go. (neutral)",Statement Non Opinion,Statement Opinion
"All right, look, you're not really gonna buy that are you? Don't you think you've embarrassed me enough for one day? (anger)",Question,Disagreement
"Oh, I embarrass you? (surprise)",Question,Question
How can I answer that when I'm pretending I don't know you? (neutral),Question,Statement Non Opinion
Oh really? Then how come no one here is wearing them? (neutral),Question,Question
They're all tourists. (neutral),Answer,Statement Non Opinion
"All right, look, if you insist on wearing that, in public, y'know, you're gonna spend the rest of the afternoon all by yourself. (disgust)",Statement Opinion,Command
Oh yeah? If you're gonna make me choose between you and the hat? I choose the hat. (neutral),Statement Opinion,Disagreement
Good choice. (anger),Agreement,Agreement
Thanks. (joy),Greeting,Acknowledge
"Okay, wait. All right, that's it, okay, I'm out of here. I am not going to be embarrassed anymore! (anger)",Statement Non Opinion,Statement Opinion
"So! I'm just an empty vase, huh? (surprise)",Question,Statement Opinion
What? (surprise),Question,Question
"Y'know, so I don't read as many important books as you do, and I don't write trick poems that seem to be about one thing but are actually about something else. (anger)",Answer,Statement Opinion
"And y'know what, I get excited about stupid stuff, like when I my (neutral)",Statement Non Opinion,Statement Non Opinion
"Whoa, whoa, whoa. (surprise)",Backchannel,Backchannel
You don't even know me... (anger),Statement Opinion,Statement Opinion
"Whoa, whoa, whoa, the poem is not about you. (surprise)",Statement Non Opinion,Statement Non Opinion
What? (surprise),Question,Question
"The Empty Vase is not about you. My baby, you make me so sad that you would think this. (sadness)",Statement Non Opinion,Statement Opinion
"I'm sorry, my friend Phoebe... (sadness)",Apology,Apology
"No, it's about all women. Well, all American women. You feel better now? (neutral)",Question,Statement Opinion
Oh yeah. (neutral),Answer,Acknowledge
"Okay, forward. Forward--Stop! Okay, back--Stop! Okay, forward--Stop! Stop! Stop! (neutral)",Command,Command
"Okay, here's what we're gonna do. (neutral)",Statement Non Opinion,Statement Non Opinion
"Okay, I'm gonna break into this mini-van and put it in neutral. (neutral)",Statement Non Opinion,Statement Non Opinion
You guys push it forward so Ross can drive out of his spot. (neutral),Statement Opinion,Command
Okay? (neutral),Backchannel,Question
"All right, here we go. (neutral)",Agreement,Statement Non Opinion
Haul ass!!! (neutral),Others,Command
"So it said that by the year 2030, there'll be computers that can carry out the same number of functions as an actual human brain. (neutral)",Statement Non Opinion,Statement Non Opinion
So theoretically we could download our thoughts and our memories into this computer... (neutral),Statement Non Opinion,Statement Non Opinion
...and live forever as a machine! (joy),Statement Non Opinion,Statement Opinion
"That's so Janine, you-you-you know what, do you know we're doing right now? (joy)",Question,Statement Opinion
"You and I, we're interfacing. (neutral)",Answer,Statement Non Opinion
"Yeah, I gotta go. (fear)",Statement Non Opinion,Acknowledge
Ba dum bumb cheshhh! (joy),Others,Backchannel
"David, can you help me?! I'm trying to explain to Chandler how a plane stays in the air. (neutral)",Question,Question
"Oh, certainly. That's a combination of Bernoulli's principle and Newton's third law of motion. (neutral)",Answer,Answer
See? (neutral),Question,Statement Non Opinion
"Yeah, that's the same as ""it has something to do with wind"". (fear)",Answer,Disagreement
"Alright, I'm gonna go pick up a few things for the trip. (neutral)",Statement Non Opinion,Statement Non Opinion
"Oh, I should go, too. (neutral)",Statement Opinion,Statement Non Opinion
"Oh, now... tomorrow do you guys wanna share a cab to the airport or should Mike and I just meet you there. (neutral)",Question,Question
"Oh... Mike's sister just invited me to a party tonight, he's gonna be there. (anger)",Statement Non Opinion,Statement Opinion
"And she was like ""Oh, don't worry! (sadness)",Statement Non Opinion,Statement Non Opinion
I asked him. (neutral),Statement Non Opinion,Statement Non Opinion
"He's totally ok with seeing you!"". (anger)",Statement Non Opinion,Statement Opinion
So now I have to go so he'll think that I'm totally ok with seeing him! (joy),Statement Non Opinion,Statement Opinion
"Which you're not, because you've totally hung up on him! (anger)",Statement Opinion,Statement Opinion
Exactly! (neutral),Agreement,Agreement
And you're gonna want him to eat his heart out so you're gonna have to look fabulous! (neutral),Statement Opinion,Statement Non Opinion
"I didn't even think about that! Aaargh, (anger)",Statement Opinion,Statement Opinion
"Hey Pheebs, I'm-I'm taking Charlie shopping, why don't you come and I'll help you find something. (neutral)",Statement Opinion,Others
"Ok, that'll be great! (joy)",Agreement,Agreement
"Oh, ain't that nice? The three of you trying on slutty lingerie together. (disgust)",Statement Opinion,Statement Opinion
That's not what we're gonna do! (disgust),Disagreement,Disagreement
"Why would you ruin it, who was that hurtin'? (disgust)",Question,Question
"Julie hi! Chandler Bing, I, I guess you remember me. (joy)",Greeting,Greeting
Hello Skidmark. (neutral),Greeting,Greeting
"It's a nickname, I'll explain later. (neutral)",Statement Non Opinion,Statement Non Opinion
It's pretty clear. (neutral),Statement Opinion,Statement Non Opinion
"Ah, uh, I owe you a long overdue apology. I never should have broken up with you because you were overweight. (neutral)",Statement Opinion,Apology
That's why you broke up with me? (surprise),Question,Question
"You-you-you didn't know that. Well, I guess my work here is done! (sadness)",Answer,Statement Non Opinion
Ni-chou chi-ma! (joy),Others,Greeting
"Ross! Excuse me, pardon me, excuse me.... (surprise)",Greeting,Apology
Hi everyone. (neutral),Greeting,Greeting
"I just, I wanted to thank you for our uh, our little talk before. (neutral)",Greeting,Statement Non Opinion
"Well, I was going to, but after I talked to you, I talked to Joey. (neutral)",Statement Opinion,Statement Non Opinion
"What did, what did he say? (fear)",Question,Question
"Basically he told me to get over myself and just do it, ya know. (neutral)",Answer,Statement Non Opinion
"So I though about what you said and I though about what he said and, well, his way I get to have sex tonight so. (neutral)",Statement Opinion,Statement Opinion
"Oh, great! (joy)",Others,Acknowledge
"We couldn't keep our eyes off each other all night and then every once and a while y'know, he'd kinda lean over and stroke my hair and touch my neck. (joy)",Statement Non Opinion,Statement Opinion
"Okay, stop it Phoebe, you're getting me all tingly. (joy)",Command,Command
"All I could think of was y'know, ""Is he gonna kiss me? Is he gonna kiss me?"" (joy)",Statement Non Opinion,Statement Opinion
And did he? (neutral),Question,Question
"I'm a lady Monica, I don't kiss and tell. But this hickey speaks for itself. (joy)",Answer,Statement Opinion
"Okay-okay, I got it. I got it. (neutral)",Statement Non Opinion,Acknowledge
I just like him so much that I just feel like I've had 10 drinks today and I've only had six. (joy),Statement Non Opinion,Statement Opinion
"Oh, I haven't had that feeling since I first started going out with Chandler. (joy)",Statement Non Opinion,Statement Opinion
"Wow, I'm never gonna have that feeling again, am I? (sadness)",Question,Question
You sound like a guy. (disgust),Statement Opinion,Statement Opinion
"No, a guy would be saying, ""I'm never gonna get to sleep with anyone else."" (disgust)",Statement Opinion,Statement Opinion
Oh my God! (surprise),Others,Acknowledge
I'm never gonna get to sleep with anyone else! (sadness),Statement Opinion,Statement Opinion
I've been so busy planning the wedding that I forgot about all the things that I'd be giving up! (surprise),Statement Non Opinion,Statement Opinion
"I mean, I...I'm never gonna have a first kiss again. (sadness)",Statement Non Opinion,Statement Opinion
You'll have a last kiss. (neutral),Statement Non Opinion,Statement Non Opinion
Thank you so much for coming back over. (joy),Statement Non Opinion,Acknowledge
"Oh good, you're here. Yeah, and I was worried that it was going to be uncomfortable. (sadness)",Statement Non Opinion,Statement Opinion
"I know Mona, just hear me out. (neutral)",Statement Non Opinion,Command
"First of all, I'm so sorry about my father yelling at you, but I heard you totally held your own. (neutral)",Apology,Apology
You're gonna have to tell me how you did that. (neutral),Command,Question
Focus. (neutral),Command,Command
"Okay. Um...But--Okay, yes Ross and I used to date. And yes we are gonna have a baby. But we are (neutral)",Statement Non Opinion,Statement Non Opinion
All right where's that turkey! (neutral),Question,Command
Joey! Those are my maternity pants! (surprise),Statement Non Opinion,Statement Non Opinion
Not now! These are my Thanksgiving pants! (joy),Statement Non Opinion,Disagreement
No. (neutral),Disagreement,Disagreement
No! (anger),Disagreement,Disagreement
"Oh, would you look at that Monica? (joy)",Question,Statement Opinion
"I just knocked off all of your top scores, how sad. (joy)",Statement Opinion,Statement Opinion
"Okay, I'm next. Don't! Don't start another game! I said I'm next! Phoebe! (anger)",Command,Command
"Oh, I'm sorry. I didn't hear you over all the winning. (joy)",Apology,Statement Opinion
Chandler! Phoebe's hogging the game! (anger),Statement Non Opinion,Statement Non Opinion
Remember I had to leave the room the other day when you had that roast chicken? (neutral),Question,Statement Non Opinion
Yeah. But I thought that was because I put the whole thing on my hand and made it walk across the table. (neutral),Answer,Statement Non Opinion
"Anyway, it just doesn't seem worth it to make a whole turkey for just three people. Okay? It's a lot of work. (neutral)",Statement Opinion,Statement Opinion
But you gotta have turkey on Thanksgiving! (joy),Statement Non Opinion,Statement Opinion
"I mean, Thanksgiving with no turkey is like-like Fourth of July with no apple pie! (sadness)",Statement Opinion,Statement Opinion
Or Friday with no two pizzas! (sadness),Statement Opinion,Statement Opinion
All right fine! If it means that much to you! But just--there's gonna be a ton left over. (sadness),Agreement,Agreement
No there won't! I promise I will finish that turkey! (joy),Statement Non Opinion,Statement Opinion
"All right, you're telling me you can eat an entire turkey in just one sitting? (neutral)",Question,Question
That's right! (joy),Answer,Answer
Cause I'm a Tribbiani! (joy),Statement Non Opinion,Statement Non Opinion
And this is what we do! (neutral),Statement Non Opinion,Statement Non Opinion
We can eat! (joy),Statement Non Opinion,Statement Non Opinion
"Wow! It's huge! It's so much bigger than the cubicle. Oh, this is a cube. (surprise)",Statement Opinion,Statement Opinion
Look at this! (joy),Command,Statement Non Opinion
Oh! You have a window! (surprise),Statement Non Opinion,Statement Opinion
Yes indeedy! With a beautiful view of... (joy),Agreement,Agreement
Oh look! That guy's peeing! (surprise),Statement Non Opinion,Statement Opinion
Hi. (neutral),Greeting,Greeting
Hi. (neutral),Greeting,Greeting
"Y'know what? I cannot do this with my left hand! Would you please, help me with this too? (anger)",Statement Non Opinion,Command
Okay. Let's use this brush. (neutral),Agreement,Statement Non Opinion
Okay. This stuff? (neutral),Question,Question
Yeah. (neutral),Answer,Acknowledge
All right. (neutral),Agreement,Acknowledge
"Careful. Light. Okay, do you know how, just sweep it across the lid. Okay? Just sweep it. (neutral)",Statement Non Opinion,Command
Okay-Dokey (sadness),Agreement,Acknowledge
Where exactly is your zoo? (neutral),Question,Question
"Well, it's technically not a zoo per se, it's more of an interactive wildlife experience. (neutral)",Answer,Statement Non Opinion
"Let me ask you some questions about, is it, uh, Marcel? (neutral)",Statement Non Opinion,Statement Non Opinion
Yes. (neutral),Agreement,Answer
"Does he, uh, fight with other animals? (neutral)",Question,Question
"No-no, he's, he's very docile. (neutral)",Answer,Answer
Even if he were... cornered? (neutral),Question,Question
"Well I, I don't know. Why? (neutral)",Answer,Question
"Uh, how is he at handling small objects? (neutral)",Question,Question
"He can hold a banana, if that's whatcha mean... (neutral)",Answer,Answer
"How about a hammer, or a small blade? (neutral)",Question,Question
Otherwise it's just cruel. (neutral),Statement Opinion,Statement Opinion
"He- he- he got in, he- he got in to San Diego. (joy)",Statement Non Opinion,Statement Non Opinion
"We, we come back from our walk and the- the phone was ringing... (neutral)",Statement Non Opinion,Statement Non Opinion
...He's in. (neutral),Statement Non Opinion,Statement Non Opinion
"He's in! Oh, did you hear that, Marcel? San Diego. San Diego! (joy)",Statement Non Opinion,Statement Non Opinion
You're making a big mistake here. (disgust),Statement Opinion,Statement Opinion
"I mean, San Diego's all well and good, but if you give him to me, I'll start him off against a blind rabbit and give you twenty percent of the gains. (neutral)",Statement Opinion,Statement Opinion
My specimen is in the room and I just want to thank whoever knocked on the door while I was in there. (neutral),Statement Non Opinion,Statement Non Opinion
Really helped speed the process along! (joy),Statement Opinion,Statement Opinion
Janice! (surprise),Others,Greeting
You're not... gone? (surprise),Question,Question
Sid is still in his room. (neutral),Answer,Statement Non Opinion
I don't allow porn at home so this is like a vacation for him. (joy),Statement Non Opinion,Statement Opinion
So did you do it? (surprise),Question,Question
Did you make your deposit? (neutral),Question,Question
Yeah! yeah... The hard part is over! (joy),Answer,Agreement
"That's not the hard part honey! The hard part is what comes next, I mean aren't you worried about the results? (fear)",Question,Question
I haven't... I haven't even thought about the results yet... I just assumed that everything was gonna be ok. (joy),Answer,Statement Opinion
"Oh! Well, you know what? It probably is. (neutral)",Statement Opinion,Statement Opinion
"Phoebe, where's your purse? (fear)",Question,Question
"No, no! Give it to me! (anger)",Command,Command
You can't have it. (anger),Statement Opinion,Disagreement
Give it to me! (anger),Command,Command
No (anger),Disagreement,Disagreement
I'll go in there. (anger),Statement Non Opinion,Statement Non Opinion
Oh yeah. (anger),Agreement,Backchannel
Phoebe come here (neutral),Command,Command
Haha! (joy),Others,Backchannel
Damn you Monica Geller hyphen Bing! (anger),Others,Statement Opinion
"What we did was wrong. Oh god, I just had sex with somebody that wasn't alive during the Bicentennial. (disgust)",Statement Non Opinion,Statement Opinion
I just had sex. (neutral),Statement Non Opinion,Statement Non Opinion
"Ethan, focus. How could you not tell me? (surprise)",Question,Question
"Well, you never told me how old you were. (neutral)",Answer,Statement Non Opinion
"Well, that's different. My lie didn't make one of us a felon in 48 states. What were you thinking? (disgust)",Question,Statement Opinion
I wasn't thinking. I was too busy fallin'... (joy),Answer,Statement Non Opinion
Don't say it. (fear),Command,Command
...in love with you. (joy),Statement Non Opinion,Statement Non Opinion
Really? (surprise),Question,Question
Sorry. (sadness),Apology,Apology
"Well,fall out of it. (anger)",Statement Non Opinion,Command
"You know, you shouldn't even be here, it's a school night. (anger)",Statement Opinion,Statement Opinion
"Oh god, oh god. (joy)",Others,Acknowledge
I'm like those women that you see with shiny guys named Chad. (disgust),Statement Non Opinion,Statement Opinion
I'm Joan Collins. (disgust),Statement Non Opinion,Statement Opinion
Who? (neutral),Question,Question
"That's right, still no baby! Come on people! Please make some room! (sadness)",Statement Non Opinion,Command
"Uh sweetie, maybe you'd be more comfortable here? (neutral)",Statement Opinion,Statement Opinion
You. Like you haven't done enough. (anger),Statement Opinion,Disagreement
"Look, I-I know how miserable you are, I wish there was something I can do. (neutral)",Statement Non Opinion,Statement Opinion
I mean I wish I were a seahorse. (neutral),Statement Opinion,Statement Non Opinion
"Because with seahorses it's the male, they carry the babies. (neutral)",Statement Non Opinion,Statement Non Opinion
"And then also umm, I'd be far away in the sea. (anger)",Statement Non Opinion,Statement Non Opinion
God. I have never been so uncomfortable in my entire life! (joy),Statement Non Opinion,Statement Opinion
"Oh I know, I've been there. I remember toward the end (neutral)",Statement Non Opinion,Acknowledge
"Oh Phoebe, that's a great story. (neutral)",Statement Opinion,Agreement
Can you tell it to me when you're getting me some iced tea? (sadness),Question,Command
"Oh God, get out! (anger)",Command,Command
Get out!! (anger),Command,Command
Get out!! (anger),Command,Command
Get out! (anger),Command,Command
Let's. (neutral),Others,Agreement
"All right, I know! I know. Yeah, it'll be okay. (joy)",Statement Non Opinion,Acknowledge
Oh my God....What's he gonna do now? (fear),Question,Question
I can't watch! (fear),Statement Non Opinion,Statement Non Opinion
Oh. (neutral),Others,Backchannel
"Seriously, how can you watch this? (sadness)",Question,Question
Aren't you scared? (fear),Question,Question
Terrified. (fear),Answer,Answer
Oh-hey-hey-hey! There you are! (joy),Greeting,Greeting
"Umm, listen there's something I think you should know. (neutral)",Statement Opinion,Statement Non Opinion
"Oh, is this about you-you dating the nurse? (surprise)",Question,Question
"Yeah, Joey already told me, and I am so-so fine. (neutral)",Answer,Acknowledge
"I mean, you and I we're just, y'know, we're nothing, we're goofin' around. (neutral)",Statement Non Opinion,Statement Opinion
"Umm, actually I was about to tell you that I was, I was going to get out of it, but hey, if we're just goofing around then uh, maybe I (neutral)",Statement Opinion,Statement Opinion
Fine! Maybe I will too! (joy),Statement Opinion,Statement Opinion
"Well, it was quite large. I-I-I-I-I had to throw most of it away. (fear)",Statement Non Opinion,Statement Non Opinion
You-you-you-you threw my sandwich away! (fear),Question,Statement Non Opinion
MY SANDWICH?!!! (anger),Question,Statement Non Opinion
MY SANDWICH!!!!!! (anger),Question,Statement Non Opinion
"What's the matter, Pheebs? (neutral)",Question,Question
She cancelled! My namesake cancelled on me! (anger),Answer,Statement Non Opinion
What?! (surprise),Question,Question
"Yeah, she clamed she had to go out of town suddenly. (sadness)",Answer,Statement Non Opinion
"She's avoiding me, she doesn't want to tell me where my Father is. (sadness)",Statement Non Opinion,Statement Opinion
"She knows, and she won't tell me. (sadness)",Statement Non Opinion,Statement Opinion
"Aww Pheebs, that sucks! (sadness)",Statement Opinion,Acknowledge
"Yeah, well, don't “Aww Pheebs, that sucks!” me yet. (sadness)",Statement Non Opinion,Disagreement
Where ya going? (neutral),Question,Question
"Well, she's out of town so, there's gotta be something in her house that tells me where my Father is. (neutral)",Answer,Statement Non Opinion
"Uh, Pheebs, some people call that breaking and entering. (fear)",Statement Non Opinion,Statement Opinion
"Well, are any of those people here?! (anger)",Question,Question
"Oh my God, so do I! (surprise)",Agreement,Agreement
"I knew it, wow!! (surprise)",Statement Non Opinion,Agreement
"Wait-wait-wait, wait! Puppies. Cute or ugly? (neutral)",Question,Question
"Ohh, so cute. (joy)",Answer,Statement Opinion
"Uh-huh, well! But umm, still I'm-I'm mad at you. (anger)",Statement Non Opinion,Statement Opinion
I know. I'm mad at me too. (anger),Agreement,Statement Opinion
"Well umm, do you wanna get something to eat? I'm kinda hungry. (neutral)",Question,Question
Hey! Me too! (surprise),Agreement,Agreement
"All right, stop it. Now you're just doing it to freak me out. (sadness)",Command,Command
"Ok, you can do this. (neutral)",Statement Non Opinion,Command
It's just like pulling off a Band-aid. (neutral),Statement Non Opinion,Statement Non Opinion
"Just do it really fast, and then the wound is exposed. (neutral)",Statement Non Opinion,Statement Non Opinion
"Janice. Hi, Janice. Ok, here we go. I don't think we should go out anymore. Janice. (sadness)",Statement Opinion,Statement Opinion
"All right. Well, there you go. Stop it, stop it, stop it. (anger)",Command,Command
Oh my God! That guy at the counter is totally checking you out! (surprise),Statement Non Opinion,Statement Opinion
"Really? My God, he's really cute. (surprise)",Statement Opinion,Statement Opinion
Go for it. (neutral),Command,Command
"Phoebe, I'm engaged! (surprise)",Disagreement,Statement Non Opinion
"I'm just saying, get his number just in case. (neutral)",Statement Non Opinion,Command
But no: Chandler is in an accident and can't perform sexually and he would want you to take a lover to satisfy the needs that he can no longer fulfill. (neutral),Statement Opinion,Statement Non Opinion
"Op, can I just tell you something? Very flattered but umm, I'm engaged. (joy)",Statement Non Opinion,Statement Opinion
Well you should be embarrassed. (disgust),Statement Opinion,Statement Opinion
"I did, but that was really fun. (joy)",Statement Opinion,Statement Opinion
Hey. (neutral),Greeting,Greeting
Chandler. I sensed it was you. (neutral),Statement Non Opinion,Acknowledge
What?! (surprise),Question,Question
Unagi. I'm always aware. (neutral),Statement Non Opinion,Statement Non Opinion
"Okay, are you aware unagi is an eel? (joy)",Question,Question
What's up? (neutral),Question,Question
I can't figure out what to make Monica. (neutral),Statement Non Opinion,Statement Non Opinion
"Oh, why don't you make her one of your little jokes. (anger)",Statement Opinion,Statement Opinion
I'm going crazy! Okay? Do you have any thing around here that looks homemade? (fear),Question,Statement Non Opinion
Y'know what? (neutral),Question,Backchannel
She'd-she'd love this. (neutral),Statement Non Opinion,Statement Opinion
"Uh, it's an exact replica of Apollo 8. (neutral)",Statement Non Opinion,Statement Non Opinion
I made it in the sixth grade. (neutral),Statement Non Opinion,Statement Non Opinion
"Yeah, I guess I could use that. I could say that your love sends me to the moon. (neutral)",Statement Opinion,Statement Opinion
"Yeah-yeah, except Apollo 8 didn't actually land on the moon. (neutral)",Statement Non Opinion,Statement Non Opinion
"But you-you-you could write that umm, your love lets me orbit the moon twice and return safely. (joy)",Statement Non Opinion,Statement Opinion
"Wait a minute, I can't give this to her. (neutral)",Statement Opinion,Statement Non Opinion
Why not? (neutral),Question,Question
"Because it says ""Captain Ross"" on the side and ""I hate Monica"" on the bottom. (neutral)",Answer,Statement Non Opinion
Oh. Oh I just cannot believe Clark stood me up! (anger),Statement Opinion,Statement Opinion
He might still show up. (neutral),Statement Non Opinion,Statement Non Opinion
"Oh, what are you, stupid? It's been three hours. (anger)",Statement Non Opinion,Disagreement
Is that all? (neutral),Question,Question
"I should just go on to happier things, okay? Umm, why don't you tell about your lovely wedding? (sadness)",Statement Non Opinion,Command
"Well actually uh, there was something we wanted to tell you about the wedding. (neutral)",Statement Non Opinion,Statement Non Opinion
"Um, it's going to be a small ceremony. (neutral)",Statement Non Opinion,Statement Non Opinion
"Uh, tiny! (surprise)",Statement Non Opinion,Statement Non Opinion
We're not even sure why we're having it. (neutral),Statement Non Opinion,Statement Opinion
It's actually going to be just family. (neutral),Statement Non Opinion,Statement Non Opinion
"Oh...wait...you two think of me as family?! Oh, I have to ask you something now and be honest; do you want me to sing (surprise)",Question,Question
"Come here to me. No-no, you come here to me. (neutral)",Command,Command
Hey Ross! I brought reinforcements. (joy),Greeting,Greeting
"Oh great! What, you brought Joey? (joy)",Question,Question
"Well, I brought the next best thing. (neutral)",Answer,Statement Non Opinion
Whoa! Y'know what Katie? I gotta tell ya I-I-I-I think you are the one who is too much. (surprise),Statement Opinion,Statement Opinion
"Ohh, Joey has the nicest friends! (joy)",Statement Non Opinion,Statement Opinion
"Ohh, and the nicest girlfriend! (joy)",Statement Non Opinion,Statement Opinion
You're so sweet! (joy),Statement Opinion,Statement Opinion
"Ohh, you're so sweet! (joy)",Statement Opinion,Statement Opinion
"Oww!!!! Joey, she just kicked me. (surprise)",Statement Non Opinion,Statement Non Opinion
Huh. (neutral),Backchannel,Backchannel
Well? Aren't you gonna do something? (neutral),Question,Question
Uhh.... (neutral),Backchannel,Backchannel
"You'd better do something, or I'm gonna walk out that door right now! Well? Are you gonna? (anger)",Question,Command
Nah. (neutral),Answer,Answer
"How could you pick up a hitchhiker?! He could be a rape--, a rapist or a killer or something! (fear)",Question,Question
Don't you think I asked him that before he got in?! (surprise),Question,Question
"Y'know what? I'm not talking to you! You go back to sleep! And you, are you a rapist?! (anger)",Question,Command
No! (anger),Answer,Answer
Do you like car games? (neutral),Question,Question
"Yeah, y'know the license plate game? (neutral)",Question,Answer
I (neutral),Others,Statement Non Opinion
"Ooh, I'll play! I'll play! (joy)",Statement Non Opinion,Agreement
No-No! You need your sleep. Night-night! Shh! (anger),Disagreement,Command
"Pheebs, can you help me pick out an engagement ring for Monica? (neutral)",Question,Question
I can't figure this out! (anger),Statement Non Opinion,Statement Non Opinion
It's so hard! (sadness),Statement Non Opinion,Statement Non Opinion
Should I get her a Tiffany cut or a Princess cut or a--ah-ah! (sadness),Question,Question
Paper cut! (sadness),Answer,Statement Non Opinion
"Now, have you told anyone else? (neutral)",Question,Question
"No, I don't want to tell anybody else because I don't want Monica to find out. (neutral)",Answer,Statement Non Opinion
You told me. (surprise),Statement Non Opinion,Statement Non Opinion
"Well, it's because I trust you, you're one of my best friends, and you walked in on me when I was looking at ring brochures. (anger)",Statement Opinion,Statement Opinion
"Yeah well, once again not knocking pays off. I only wish you hadn't been on the toilet. (surprise)",Statement Non Opinion,Statement Opinion
Me too. (neutral),Statement Non Opinion,Acknowledge
Hey. (neutral),Greeting,Greeting
Hey. (neutral),Greeting,Greeting
"Hey! So Chandler, wanna go to the coffeehouse? (joy)",Question,Question
Oh all right. (neutral),Answer,Agreement
"Oh perfect, we were just gonna see if you wanted to go. (neutral)",Statement Non Opinion,Statement Non Opinion
"Oh well, we don't because we got...the...other pl-place. (neutral)",Statement Non Opinion,Statement Non Opinion
How rude. (disgust),Statement Opinion,Statement Opinion
"Oh, I'm sorry. You wanna bite? (surprise)",Question,Question
"The stripper stole the ring!! The stripper stole the ring!! Chandler! Chandler, get up! Get up! The stripper stole the ring! (surprise)",Statement Non Opinion,Command
What? (surprise),Question,Question
The ring is gone! (surprise),Answer,Statement Non Opinion
Ugh. (disgust),Backchannel,Statement Non Opinion
"Just a sec, give me a minute to wake up for this--Ah-ha-ha!! (neutral)",Statement Non Opinion,Statement Non Opinion
You lost the ring! (joy),Statement Non Opinion,Statement Opinion
You're the worst best man ever! (anger),Statement Opinion,Statement Opinion
"Dude, this isn't funny! (anger)",Statement Opinion,Disagreement
What am I gonna do?! (fear),Question,Question
"I go to bed last night, everything's cool! (joy)",Statement Non Opinion,Statement Non Opinion
"I wake up this morning, the stripper's gone and the ring is gone! (fear)",Statement Non Opinion,Statement Non Opinion
You slept with the stripper? (surprise),Question,Question
Of course!! (fear),Answer,Statement Opinion
What difference does that make?! (anger),Question,Disagreement
"Well, I'm just--if the paste matches the pants, you can make yourself a pair of paste pants and she won't know the difference! (anger)",Answer,Statement Opinion
"Joey, do you have a minute? (neutral)",Question,Question
"Dude, what am I gonna (fear)",Question,Question
"Uh, Rachel's here, so good luck man, let me know how it works out. (anger)",Statement Non Opinion,Statement Opinion
"Oh, Joey, I have such a problem! (fear)",Statement Non Opinion,Statement Opinion
"Oh well, you're timing couldn't be better. I am putting out fires all over the place. (neutral)",Statement Non Opinion,Statement Non Opinion
"Okay. Okay. Okay. Joey, I have (neutral)",Others,Acknowledge
"What-what is it, what is it? (neutral)",Question,Question
"Oh my God, it's so huge, but you just have to promise me that you cannot tell anyone. (surprise)",Answer,Statement Opinion
"Oh no, no-no-no-no! I don't want to know! (fear)",Statement Non Opinion,Disagreement
"Yes! Yes! Yes, you do want to know! This is unbelievable! (anger)",Disagreement,Disagreement
"I don't care, Rach! Look, I am tired of being the guy who knows all the secrets but can't tell anyone! (disgust)",Statement Non Opinion,Disagreement
What? What secrets? You know secrets? What are they? (surprise),Question,Question
And you're not supposed to be gossiping!! (disgust),Statement Non Opinion,Statement Opinion
"I know, I know! I just can't keep this one in, so I pick up the phone (fear)",Statement Non Opinion,Statement Opinion
I'm not listening to you! (anger),Statement Non Opinion,Disagreement
Oh! Yay! Look! There's a piece that doesn't have floor on it! (joy),Statement Non Opinion,Statement Opinion
"Hey, come on now! (anger)",Statement Non Opinion,Command
"All right, what are we havin'? (neutral)",Question,Question
"Uhh, I don't believe in these crazy diets y'know, just everything in moderation. (neutral)",Statement Opinion,Statement Opinion
I'll take those to go. For the kids. (neutral),Statement Non Opinion,Command
"Oh, I know what I wanted to ask you. You were on the show years ago and then they killed you off. What happened there? (neutral)",Question,Question
"It was so stupid, I said some stuff in an interview that I shouldn't have said. (anger)",Statement Opinion,Statement Non Opinion
"But believe me, that's not gonna happen today. (neutral)",Statement Opinion,Statement Non Opinion
"Understood. So, what'd you say back then? (neutral)",Question,Question
"Well, I said that I (neutral)",Answer,Statement Non Opinion
Ha! (neutral),Statement Non Opinion,Acknowledge
So you like the drums! (joy),Statement Non Opinion,Statement Opinion
"That's, that's great! (joy)",Statement Opinion,Statement Opinion
"Y'know, I was worried, that, you know, they would maybe an unbearable living situation. (neutral)",Statement Opinion,Statement Non Opinion
"All right, okay, well, apparently not! (sadness)",Statement Non Opinion,Statement Non Opinion
"So, yay! (joy)",Others,Statement Opinion
"Hey-hey, Pheebs, check it out, we already learned a song. Ready? One, two, three, four... (neutral)",Command,Command
Tequila!! (joy),Others,Statement Opinion
That's fun. (joy),Statement Opinion,Statement Opinion
"Whoa-whoa, Treeger made you cry? (surprise)",Question,Question
Yes! And he said really mean things that were only partly true. (sadness),Answer,Statement Opinion
I'm gonna go down there and teach that guy a lesson. (anger),Statement Non Opinion,Statement Opinion
"Joey, please don't do that. I think it's best that we just forget about it. (fear)",Statement Opinion,Command
"That's easy for you to say, you weren't almost just killed. (anger)",Statement Non Opinion,Statement Opinion
"All right that's it, school is in session! (neutral)",Statement Non Opinion,Statement Non Opinion
My God! Is this a gym card? (surprise),Question,Question
"Oh yeah, gym member. I try to go four times a week, but I've missed the last 1200 times. (neutral)",Answer,Statement Non Opinion
So why don't you quit? (neutral),Question,Question
You don't think I've tried? You think I (joy),Answer,Statement Opinion
Who is Maria? (neutral),Question,Question
"Oh Maria. You can't say no to her, she's like this lycra spandex covered gym...treat. (joy)",Answer,Statement Opinion
You need me to go down there with you and hold your hand? (neutral),Question,Question
No! (anger),Answer,Disagreement
So you're strong enough to face her on your own? (neutral),Question,Question
"Oh no, you'll have to come. (fear)",Answer,Statement Opinion
"Pheebs, I don't think anyone's mad about that. (neutral)",Statement Opinion,Statement Opinion
Exactly! Because it's in the past! (anger),Agreement,Agreement
Anybody gonna eat that? (neutral),Question,Question
Pheebs! (joy),Others,Greeting
Hey! (joy),Greeting,Greeting
"Listen, you know how uh, when you're wearing pants and you lean forward I check out your underwear? (neutral)",Statement Non Opinion,Statement Non Opinion
Yeah! (neutral),Backchannel,Acknowledge
"Well, when Jake did it I saw that...he was wearing women's underwear! (surprise)",Statement Non Opinion,Statement Non Opinion
I know. They were mine. (neutral),Statement Non Opinion,Statement Non Opinion
"Oh. No! No wait, that's weird! (disgust)",Statement Opinion,Disagreement
"No, it's not! We were just goofing around and I dared him to try them on. (neutral)",Statement Non Opinion,Statement Non Opinion
That's weird! (disgust),Statement Opinion,Disagreement
I'm wearing his briefs right now. (neutral),Statement Non Opinion,Statement Non Opinion
That's...kinda hot. (surprise),Statement Opinion,Statement Opinion
I think so too. And that little flap? Great for holding my lipstick. (joy),Agreement,Statement Opinion
"Yeah, I wouldn't know about that. (neutral)",Statement Non Opinion,Statement Non Opinion
And! Y'know what Jake says? That women's underwear is actually more comfortable. And he loves the way the silk feels against his skin. (joy),Statement Non Opinion,Statement Opinion
"Yeah well next thing you know, he'll be telling you that your high heels are good for his posture! (disgust)",Statement Non Opinion,Disagreement
There is nothing wrong with Jake! Okay? He is all man! I'm thinking even more than you. (neutral),Statement Non Opinion,Statement Opinion
"Oh yeah, he looked like a real lumberjack in those pink lacys. (disgust)",Statement Non Opinion,Disagreement
I'm just saying that only a man completely secure with his masculinity could walk around in women's underwear! (neutral),Statement Non Opinion,Statement Opinion
I don't think you could ever do that. (neutral),Statement Opinion,Statement Opinion
Hey! I (neutral),Greeting,Statement Non Opinion
"Okay, whatever. (disgust)",Others,Acknowledge
Lusts of the flesh. (neutral),Statement Opinion,Statement Non Opinion
What? (neutral),Question,Question
I don't know. A cowboy theme? (neutral),Answer,Statement Opinion
"Hey uh, is it okay to come in? (neutral)",Question,Question
"Of course! Oh Joey, this ring I...it's beautiful I love it! (joy)",Answer,Statement Opinion
"Yeah uh look Rach, there's something I gotta tell ya. (neutral)",Statement Non Opinion,Statement Non Opinion
Hey! (joy),Greeting,Greeting
Hey! Are you ready to try nursing again? (neutral),Question,Question
"Yeah! Hi Emma. Hey, why do you think she won't take my breast? (neutral)",Question,Question
"It's all right honey, it takes some babies a while to get it, but don't worry. It'll happen. (neutral)",Answer,Statement Non Opinion
Yowza (anger),Others,Backchannel
"Okay sweetie, you can do it. Just open up and put it in your mouth. (neutral)",Command,Command
Dear Lord. (surprise),Others,Backchannel
"I'm sorry honey, what were you saying? (neutral)",Question,Apology
"Oh uh-uh yeah, I think that... (neutral)",Answer,Backchannel
Do you think my nipples are too big for her mouth? (neutral),Question,Question
She looks scared. (neutral),Statement Opinion,Statement Opinion
Doesn't she look scared? (neutral),Question,Question
"Y'know, I don't really know her. (neutral)",Answer,Statement Non Opinion
Can you see my nipples through this shirt? (neutral),Question,Question
"No. But don't worry, I'm sure they're still there. (neutral)",Answer,Statement Non Opinion
"Where are you going, Mr. Suity-Man? (neutral)",Question,Question
"Well, I have an appointment to see Dr. Robert Pillman, career counselor a-gogo. I added the ""a-gogo."" (neutral)",Answer,Statement Non Opinion
"Actually, tomorrow night kinda depends on how tonight goes. (neutral)",Statement Non Opinion,Statement Non Opinion
"Oh, uh, listen, about tonight... (sadness)",Statement Non Opinion,Apology
"No, no, no, don't you dare bail on me. (anger)",Command,Command
The only reason she's goin' out with me is because I said I could bring a friend for her friend. (neutral),Statement Non Opinion,Statement Non Opinion
"Yes, I know, but her friend sounds like such a... (anger)",Statement Non Opinion,Statement Opinion
Pathetic mess? (neutral),Statement Opinion,Statement Opinion
"I know, but--come on, man, she's needy, she's vulnerable. (neutral)",Statement Opinion,Statement Opinion
"I'm thinkin', cha-ching! (joy)",Others,Statement Opinion
Thanks. (neutral),Greeting,Acknowledge
"Look, you have not been out with a woman since Janice. (neutral)",Statement Non Opinion,Statement Non Opinion
You're doin' this. (neutral),Statement Non Opinion,Command
Hi. She said yes. (neutral),Statement Non Opinion,Statement Non Opinion
"Yes! Way to go, man! Still got the egg, huh? (joy)",Apology,Agreement
"""Happy birthday to you!"" (joy)",Greeting,Greeting
You're paying for that. (neutral),Statement Non Opinion,Command
What? No-no it's her birthday! (surprise),Disagreement,Disagreement
You've sung Happy Birthday to 20 different women today! (surprise),Statement Non Opinion,Statement Non Opinion
But it really (neutral),Statement Non Opinion,Statement Non Opinion
You are no longer authorized to distribute birthday muffins. (neutral),Statement Non Opinion,Command
Damnit! (anger),Others,Acknowledge
Rach? Hi! (joy),Greeting,Greeting
Hi! (joy),Greeting,Greeting
Did you tell your sister to ask me out? (neutral),Question,Question
Well yeah (neutral),Answer,Answer
Oh wow! (surprise),Backchannel,Acknowledge
"I mean, wow! (surprise)",Backchannel,Acknowledge
"I mean, I-I-I think she's cute but I-I would never have thought of going out with her, never! (neutral)",Statement Opinion,Statement Opinion
Really?! (surprise),Question,Question
"Yeah but after you said it was okay, I figured, ""Why not?!"" (joy)",Answer,Statement Opinion
Oh so-so not really never. (neutral),Statement Non Opinion,Statement Non Opinion
I have to say you are a much bigger person than I am. (neutral),Statement Opinion,Statement Opinion
"I mean after all we've been through, I just--y'know I wish I had a brother to reciprocate. (neutral)",Statement Opinion,Statement Opinion
"Hey, if you ever want to go out with Monica, you have my blessing. (neutral)",Statement Non Opinion,Statement Opinion
"Oh-ho, and mine! (joy)",Statement Non Opinion,Agreement
No-no wait-wait! I can't just let you hang up! Just please talk to me. (fear),Command,Command
Well...I only have one thing to do today. I guess I could push it back. (neutral),Statement Non Opinion,Statement Non Opinion
"Yeah! Now, why do you want to kill yourself? (sadness)",Question,Question
"It's just that I uh, have been working for ten years now at this meaningless, dead-end job and nobody here even knows I exist! (sadness)",Answer,Statement Non Opinion
Chandler? (neutral),Question,Question
I-I'm sorry? (sadness),Apology,Apology
"No look, I-I'm sure that people know you exist! (sadness)",Statement Non Opinion,Statement Opinion
Oh yeah? (sadness),Backchannel,Question
I work in a cubicle surrounded by people. (neutral),Statement Non Opinion,Statement Non Opinion
I've been talking to you for five minutes now about killing myself and no one's even looked up from their desk. (sadness),Statement Non Opinion,Statement Non Opinion
Hang-hang on. (neutral),Command,Command
Hey everybody! (neutral),Greeting,Greeting
"Uh, I'm gonna kill myself! (sadness)",Statement Non Opinion,Statement Non Opinion
I got nothing. (neutral),Statement Non Opinion,Statement Non Opinion
"Apparently, there's like a million guys out there that can play Mac, and there's only this one robot and this one guy who controls it! (surprise)",Statement Opinion,Statement Opinion
I didn't know he could get me fired! (surprise),Statement Non Opinion,Statement Non Opinion
What am I going to do? (fear),Question,Question
"Well y'know Joey, you're a pretty charming guy. (neutral)",Statement Opinion,Statement Opinion
"Thanks, but I kinda have a problem to deal with here. (fear)",Statement Non Opinion,Statement Non Opinion
"No sweetie, you've got to win over the guy that controls C.H.E.E.S.E.! You've got to kiss some serious robot ass! (neutral)",Statement Opinion,Command
That's not a bad idea. (neutral),Agreement,Agreement
"Okay, but if I got to turn on the charm tomorrow I'm not wasting anymore of it over here with you guys. (neutral)",Statement Opinion,Statement Non Opinion
"Well, actually I got a little bit saved for you Pheebs. (joy)",Statement Non Opinion,Statement Non Opinion
"So do you think uh, Joey's more charming than me? (neutral)",Question,Question
Yeah! That's why I'm sleeping with him on the side. (sadness),Answer,Statement Non Opinion
"Yeah, you wish. (neutral)",Others,Disagreement
"""You wish."" (joy)",Others,Backchannel
Why are you yelling? (joy),Question,Question
"Whoa, that (neutral)",Others,Backchannel
"Whoa-whoa, what is it? (surprise)",Question,Question
Well... It's a date. (neutral),Answer,Statement Non Opinion
A date?! (surprise),Question,Question
"No, no Pheebs you-you must be mistaken, because I know you wouldn't schedule a date on the same night you have plans with a friend! (surprise)",Statement Opinion,Disagreement
"Come on Joey, don't make me feel badly about this. (sadness)",Statement Non Opinion,Command
"No, I'm gonna!! (anger)",Statement Non Opinion,Disagreement
That's right! (anger),Statement Non Opinion,Statement Opinion
"Yeah, you made me feel really guilty about goin' out with that girl! (anger)",Statement Non Opinion,Statement Opinion
Like-like-like I did something terrible to you! (anger),Statement Non Opinion,Statement Opinion
"And now Pheebs, you're doing the same thing! (anger)",Statement Non Opinion,Statement Opinion
That--It's not the same thing! This is (anger),Statement Non Opinion,Disagreement
"Okay, well my girl from the other night was special. She was a scientist too! (anger)",Statement Non Opinion,Statement Opinion
She was? (surprise),Question,Question
"Well, she graduated from high school! (anger)",Answer,Statement Opinion
"Okay, whatever. (joy)",Others,Acknowledge
Y'know what? (neutral),Question,Question
"I don't have time to convince you because he's only here for four hours, and I'm gonna go see him! (anger)",Answer,Statement Opinion
Fine! (anger),Agreement,Acknowledge
Yeah! (anger),Backchannel,Acknowledge
Fine! (anger),Statement Non Opinion,Acknowledge
Yeah! (anger),Backchannel,Acknowledge
"What are you still doin' here?! I told you, lobster ravioli! (anger)",Question,Question
"Sorry I'm late, I was stuck at work. There was this big dinosaur.. thing.. anyway. (neutral)",Statement Non Opinion,Apology
Hi. (neutral),Greeting,Greeting
"Ross, you remember Susan. (neutral)",Question,Statement Non Opinion
How could I forget? (surprise),Answer,Statement Opinion
Ross. (neutral),Greeting,Greeting
"Hello, Susan. Good shake. Good shake. So, uh, we're just waiting for...? (anger)",Question,Greeting
Dr. Oberman. (neutral),Answer,Statement Non Opinion
..Dr. Oberman. Okay. And is he- (neutral),Question,Statement Non Opinion
She. (neutral),Answer,Statement Non Opinion
#NAME? (neutral),Statement Non Opinion,Question
"Yes, and she's very supportive. (neutral)",Statement Non Opinion,Statement Opinion
"Okay, that's great. No, I'm- Oh. (joy)",Statement Opinion,Acknowledge
Thanks. (neutral),Greeting,Acknowledge
"Quack, quack.. (neutral)",Others,Others
Ross? That opens my cervix. (surprise),Statement Non Opinion,Statement Opinion
Barry? (surprise),Greeting,Question
C'mon in. (neutral),Statement Non Opinion,Command
Are you sure? (surprise),Question,Question
"Yeah! It's fine, it's fine. Robbie's gonna be here for hours. (neutral)",Answer,Statement Non Opinion
Huh?! (surprise),Backchannel,Others
"So, how ya doin? (neutral)",Question,Question
Does she use the cups? Yes! I believe she does. Does she use the plates? Yes! I believe she does. (neutral),Statement Non Opinion,Statement Opinion
"Oh. Thank you. Ohhh, thank you very much. Oh, thank you for coming. Uh, just a second! (joy)",Greeting,Acknowledge
"No-no, let me in! (anger)",Statement Non Opinion,Command
Phoebe? (neutral),Greeting,Question
Yeah! (joy),Backchannel,Agreement
Can you just hold on for one minute? (neutral),Question,Command
"No, you have to let me in right now!! (joy)",Answer,Command
Are you alone? (neutral),Question,Question
Yes! (joy),Answer,Answer
All right. (neutral),Statement Non Opinion,Acknowledge
Let go! (anger),Command,Command
No! You let go! (anger),Disagreement,Disagreement
How come it's always us left in the field holding the ball? (joy),Question,Question
I don't know. I guess the other people just don't care enough. (neutral),Answer,Statement Non Opinion
Hey! It's starting to snow. (sadness),Statement Non Opinion,Statement Non Opinion
Gimme the this! (anger),Command,Command
Let go! (anger),Command,Command
Y'know what? (neutral),Question,Statement Non Opinion
Umm? (neutral),Backchannel,Backchannel
I bet 'ya ya I could fit in there. (neutral),Statement Opinion,Statement Opinion
I've got five bucks says you can't. (neutral),Statement Non Opinion,Statement Opinion
"Shoot! Shoot! Shoot! Shoot, or just fall down. That's good too. (joy)",Command,Command
Knick fan? (neutral),Question,Question
"Oh, yeah. (neutral)",Answer,Acknowledge
"Oh, boy, do they suck. (anger)",Question,Statement Opinion
"Hey, listen, lady.......whoa. (surprise)",Command,Others
"Look, look at your man, Ewing. Nice shot. You know what, he couldn't hit water if he was standing on a boat. (disgust)",Statement Non Opinion,Statement Opinion
Oh yeah? And who do you like? (neutral),Question,Question
The Celtics. (neutral),Answer,Statement Non Opinion
"The Celtics? Ha. They couldn't hit a boat if...wait. They suck, alright? (disgust)",Statement Opinion,Statement Opinion
"Oh, shut up. You know, it's a rebuilding year. You... waah! (anger)",Statement Non Opinion,Disagreement
"Wha? Wha..aa? Let me get the father. Hey, we need a father over here! We need a father! (anger)",Statement Non Opinion,Command
There is no father. (neutral),Statement Non Opinion,Statement Non Opinion
"Oh, oh, oh, sorry. (fear)",Apology,Apology
"Oh, uh, ok. Right this way. All the other pregnant women seem to be goin' in here. (neutral)",Statement Non Opinion,Statement Non Opinion
Ok. (neutral),Statement Non Opinion,Acknowledge
"Sweetheart, just gimme- gimme another chance, okay, we'll start all over again. We'll go back to Aruba. (fear)",Statement Non Opinion,Others
"Dr. Farber, we've got a bit of an emergency here...Jason Costalano is choking on his retainer. (fear)",Statement Non Opinion,Statement Non Opinion
Oh God... (fear),Others,Others
"I'll be right there, Bernice. (neutral)",Statement Non Opinion,Statement Non Opinion
"Look, please, please don't go anywhere, okay? (fear)",Statement Non Opinion,Others
Okay. (neutral),Agreement,Acknowledge
"Okay, we'll be here! (neutral)",Statement Non Opinion,Agreement
Hating you! (anger),Statement Non Opinion,Statement Opinion
Did you see how he was sweating when he walked out of there? (surprise),Question,Question
"Listen honey, if I'm hogging the ball too much you just jump right in there and take a couple punches because I'm telling you, this feels (neutral)",Statement Non Opinion,Statement Non Opinion
Yeah... I'm pretty sure I'm still gonna marry him. (joy),Statement Opinion,Statement Opinion
"What are you talking about?! Mindy, the guy is the devil! He's Satan in a smock! (disgust)",Statement Opinion,Statement Opinion
"Look, I know he's not perfect, but the truth is, at the end of the day, I still really wanna be Mrs. Dr. Barry Farber, D.D.S. (neutral)",Statement Opinion,Statement Non Opinion
Oh God. (surprise),Others,Others
I hope you can find some way to be happy for me. And I hope you'll still be my maid of honor...? (fear),Statement Non Opinion,Statement Opinion
And I hope Barry doesn't kill you and eat you in Aruba. (sadness),Statement Non Opinion,Statement Opinion
"Listen, Robert's gonna be here any second so, will one of you just tell him? (neutral)",Question,Command
Oh. (sadness),Others,Acknowledge
"Please, right now, no, every time I see him it's like 'Is it on the lose?' 'Is it watching me?' (fear)",Statement Opinion,Statement Opinion
"We can't tell him, you can't go up to a guy you barely know and talk about his.... stuff. (anger)",Statement Opinion,Disagreement
"He's right, even if it's to say something complementary. (neutral)",Agreement,Agreement
Hey! (surprise),Greeting,Greeting
Hey. (neutral),Greeting,Greeting
"So are ready for the gym? They've got this new rock climbing wall, we can spot each other. (neutral)",Question,Question
"No, I can spot you from here. (neutral)",Answer,Statement Non Opinion
What? (surprise),Question,Question
"Okay, listen Robert... (neutral)",Command,Statement Non Opinion
I don't have time for this. (anger),Statement Non Opinion,Disagreement
"No, that is what the game is. (neutral)",Disagreement,Statement Non Opinion
Which you just gave up really quickly. (neutral),Statement Non Opinion,Statement Non Opinion
Have you seen Joey? (neutral),Question,Question
What's the matter? (neutral),Question,Question
"Oh, just this! Y'know what it's my fault really, because the couch is usually where we (neutral)",Statement Non Opinion,Apology
"Hey, does somebody wanna hand me one of those tiles. (neutral)",Statement Non Opinion,Command
What's going on? (surprise),Question,Question
He's retiling my floor. (neutral),Answer,Statement Non Opinion
Yo!! Spackel boy! Get up! (neutral),Command,Command
"Ah-ah-ah, now you started this, you will finish it. (anger)",Statement Opinion,Command
He started mine first! (anger),Statement Non Opinion,Statement Opinion
"Build the unit Cinderelly, lay the tile Cinderelly. (anger)",Command,Command
Come on Chloe! Finish up with your customer first. Come on Chloe! Come on Chloe!! (joy),Command,Command
Can I help you? (neutral),Question,Question
Uh-oh. (fear),Others,Acknowledge
"Uh, y'know what, we're having second thoughts about our copying needs. And we'll need a little more time to think about it. (neutral)",Statement Non Opinion,Statement Non Opinion
"Chloe, switch with me, there's some guys here that got a crush on you. (neutral)",Statement Non Opinion,Command
"Okay, that hurt us. (joy)",Statement Non Opinion,Statement Opinion
Hi guys. I haven't seen you since this morning. (neutral),Statement Non Opinion,Greeting
"Well ah, ........y'know. (neutral)",Others,Backchannel
"Hey, what are you guys doing tomorrow night? (neutral)",Question,Question
Both of us? (surprise),Question,Question
Maybe. Does that scare ya? (neutral),Question,Question
Relax. It's just Issac's D.J.-ing at the Philly. You should come. (neutral),Answer,Statement Non Opinion
We'll be there. (joy),Statement Non Opinion,Agreement
"Great. I'll ah, see ya then. (joy)",Statement Non Opinion,Acknowledge
"All right, rock on. (joy)",Statement Non Opinion,Agreement
"Umm, candles, champagne, yeah anniversaries are great. (joy)",Statement Opinion,Statement Opinion
"Cause you know love lasts forever, y'know. (joy)",Statement Opinion,Statement Opinion
"Nothing like it in this lifetime, money in the bank, so Rachel and I broke up. (sadness)",Statement Non Opinion,Statement Non Opinion
"Oh God, Ross I am so sorry. (joy)",Apology,Apology
"Y'know what, I want to talk to you about this so much, but we should probably do it when we could really get into it, are you free for dinner tomorrow night? (neutral)",Statement Opinion,Question
"Oh yeah, I'd love that. (joy)",Agreement,Agreement
"Oh, great! Me too. (joy)",Agreement,Agreement
I guess it all started when Rachel got this new job. (neutral),Statement Opinion,Statement Non Opinion
And why do you care so much? (neutral),Question,Question
Because! You could get to live out my fantasy! (joy),Answer,Statement Opinion
You had fantasies about Emily? (sadness),Question,Question
"No! Y'know, (neutral)",Answer,Statement Non Opinion
Is that why in junior high you were the only one that hung out with that Ukrainian kid? (neutral),Question,Question
"Yeah that, plus his mom used to put sour cream on everything! (neutral)",Answer,Statement Non Opinion
Do you love her? (neutral),Question,Question
"We said it was only going to be two weeks, y'know? (neutral)",Answer,Statement Non Opinion
You love her! (surprise),Statement Non Opinion,Statement Opinion
What-what is love really? (neutral),Question,Question
"Ohhh, I (neutral)",Others,Acknowledge
I am a good kisser. (neutral),Statement Non Opinion,Statement Opinion
"Then you two can, can sneak into the cockpit, and things will start to heat up, and then a stewardess comes in... I've been watching too much porn. (neutral)",Statement Opinion,Statement Non Opinion
So basically this is very easy. You read from the script and try to sell as much toner as you possibly can. (neutral),Statement Non Opinion,Statement Non Opinion
"Okay, I can do that! Oh, by the way, I (joy)",Agreement,Agreement
Why don't we do a trial run. (neutral),Statement Opinion,Command
"Oh okay. Umm, all right. Hi, this is Phoebe from Empire Office Supplies, can I speak to your supply manager please? (neutral)",Question,Statement Non Opinion
I'm the supply manager. (neutral),Statement Non Opinion,Statement Non Opinion
"Umm, okay I would like to talk to you about your toner needs. (neutral)",Statement Non Opinion,Statement Non Opinion
"Kathy! Kathy! Hi!! Kathy! Kathy! (She doesn't hear him and keeps running, Chandler starts chasing her as the theme to (joy)",Greeting,Greeting
"Hey, Chandler! What are you doing here? (surprise)",Greeting,Question
"Oh, I just wanted to say, ""Hey!"" (joy)",Greeting,Statement Non Opinion
Hey! (neutral),Greeting,Greeting
Okay. (neutral),Others,Acknowledge
"Oh, hey, Mon, do you still have your like old blouses and dresses from high school? (neutral)",Question,Question
"Yeah, I think I have some around here somewhere. Why? (neutral)",Question,Answer
"Well, it's just that maternity clothes are so expensive. (joy)",Answer,Statement Opinion
"Hey, Rach! I made a pile of your stuff over on this side of the room. If you could just......throw your purses at it. (sadness)",Statement Non Opinion,Command
Bloomingdale's (neutral),Others,Statement Non Opinion
"Oh my God, are you out of a job? (surprise)",Question,Question
"No, but they stuck me in personal shopping. Which is just a (sadness)",Answer,Statement Opinion
Okay! (neutral),Others,Acknowledge
"Come on, no peeking! (joy)",Command,Command
Our eyes are closed and we're about to cross the street. Very good. (joy),Statement Non Opinion,Statement Non Opinion
"Okayyyyy, open up! (joy)",Command,Command
What did you want to show us? Because all I can see is this (neutral),Question,Question
"Yeah, it's for our catering business! (joy)",Answer,Statement Opinion
I think I know that girl. (neutral),Statement Opinion,Statement Opinion
"All right, umm, we're not gonna really keep it this way though. (joy)",Statement Non Opinion,Statement Non Opinion
No? (surprise),Others,Question
"No, we're gonna paint over the sword, and replace it with a baguette. (neutral)",Statement Opinion,Statement Non Opinion
Oh! (surprise),Backchannel,Backchannel
"And also, we don't know what to do with this. (neutral)",Statement Non Opinion,Statement Non Opinion
"Oh yeah, I definitely know her. (neutral)",Statement Non Opinion,Statement Opinion
"You don't know?! Rach, you balded my girlfriend! (neutral)",Statement Non Opinion,Statement Non Opinion
"All right! Ross, do you think it's easy for me to see you with somebody else? (anger)",Question,Question
"Y'know, hey! You're the one who ended it, remember? (anger)",Question,Statement Non Opinion
"Yeah, because I was (neutral)",Answer,Statement Non Opinion
You still love me? (sadness),Question,Question
Noo. (sadness),Answer,Answer
You still love me. (neutral),Statement Non Opinion,Statement Non Opinion
"Oh, y-yeah, so, you-you love me! (surprise)",Statement Non Opinion,Statement Opinion
"Noo, nnnnn. What does this mean? What do you, I mean do you wanna, get back together? (surprise)",Question,Question
Noo! (anger),Answer,Answer
Maybe! (surprise),Statement Opinion,Answer
"I, I don't know. (neutral)",Statement Non Opinion,Answer
"Ross, I still can't forgive you for what you did, I can't, I just, but sometimes when I'm with you I just, I feel so... (sadness)",Statement Non Opinion,Statement Opinion
What?! (sadness),Question,Question
"I just, I feel, I-I just... (neutral)",Others,Statement Non Opinion
What? (neutral),Question,Question
I feel... (neutral),Others,Statement Non Opinion
"Noo!! I don't care! I'm not, I'm not gonna playing one-on-one strip poker with you for practice! (anger)",Statement Opinion,Disagreement
But I made cards!! (sadness),Statement Non Opinion,Statement Non Opinion
Well! Good night. I'm going upstairs. (neutral),Greeting,Statement Non Opinion
Good night. (neutral),Greeting,Acknowledge
Wanna play strip poker for practice? (sadness),Question,Question
What are you doing? (neutral),Question,Question
The key's stuck in the lock. (neutral),Answer,Statement Non Opinion
I can fix it. Hold on. Look out. Look out. (neutral),Command,Command
It still doesn't work. (joy),Statement Non Opinion,Statement Non Opinion
"Isn't it incredible?! Monica and Chandler, gettin' married. (joy)",Question,Statement Opinion
"I know, they're gonna be (joy)",Answer,Agreement
"Ohh... I mean two best friends falling in love, how often does that happen? (joy)",Question,Statement Opinion
Not (neutral),Answer,Statement Non Opinion
No! I'm so happy for them! (joy),Statement Non Opinion,Statement Opinion
Me too! So happy for them! (joy),Agreement,Agreement
"Oh no! No God, definitely not jealous! (neutral)",Statement Non Opinion,Statement Non Opinion
"I mean I'm probably 98% happy, maybe 2% jealous. And I mean what's 2%? That's nothing. (neutral)",Statement Non Opinion,Statement Opinion
Totally. I'm like 90/10. (joy),Statement Non Opinion,Agreement
Yeah me too. (neutral),Agreement,Agreement
"Hey uh, have you guys scene Chandler? (neutral)",Question,Question
"Wh--no, but y'know who did stop in here looking for ya, Tennille. (neutral)",Answer,Statement Non Opinion
Remember that guy from cooking school I told you about that put cilantro with everything? (neutral),Question,Statement Non Opinion
"Oh sure, Cilantro Larry. (neutral)",Answer,Acknowledge
"Well, I'm gonna fill in for him as food critic for the Chelsea Reporter. (joy)",Statement Non Opinion,Statement Non Opinion
"Wow, Monica! What an amazing opportunity to influence... dozens of people. (joy)",Apology,Statement Opinion
"How could you say yes, what about our catering business? (anger)",Question,Question
"Oh no-no-no, it's only one night a week, and plus I get to take all of you out for a (neutral)",Answer,Statement Non Opinion
Yay!! (joy),Others,Agreement
"Oh, in that case----Yay! That was me hopping on board. (joy)",Statement Non Opinion,Agreement
Oh. (joy),Backchannel,Acknowledge
"Hey, you guys! Hey, Ross, quick question for ya. Are you ready to party? (joy)",Question,Question
Hello. (neutral),Greeting,Greeting
"Hey, it's me. (neutral)",Greeting,Greeting
"I know you can't stand to be in the same room as me, so I just thought I'd try and apologize over the phone. (sadness)",Statement Non Opinion,Apology
Hello. (neutral),Greeting,Greeting
"Look I never should have kissed your girlfriend, but I'm (fear)",Statement Opinion,Apology
Stop callin'!! (anger),Command,Command
"Hey! Hey! Hey! This is 92.3, WXRK, K-Rock for our $1,000 daily challenge. (joy)",Statement Non Opinion,Statement Non Opinion
All right! (neutral),Statement Non Opinion,Acknowledge
"What is the name of your roommate who is very, very sorry and would do anything (neutral)",Question,Question
Joseph Francis Tribbiani are you home yet?!! (neutral),Question,Question
"Umm, I think he's still out. What's wrong? (joy)",Question,Answer
"Well, I'll tell you Rachel Karen Green, I had plans with Joey tonight and he left me this note. (neutral)",Answer,Statement Non Opinion
"""Pheebs, can't make it, got a date. Talk to you later. Big Daddy."" Big Daddy? (anger)",Statement Non Opinion,Question
Oh that's a nickname we were trying out. (neutral),Statement Non Opinion,Statement Non Opinion
"Hey, y'know what nickname never caught on? The Ross-A-Tron! (joy)",Statement Non Opinion,Statement Opinion
Hey! (joy),Greeting,Greeting
Oh! Here's Joseph Francis! (joy),Statement Non Opinion,Statement Non Opinion
Oh-Wha-Ho! What are you middle naming me for?! I left you a note! (surprise),Statement Non Opinion,Question
So what?! That doesn't give you the right to ditch me! (anger),Statement Opinion,Disagreement
"Hey, you can cancel plans with friends if there is the possibility for sex! (anger)",Statement Opinion,Statement Opinion
"Phoebe he's right, that is the rule. (neutral)",Agreement,Agreement
I don't accept this rule. (anger),Disagreement,Disagreement
"When we make plans, I expect you to show up. (anger)",Statement Non Opinion,Statement Opinion
"Okay, I can't just be a way to kill time 'til you meet someone better! (anger)",Statement Non Opinion,Statement Opinion
"Y'know boyfriends and girlfriends come and go, but this is for life! (anger)",Statement Opinion,Statement Opinion
Did you know he was in there? (neutral),Question,Question
No. (neutral),Answer,Answer
How long have we been home? (neutral),Question,Question
About a half an hour. (neutral),Answer,Answer
Love (neutral),Statement Non Opinion,Statement Non Opinion
"Lights. Uh, romantic lights. (neutral)",Statement Non Opinion,Statement Non Opinion
"Ooh, nice. (joy)",Statement Opinion,Backchannel
"So ah, there was this thing I wanted to talk to you about. (neutral)",Statement Non Opinion,Statement Non Opinion
"Oh, right! I completely forgot about that. (neutral)",Statement Non Opinion,Acknowledge
"Well ah, I've been doing a lot of thinking, and I look at my life (neutral)",Statement Non Opinion,Statement Non Opinion
Yeah? (neutral),Backchannel,Backchannel
"And I feel like I've conquered the business world, and I feel like I've conquered the intellectual world, and now I-I have the most beautiful woman in the world. (anger)",Statement Opinion,Statement Opinion
Wow. (surprise),Backchannel,Acknowledge
There's one thing missing. (sadness),Statement Non Opinion,Statement Non Opinion
What's that? (neutral),Question,Question
It's time for me to conquer the physical world. (neutral),Answer,Statement Non Opinion
Okay. (neutral),Backchannel,Acknowledge
"Monica, I want to become the Ultimate Fighting Champion. (neutral)",Statement Non Opinion,Statement Non Opinion
You wanna what?! (surprise),Question,Question
"I want to become the Ultimate Fighting Champion! It's the most intense physical competition in the world, it's banned in 49 states! (joy)",Answer,Statement Opinion
What are you talking about? (surprise),Question,Question
"Okay, my trainer, Ho Chi, is teaching me a combination of Gee Koon Doe and Brazilian street fighting, I've even had my own octagon training ring designed. (neutral)",Answer,Statement Non Opinion
And I suppose you used a ring designer for that. (joy),Statement Non Opinion,Statement Opinion
Yeah. (neutral),Agreement,Acknowledge
"Monica, I want you there in the front row when I win. (joy)",Statement Non Opinion,Statement Opinion
I want you close enough to smell the blood. (joy),Statement Non Opinion,Statement Opinion
What do you think? (neutral),Question,Question
My parents will be so happy. (disgust),Answer,Statement Opinion
Okay to come in? (neutral),Question,Question
"Yeah, come on, eat, whatever you want. Dr. Roger got beeped again. (neutral)",Answer,Command
"Yeah I know, guess who beeped him? (neutral)",Question,Statement Non Opinion
What?! (surprise),Question,Question
I'm the ruptured spleen. (sadness),Answer,Statement Non Opinion
Why would you do that? (joy),Question,Question
Because you shouldn't be with him. You should be with me. (sadness),Answer,Statement Opinion
Really? (surprise),Question,Question
"When you were talking about Roger, that was killing me! (sadness)",Answer,Statement Opinion
"Look, things like last night they don't just happen. (neutral)",Statement Non Opinion,Statement Opinion
Or at least not to me. (neutral),Statement Non Opinion,Statement Non Opinion
"Or with the other two women, in the morning y'know I was just lying there and I couldn't wait to just go hang out with my friends, but with you I always y'know with a friend. (neutral)",Statement Non Opinion,Statement Opinion
Chandler! (surprise),Greeting,Acknowledge
"I know you probably don't want to go out with me, y'know because I make too many jokes and I've never been in a serious relationship and I guess I'm not technically a ""doctor..."" (sadness)",Statement Opinion,Statement Opinion
"There was just one woman, wasn't there? (neutral)",Statement Opinion,Question
"No, there were two. (neutral)",Statement Non Opinion,Statement Non Opinion
Including me? (surprise),Question,Question
Oh yeah. (joy),Answer,Agreement
Hey! (joy),Greeting,Greeting
Welcome back! (joy),Greeting,Greeting
Hey! Can we pick up where we left off? (joy),Question,Question
"I don't know, I'm still pretty tired out from this afternoon. (neutral)",Answer,Statement Non Opinion
Why? (surprise),Question,Question
"Uh, the sex. (neutral)",Answer,Statement Non Opinion
What sex? (surprise),Question,Question
Our sex. (joy),Answer,Statement Non Opinion
We didn't have sex. (surprise),Statement Non Opinion,Statement Non Opinion
"Well if I didn't have sex with you, I had sex with someone that looked an awful lot like (neutral)",Statement Non Opinion,Statement Non Opinion
Ew! Ew! Ew! Ew! Ew! Ew! (disgust),Others,Disagreement
Oh no! Oh no! Oh no! Oh no! No! No! No! (disgust),Others,Disagreement
Oh my God Stu! I-I can't believe you did this! Now are you absolutely sure she's a hooker? (disgust),Question,Statement Opinion
"Either that or she's just the best, most expensive date I ever had. (surprise)",Answer,Statement Opinion
Would you look at them. Am I ever gonna find a boyfriend again? I gonna die an old maid. (sadness),Statement Non Opinion,Statement Opinion
I'm your mother. (neutral),Statement Non Opinion,Statement Non Opinion
Ehh? (surprise),Others,Question
"Oh, and then Monica joked that she wouldn't go out with a guy like Chandler... (neutral)",Statement Non Opinion,Statement Non Opinion
Hi there. (neutral),Greeting,Greeting
"...and he couldn't let it go, and... I don't really know what happened with that either. (neutral)",Statement Non Opinion,Statement Non Opinion
"And then Ross's new girlfriend, Bonnie, shows up and Rachel convinced her to save her head. (neutral)",Statement Non Opinion,Statement Non Opinion
"And then Ross and Rachel kiss, and now Ross has to choose between Rachel and the bald girl and I don't know what happened there either... (neutral)",Statement Non Opinion,Statement Non Opinion
"Y'know what, hold on, let me go get Chandler. (neutral)",Command,Command
"Well yeah, I lied before. (sadness)",Answer,Statement Non Opinion
Oh! (surprise),Backchannel,Acknowledge
Oh God (surprise),Backchannel,Acknowledge
Now you know how you really feel about it. (neutral),Statement Non Opinion,Statement Non Opinion
"Oh-oh, that's a risky little game! (surprise)",Statement Opinion,Statement Opinion
Are you really gonna do this? (fear),Question,Question
Yeah. I'm gonna have a baby. I'm gonna have a baby. I'm gonna have a baby! (joy),Answer,Statement Opinion
With who? (neutral),Question,Question
"Ah, it's still not the time. (neutral)",Statement Non Opinion,Statement Non Opinion
You said I was boring--Ohh! (anger),Statement Non Opinion,Disagreement
When did I say you were boring?! (neutral),Question,Question
"Oh my God, I remember now! We were playing chess! (surprise)",Answer,Statement Non Opinion
Phoebe! You and I have (neutral),Statement Non Opinion,Statement Non Opinion
"Oh, come on! (joy)",Others,Statement Opinion
"Yes, remember that time on the frozen lake? (neutral)",Question,Question
"We were playing chess, you said I was boring, and then you took off your energy mask and you were Cameron Diaz! (anger)",Answer,Statement Non Opinion
"Okay, there's a (neutral)",Others,Acknowledge
"All right, I'm leaving! (anger)",Statement Non Opinion,Statement Non Opinion
Because I'm not going to spend one more day with someone whose out to sabotage my every move. (anger),Statement Non Opinion,Statement Opinion
That's you Rachel! (anger),Statement Non Opinion,Statement Non Opinion
"Yeah, I got that. (neutral)",Acknowledge,Acknowledge
"And you! I throw myself at you and you say no, how gay are you? (anger)",Statement Non Opinion,Statement Opinion
You take care Jill. (neutral),Statement Non Opinion,Greeting
"Okay, see ya! (joy)",Greeting,Greeting
Bye-bye (joy),Greeting,Greeting
"I-I can't believe Jill's gone. I can't help it, I opened a gate. (sadness)",Statement Non Opinion,Statement Opinion
"How about, you're moving!! (joy)",Statement Non Opinion,Statement Opinion
Look! This is ridiculous. We should be packing you!! (anger),Statement Opinion,Command
"Hey, how are you guys doing? (neutral)",Question,Greeting
Great! Monica's moving! (joy),Answer,Statement Opinion
I am not! (anger),Disagreement,Disagreement
Oh really?! Then how come all your stuff is in this box?! (surprise),Question,Question
"Okay, you guys. You guys I think I know what's going on here. Okay, you guys (neutral)",Statement Non Opinion,Acknowledge
No Phoebe I am mad! (anger),Statement Non Opinion,Statement Opinion
"Well, deep-deep-deep down! (neutral)",Statement Non Opinion,Statement Opinion
"Yeah, I'm just mad! (anger)",Agreement,Statement Opinion
Then keep running. (neutral),Command,Command
Okay! (neutral),Agreement,Acknowledge
"Oh, here's that trench-coat that you wanted. (neutral)",Statement Non Opinion,Statement Non Opinion
"Oh great! Wow! Yeah, it's comfortable. (joy)",Apology,Statement Opinion
Yeah? (neutral),Others,Backchannel
Oh! Here we (anger),Others,Statement Non Opinion
"All right, y'know what, we've been talking about London too much haven't we? (neutral)",Question,Statement Opinion
I'm sorry. (neutral),Apology,Apology
It's just 'cause I couldn't be there. (neutral),Statement Non Opinion,Statement Non Opinion
"Cause all I ever get to do now is pregnant stuff, it just bums me out. (sadness)",Statement Non Opinion,Statement Opinion
Sorry. (neutral),Apology,Apology
What happened? (neutral),Question,Question
"Well, y'know, a little of this, a little of that. Got myself a date tomorrow night. (neutral)",Answer,Statement Non Opinion
"See, didn't I tell you?! You're getting over Ross already! (joy)",Statement Non Opinion,Statement Opinion
Get out! (joy),Command,Command
I just didn't see the fast song coming. (surprise),Statement Non Opinion,Statement Non Opinion
Shh. (neutral),Others,Command
Shh. (neutral),Others,Command
"Don't try to talk, we'll get you up to your room, we'll soak your feet, you'll be okay. (neutral)",Statement Opinion,Statement Non Opinion
"Oh, thank you. (neutral)",Greeting,Acknowledge
That is so sweet! (joy),Statement Opinion,Statement Opinion
Yeah. (neutral),Others,Backchannel
"No, I mean it. There are so few genuinely nice guys out there. (anger)",Statement Opinion,Statement Opinion
"Tell me about it, I feel like I'm holding down the fort all by myself. (neutral)",Statement Non Opinion,Statement Opinion
It's Joey right? (neutral),Question,Question
Yeah. (neutral),Answer,Backchannel
Wait a minute! (surprise),Statement Non Opinion,Statement Non Opinion
No! (anger),Disagreement,Disagreement
I'm the nice one! (surprise),Statement Non Opinion,Statement Non Opinion
I'm the one who danced with the kids all night! (surprise),Statement Non Opinion,Statement Non Opinion
How...How small are your feet? (neutral),Question,Question
"Uhh, do you mind sitting there. I'm-I'm saving this for my friend Ross. (neutral)",Statement Non Opinion,Command
You mean Dr. Geller? (neutral),Question,Question
Doctor? Wow! I didn't know he had a nickname. (surprise),Question,Statement Opinion
"Oh, he won't sit here. (neutral)",Statement Non Opinion,Statement Non Opinion
"Only the people in the white coats sit over there, and only the people in the blue blazers sit here. (neutral)",Statement Non Opinion,Statement Non Opinion
"Yeah, it must've fallen out a few blocks back. I just figured we hit a dog. (joy)",Statement Non Opinion,Statement Opinion
Okay. (neutral),Acknowledge,Acknowledge
"Listen uh, could you put Kathy on, I wanna apologize. (sadness)",Command,Command
Oh yeah man. Joey. (neutral),Agreement,Acknowledge
Hey. (neutral),Greeting,Greeting
"Oh no it's fine, don't worry about it. (neutral)",Statement Non Opinion,Statement Non Opinion
"Yeah-no, stop apologizing, it's okay. (neutral)",Statement Non Opinion,Command
I'll talk to you tomorrow. (neutral),Statement Non Opinion,Statement Non Opinion
"I should uh, probably go. (neutral)",Statement Opinion,Statement Non Opinion
Yeah. Yes! Yeah. (neutral),Agreement,Agreement
I forgot my purse. (neutral),Statement Non Opinion,Statement Non Opinion
Oh. (neutral),Backchannel,Backchannel
"No, I really did forget my purse. (neutral)",Statement Non Opinion,Statement Non Opinion
"A new place for a new Ross. I'm gonna have you and all the guys from work over once it's y'know, furnished. (neutral)",Statement Non Opinion,Statement Non Opinion
I must say it's nice to see you back on your feet. (joy),Statement Opinion,Statement Opinion
Well I am that. And that whole rage thing is definitely behind me. (neutral),Agreement,Statement Non Opinion
I wonder if its time for you to rejoin our team at the museum? (neutral),Question,Question
"....and 12, 22, 18, four... What? (surprise)",Question,Question
I spelled out boobies. (joy),Answer,Statement Opinion
"Ross, but me down for another box of the mint treasures, okay. Where, where are the mint treasures? (neutral)",Question,Command
"Ah, we're out. I sold them all. (neutral)",Answer,Statement Non Opinion
What? (surprise),Question,Question
No. (sadness),Disagreement,Disagreement
"No, just, just, just a couple more boxes. (anger)",Statement Non Opinion,Command
"It-it-it's no big deal, all right, I'm-I'm cool. (fear)",Statement Opinion,Acknowledge
You gotta help me out with a couple more boxes! (sadness),Statement Non Opinion,Command
"Mon, look at yourself. You have cookie on your neck. (disgust)",Statement Non Opinion,Statement Non Opinion
Oh God! (sadness),Others,Acknowledge
"So, how many have you sold so far? (neutral)",Question,Question
Check this out. Five hundred and seventeen boxes! (surprise),Answer,Statement Opinion
"Oh my God, how did you do that? (surprise)",Question,Question
"Okay, the other night I was leaving the museum just as 'Laser Floyd' was letting out of the planetarium, without even trying I sold 50 boxes! (joy)",Answer,Statement Opinion
"That's when it occurred to me, the key to my success, 'the munchies.' So I ah, started hitting the NYU dorms around midnight. (joy)",Statement Non Opinion,Statement Opinion
I am selling cookies by the case. (joy),Statement Non Opinion,Statement Opinion
They call me: 'Cookie Dude!' (joy),Statement Non Opinion,Statement Opinion
"Okay, stop what you're doing, I need envelope stuffers, I need stamp lickers..... (neutral)",Statement Non Opinion,Command
"Well hey, who did these resumes for ya? (surprise)",Question,Question
Me! On my computer. (joy),Answer,Statement Opinion
Hi. (neutral),Greeting,Greeting
Hey. Soaps? Shampoos? Are you really taking all this stuff? (surprise),Question,Question
Why not? It's built into the price of the room. (neutral),Answer,Statement Non Opinion
Yeah but you don't need----What is this? (surprise),Question,Question
Thread! (joy),Answer,Statement Non Opinion
Score! Where are the disposable cameras? (joy),Question,Statement Opinion
What disposable cameras? (sadness),Question,Question
The cameras? Remember last night I told you to take them? (surprise),Question,Statement Non Opinion
No you didn't. (neutral),Disagreement,Disagreement
"Yes! Remember? Right before we cut the cake, I went up to you and I said (surprise)",Statement Non Opinion,Statement Non Opinion
"Oh-oh yeah, you-you came up to me and asked if I could do you a favor, and my Uncle Murray came up to you and handed you a check. (neutral)",Agreement,Acknowledge
"And then you said, ""Why do they call it a check? (neutral)",Statement Non Opinion,Statement Non Opinion
"Why not a Yugoslavian?"" (neutral)",Statement Non Opinion,Statement Non Opinion
"Yeah, then you did that. (neutral)",Statement Non Opinion,Acknowledge
So you don't have the cameras?! (surprise),Question,Question
No. Sorry man. (sadness),Answer,Apology
So? What? What? They're gone! Monica's gonna freak! (surprise),Statement Non Opinion,Statement Opinion
"Well, I'm sure they're still somewhere here in the hotel. I'll-I'll help you look for them. (neutral)",Statement Opinion,Statement Non Opinion
Great. (anger),Apology,Acknowledge
In-in three minutes. (neutral),Statement Non Opinion,Statement Non Opinion
"Uh Mr. Morse, can I speak to you for a moment? (neutral)",Question,Question
"Uhh, Rachel, my parents (neutral)",Statement Non Opinion,Statement Non Opinion
Ohh! It's so nice to meet you. Hello. (joy),Greeting,Greeting
"Hello. Well, Joshua, that $500 was for groceries. (neutral)",Statement Non Opinion,Statement Non Opinion
What? (surprise),Question,Question
"This-this, no, oh no, no-no-no, this is not--that's-that's not what it is. (joy)",Statement Non Opinion,Statement Opinion
"See, see, okay, I work in fashion, see and-and, this is a real dress actually. (neutral)",Statement Non Opinion,Statement Non Opinion
"It's-it's, they're-they're wearing it in Milan, so part of my job is too wear the clothes, and then I see how people respond, and then I report back to my superiors at (neutral)",Statement Non Opinion,Statement Non Opinion
Maybe in L.A? (neutral),Statement Opinion,Statement Opinion
Yes! (joy),Agreement,Agreement
There you go. (neutral),Statement Non Opinion,Acknowledge
"So, have you kids eaten yet? (neutral)",Question,Question
"Well, we were going to do that after--I mean umm, next. (neutral)",Answer,Statement Non Opinion
"Well, we're starving, why don't we all go get something to eat? (neutral)",Question,Command
"Oh, yeah, well... Yeah, no use wasting this baby, just lyin' around the house. (neutral)",Answer,Statement Opinion
So... We go eat. (neutral),Statement Opinion,Command
Yes. (neutral),Agreement,Agreement
"You'll wear that. We'll be eating, and of course, you'll be wearing that. (neutral)",Statement Non Opinion,Command
Well I guess I should've thought about my wife and kids before I talked back to chef Geller! (neutral),Statement Opinion,Statement Non Opinion
Thanks. (neutral),Greeting,Acknowledge
Enough! (anger),Command,Command
Lean lean lean (joy),Others,Command
Let me see that. (neutral),Statement Non Opinion,Command
This one right here. (neutral),Statement Non Opinion,Statement Non Opinion
Triskaidekaphobia. (neutral),Others,Statement Non Opinion
The fear of (neutral),Others,Statement Non Opinion
"No! No, fear of the number 13. (neutral)",Statement Non Opinion,Disagreement
"It's possible, they have really sharp edges. (neutral)",Statement Non Opinion,Statement Opinion
"All right Chandler, you're up. (neutral)",Statement Non Opinion,Command
"Wait a minute, I-I believe I'm entitled to use my Angel Pass for a free turn? (joy)",Statement Non Opinion,Statement Opinion
This game makes no sense! (anger),Statement Opinion,Statement Opinion
Y'know what? You're just upset because you're losing. (joy),Statement Opinion,Statement Opinion
"Oh come on Ross, I think we're all losers here. (neutral)",Statement Opinion,Statement Opinion
"All right. Chandler, you can either spin the wheel or pick a Google card. (neutral)",Statement Non Opinion,Command
Let me think. Let me think--Oh! I don't care. (anger),Statement Non Opinion,Statement Opinion
You-you must choose Mr. Bing. (neutral),Statement Non Opinion,Command
"Either, it makes no difference. (neutral)",Statement Non Opinion,Statement Non Opinion
"Choose, you jackass! (anger)",Command,Command
I'll take a card. (neutral),Statement Non Opinion,Statement Non Opinion
"Okay, you picked the Gimmie card! You get all of Ross's points! (joy)",Statement Non Opinion,Statement Non Opinion
What?! (surprise),Question,Acknowledge
This game is kinda fun. (joy),Statement Opinion,Statement Opinion
You don't think it's a little crazy that you get all my points just 'cause you (neutral),Statement Non Opinion,Question
I don't think the contestants are supposed to speak to each other. (neutral),Statement Non Opinion,Statement Opinion
Very funny Ross! (joy),Statement Opinion,Agreement
Very life-like and funny. (neutral),Statement Opinion,Statement Opinion
Okay. (neutral),Others,Acknowledge
"Oh no-no-no, I wasn't waving at you lady. (neutral)",Statement Non Opinion,Statement Non Opinion
"Whoa, maybe I was! (surprise)",Statement Opinion,Statement Opinion
"Get in there man! Flirt back, mix it up! (joy)",Command,Command
"Yeah, I-I-I'm down with that. (joy)",Agreement,Agreement
"Okay, here goes. (fear)",Statement Non Opinion,Acknowledge
How you a-doin'? (neutral),Question,Greeting
It worked! (surprise),Statement Non Opinion,Statement Opinion
She's waving me over. (joy),Statement Non Opinion,Statement Non Opinion
"Okay, I-I-I'll be right over. (joy)",Statement Non Opinion,Acknowledge
"Let's see, she's on the third floor (neutral)",Statement Non Opinion,Statement Non Opinion
"Wow! She is pretty, huh? (surprise)",Statement Opinion,Question
"Tell me about it, huh? Oh no-no-no, I'm not with her, she's just Monica! Ewwuck! (disgust)",Statement Non Opinion,Disagreement
Hey! (neutral),Greeting,Greeting
Hey! (neutral),Greeting,Greeting
"Oh honey, I'm so sorry, you were right, this feels great! (joy)",Statement Opinion,Apology
"See? And you don't care if people are staring, it's just for a second cause then you're gone! (neutral)",Statement Non Opinion,Statement Non Opinion
Gone! I mean its amazing Pheebs. I feel so free and so graceful. Hey! Look out for the horse! Sorry! (joy),Apology,Statement Opinion
"Oh come on guys, it's not like I moved to Europe! I just moved across the hall! And (joy)",Statement Non Opinion,Statement Opinion
Ahh! Aren't you dressed yet? (surprise),Question,Question
Am I naked again?! (surprise),Question,Question
We're supposed to meet my parents in 15 minutes. (neutral),Answer,Statement Non Opinion
"Yeah okay, I was just talking to the guys. Just look at them I mean, is it okay if they come visit? (neutral)",Question,Agreement
Wh?! What about my allergies?! (surprise),Question,Question
"Oh right, your allergies. All her, she hates you. (neutral)",Statement Non Opinion,Statement Non Opinion
Shoot! We're out of soda. (sadness),Statement Non Opinion,Statement Non Opinion
"Oh, I'll go out and get you some. (neutral)",Statement Non Opinion,Agreement
Really?! (surprise),Question,Question
"Nope! Because I'm not your boyfriend. Hey Pheebs, how did it go? (neutral)",Question,Statement Non Opinion
"Well, umm, my Mom's friend, Phoebe, is actually my birth Mom. (sadness)",Answer,Statement Non Opinion
I found a dried up seashores. (neutral),Statement Non Opinion,Statement Non Opinion
"Sweety, what are you talking about? (surprise)",Question,Question
"Oh, my new Mom, who-who's a big, fat abandoner! (sadness)",Answer,Statement Non Opinion
"Whoa, wait, Pheebs, wait a second! Don't you wanna stay here and talk about it? (surprise)",Question,Question
"No. I'm just, I wanna, I need to be alone. (sadness)",Answer,Statement Non Opinion
Monica! (sadness),Others,Greeting
Oh. (neutral),Backchannel,Acknowledge
Open it! Open it! Open it! (joy),Command,Command
Yeah baby! (joy),Agreement,Agreement
So we never got to hear about your wedding! (joy),Question,Question
"No, no, it was just our parents and 1 or 2 friends. It was a small wedding. (neutral)",Answer,Statement Non Opinion
Hey! (joy),Greeting,Greeting
"Hello? Oh, hi Ross! See? Other people call me! (surprise)",Greeting,Greeting
Hey! (joy),Greeting,Greeting
Hi! (joy),Greeting,Greeting
"So, do you guys wanna come and eat dinner at the restaurant sometime in the next few weeks? (neutral)",Question,Question
Sure! (joy),Answer,Agreement
I'd love to! (joy),Agreement,Agreement
Well you (neutral),Others,Statement Non Opinion
"Well, I can't give you a massage, because my licence has been revoked again! (sadness)",Statement Non Opinion,Statement Non Opinion
"Phoebe, what happened? (neutral)",Question,Question
"Well, it was an accident...You know, it's a lot of oil and sometimes the hand just slips! (neutral)",Answer,Statement Non Opinion
Have I got a surprise for you? Pack your bags! (joy),Statement Non Opinion,Statement Opinion
Oh no!You guys aren't supposed to get divorced for 7 years! (surprise),Statement Opinion,Disagreement
"Umm, this is nice. (neutral)",Statement Opinion,Statement Opinion
"I know, it is isn't it? (joy)",Question,Agreement
"No, I mean it, this feels really good. Is it a hundred percent cotton? (joy)",Question,Statement Opinion
"Yeah! And I got it on sale, too. (joy)",Answer,Statement Non Opinion
"Anyway, I should go, one of the lifeguards was just about to dismantle a nuclear device. (neutral)",Statement Non Opinion,Statement Non Opinion
"Well, if you wanna get a drink later we can. (neutral)",Statement Non Opinion,Others
"Oh yeah, that sounds great. Oh, and listen, it's, it's gonna be.... (neutral)",Agreement,Agreement
I know. Thanks. (neutral),Greeting,Acknowledge
So? Come on! Explain yourself Geller! First you get my Rachel pregnant! (anger),Statement Non Opinion,Command
You got Rachel pregnant?! (surprise),Question,Question
Who did?! (surprise),Question,Question
You did! (anger),Answer,Statement Non Opinion
"Yes. Yes, yes I did. But-but it was, it was just a one night thing. It meant nothing. (fear)",Agreement,Statement Opinion
Oh? Really? That's what my daughter means to you? Nothing? (anger),Question,Question
"No! No sir umm, she means a lot to me. I mean, I care--I-I love Rachel. (fear)",Answer,Statement Opinion
What?! (surprise),Question,Question
"Oh but not that way. I mean...I mean I'm not in love with her. I love her like a, like a friend. (joy)",Answer,Statement Opinion
Oh really? That's how treat a friend? You get her in trouble and then refuse to marry her? (anger),Question,Question
Hey! I offered to marry her! (anger),Answer,Statement Opinion
Wh (joy),Others,Backchannel
But I didn't want to. (anger),Statement Non Opinion,Statement Opinion
Well why not? So you can spend your time with this tramp?! (anger),Question,Question
Tramp?! (surprise),Question,Question
"I'm sorry. Dr. Green, Mona. Mona, Dr. Green. (joy)",Apology,Apology
"Yes, Fran. (neutral)",Agreement,Acknowledge
"I know what time it is, but I'm looking at the WENUS and I'm not happy!... (anger)",Statement Non Opinion,Statement Opinion
"Oh, really, really, really? (joy)",Question,Question
"Well, let me tell you something... you will care about it, because I care about it! (anger)",Statement Opinion,Statement Opinion
You got it? (neutral),Question,Question
Good! (joy),Statement Opinion,Agreement
Whooooaaaa.... (surprise),Others,Backchannel
Bijan for men? Bijan for men? Bijan for men? (neutral),Question,Question
"Hey, Joey. So did you hear about the new guy? (neutral)",Question,Greeting
I could have birds. (neutral),Statement Non Opinion,Statement Non Opinion
"Okay, Mr. Heckles, we'll try to keep it down. (neutral)",Statement Non Opinion,Agreement
Thank you. I'm going to rejoin my dinner party. (neutral),Statement Non Opinion,Acknowledge
"All right, bye-bye. (neutral)",Greeting,Backchannel
"Okay, Janice. Janice. You gotta give me Janice. That wasn't about being picky. (neutral)",Statement Opinion,Statement Opinion
We'll give you Janice. (neutral),Agreement,Agreement
"I miss Janice though. ""Hello, Chandler Bing."" (neutral)",Statement Non Opinion,Statement Opinion
"""Oh, my, god."" (surprise)",Others,Statement Non Opinion
"""Oh, Chandler, now, now, that's it. There, faster!"" (joy)",Statement Non Opinion,Command
"Stop with the broom, we're not making noise. (neutral)",Command,Command
We won. We won! (joy),Statement Non Opinion,Statement Non Opinion
Mr. Heckles. (neutral),Others,Greeting
How did this happen? (neutral),Question,Question
He musta been sweeping. They found a broom in his hand. (neutral),Answer,Statement Non Opinion
That's terrible. (anger),Statement Opinion,Statement Opinion
I know. I was sweeping yesterday. It coulda been me. (neutral),Agreement,Statement Non Opinion
"Sure, you coulda. You never know. (neutral)",Statement Non Opinion,Agreement
You never know. (neutral),Statement Non Opinion,Agreement
"Oh, I'm sorry. (sadness)",Apology,Apology
Where's Chandler? (neutral),Question,Question
"Oh, he needed some time to grieve. (neutral)",Answer,Answer
I'm free! I'm free! (joy),Statement Non Opinion,Statement Opinion
That oughta do it. (neutral),Statement Opinion,Statement Non Opinion
"Hey, look at me. I'm making jam, been at it since 4 o'clock this morning. (sadness)",Statement Non Opinion,Statement Non Opinion
Where'd you get fruit at four in the morning? (surprise),Question,Question
Went down to the docks. Bet ya didn't know you could get it wholesale. (neutral),Answer,Statement Non Opinion
I didn't know there were docks. (surprise),Statement Non Opinion,Statement Non Opinion
Hey. (neutral),Greeting,Greeting
Hey. (neutral),Greeting,Greeting
"Aww, is it broken? (sadness)",Question,Question
"No, I gotta wear this thing for a couple weeks. (joy)",Answer,Statement Non Opinion
Did you tell the doctor you did it jumping up and down on your bed? (neutral),Question,Question
Nooo. I had a story all worked out but then Chandler sold me out. (sadness),Answer,Statement Non Opinion
"Well, I'm sorry Joe. I didn't think the doctor was gonna buy that it just *fell* out of the socket. (anger)",Apology,Apology
What is this? Fruit? (surprise),Question,Question
Monica's making jam. (neutral),Answer,Statement Non Opinion
"Whoa, jam! I love jam! Hey, how come we never have jam at our place? (joy)",Question,Statement Opinion
Because the kids need new shoes. (neutral),Answer,Statement Non Opinion
I'm going into business people. (neutral),Statement Non Opinion,Statement Non Opinion
I'm sick and tired of being depressed about Richard. (neutral),Statement Non Opinion,Statement Opinion
"I needed a plan, a plan to get over my man. (anger)",Statement Non Opinion,Statement Opinion
What's the opposite of man? (neutral),Question,Question
Jam. (neutral),Answer,Statement Non Opinion
Oh Joey don't! (fear),Command,Command
It's way to hot. (anger),Statement Non Opinion,Statement Opinion
This will just be my batch. (neutral),Statement Non Opinion,Statement Non Opinion
Why? Do you think he's still mad at us? (surprise),Question,Question
Well he's probably mad after you called him this morning to borrow his goggles. (neutral),Answer,Statement Non Opinion
What? Mine aren't tinted. (surprise),Question,Statement Non Opinion
Here you go Pheebs. Who else wants one of my special homemade brownies? (neutral),Question,Statement Non Opinion
I will have one. (neutral),Answer,Agreement
"Okay, I'm not gonna have one. (neutral)",Statement Non Opinion,Disagreement
"No, no, it's just my tooth. (sadness)",Disagreement,Statement Non Opinion
All right I'll have one. (neutral),Agreement,Agreement
"So what's a matter, you need a dentist? I've got a good one. (neutral)",Question,Question
"No thanks, I have a good one too. I just, I, I can't see him. (fear)",Answer,Statement Non Opinion
See that is the problem with invisible dentists. (neutral),Statement Non Opinion,Statement Opinion
Why? Why can't you go to him? (surprise),Question,Question
"Because, every time I go to the dentist, somebody dies. (anger)",Answer,Statement Non Opinion
"That is so weird, because every time I go to the dentist, I look down the hygienist's blouse. (joy)",Statement Non Opinion,Statement Opinion
"Phoebe, what? Umm...what?! (surprise)",Question,Question
"Yeah, yeah, first there was my aunt Mary, and then there was umm, John, my mailman, and then my, my cowboy friend 'Albino Bob'. (neutral)",Answer,Statement Non Opinion
And all these people actually died? (surprise),Question,Question
"Yes, while I was in the chair! (sadness)",Answer,Statement Non Opinion
"That's why I take such good care of my teeth now, y'know, it's not about oral hygiene, I floss to save lives! (neutral)",Statement Non Opinion,Statement Opinion
"Pheebs, come on, you didn't kill anybody, these people just happened to die when you went to the dentist. (neutral)",Disagreement,Statement Opinion
"It's, it's, it's just ah, a coincidence. (neutral)",Statement Non Opinion,Statement Opinion
"Well tell that to them. Oh! You can't, their dead. (sadness)",Statement Non Opinion,Statement Non Opinion
Hello? (surprise),Greeting,Greeting
Ross. (neutral),Greeting,Acknowledge
It was dreadful. I felt terrible about how I acted when you said those wonderful things. (sadness),Apology,Statement Opinion
"No, no, that-that, that's all right. Umm, I'm just glad you called. (joy)",Disagreement,Agreement
"Ross umm, there's something that I've got to tell you, there's-there's someone else. (joy)",Statement Non Opinion,Statement Non Opinion
Does that mean the same thing in England as it does in America? (sadness),Question,Question
You know what? I'm not gonna be able to enjoy this. (sadness),Question,Statement Opinion
"Yeah, I know, it's my birthday. We all should be here. (sadness)",Answer,Acknowledge
"So, let's go. (neutral)",Command,Command
"Well maybe, you know, maybe we should stay for one song. (neutral)",Statement Opinion,Statement Opinion
"Yeah, I mean, it would be rude to them for us to leave now. (neutral)",Statement Opinion,Agreement
"You know, the guys are probably having a great time. (neutral)",Statement Opinion,Statement Non Opinion
"Okay, I've got three of my five. (neutral)",Statement Non Opinion,Statement Non Opinion
"Three of your five, what? (neutral)",Question,Question
Celebrities I'm allowed to sleep with. (neutral),Answer,Statement Non Opinion
Oh my God! You are giving this a lot of thought. (surprise),Statement Non Opinion,Statement Opinion
"Yeah, it's hard okay, I only have two spots left. (neutral)",Statement Non Opinion,Statement Non Opinion
"All right, so who do you got it narrowed down to? (neutral)",Question,Question
"Okay, Elizabeth Hurely.... (joy)",Answer,Statement Non Opinion
"Oooh-hoo, very attractive, forgiving. (surprise)",Statement Opinion,Statement Opinion
Susan Sarandon. (neutral),Answer,Statement Non Opinion
"Eh, y'know what, she's to political, she probably wouldn't let you do it, unless you donated four cans of food first. (disgust)",Statement Opinion,Statement Opinion
And!! Isabella Rosselini. (joy),Answer,Statement Non Opinion
"Ooh-hoo. Very hot, very sexy. But ah, y'know she's too international, y'know she's never gonna be around. (joy)",Statement Opinion,Statement Opinion
So? (neutral),Question,Backchannel
"So, you gotta play the odds, pick somebody who's gonna be in the country like all the time. (neutral)",Answer,Statement Opinion
"Yeah, 'cause that's why you won't get Isabella Rosselini, geography. (neutral)",Agreement,Statement Opinion
Oh that's five Ross. Five women have had five babies! And I have had no babies! Why doesn't she want to come out? (sadness),Question,Statement Opinion
Y'know what I think it is? (neutral),Question,Question
I think you've made such a nice home for her over the last nine months that she just doesn't want to leave. (neutral),Statement Non Opinion,Statement Opinion
Oh. Look at you making up crap for me. Oh God! (sadness),Others,Statement Opinion
"Twenty-one hours, you're a hero. (neutral)",Statement Opinion,Statement Non Opinion
Doctor you gotta do something! I think you gotta give me drugs or you gotta light a fire up in there and just smoke it out. (sadness),Command,Command
"Actually, I think you're ready to go to the delivery room. (neutral)",Statement Opinion,Statement Non Opinion
What? (surprise),Question,Question
"Ten centimeters, you're about to become a mom. (neutral)",Answer,Statement Non Opinion
My God. Okay. Ha-ha-ha beat ya! Sucker! (surprise),Others,Statement Opinion
Are they here yet? (neutral),Question,Question
"No, honey, they're not, but don't worry, because we are going to find them, and until we do, we are all here for you, ok? (neutral)",Answer,Statement Non Opinion
Ok. (neutral),Statement Non Opinion,Acknowledge
Hi. (neutral),Greeting,Greeting
May I see your boarding pass? (neutral),Question,Question
"Oh, no, no, I don't have one. I just need to talk to my friend. (neutral)",Answer,Answer
"Oh, oooh. I'm sorry. You are not allowed on the jetway unless you have a boarding pass. (neutral)",Apology,Statement Non Opinion
"No, I know, but I--he just went on. (neutral)",Disagreement,Statement Non Opinion
"He's right there, he's got the blue jacket on, I... can I j-just... (sadness)",Statement Non Opinion,Question
No no no! Federal regulations! (anger),Disagreement,Command
"OK, alright, OK, um... then could you please, uh... just give him a message for me? Please? This is (neutral)",Agreement,Question
Alright. What's the message? (neutral),Question,Question
Uh... I don't know. (neutral),Answer,Answer
"Sir? Sir? Excuse me, sir? Uh... I have a message for you. (neutral)",Statement Non Opinion,Statement Non Opinion
What? (neutral),Question,Question
"It's from Rachel. She said that she loved the present, and she will see you when you get back. (neutral)",Answer,Statement Non Opinion
": Toby... Oh, for God's sake, I don't know what she's talking about! (surprise)",Statement Non Opinion,Statement Opinion
There's no Rachel! (anger),Statement Non Opinion,Statement Non Opinion
"Here's the thing, Janice. (neutral)",Statement Non Opinion,Statement Non Opinion
"You know, I mean, it's like we're different. (neutral)",Statement Opinion,Statement Opinion
"I'm like the bing, bing, bing. (anger)",Statement Non Opinion,Statement Opinion
"You're like the boom, boom, ... boom. (neutral)",Others,Statement Opinion
Ow! (surprise),Apology,Others
"Oh, my god, I'm so sorry. Are you ok? (anger)",Question,Apology
"Ow. Um, it's just my lens. It's just my lens. I'll be right back. (sadness)",Answer,Statement Non Opinion
I hit her in the eye! I hit her in the eye! This is the worst break-up in the history of the world. (sadness),Statement Non Opinion,Statement Opinion
Oh my god. How many of those have you had? (surprise),Question,Question
"Oh, I don't know, a million? (anger)",Answer,Statement Opinion
"Chandler, easy, easy. Go to your happy place. La la la la la la la. (neutral)",Command,Command
I'm fine. (neutral),Statement Non Opinion,Statement Non Opinion
All right. (neutral),Statement Non Opinion,Acknowledge
I'm not fine. Here she comes. (fear),Statement Non Opinion,Statement Non Opinion
Wait here. Breathe. (neutral),Command,Command
How do you do that? (surprise),Question,Question
It's like a gift. (neutral),Answer,Statement Opinion
We should always always break up together. (neutral),Statement Opinion,Statement Opinion
"Oh, I'd like that. (neutral)",Agreement,Agreement
You win. (anger),Statement Non Opinion,Disagreement
"Well, what did you have? (neutral)",Question,Question
It doesn't matter because nothing beats a three and a six. (joy),Answer,Statement Opinion
That my friend is D-Cup. (neutral),Statement Non Opinion,Statement Non Opinion
"Okay, now much have you won so far? (neutral)",Question,Question
"Uh, wow, 700. (surprise)",Answer,Answer
Not 700 exactly? (surprise),Question,Question
Yeah. (neutral),Answer,Acknowledge
Double it! (joy),Command,Command
What? (surprise),Question,Question
"Well you see in Cups, once you get $700, you have to double it. (neutral)",Answer,Statement Non Opinion
Really? (surprise),Question,Question
"Hey, I didn't make up the rules. (neutral)",Answer,Statement Non Opinion
"Now, after you receive the doubling bonus, you get uh, one card. (neutral)",Statement Non Opinion,Statement Non Opinion
"Now that one card could be worth $100 bringing your total to 1,500. (neutral)",Statement Non Opinion,Statement Non Opinion
Don't get to excited because that's not gonna happen unless you get--No way! (surprise),Statement Non Opinion,Statement Opinion
"I'm, I'm sorry you didn't get to go to Spacecamp, and I'm hoping that maybe somehow, this may make up for it. (sadness)",Apology,Apology
Presenting Sarah Tuttle's Private Very Special Spacecamp! (joy),Statement Non Opinion,Statement Non Opinion
! (neutral),Others,Others
"Really Mr. Geller, you don't have to do this. (neutral)",Statement Opinion,Acknowledge
Oh come on! Here we go! Stand by for mission countdown! (joy),Statement Non Opinion,Statement Opinion
I'm an alien. I'm an alien. (neutral),Statement Non Opinion,Statement Non Opinion
Oh no! An asteroid! (surprise),Statement Non Opinion,Statement Non Opinion
Hey. (neutral),Greeting,Greeting
Hey. (neutral),Greeting,Greeting
Where you going? (neutral),Question,Question
To the bank. (neutral),Answer,Answer
Sperm or regular? (neutral),Question,Question
Sperm. (neutral),Answer,Answer
"So you're really doing this, huh? (surprise)",Question,Statement Opinion
"Oh yeah, picked a guy, 37135. (neutral)",Answer,Statement Non Opinion
Sounds nice. (neutral),Statement Opinion,Statement Opinion
"Fraid so. Brown hair, green eyes... (neutral)",Statement Non Opinion,Statement Non Opinion
"No kiddin', hmm. (surprise)",Statement Non Opinion,Acknowledge
What? (sadness),Question,Question
"What's wrong, sweetie? (neutral)",Question,Question
"Nothing, nothing. (joy)",Answer,Statement Non Opinion
"Aaaah, what's wrong, c'mon. (joy)",Question,Question
"It's, I mean, it's nothing, I'm fine. (sadness)",Answer,Statement Non Opinion
It's my friends. (sadness),Statement Non Opinion,Statement Non Opinion
They-they have a liking problem with you. (sadness),Statement Non Opinion,Statement Non Opinion
"In that, um, they don't. (sadness)",Statement Non Opinion,Statement Non Opinion
Oh. They don't. (surprise),Statement Non Opinion,Acknowledge
But they don't see all the wonderfulness that I see. (joy),Statement Non Opinion,Statement Opinion
They don't see all the good stuff and all the sweet stuff. (sadness),Statement Non Opinion,Statement Opinion
They just think you're a little... (joy),Statement Non Opinion,Statement Non Opinion
What? (neutral),Question,Question
Intense and creepy. (neutral),Answer,Statement Non Opinion
You got me. (neutral),Statement Non Opinion,Acknowledge
Yeah. Right. (neutral),Agreement,Backchannel
"Good, and hey! My treat. But that's only because you're not eating anything, right? (joy)",Question,Statement Opinion
I can't believe we're here. (joy),Statement Non Opinion,Statement Opinion
Oh you've got to be kidding me. (surprise),Disagreement,Statement Non Opinion
What? (surprise),Question,Question
"As a wedding gift to you, the hotel would like to give you the honeymoon suite. (neutral)",Statement Non Opinion,Statement Non Opinion
No!! You have been screwing us all day! (anger),Disagreement,Statement Opinion
Who are you? (surprise),Question,Question
We're you just ten seconds later! (neutral),Answer,Statement Non Opinion
You already got the first class tickets.. you got the lounge! (anger),Statement Non Opinion,Statement Opinion
I mean we should get free stuff too! (anger),Statement Opinion,Statement Opinion
I mean you're not the only ones on your honeymoon! (anger),Statement Non Opinion,Statement Opinion
Well you can have the suite if you want. (neutral),Statement Non Opinion,Statement Non Opinion
We don't care about where we stay. (neutral),Statement Non Opinion,Statement Non Opinion
We're here to celebrate our love together. (anger),Statement Non Opinion,Statement Opinion
We don't have to get free stuff. (anger),Statement Non Opinion,Statement Opinion
We just want to be together. (joy),Statement Non Opinion,Statement Opinion
We need the stuff. (neutral),Statement Non Opinion,Statement Non Opinion
Yes! (joy),Agreement,Acknowledge
"Okay, well then how about a handshake? (neutral)",Question,Question
Oh God I'm sorry! (joy),Apology,Apology
"Oh God, I'm sorry! (joy)",Apology,Apology
I did not mean to touch that--I mean (fear),Apology,Statement Non Opinion
Hey Pheebs! (joy),Greeting,Greeting
Hey! (joy),Greeting,Greeting
Check it out. How much of a man am I?! (joy),Question,Statement Opinion
Wow! Nice! Manly and also kind of a slut. (fear),Answer,Statement Opinion
"which brings us back, of course, to Greely's theory of dominance. (neutral)",Statement Non Opinion,Statement Non Opinion
"Okay, that-that's all for today. (neutral)",Statement Non Opinion,Statement Non Opinion
"Oh, uh does anyone know where the Freeman building is? (neutral)",Question,Question
"Yeah, it's the new building on Avenue A. (neutral)",Answer,Answer
"What?! That-that's all the way cross town, I'm supposed to teach a graduate seminar there in ten minutes. (surprise)",Statement Non Opinion,Statement Opinion
"Ooh, dude. That's not gonna happen. (neutral)",Statement Non Opinion,Statement Opinion
Move it! Move it! Move it!! Hey!!! I'm the teacher!! (anger),Command,Command
Jason? (neutral),Greeting,Greeting
"Yeah, come on in. (neutral)",Command,Answer
"So Phoebe, you ah, sounded kinda serious on the phone, is ah, is anything wrong? (neutral)",Question,Question
No. And I don't think I'm gonna want to. (surprise),Answer,Disagreement
I can't do this. (sadness),Statement Non Opinion,Statement Non Opinion
"Yep. Yep, that's what I didn't want to know. (sadness)",Statement Non Opinion,Acknowledge
"Well, oh, Mark, I'm doing this for the wrong reasons, y'know? (sadness)",Question,Statement Opinion
I'm just doing it to get back at Ross. (sadness),Statement Non Opinion,Statement Opinion
"I'm sorry, it's not very fair to you. (sadness)",Apology,Apology
Ahh! (surprise),Others,Others
"Fair, shmair (sadness)",Statement Opinion,Disagreement
Y'know? (neutral),Question,Question
"Look, if you want to get back at Ross, I am here for you. (neutral)",Statement Non Opinion,Statement Opinion
Really? (surprise),Question,Question
"No-no, I say-I say, I say we get back at him right on this couch. (neutral)",Answer,Statement Opinion
Right here! (anger),Statement Non Opinion,Command
Oh God. I'm sorry about this. (sadness),Apology,Apology
That's okay. (neutral),Others,Acknowledge
You sure? (joy),Question,Question
Yeah. I can just go home and get back at him by myself. (neutral),Answer,Statement Opinion
Here she is! Future fashion superstar! (joy),Statement Non Opinion,Statement Opinion
"Oh Joey, I'm hardly a (neutral)",Statement Non Opinion,Statement Non Opinion
My little sister Dina! (joy),Statement Non Opinion,Statement Opinion
And here we go (neutral),Statement Non Opinion,Statement Non Opinion
"I saw this movie once where there was a door and no one knew what was behind it, and when they finally got it open millions and millions and millions of bugs came pouring out and they feasted on human flesh. (disgust)",Statement Non Opinion,Statement Opinion
Y'know it wouldn't kill ya to respect your wife's privacy! (joy),Statement Opinion,Statement Opinion
Stupid closet full of bugs! (anger),Statement Opinion,Statement Opinion
"Joey. Joey, something feels weird and not good weird. I don't--Whoa!! (fear)",Statement Non Opinion,Statement Opinion
"When my sisters were pregnant they got every weird feeling in the book, it was always nothing. (neutral)",Statement Non Opinion,Statement Non Opinion
Really? (neutral),Question,Question
Absolutely. (neutral),Answer,Agreement
"Okay Rach-Rach-Rach look at me, look at me, everything's gonna be fine, trust me. (neutral)",Others,Statement Opinion
Take my hand. (neutral),Others,Command
Here we go. (neutral),Statement Non Opinion,Statement Non Opinion
Oww crushing bones! (surprise),Statement Non Opinion,Statement Opinion
Oh hello. (neutral),Greeting,Greeting
"Oh, it's you. I see you everywhere. I'm Jim, Jim Nelson. (surprise)",Statement Non Opinion,Statement Non Opinion
"Oh Jim, Jim Nelson I'm Phoebe, Phoebe Buffay. We certainly have been seeing a lot of each other lately. (neutral)",Statement Non Opinion,Greeting
"We have. Maybe we'll be seeing each other at dinner tomorrow night, say around 8 o'clock? (neutral)",Question,Question
"Well, maybe we will. Oh! (joy)",Answer,Acknowledge
"Well, that's not something a girl wants to hear. (anger)",Statement Non Opinion,Statement Opinion
"No, come on don't start. Ouch! (joy)",Others,Disagreement
What? (sadness),Question,Question
Stupid balls are in the way. (sadness),Answer,Statement Non Opinion
Oh well. It probably would've been the most constructive solution. (neutral),Statement Opinion,Statement Opinion
You have chalk on your face. (neutral),Statement Non Opinion,Statement Non Opinion
Huh? (joy),Backchannel,Backchannel
"Oh, Ross you're right, I don't know why I always thought this was real grass. (sadness)",Statement Non Opinion,Agreement
"Hey, are you okay? (joy)",Question,Question
My wife's a lesbian. (sadness),Answer,Statement Non Opinion
Cool!! (joy),Statement Opinion,Acknowledge
"Ross, Joey. Joey, Ross. (sadness)",Statement Non Opinion,Statement Non Opinion
Hey! Where 'ya headin' in those pants? 1982? (joy),Question,Greeting
"Oh Monica, listen, I ah, I saw down at the hardware store, they got those designer tiles on sale. (neutral)",Statement Non Opinion,Statement Non Opinion
If you ever want to redo the bathroom floor. (neutral),Statement Non Opinion,Statement Non Opinion
"Why, what's wrong with my bathroom floor? (surprise)",Question,Question
"Nothing. It's just old and dingy, that's all. (disgust)",Answer,Statement Opinion
I highly doubt that. (anger),Statement Non Opinion,Disagreement
"Oh yeah. If you ah, move your hamper, you see what color the tile used to be. Yeah. (disgust)",Statement Non Opinion,Statement Opinion
I can't live like this! What are we gonna do? What are we gonna do? (fear),Question,Question
Relax. Here hold this . This old stuff just comes right off. (neutral),Answer,Command
That's a little more than I wanted to see. (disgust),Statement Non Opinion,Statement Opinion
Aw! (surprise),Acknowledge,Acknowledge
"Look at that, every inch of this stuff is glued down. (surprise)",Statement Opinion,Statement Non Opinion
It'd take forever to pry this up. (joy),Statement Non Opinion,Statement Opinion
"You should ah, you should just leave it. (neutral)",Command,Command
I can't leave it! You gouged a hole in my dingy floor. (anger),Disagreement,Disagreement
Eh! There you go. (neutral),Statement Non Opinion,Acknowledge
"You know that's nice, y'know we could put it back there after the surgeons remove it from your colon! (anger)",Statement Non Opinion,Statement Opinion
Hi. (neutral),Greeting,Greeting
Hi! (anger),Greeting,Greeting
Hey! (joy),Greeting,Greeting
"Uh, Pheebs, about your mom... (neutral)",Statement Non Opinion,Statement Non Opinion
Yeah? (surprise),Others,Acknowledge
How's that going? (neutral),Question,Question
"So great. Oh, we took a nap today and my Mom fell asleep on my tummy and purred. (joy)",Answer,Statement Opinion
That's so sweet. I'm gonna get some coffee. (neutral),Statement Non Opinion,Statement Non Opinion
Huh? What'd ya say Joe? I'll be right there. (surprise),Question,Question
Pheebs... (neutral),Greeting,Acknowledge
"I just feel so, uhh..... (neutral)",Statement Non Opinion,Statement Non Opinion
All right!! (joy),Statement Non Opinion,Agreement
I'm coming already!! (joy),Statement Non Opinion,Statement Non Opinion
Really?! You think that will work? (surprise),Question,Disagreement
"Absolutely! And if it doesn't, can I get the extra ticket? (joy)",Answer,Agreement
What the heck is that? (surprise),Question,Question
Hello. (neutral),Greeting,Greeting
"Hey, Pheebs! It's Joey! (joy)",Greeting,Greeting
"Hey, Joey! (joy)",Greeting,Greeting
Hey! (joy),Greeting,Greeting
Ooh! (joy),Others,Statement Non Opinion
Ooh! (joy),Others,Statement Non Opinion
I just say someone on the--that looks just like you on the subway. (neutral),Statement Non Opinion,Statement Non Opinion
"And I was gonna go over and say 'hi!' but then I figured, he doesn't care if he looks like you. (joy)",Statement Non Opinion,Statement Opinion
"That just cost me four bucks. But uh listen, I just called to see how the chick and the duck are doing? (neutral)",Question,Question
"Ohh, they're having a (joy)",Answer,Statement Non Opinion
"Kinda, but I've just been having way too much fun. (joy)",Statement Non Opinion,Statement Opinion
So you're not homesick yet? (surprise),Question,Question
"No, I don't think so. (neutral)",Answer,Answer
"All right, the seven of us miss you. (joy)",Statement Non Opinion,Statement Opinion
No. (neutral),Disagreement,Disagreement
You'll see. (neutral),Statement Non Opinion,Statement Non Opinion
"Liam, do me a favour. Tell the lads to go easy on Ross, it's his first time. (neutral)",Statement Non Opinion,Command
You don't say! (surprise),Disagreement,Acknowledge
"Good luck, babe. (joy)",Greeting,Statement Opinion
Ross! Ross! Come on! Get in here! Ross! Come on! (joy),Command,Command
"Ross, come on! Get in the bloody scrum! Ross, get in! (anger)",Command,Command
JOEY!!!!!! (joy),Greeting,Acknowledge
I don't believe you spent my wedding fund on the beach house! (anger),Statement Non Opinion,Disagreement
"We're sorry honey, but we just assumed if you got married after you turned 30 you'd pay for it yourself. (neutral)",Apology,Apology
Come on! Admit it! That was the best nap you ever had! (anger),Command,Command
I've had better. (neutral),Disagreement,Statement Non Opinion
Okay! When?! (anger),Question,Question
All right! All right! It was the best nap ever! (joy),Agreement,Agreement
Uh-huh! (anger),Backchannel,Backchannel
I've said it! Okay?! But it's over Joey! (anger),Statement Non Opinion,Statement Opinion
I want to do it again. (anger),Statement Non Opinion,Statement Opinion
We (neutral),Statement Non Opinion,Statement Non Opinion
Why not? (neutral),Question,Question
Because it's weird! (disgust),Answer,Statement Opinion
Fine! Do you want something to drink? (anger),Question,Question
"Sure, what do you got? (neutral)",Question,Question
Warm milk and (neutral),Answer,Statement Non Opinion
Are you okay? (neutral),Question,Question
I need some milk. (neutral),Answer,Statement Non Opinion
"Ok, I've got milk Here you go... Oh! Better? (anger)",Question,Statement Non Opinion
No... (sadness),Answer,Disagreement
"I'm so embarrassed, I'm the one he hit on! (surprise)",Statement Non Opinion,Statement Opinion
"Pheebs, if I had never met him this never would have happened! (neutral)",Statement Non Opinion,Statement Opinion
I'm so sorry! No I'm sorry! No I'm sorry! No I'm sorry! (sadness),Apology,Apology
"No, wait, oh, what are we sorry about? (surprise)",Question,Question
"I don't know...right, he's the pig! (sadness)",Answer,Statement Opinion
Such a pig! (disgust),Agreement,Statement Opinion
"Oh, God, he's such a pig, (disgust)",Agreement,Statement Opinion
Oh he's like a... (disgust),Statement Non Opinion,Statement Non Opinion
He's like a big disgusting... (disgust),Statement Non Opinion,Statement Opinion
...like a... (neutral),Statement Non Opinion,Statement Non Opinion
...pig...pig man! (disgust),Statement Non Opinion,Statement Opinion
"Yes, good! Ok... (anger)",Agreement,Agreement
"Oh, but he was my pig man...how did I not see this? (anger)",Question,Statement Opinion
"Oh! I know! It's because... he's gorgeous, and he's charming, and when he looks at you... (sadness)",Answer,Statement Opinion
"Ok, Ok, Pheebs... (neutral)",Others,Acknowledge
The end. (neutral),Statement Non Opinion,Statement Non Opinion
"Oh, God... (joy)",Others,Statement Non Opinion
Should I not have told you? (surprise),Question,Question
"No, no, trust, me, it's, it's, it's much better that I know. (neutral)",Answer,Agreement
"Uh, I just liked it better before it was better... (sadness)",Statement Non Opinion,Statement Opinion
"Well, yes, it's kind've an unusual house. (neutral)",Agreement,Statement Opinion
"It has umm, three beautiful bedrooms and ah, no baths. (neutral)",Statement Non Opinion,Statement Non Opinion
"But y'know, the ocean is right there. (neutral)",Statement Non Opinion,Statement Opinion
"Knock, knock, knock. (neutral)",Others,Others
"Ah, oh, hang on a second. Come in, come in. All right, so think about it, and call me back. (neutral)",Command,Command
"Are you ah, Phoebe Abott? (neutral)",Question,Question
"Ahh, yes. (neutral)",Answer,Answer
"Hi Phoebe Abott, I'm your best friends daughter! (joy)",Greeting,Greeting
You're Erwin's daughter?! (surprise),Question,Question
"No, I-I mean your-your old best friend, here. Lily, from high school. Remember? (neutral)",Question,Statement Non Opinion
"Oh gosh, Lily, yes. Of course I remember Lily. I... Then you must be? (surprise)",Answer,Question
"Phoebe. Phoebe. Phoebe, yeah. She named me after you I guess. (sadness)",Answer,Statement Non Opinion
"Uh-huh. Wow! Well, look! There's Frank. (surprise)",Statement Non Opinion,Statement Non Opinion
"Dude, you have got to turn on (neutral)",Command,Command
Let's go watch it at your place. (neutral),Statement Non Opinion,Command
"Nah, Monica's watching some cooking show. Come on, I don't want to miss when they were skinny. (neutral)",Disagreement,Statement Non Opinion
"Chandler, Chandler, y'know what we should do? You and I should go out and get some new sunglasses. (joy)",Question,Statement Opinion
"What? No, I want to watch this. . Did your cable go out? (joy)",Question,Question
"No, that's (neutral)",Answer,Acknowledge
"Joey, why is your cable out? (sadness)",Question,Question
"I uh, oh! Because, uh, I haven't really paid the bill (sadness)",Answer,Answer
"If you need money, will you please-please just let me loan you some money? (neutral)",Question,Statement Opinion
"No, Chandler. (neutral)",Answer,Disagreement
"Look, forget about it, okay? (anger)",Others,Command
"Look, I know things have been a little tight since Janine moved out. (sadness)",Statement Non Opinion,Statement Non Opinion
"Oh, was she hot. (joy)",Statement Opinion,Statement Opinion
Whoa ho. (joy),Acknowledge,Backchannel
I know! (surprise),Agreement,Agreement
"Yeah, but, look I can handle it. (neutral)",Statement Non Opinion,Statement Non Opinion
All right? (neutral),Statement Non Opinion,Question
"Look, I can listen to the radio, huh? (neutral)",Statement Non Opinion,Statement Non Opinion
And Ross gave me this great book (holds up the (neutral),Others,Statement Non Opinion
Sure. (neutral),Agreement,Acknowledge
Paid your phone bill? (neutral),Question,Question
Not so much. (neutral),Answer,Answer
"Oh good, okay, I can't take it anymore. (neutral)",Statement Non Opinion,Statement Non Opinion
I can't take it anymore. (anger),Statement Non Opinion,Statement Non Opinion
"So you win, okay? (anger)",Statement Non Opinion,Agreement
Here! (anger),Statement Non Opinion,Command
Pheebs? (anger),Question,Question
Flying a jet? (surprise),Question,Question
Better make it a spaceship so that you can get back to your (neutral),Statement Opinion,Statement Non Opinion
"Hey everybody, Pheebs is here! (joy)",Statement Non Opinion,Greeting
Phoebe! (joy),Statement Non Opinion,Greeting
"Hey, Pheebs! (joy)",Greeting,Greeting
"Phoebe, woo! (joy)",Statement Non Opinion,Greeting
What?! What good is that gonna do anybody? (anger),Question,Disagreement
"Well, it helps the bee look tough in front of his bee friends. The bee is happy and I am definitely not. (sadness)",Answer,Statement Opinion
"Now, y'know the bee probably died after he stung ya. (neutral)",Disagreement,Statement Non Opinion
"Aw, dammit! (surprise)",Others,Acknowledge
Back on in 30 seconds people! (neutral),Command,Command
"Hey, excuse me, would you mind switching with me? (neutral)",Question,Question
"Hey, no way, I'm in the shot man. (anger)",Answer,Disagreement
Come on man! You've been here all day! (anger),Statement Non Opinion,Command
"Yeah, I-I'm taking pledges here, eh? (neutral)",Statement Non Opinion,Statement Non Opinion
"We're on in 3, 2, (neutral)",Statement Non Opinion,Command
Welcome back to our fall telethon. Now if you've been enjoying the performance of (neutral),Greeting,Statement Non Opinion
Ah. (neutral),Backchannel,Acknowledge
Yeah. (neutral),Statement Non Opinion,Backchannel
"I go see my doctor tomorrow, I'll ask her about this. (neutral)",Statement Non Opinion,Statement Non Opinion
Maybe she can give me a pill or something. (neutral),Statement Opinion,Statement Opinion
"Yeah. Yeah, that's what you need a good...pill. (neutral)",Agreement,Agreement
What are you writing? (neutral),Question,Question
"Well, Joshua's coming in tomorrow and since I don't have the guts to ask him out, I'm going to sell him a coat and put this note in the pocket. (neutral)",Answer,Statement Non Opinion
"Oh yeah? Joshua, give me a call sometime, guys like you never go out of style--what did you throw away? (neutral)",Question,Statement Non Opinion
Hi guys! (joy),Greeting,Greeting
Hey! (neutral),Greeting,Greeting
"Hey, what have you guys been up too? (neutral)",Question,Question
"Oh, we went to see a collection of Victorian doorknobs and the Cupert-Hewitt museum. (neutral)",Answer,Statement Non Opinion
Without me?! (surprise),Question,Statement Non Opinion
"My uncle dragged us there. But, it actually it turned out to be really interesting. (surprise)",Answer,Statement Opinion
Yeah. (neutral),Agreement,Acknowledge
"They were so ornate and beautiful, I mean look at that! (surprise)",Statement Opinion,Statement Opinion
"I'm just sayin', if I see one more picture of Ed Begley, Jr. in that (disgust)",Statement Opinion,Statement Opinion
I can't believe you'd rather go out with him than me. (surprise),Statement Opinion,Statement Opinion
"Would you excuse me, please? I'm trying to have a date here. (anger)",Question,Command
"Fine, just stop thinking about me. (joy)",Answer,Statement Non Opinion
"Can't do it, can you? (neutral)",Question,Question
So I'm thinking about you. So what? (neutral),Question,Statement Non Opinion
"I don't get it. What do you see in this guy, anyway? (surprise)",Question,Question
Well... he happens to be a very nice... guy.... (neutral),Answer,Statement Opinion
"I mean, come on, buddy, get a (neutral)",Statement Opinion,Command
"Rachel, come on. Give us a chance. (neutral)",Command,Command
"Ross, it's too hard. (sadness)",Disagreement,Statement Non Opinion
"No, no, no... why, because it might get weird for everyone else? (neutral)",Question,Question
Who cares about them. (neutral),Statement Opinion,Statement Non Opinion
This is about us. (neutral),Command,Statement Non Opinion
"Look, I-I've been in love with you since, like, the ninth grade. (neutral)",Statement Non Opinion,Statement Non Opinion
"Ross, you're like my best friend. (joy)",Disagreement,Statement Opinion
I know. (neutral),Acknowledge,Acknowledge
"If we broke up, and I lost you... (fear)",Statement Non Opinion,Statement Non Opinion
"Ohh, God. (sadness)",Others,Acknowledge
"Hello? No she can't come to the phone right now. Oh, right no problem. Okay, bye-bye. (neutral)",Greeting,Greeting
Was it my work? Were they mad? Was it Jack? Did he yell?! (fear),Question,Question
"J-j-just relax, nobody yelled. Jack just was calling to make sure that (neutral)",Answer,Statement Non Opinion
Thank God. (joy),Others,Acknowledge
"Yeah, she's fired. (neutral)",Statement Non Opinion,Statement Non Opinion
"...DUMB, DRUNKEN, BITCH!!! Thank you, thanks. (anger)",Greeting,Statement Opinion
"Hey, here's a question; where did you guys get the finest oak East of the Mississippi? (neutral)",Question,Question
"Uh-huh, first you tell us where you got the prettiest lace in all the land. (neutral)",Question,Statement Non Opinion
I'm reading your ad. (neutral),Answer,Statement Non Opinion
"Looks good, uh? (sadness)",Question,Question
Yeah. (neutral),Answer,Agreement
"Stunning entertainment center. Fine, fine Italian craftsmanship. (neutral)",Statement Non Opinion,Statement Opinion
"Oh my God, you guys are selling the entertainment center? (surprise)",Question,Question
Why? I love that thing. (joy),Question,Statement Opinion
You want it? (neutral),Question,Question
Oh no. (disgust),Answer,Disagreement
"Ahh, Gepeto, $5,000 dollars? Are you insane? (surprise)",Question,Question
"Hey, the ad alone cost 300 bucks! (neutral)",Disagreement,Statement Non Opinion
"All right look, I'm changing it to 50 bucks, or your best offer. (neutral)",Statement Non Opinion,Statement Non Opinion
What kind of profit is that?! And you call yourself an accountant. (anger),Question,Statement Opinion
Nooo. (neutral),Answer,Disagreement
Oh. What do you do? (surprise),Question,Question
"That's right Ross, I can see you in your new apartment! (neutral)",Statement Non Opinion,Agreement
And you can see me! (neutral),Statement Non Opinion,Statement Non Opinion
"Same as yesterday, same as the day before. (neutral)",Statement Non Opinion,Statement Non Opinion
Is he doing his shark attack bit yet? (neutral),Question,Question
"Nope. Op, wait! There he goes. (neutral)",Answer,Answer
Hey! (neutral),Greeting,Greeting
Hey! (neutral),Greeting,Greeting
Hey! (neutral),Greeting,Greeting
What are you guys doing up? (surprise),Question,Question
"Oh, we wanted to finish the crossword before we went to bed. Hey, do you know a six-letter word for red? (neutral)",Answer,Question
"Yeah, I think that's wrong, but there's a Connect the Dots in here for you later. Hey, how about maroon? (neutral)",Question,Statement Non Opinion
"Yes, you are so smart! (joy)",Answer,Statement Opinion
"Aww, you guys are so cute! (joy)",Statement Opinion,Statement Opinion
I know. (neutral),Agreement,Acknowledge
"All right, I'll see you in the morning. (neutral)",Statement Non Opinion,Statement Non Opinion
Okay. (neutral),Agreement,Acknowledge
What's with her? (disgust),Question,Question
I don't know. (neutral),Answer,Answer
"But hey, I know we can decide. (neutral)",Statement Non Opinion,Statement Non Opinion
"Okay, I'm gonna ask you questions and you answer real quick. (neutral)",Statement Non Opinion,Command
Okay? (neutral),Question,Question
Okay. (neutral),Answer,Acknowledge
What do you like better action or comedy? (neutral),Question,Question
Action. (neutral),Answer,Answer
Who would you rather sleep with Monica or Rachel? (neutral),Question,Question
"Dude, you are sick. (disgust)",Answer,Disagreement
"Oh, I'm sorry. I forgot you had that whole Rachel thing. (surprise)",Apology,Apology
"I mean, this is unbelievable. (surprise)",Statement Opinion,Statement Opinion
"I know. This is really, really huge. (surprise)",Agreement,Agreement
No it's not. It's small. It's tiny. It's petite. It's wee. (neutral),Disagreement,Disagreement
"OK, is there a mute button on this woman? (disgust)",Question,Question
More than jewelry. (neutral),Statement Opinion,Statement Non Opinion
Hi! I'm Dr. Drake Remoray and I have a few routine questions I need to ask you. (neutral),Statement Non Opinion,Greeting
Really? I've been dealing with Dr. Wells. (surprise),Statement Non Opinion,Statement Non Opinion
"I know, but I'm a neurologist. (neutral)",Acknowledge,Statement Non Opinion
"And just to be on the safe side, Dr. Wells wanted a more comprehensive overview of you status so he sent me. (neutral)",Statement Non Opinion,Statement Non Opinion
Dr. Wells is a woman. (surprise),Statement Non Opinion,Statement Non Opinion
"That was a test. Good response. All right, full name. (neutral)",Question,Statement Non Opinion
Clifford Burnett. (neutral),Answer,Answer
Date of birth? (neutral),Question,Question
42675 (neutral),Answer,Answer
Age? (neutral),Question,Question
Can't you figure that out based on my date of birth? (anger),Question,Question
"I'm a doctor Cliff, not a mathematician. (neutral)",Answer,Statement Non Opinion
I'm 33. (neutral),Answer,Answer
"Okay. And uh, are you married. (neutral)",Question,Question
No. (neutral),Answer,Answer
"Oh really? So, 33 and still single, would you say you have commitment issues? (surprise)",Question,Question
Are all the questions this personal? (surprise),Question,Question
Yes. (neutral),Answer,Answer
Well uh if you must know I'm a widower. (sadness),Answer,Statement Non Opinion
Oh that's terrible. I'm-I'm really sorry. (sadness),Apology,Apology
Yeah. (neutral),Acknowledge,Acknowledge
Hmm. Do you sleep with women and never call them again? (neutral),Question,Question
No. (neutral),Answer,Answer
"Hey! You guys, I'm writing a holiday song for everyone. Do you want to hear it? (joy)",Question,Greeting
"Pheebs, that's great! (joy)",Statement Opinion,Agreement
"Oh, yay! (joy)",Others,Acknowledge
"But y'know umm, Rachel doesn't rhyme with draddle. (neutral)",Disagreement,Statement Non Opinion
I know but it's so hard! Nothing rhymes with your stupid name! (disgust),Statement Opinion,Statement Opinion
What are you talking about? Lots of things rhyme with Rachel. Bagel. Mail. Jail. Bail. Able. May-pole. (neutral),Disagreement,Statement Non Opinion
"All good, thanks. Do you maybe have a nickname have like a nickname that's easier to rhyme? (neutral)",Question,Question
Didn't your dad used to call you Pumpkin? (neutral),Question,Question
Okay. (neutral),Acknowledge,Acknowledge
"Okay, I can do this. (neutral)",Statement Opinion,Statement Non Opinion
I can tell her how I feel. (neutral),Statement Non Opinion,Statement Non Opinion
"Just uh, just stand up straight. (fear)",Command,Command
Take a couple deep breaths. (fear),Command,Command
Look confident. (fear),Command,Command
Joey? What's up? (neutral),Question,Question
"I uh, I just came by because I-I want to talk to you about something. (fear)",Answer,Statement Non Opinion
Okay what's up? (neutral),Question,Question
"What I do do...is manage to uh, create an atmosphere of support for the people working with me. (neutral)",Answer,Statement Non Opinion
I see. Nice sidestep on the do do thing by the way. (neutral),Statement Non Opinion,Acknowledge
Hardest thing I've ever done in my life. (neutral),Statement Non Opinion,Statement Non Opinion
You gotta go! (neutral),Command,Command
Oh! (neutral),Others,Backchannel
"Okay, don't worry. You're ready. (neutral)",Statement Non Opinion,Statement Opinion
Really? (surprise),Question,Question
Absolutely! Just fight all your natural instincts and you'll be great. (neutral),Answer,Statement Opinion
"Now, Mom, everything's going fine, really. (neutral)",Statement Non Opinion,Statement Non Opinion
"Yeah, Ross is great. (neutral)",Statement Non Opinion,Agreement
"He's uh, he's in a whole other place. (neutral)",Statement Non Opinion,Statement Non Opinion
"No, he's gone. (neutral)",Disagreement,Statement Non Opinion
"No no, you don't have to fly back, really. (neutral)",Disagreement,Statement Opinion
What do you mean this might be your only chance? (surprise),Question,Question
Would you stop? (anger),Question,Command
"I'm only 26, I'm not even thinking about babies yet. (anger)",Statement Non Opinion,Statement Opinion
Where have you been? (neutral),Question,Question
"Oh, just had a baby. (joy)",Answer,Statement Non Opinion
Mazel tov! (joy),Greeting,Acknowledge
"Oh, wow! I should get going. I-I got a date tonight. (joy)",Statement Non Opinion,Statement Non Opinion
Oh yeah! With who? (surprise),Question,Question
You know that girl I told you about who lives up in Poughkeepsie? (neutral),Answer,Statement Non Opinion
Not her. (neutral),Statement Non Opinion,Statement Non Opinion
"Yeah, this is someone else I meet, and I-I can't decide between the two of them. (neutral)",Statement Non Opinion,Statement Non Opinion
"Y'know the one from Poughkeepsie, even though she's a two hour train ride away, is really pretty, really smart, and-and a lot of fun. (neutral)",Statement Non Opinion,Statement Opinion
"But this other girl, well, she lives right uptown. (neutral)",Statement Non Opinion,Statement Non Opinion
"Y'know she's, well she's-she's just as pretty, I guess she's smart, she's (neutral)",Statement Non Opinion,Statement Opinion
"If she's no fun, why do you want to date her at all? (neutral)",Question,Question
"Well, I-I want to give her another chance, y'know? (neutral)",Question,Statement Opinion
She lives so close. (neutral),Statement Non Opinion,Statement Non Opinion
"And, at the end of the date, the other time, she-she said something that was--if she was kidding was very funny. (neutral)",Statement Non Opinion,Statement Non Opinion
"On the other hand, if she wasn't kidding, she's not fun, she's stupid, and kind of a racist. (anger)",Statement Non Opinion,Statement Opinion
Hey! (joy),Greeting,Greeting
"Hey! Ooh, how was your first day working at the restaurant? (joy)",Greeting,Question
Damn! (joy),Others,Backchannel
Oh here's a whole bunch. (neutral),Statement Non Opinion,Statement Non Opinion
"Oh, I mean she's gonna be at the wedding waiting for him and people will be whispering, ""Oh that poor girl."" (neutral)",Statement Opinion,Statement Opinion
Then she'll have to come back here and live all alone. (sadness),Statement Non Opinion,Statement Opinion
Oh my God! (surprise),Others,Acknowledge
What? (surprise),Question,Question
"There was a pregnancy test in the garbage, and it's positive. Monica's pregnant. So I guess she won't be totally alone. (surprise)",Answer,Statement Non Opinion
Hi. (neutral),Greeting,Greeting
"Listen, I'm sorry about that whole thing with Roger. (sadness)",Apology,Apology
"It really wasn't right, and I, and I want to make it up to you, so umm, I brought you something that I think you'll really enjoy. (anger)",Statement Non Opinion,Statement Opinion
"Now, this is just a loan. (neutral)",Statement Non Opinion,Statement Non Opinion
Okay? (neutral),Question,Question
"I'm gonna, I'm gonna want him back. (neutral)",Statement Non Opinion,Statement Non Opinion
So... I'm gonna go now. (neutral),Statement Non Opinion,Statement Non Opinion
"I'm sorry, I thought I could do it and I can't! (sadness)",Apology,Apology
"All right, well why don't I go out with an ex-boyfriend and do Joey a favor?! (sadness)",Question,Statement Opinion
"Hey, you wanna do Joey a favor, maybe you go out with Joey. (neutral)",Command,Question
"All right ladies, here's what we're gonna do. (neutral)",Statement Non Opinion,Command
"I-I wanna be with her, I like her. (anger)",Statement Non Opinion,Statement Opinion
"Oh, that's fine! Go with your instincts, go with your instincts. (joy)",Command,Agreement
"Wait, now, what am I doing again? (surprise)",Question,Question
"Come on! Would you please pay attention, I could wake up at any moment! (anger)",Command,Command
"Hi, I'm Joshua, I'm here to pick up Rachel. (neutral)",Greeting,Greeting
"No-no-no, that' not Joshua. (anger)",Disagreement,Disagreement
"What do you want from me, I've never met the guy. (surprise)",Question,Question
"So anyway, Rachel, I'm sorry you can't stay, but the rest of us have a (sadness)",Apology,Apology
How do I look? (neutral),Question,Question
"Oh, uh, I... don't... care. (neutral)",Answer,Statement Non Opinion
"Ok, now, remember, no trading. (neutral)",Statement Non Opinion,Command
"You get the pretty one, I get the mess. (neutral)",Statement Opinion,Statement Non Opinion
"Hi, Joey. Well well, look what you brought. Very nice. (joy)",Greeting,Greeting
...And what did you bring? (neutral),Question,Question
She's checking the coats. (neutral),Answer,Statement Non Opinion
"Joey, I'm gonna go wash the cab smell off my hands. (neutral)",Statement Non Opinion,Statement Non Opinion
"Will you get me a white Zinfandel, and a glass of red for Janice. (neutral)",Question,Command
Janice? (surprise),Question,Question
Oh.... my.... God. (surprise),Others,Statement Opinion
"Hey, it's Janice. (neutral)",Greeting,Statement Non Opinion
"Well, okay so, I don't have it all worked out quite yet. Just don't say anything to Rachel, please? (anger)",Command,Command
"Rachel is one of my closest friends. Although, being the only one who knows anything about this does makes me feel special. Okay! (neutral)",Statement Opinion,Statement Opinion
"Okay, stop-stop! Phoebe?! (sadness)",Command,Question
Hey Rach! (anger),Greeting,Greeting
What was that?! (surprise),Question,Question
"Sorry, mix up. Hey, how was the movie? (neutral)",Question,Apology
I haven't seen it yet! (neutral),Answer,Statement Non Opinion
Well then you'd better hurry! The Angelica! Go! Go! (surprise),Command,Command
No (anger),Disagreement,Disagreement
Pheebs! Hey Pheebs! (joy),Greeting,Greeting
"Uh, okay, Pheebs? (neutral)",Greeting,Acknowledge
Yeah? (neutral),Backchannel,Backchannel
"Umm, y'know how the other day you were talking about how you didn't get to go to London and how you were kinda feeling left out? (neutral)",Statement Non Opinion,Question
Yeah? (neutral),Backchannel,Backchannel
"All right, well, we felt really bad about that so we decided we should all take a little trip together! (joy)",Statement Non Opinion,Statement Opinion
"Ohh, that's so nice! How great! Well, where? Where's the trip?! (anger)",Question,Question
"Well, we thought we would all go to a picnic , in Central Park! (joy)",Answer,Statement Opinion
"Yeah, all of us! All day! (joy)",Agreement,Statement Opinion
That sucks! (disgust),Disagreement,Disagreement
That's not a trip! (surprise),Disagreement,Disagreement
I just came from the park! (anger),Statement Non Opinion,Statement Non Opinion
What are we gonna high five about at the stupid Central Park? (anger),Question,Question
"""Well, it's right by my house, all right!"" (anger)",Statement Non Opinion,Statement Non Opinion
"Well, I'm gonna go home and bask in the triumph of my Central Park idea. (anger)",Statement Non Opinion,Statement Opinion
"Ho-ho-hold on a sec there, Mr. Kissey! (surprise)",Command,Acknowledge
"Y'know, I've been meaning to talk to you about this whole, little, new European thing you got going on, and I just need to tell you that it makes me very uncomfortable and I just--y'know--stop it! (anger)",Statement Non Opinion,Command
I was just trying to bring a little culture to the group. (sadness),Statement Non Opinion,Statement Opinion
"That's fine, just don't bring it in my mouth. (disgust)",Statement Non Opinion,Disagreement
Makes me wanna puke! (disgust),Statement Non Opinion,Statement Opinion
Is she in there? (neutral),Question,Question
"Yeah. She's putting her down now, that's her. (neutral)",Answer,Answer
Oh it's all right. (neutral),Statement Non Opinion,Acknowledge
I'm guess I'm just done with the whole dating thing. (sadness),Statement Opinion,Statement Opinion
It's one more thing in my life that's suddenly completely different. (sadness),Statement Non Opinion,Statement Opinion
This is hard. (sadness),Statement Opinion,Statement Opinion
Yeah I know. (neutral),Agreement,Acknowledge
"On the other hand in um, in about seven months you're gonna have something that you're gonna love more than any guy you've ever gone out with. (neutral)",Statement Non Opinion,Statement Opinion
Just wait. (neutral),Command,Command
"Wait until uh, wait until the first time your baby grabs your finger. (joy)",Command,Statement Opinion
You have no idea. (joy),Statement Opinion,Statement Opinion
Thanks sweetie. (neutral),Greeting,Acknowledge
"You wanna, you wanna grab some coffee? (neutral)",Question,Question
"Oh no, I think I'm gonna go home and eat ten candy bars. (sadness)",Answer,Statement Opinion
"Hey, I thought I cheered you up. (neutral)",Statement Opinion,Statement Non Opinion
"Oh you did, there are twenty in here. (neutral)",Agreement,Statement Non Opinion
Right. Good night. (neutral),Greeting,Acknowledge
Good night. (neutral),Greeting,Acknowledge
Hi (neutral),Greeting,Greeting
Hi! Hey mom. (joy),Greeting,Greeting
"This is such a great party! 35 years. Very impressive, do you guys have any pearls of wisdom? (joy)",Question,Statement Opinion
Jack? (surprise),Question,Question
Why would you serve food on such a sharp stick? (surprise),Question,Question
"That's a good question, dad. That's a good question (neutral)",Statement Opinion,Agreement
Congratulations you two! (joy),Greeting,Statement Opinion
Thank you...we're so excited (joy),Statement Non Opinion,Statement Opinion
"And also, congratulations on your wedding. (joy)",Acknowledge,Statement Opinion
Wha--What? (surprise),Question,Question
Look at this clown! (joy),Others,Statement Opinion
Just because he's got a bigger boat he thinks he can take up the whole river. (disgust),Statement Opinion,Statement Opinion
Get out of the way jackass! (anger),Command,Command
Who names their boat Coast Guard anyway? (disgust),Question,Question
That (neutral),Statement Non Opinion,Acknowledge
What are they doing out here? The coast's all the way over there. (surprise),Question,Question
Hey! (anger),Greeting,Greeting
Hey! Check it out! This is unbelievable! Joey has been holding his breath for almost four minutes! (surprise),Statement Non Opinion,Statement Opinion
Dude! What are yo--you trying to kill me?! (neutral),Question,Question
Ow! (anger),Others,Statement Non Opinion
"Really?! Well, it's just like everyone else's apartment. It's got rooms, walls, and ceilings. (neutral)",Statement Opinion,Statement Opinion
"Well, I just wanted to see where you lived. Now, give me the tour. (neutral)",Command,Command
Oh my God! Oh my God! (surprise),Others,Statement Non Opinion
"Ah well, this is the living room. (neutral)",Statement Non Opinion,Statement Non Opinion
All right. This is the kitchen. (neutral),Statement Non Opinion,Statement Non Opinion
The bedroom. Well it's pretty much your typical... bedroom. (neutral),Statement Non Opinion,Statement Non Opinion
We're still on this side of the door. (neutral),Statement Non Opinion,Statement Non Opinion
Ha-ha (joy),Others,Backchannel
"Yeah, but I didn't get to see it. (sadness)",Statement Non Opinion,Statement Non Opinion
Oh shoot! Maybe next time. Thanks for a lovely evening. (neutral),Acknowledge,Apology
"So um, who was she? (joy)",Question,Question
"Oh, that was the blind date that I told you about, she called and switched it to today. (neutral)",Answer,Answer
"Did you like her? And I'm just asking as a friend, because I am totally fine with this. (neutral)",Question,Question
"Well, you seem fine. (neutral)",Agreement,Statement Opinion
"Well, I don't think this, y'know. (neutral)",Statement Opinion,Statement Opinion
"No, no, no, I wouldn't do you myself, I mean that would be weird. (disgust)",Disagreement,Disagreement
"Yeah, no, I'll get one of the other girls to do it. (neutral)",Statement Non Opinion,Statement Non Opinion
"Oh, this will be so much fun! (joy)",Statement Opinion,Statement Opinion
Hey! (surprise),Greeting,Greeting
Are you excited? (joy),Question,Question
"Yeah! Hey, do Monica and Rachel work there? (neutral)",Question,Question
"Ok, so now we need, um sage branches and the sacramental wine. (neutral)",Statement Non Opinion,Command
"All I have is, is oregano and a (neutral)",Statement Non Opinion,Statement Non Opinion
"Um, that's ok! Ok. All right. Now we need the semen of a righteous man. (joy)",Statement Opinion,Statement Non Opinion
"Ok, Pheebs, you know what, if we had that, we wouldn't be doing the ritual in the first place. (neutral)",Statement Non Opinion,Statement Opinion
Can we just start throwing things in? (neutral),Question,Question
"Ok, yeah, ok. Oh, OK. (neutral)",Answer,Backchannel
"Ok, Barry's letters. Adam Ritter's boxer shorts. (neutral)",Statement Non Opinion,Statement Non Opinion
"Ok, and I have the, uh receipt for my dinner with Nokululu Oon Ah Ah. (neutral)",Statement Non Opinion,Statement Non Opinion
"Look, here's a picture of Scotty Jared naked. (neutral)",Statement Non Opinion,Statement Non Opinion
Hey he's wearing a sweater. (surprise),Statement Non Opinion,Statement Opinion
No. (neutral),Disagreement,Disagreement
Eww! (disgust),Backchannel,Acknowledge
And here we have the last of Paulo's grappa. (neutral),Statement Non Opinion,Statement Non Opinion
"Hey, Rachel, isn't that stuff almost pure... (neutral)",Question,Question
"Mona? Okay, if I were a salmon shirt, where would I be? (neutral)",Question,Question
I am so sorry I spilled wine all over your shirt. (sadness),Apology,Apology
"Oh, it's okay. (neutral)",Statement Non Opinion,Acknowledge
"No, it's still wet. (joy)",Disagreement,Disagreement
Let me get it out before it sets. (neutral),Statement Non Opinion,Command
"Ooh, I have something you can wear. (neutral)",Statement Non Opinion,Statement Non Opinion
Here. (neutral),Statement Non Opinion,Statement Non Opinion
"Oh umm, I-I don't know if I want to wear a woman's shirt. (sadness)",Statement Opinion,Disagreement
No-no that's a man's shirt. (neutral),Disagreement,Statement Non Opinion
It's awfully pink. (neutral),Statement Non Opinion,Statement Opinion
"Oh, it's perfect! (joy)",Statement Opinion,Statement Opinion
How about you? (neutral),Question,Question
It's a kitchen slash bathroom. (neutral),Answer,Statement Non Opinion
"All right, I see what you guys are saying. I'll uh, I'll go downstairs and fill out an application. (neutral)",Statement Non Opinion,Acknowledge
We are bad people. (disgust),Statement Opinion,Statement Opinion
He knew we were trying to get rid of him. He knew! You think we could get a bathtub in our kitchen? (surprise),Question,Question
Let's get the show on it! (joy),Command,Command
"Okay, let me just get a cup of coffee. (neutral)",Statement Non Opinion,Acknowledge
"Oh Rachel, I know the best coffee house and it's sooo close. (neutral)",Statement Non Opinion,Statement Opinion
Closer than here? (neutral),Question,Question
"Oh, hey, look, I found coffee! Okay, let's skedaddle. (neutral)",Command,Statement Non Opinion
"Wait, I'm not just gonna drink somebody's old coffee. (neutral)",Disagreement,Disagreement
"Okay, your highness. (neutral)",Acknowledge,Statement Non Opinion
"Um, Rachel I'm really sorry. That's okay, do you wanna get back together? Yeah, okay. Did anyone else hear that?! (surprise)",Apology,Apology
So how did you know I was even here? (surprise),Question,Question
Your mom called me. So is this her? (neutral),Question,Statement Non Opinion
"No, this is a loaner. (neutral)",Answer,Statement Non Opinion
I'm sorry you had to do this by yourself. (neutral),Apology,Apology
"I wasn't by myself. I had a doctor, a nurse, and a helper guy. So, did you see who won the game? (neutral)",Question,Statement Non Opinion
"Yeah, the Knicks by 10. They suck. (neutral)",Answer,Statement Opinion
"Yeah, they're not so bad. (neutral)",Agreement,Statement Opinion
"I'm sorry I won't be able to make it to your imaginary wedding, but I'm (neutral)",Apology,Apology
"I know. I know. I panicked, I panicked. I didn't want him to start yelling at me like I was some '74 Latour. (surprise)",Acknowledge,Statement Opinion
It's Lafite. The '74 Latour is actually drinking quite nicely. (sadness),Statement Non Opinion,Statement Non Opinion
"All right here he comes. I'm gonna do this, I'm gonna tell him, I'm gonna be strong. (fear)",Statement Non Opinion,Statement Opinion
I just called a friend of mine. (neutral),Statement Non Opinion,Statement Non Opinion
Yeah? (surprise),Backchannel,Backchannel
I think I may be able to book (neutral),Statement Non Opinion,Statement Non Opinion
Really?! (surprise),Question,Backchannel
What is it sweetie? (joy),Question,Question
There's not gonna be a wedding. Ross and I are not getting married. (sadness),Answer,Statement Non Opinion
I'm sorry daddy. (sadness),Apology,Apology
I don't believe this!! (neutral),Statement Non Opinion,Statement Opinion
"Oh now daddy, stay calm. Please. (fear)",Command,Command
Stay calm?!! (anger),Question,Question
How do you expect me to stay calm?! (anger),Question,Question
This is unacceptable Rachel! (anger),Disagreement,Statement Opinion
And I wanna know why?!! (anger),Question,Question
Is it because that punk Ross won't marry you?! (anger),Question,Question
That's it! (anger),Statement Opinion,Statement Opinion
Is that it? (anger),Question,Question
"Yes. Yes, he says I'm damaged goods. (sadness)",Answer,Statement Non Opinion
"So, you're like a zillionaire? (surprise)",Question,Question
And you're our age. You're our age. (surprise),Statement Non Opinion,Statement Non Opinion
"Y'know what, you should like, you should buy a state and then just name it after yourself. (neutral)",Statement Opinion,Statement Opinion
What like Pete Dakota? (neutral),Question,Question
"Yeah, or, or, or, Mississ-Pete. (neutral)",Agreement,Statement Non Opinion
"Oh, oh, I got it! Pete-Chicago. (neutral)",Statement Non Opinion,Statement Non Opinion
That's not a state Joe. (neutral),Statement Non Opinion,Statement Non Opinion
"Oh, and Mississ-Pete is? (neutral)",Question,Question
"I got to go, so ah, I'll see you guys later. (neutral)",Statement Non Opinion,Statement Non Opinion
Okay. (neutral),Agreement,Acknowledge
You're our age! (surprise),Statement Non Opinion,Statement Non Opinion
"So ah, we on for tomorrow? (neutral)",Question,Question
Absolutely! (joy),Answer,Agreement
Now get out of here you!! (joy),Statement Non Opinion,Command
"Okay, I'm running out of places I can touch him! (anger)",Question,Statement Non Opinion
"Look, is there something wrong with me? (sadness)",Question,Question
I mean why am I only attracted to guys where there's no future? (sadness),Question,Question
"Either they're too old, or they're too young, and then there's Pete who's-who's crazy about me, and who's absolutely perfect for me, and there's like zip going on! (sadness)",Statement Non Opinion,Statement Opinion
"I mean, seriously, does it sound like something's wrong with me? (sadness)",Question,Question
No. (neutral),Answer,Acknowledge
"Okay, I'm gonna go get Frank. (neutral)",Statement Non Opinion,Statement Non Opinion
"So, we're walking down the street and I turn to you and I say, “Hey, let's go hang out at Totally Nude Nudes,” remember? (neutral)",Statement Non Opinion,Question
"And then, and then, you turn to me and say, “Nah, let's just hang out at your place.” Well, that was a nice move dumb ass. (joy)",Statement Non Opinion,Statement Opinion
"Yeah, I think it was better when you guys were sad. Hey, uh, remember the roller blades? (neutral)",Question,Statement Opinion
You know what else I'm not gonna miss? (anger),Question,Question
"""I'm Monica. (anger)",Answer,Statement Non Opinion
I wash the toilet 17 times a day. (anger),Answer,Statement Non Opinion
"Even if people are on it!"" (anger)",Statement Non Opinion,Statement Non Opinion
"""Hi I'm Rachel, is my sweater too tight? No? Oh, I'd better wash it and shrink it!"" (anger)",Others,Statement Non Opinion
"""I'm Monica, I don't get phone messages from interesting people. Ever!"" (anger)",Statement Non Opinion,Statement Non Opinion
Hey! I call her! (joy),Statement Non Opinion,Acknowledge
"""Oh my God, I love Ross! I hate Ross! I love Ross! I hate Ross!"" (anger)",Statement Non Opinion,Statement Non Opinion
"""Oh my God, I can't find a boyfriend! (anger)",Statement Non Opinion,Statement Non Opinion
"So I guess I'll just stumble across the hall and sleep with the first guy I find in there!"" (anger)",Statement Non Opinion,Statement Non Opinion
"Yeah, we should get a move on if we wanna make those dinner reservations. (neutral)",Statement Non Opinion,Statement Opinion
"Item J437-A, color: winterberry. (neutral)",Statement Non Opinion,Statement Non Opinion
"Hi umm, listen come here, come in. (neutral)",Command,Command
I'm so-so sorry about yesterday. (sadness),Apology,Apology
I-I'm really sorry. (sadness),Apology,Apology
It's just that I (joy),Statement Non Opinion,Statement Non Opinion
"Listen Ross, you don't have to apologize. I understand why you were there. (neutral)",Statement Non Opinion,Statement Opinion
You do? (surprise),Question,Question
"Yeah, you still have feelings for me. (sadness)",Answer,Statement Opinion
"And-and to be honest, I-I still have feelings for you. (joy)",Statement Non Opinion,Statement Opinion
"And I wish that we can work it out Ross, but we can't. (sadness)",Statement Opinion,Statement Opinion
"It's too complicated with you and Rachel and the baby, I-I just... It just wasn't meant to be. (sadness)",Statement Opinion,Statement Opinion
Oh God you're right. (joy),Agreement,Agreement
"Ross, we...we have to be strong. Okay, I-I'm gonna go. Can I? To remember you? (sadness)",Question,Question
No. (neutral),Answer,Disagreement
"I'm telling you, if you want to take care of that thing, you should go to my herbal guy. (neutral)",Command,Statement Opinion
"Thank you, but I want to remove it Pheebs. I don't want to make it savory. (neutral)",Disagreement,Disagreement
"Y'know when girls sleep with guys with weird things on their body, they tell their friends about it. (neutral)",Statement Non Opinion,Statement Non Opinion
Gimme this. (neutral),Command,Command
"Hi! Okay, don't be mad at me, but I couldn't resist. (neutral)",Statement Non Opinion,Greeting
Brides magazines? (surprise),Question,Question
"Yes, and I know that you'd say no if he asked you, but I'm sorry; how great would you look walking down the aisle in this Donna Carin. (neutral)",Answer,Statement Opinion
"Oh, you so would! Oh, you should get that anyway. Like for clubbing. (sadness)",Statement Opinion,Agreement
"It is so weird, I know what I said, but uh, this morning, I was lying in bed I was, I was imagining what it would be like to say yes. (surprise)",Statement Non Opinion,Statement Opinion
"I know it's a little sudden, and it's a little rushed, and it's totally not like me to do something like this, but that doesn't mean I can't. (joy)",Statement Non Opinion,Statement Opinion
Right? (joy),Question,Question
"I mean I'm-I'm crazy about Pete, and I know that we want the same things, and when I thought about saying yes, it made me really happy. (joy)",Statement Non Opinion,Statement Opinion
Oh my God. (surprise),Others,Acknowledge
I know. I need more pie. (neutral),Agreement,Statement Non Opinion
"Hey Mon umm, if you do get married, can I bring two guests? (neutral)",Question,Question
You didn't break up with that fireman? (surprise),Question,Question
"No, that was my way of telling you. (neutral)",Answer,Statement Non Opinion
"Well, it turns out he's incredibly sensitive, he keeps a journal and he paints. (neutral)",Statement Non Opinion,Statement Non Opinion
He even showed me charcoal drawings that he drew of me. (neutral),Statement Non Opinion,Statement Non Opinion
Wow! (surprise),Acknowledge,Acknowledge
"Yeah, well he'd prefer water colors, but y'know, he has easy access to a lot of charcoal. (neutral)",Statement Non Opinion,Statement Non Opinion
"So then, are you going to dump Jason? (neutral)",Question,Question
"Well, yeah, because I have to break up with someone, and... Okay so Jason is sensitive, but now so's Vince Plus, Vince has the body y'know? (neutral)",Answer,Statement Opinion
So... It's really just about the math. (neutral),Statement Non Opinion,Statement Non Opinion
"Ok, so it's a tie again, 41 to 41. (neutral)",Statement Non Opinion,Statement Non Opinion
"Ok, look! Enough is enough! (anger)",Others,Command
"No, I have just to have two more points to beat him! (joy)",Disagreement,Statement Opinion
"Monica, that was also true an (neutral)",Statement Non Opinion,Statement Non Opinion
I can't just walk away! I've put in four hours! (anger),Statement Non Opinion,Statement Opinion
You knew this about me when you married me! (neutral),Others,Statement Non Opinion
You agreed to take me in sickness and in health. (neutral),Statement Non Opinion,Statement Non Opinion
"Well, this is my sickness! (anger)",Statement Non Opinion,Statement Opinion
"Oh yeah-yeah, the lobster. (neutral)",Agreement,Acknowledge
"Yeah, I mean I was up sick all night. (neutral)",Statement Non Opinion,Statement Non Opinion
"Yeah me too, all night. (neutral)",Statement Non Opinion,Agreement
Really?! How come we didn't cross paths? (surprise),Question,Question
"Yeah well that's because uh...I stayed in my room. Yeah, you don't want to look in my hamper. (neutral)",Answer,Statement Non Opinion
I can't believe there is a naked hooker in there! (surprise),Statement Non Opinion,Statement Opinion
Wait! Wait! Maybe she's a hooker (surprise),Statement Opinion,Statement Opinion
"Yeah, okay let's leave these two alone. (neutral)",Statement Opinion,Agreement
"No! I do not care what my hormones are doing, I am not going to just do it with some random guy! (disgust)",Disagreement,Disagreement
Fine! Then you tell Roger because he was really looking forward to this! (anger),Command,Others
So. (neutral),Statement Non Opinion,Greeting
So. (neutral),Statement Non Opinion,Greeting
I just thought the two of us should hang out for a bit. (neutral),Statement Opinion,Statement Non Opinion
"I mean, you know, we've never really talked. (neutral)",Statement Non Opinion,Statement Non Opinion
"I guess you'd know that, being one of the two of us, though, right? (neutral)",Question,Question
"I know, I probably shouldn't even tell you this, but I'm pretty much totally intimidated by you. (fear)",Answer,Statement Opinion
Really? Me? (surprise),Question,Question
"Oh my god, are you kidding? (surprise)",Question,Question
"Ross is so crazy about you, and I really wanted you to like me, and, it's probably me being totally paranoid, but I kinda got the feeling that maybe you don't. (anger)",Statement Opinion,Statement Opinion
"Well, you're not totally paranoid. (neutral)",Statement Opinion,Statement Non Opinion
Oy. (joy),Others,Backchannel
"Um, ok, uh, oh god, um, when you and uh Ross first started going out, it was really hard for me, um, for many reasons, which I'm not gonna bore you with now, but um, I just, I see how happy he is, you know, and how good you guys are together, and um, Monica's always saying how nice you are, and god I hate it when she's right. (sadness)",Statement Non Opinion,Statement Opinion
"Thanks. Hey, listen, would you like to go to a movie sometime or something? (neutral)",Question,Question
"Yeah, that'd be great. I'd love it. (joy)",Answer,Agreement
"I'd love it too. Shoot, I gotta go. So, I'll talk to you later. (neutral)",Agreement,Statement Non Opinion
"All right, Julie. (neutral)",Statement Non Opinion,Acknowledge
Bye. (neutral),Greeting,Greeting
Bye. What a manipulative bitch. (disgust),Statement Opinion,Statement Opinion
"Chandler, I found the perfect ring. (joy)",Statement Non Opinion,Statement Opinion
"Oh, that's uh, that's pretty nice but I'm gonna go with the one I picked first. (neutral)",Disagreement,Disagreement
"Oh my God Chandler, the one you picked is gone. It's over! (anger)",Statement Non Opinion,Statement Opinion
What? (surprise),Question,Question
Some guy bought it. I'm sorry. I tired to stop it but they put me in jail! (sadness),Apology,Apology
They put you in jail? (surprise),Question,Question
The little jail between the doors! (anger),Answer,Statement Non Opinion
"Phoebe, I asked you to guard the ring! (anger)",Statement Non Opinion,Command
"I know, I'm sorry! But y'know, this ring is better! Monica never even saw the other ring. (anger)",Statement Non Opinion,Apology
Yeah but when he proposed to me with the ring I got goose bumps. (sadness),Statement Non Opinion,Statement Opinion
Maybe it was the guy. (neutral),Others,Statement Opinion
It was the ring! (anger),Statement Non Opinion,Disagreement
"No, not that, I mean, what about you and Mindy? (neutral)",Question,Question
"Well, if you want, I'll just--I'll just break it off with her. (neutral)",Answer,Statement Non Opinion
"No. No-no-no-no, no. I mean, don't do that. Not, I mean not for me. (anger)",Disagreement,Disagreement
"Dr. Farber, Bobby Rush is here for his adjustment. (neutral)",Statement Non Opinion,Statement Non Opinion
"Thanks, Bernice. Let's go away this weekend. (neutral)",Command,Statement Non Opinion
"Oh, Barry..! Come on, this is all way too.. (surprise)",Disagreement,Statement Opinion
"We can, we can go to Aruba! (joy)",Command,Statement Opinion
"When I went there on what would have been our honeymoon, it was, uh... it was really nice. (sadness)",Statement Non Opinion,Statement Opinion
You would've liked it. (sadness),Statement Opinion,Statement Opinion
I had a bra. (neutral),Statement Non Opinion,Statement Non Opinion
"Hey, Dr. Farber. (neutral)",Greeting,Greeting
"All right Miss Green, everything looks fine... Yep, I think we're starting to see some real progress here. (neutral)",Statement Non Opinion,Statement Non Opinion
What?! (surprise),Question,Question
"I'm twelve, I'm not stupid. (fear)",Statement Non Opinion,Statement Opinion
Oh my God! What does (surprise),Question,Question
Oh that's an eye removal machine. (neutral),Answer,Statement Non Opinion
"All right, I'm outta here! (anger)",Statement Non Opinion,Statement Opinion
I'm kidding! I'm kidding! (joy),Statement Non Opinion,Statement Opinion
So were done then! (anger),Question,Statement Opinion
"Almost! But first, we gotta start. (neutral)",Answer,Statement Non Opinion
This is a glaucoma test. (neutral),Statement Non Opinion,Statement Non Opinion
Uh-huh. (neutral),Backchannel,Backchannel
Sit down. (neutral),Command,Command
Okay. (neutral),Agreement,Acknowledge
"But your chin here. Now, you'll feel a small puff of air in each eye. (neutral)",Statement Non Opinion,Command
What?! (surprise),Question,Question
"A small puff of air, now come on! (anger)",Statement Non Opinion,Command
"Sure, now I'm scared. (fear)",Statement Non Opinion,Statement Opinion
"No, we can go together! Just don't wait too long though, okay? 'Cause I'm outta here sometime before Friday. (neutral)",Command,Command
"Yeah, but I don't wanna die! (fear)",Others,Statement Opinion
"No-no, it'll be fun! We can come back and we can haunt these guys! (joy)",Statement Non Opinion,Statement Opinion
"Um, Chandler, Ross, this is Robert. (neutral)",Greeting,Statement Non Opinion
"Oh, hey. (neutral)",Greeting,Greeting
Hi. (neutral),Greeting,Greeting
"You've have lipstick right here . That's okay, it's mine, we just kissed. (neutral)",Statement Non Opinion,Statement Non Opinion
Hey! (surprise),Greeting,Greeting
Hey! (surprise),Greeting,Greeting
No. Y'know how we're always saying we need a place for the mail. (neutral),Statement Non Opinion,Statement Non Opinion
"Well, I started building one. But then I decided to take it to the next step. (neutral)",Statement Non Opinion,Statement Non Opinion
You're building a post office? (surprise),Question,Question
"No, an entertainment unit, with a mail cubby built right in. It's a one day job, max. (neutral)",Answer,Statement Non Opinion
Okay. My word! Those are snug. (surprise),Others,Statement Opinion
"Oh yeah. These are my old work pants, Sergio Valente's. (neutral)",Agreement,Statement Non Opinion
Power saw kinda got away from me there. (neutral),Statement Non Opinion,Statement Non Opinion
Hi! (joy),Greeting,Greeting
Another cheesecake came! They delivered it to the wrong address again! (anger),Statement Non Opinion,Statement Opinion
"So just bring it back downstairs, what's the problem? (neutral)",Question,Command
I can't seem to say goodbye. (sadness),Answer,Statement Non Opinion
"Are you serious?! Chandler, we ate an entire cheesecake two days ago and you want more? (surprise)",Question,Question
Well I've forgotten what it tastes like okay?! (anger),Answer,Statement Opinion
It was cheesecake. (neutral),Statement Non Opinion,Statement Non Opinion
It was fine. (neutral),Statement Non Opinion,Statement Non Opinion
"It had a buttery, crumbly, graham cracker crust, with a very rich yet light, cream cheese filling... Wow! (surprise)",Statement Non Opinion,Statement Opinion
My whole mouth just filled with saliva! (joy),Statement Non Opinion,Statement Opinion
Y'know what? Forget it! (anger),Statement Non Opinion,Command
Yeah and we'll drop it off downstairs so that we're not tempted. (neutral),Others,Agreement
Good idea. Where do you want to go to lunch? (neutral),Question,Question
"Momma's Little Bakery, Chicago, Illinois. (neutral)",Answer,Statement Non Opinion
This one's from me. (neutral),Statement Non Opinion,Statement Non Opinion
Ahh! (surprise),Others,Backchannel
"It wasn't on your list, but hopefully you'll think it's really fun. (neutral)",Statement Non Opinion,Statement Non Opinion
A scooter! (surprise),Statement Non Opinion,Backchannel
Stick to the list. Always stick to the list. (neutral),Command,Command
"No! No-no, I love it. Thank you. (joy)",Others,Agreement
"Okay, open ours next. Open ours next! (joy)",Command,Command
Okay. (neutral),Agreement,Acknowledge
"Now that you're a couple, we don't get two presents from you guys? (neutral)",Question,Question
For my last birthday you gave me a (neutral),Statement Non Opinion,Statement Non Opinion
Okay. (neutral),Others,Acknowledge
Happy birthday Grandma! (joy),Greeting,Greeting
It's better to be over the hill then buried under it. (neutral),Others,Statement Opinion
All our love Monica and Chandler. (neutral),Greeting,Statement Non Opinion
"That's funny, yeah! (joy)",Others,Agreement
No-no-no-no! That was the joke! (surprise),Disagreement,Disagreement
"No, I know! I get it! It's funny! (joy)",Others,Agreement
"No, because you're not a grandmother! (sadness)",Disagreement,Statement Non Opinion
"No I know, because to be a grandmother you have to be married and have children and I don't have any of those things. (sadness)",Statement Non Opinion,Statement Non Opinion
That's why it's so funny. (neutral),Statement Non Opinion,Statement Opinion
All you had to do was buy the card! (anger),Statement Non Opinion,Statement Opinion
"Hey, Joey. What's going on? (neutral)",Question,Greeting
Clear the tracks for the boobie payback express. Next stop: Rachel Green. (neutral),Answer,Statement Non Opinion
Joey!! What the hell were you doing?! (disgust),Question,Question
Sorry. Wrong boobies. (sadness),Apology,Apology
"Hello, Joey. (neutral)",Greeting,Greeting
"Oh! ...Hello, dear. (surprise)",Greeting,Greeting
Man. Can you believe he's only had sex with one woman? (surprise),Question,Question
"I think it's great. Y'know, it's sweet, it's romantic... (joy)",Answer,Statement Opinion
Really? (surprise),Question,Question
"No, you kidding? The guy's a freak.. (disgust)",Answer,Statement Opinion
"Hey, buddy. (neutral)",Greeting,Greeting
"Oh, that's attractive. (neutral)",Statement Opinion,Statement Non Opinion
"Oh, I thought you were great in Silence of the Lambs. Oh come on, admit it! All things considered, you had fun tonight. (joy)",Statement Opinion,Statement Opinion
"Fun? Where was the fun? Tell me specifically, which part was the fun part? Where's my puck? (disgust)",Question,Question
"Oh, ah- the kid has it. (neutral)",Answer,Statement Non Opinion
"The kid...? Excuse me, uh, that's, that's my puck. (anger)",Statement Non Opinion,Statement Opinion
"You gotta do it, man. (neutral)",Command,Command
"Oh yeah? Well, I'm rubber, you're glue, whatever----can't do it. Listen, uh- gimme back my puck. (anger)",Statement Opinion,Disagreement
"Yes', how about. C'mere. Gimme! (anger)",Others,Command
Hey! Hey! No rough holding in my ER! (anger),Statement Non Opinion,Command
GIVE ME MY PUCK!! (anger),Command,Command
...Now (anger),Statement Non Opinion,Command
"Oh, look, wish me luck! (joy)",Others,Statement Opinion
What for? (neutral),Question,Question
I'm gonna go get one of those job things. (neutral),Answer,Statement Non Opinion
"Oh, I told the stripper to be here at five. That's good right? (neutral)",Question,Statement Opinion
You ordered a stripper for the shower?! That is totally inappropriate! (anger),Answer,Disagreement
What? He's gonna be dressed as a baby! Oh hi Mrs. Green! (surprise),Greeting,Statement Opinion
Hi! (joy),Greeting,Greeting
I'm so glad you could make it. (joy),Statement Non Opinion,Statement Opinion
"Yes, thank you so much. And again, we're so sorry. We could not feel worse about it. (joy)",Apology,Apology
Try. There's my little girl. (joy),Statement Non Opinion,Statement Non Opinion
She's still mad. (neutral),Statement Non Opinion,Statement Non Opinion
Yeah I know. Isn't it great? One less person we have to make small talk with. (joy),Statement Opinion,Statement Opinion
"Phoebe, Sandra's mad at you too. It-it doesn't bother you? (surprise)",Question,Question
"Oh, that's very--Really very-very okay. (neutral)",Statement Non Opinion,Acknowledge
"Julie's cervix is dilated a seven centimeters, that's about four fingers. The doctor let me feel it myself. (joy)",Statement Non Opinion,Statement Non Opinion
Have you felt Rachel's cervix Ross? (neutral),Question,Question
"No, I don't think we'll be doing that. (disgust)",Answer,Disagreement
We're not gonna do that. (disgust),Agreement,Disagreement
"Well, if you like you can feel Rachel's and then feel mine to compare. (neutral)",Statement Non Opinion,Statement Opinion
Am I interrupting? (neutral),Question,Question
Uh yes! Thank you. (joy),Answer,Agreement
Oh. Oh wait no. (neutral),Disagreement,Acknowledge
Later. (neutral),Statement Non Opinion,Command
"Oh uh, I'm sorry. (neutral)",Apology,Apology
No Ross! Ross! Ross! My child has no father! (fear),Statement Non Opinion,Disagreement
Try feeding her again. (neutral),Command,Command
I already fed her. (neutral),Statement Non Opinion,Statement Non Opinion
"I know, that's why I said again! (anger)",Statement Non Opinion,Disagreement
"Alright you guys, we can't turn on each other, Okay?Â¬â€  That's just what she wants. (fear)",Statement Non Opinion,Statement Opinion
Hey. (neutral),Greeting,Greeting
Phoebe! Rachel! It's Monica! I wonder what you could possibly need me for on such short notice! Oh. (joy),Statement Non Opinion,Greeting
"Oh Monica, we are so sorry. (sadness)",Apology,Apology
For what? (joy),Question,Question
"Well first, for forgetting to throw you a bridal shower. (sadness)",Answer,Statement Non Opinion
And then for forgetting to invite you to it. (neutral),Statement Non Opinion,Statement Non Opinion
You al-you already had it? (surprise),Question,Question
"Well, we called everyone in your phone book and a bunch of people came, but it took us so long to get you here that they-they had to leave. (neutral)",Answer,Statement Non Opinion
"Yeah, we wanted to throw you a big surprise and a great shower, and now you don't have either. (sadness)",Statement Non Opinion,Statement Non Opinion
We ruined everything. (sadness),Statement Non Opinion,Statement Non Opinion
Ugh (sadness),Backchannel,Others
"Well no, wait a minute, that's not true! (sadness)",Disagreement,Disagreement
"No, what did, that was really sweet. (joy)",Statement Opinion,Statement Opinion
And it kinda works out for the best. (joy),Statement Non Opinion,Statement Opinion
"What do you, what do you mean? (surprise)",Question,Question
"Well now, I get to spend my shower with the only people I really love! (joy)",Answer,Statement Opinion
"I mean, I get all those presents without having to talk to people I don't even like! (joy)",Statement Opinion,Statement Opinion
Surprise (sadness),Statement Non Opinion,Others
Surprise (joy),Statement Non Opinion,Others
Monica. (neutral),Statement Non Opinion,Acknowledge
"I can't believe it's raining again! Oh, it's so unfair!!! (anger)",Statement Opinion,Statement Opinion
"Well, on the bright side, now you won't have to see all these paleontologists with their shirts off. (neutral)",Statement Non Opinion,Statement Non Opinion
Not you guys. (neutral),Statement Non Opinion,Statement Non Opinion
You got it going on! (joy),Statement Opinion,Statement Opinion
"So, what are we gonna do today? (neutral)",Question,Question
They have a game room downstairs! Ping pong and stuff. (neutral),Answer,Statement Non Opinion
"Ping pong? Honey, they have ping pong! Let's play! (surprise)",Command,Command
I don't think so! (joy),Disagreement,Disagreement
Why not? (neutral),Question,Question
"Because you know how competitive you get and well, I say it's cute, others disagree, and I'm lying! (neutral)",Answer,Statement Opinion
I'm not always that bad! (neutral),Disagreement,Statement Opinion
"Oh, (neutral)",Backchannel,Backchannel
I punched you...? (surprise),Question,Question
And...? (surprise),Question,Question
... Phoebe...? (surprise),Question,Question
... and...? (neutral),Question,Question
I clunked your heads together! (neutral),Answer,Statement Non Opinion
"Sorry I ah, I scared you in there. (sadness)",Apology,Apology
"Oh, that's okay. By the way, I was just checking the shower massager. (neutral)",Statement Non Opinion,Statement Non Opinion
Yeah. (neutral),Agreement,Acknowledge
Hey! (surprise),Greeting,Greeting
I tried to reach you at work. There's....been a fire. (sadness),Statement Non Opinion,Statement Non Opinion
What?! Oh my... Oh my God!! What happened?! (surprise),Question,Question
"Well, we believe it originated here. In the Aroma Room. (neutral)",Answer,Statement Non Opinion
All right. Did everyone get out okay? (fear),Question,Question
"Well, the giraffe's okay. And so is the pirate. (neutral)",Answer,Statement Non Opinion
Ohh. What is this? (surprise),Question,Question
"No Phoebe, don't look! You don't want to see what's under there!! (fear)",Answer,Command
"Ohh, the-the Foster puppets! (sadness)",Statement Non Opinion,Statement Non Opinion
Hey! How long until Pete's fight? (neutral),Question,Greeting
"Oh, about five minutes. Right now they're interviewing his opponent. Apparently he trains by going to Iran and pulling the arms off thieves. (neutral)",Answer,Answer
Hot dog? (neutral),Question,Question
"Four, please. I'm really nervous. Thank you. (fear)",Answer,Answer
"So Ross, how umm, how did it go with Bonnie? (neutral)",Question,Question
"I gotta tell you, I-I wasn't expecting to like her at all, I mean I actually wasn't expecting to like anyone right now, but she's really terrific. (joy)",Answer,Statement Opinion
"Ohh, that's too bad! (sadness)",Statement Opinion,Statement Opinion
"No, I-I'm saying I liked her. (joy)",Disagreement,Statement Opinion
"Yeah, y'know what, there are other fish in the sea. (neutral)",Statement Non Opinion,Statement Non Opinion
"Pheebs, I think she's great. Okay? We're going out again. (joy)",Statement Opinion,Statement Opinion
"Okay, I hear you! Are you capable of talking about any thing else? (disgust)",Question,Disagreement
Hey! Which one's my turkey burger? (neutral),Question,Question
"Ahh, the one next to my foot. Sorry. (neutral)",Answer,Answer
"Hey, the fight's starting! (joy)",Statement Non Opinion,Statement Non Opinion
"Okay, we'll be right in. So ah, did your boss try to slap you again today? (neutral)",Question,Question
Nine times! (anger),Answer,Statement Non Opinion
"Okay, I had to put on lotion! (neutral)",Statement Non Opinion,Statement Non Opinion
"But, it's gonna be okay, because as of tomorrow I'm conducting an experiment, and if all goes as planned, my butt will be smack free. (neutral)",Statement Non Opinion,Statement Non Opinion
Fight's over! (neutral),Statement Non Opinion,Statement Non Opinion
"Okay, okay, here she comes! How do I look? Do I look like a guy who doesn't want to get married? (neutral)",Question,Question
"Yeah! And also, a little like a French guy. I never noticed that before. (surprise)",Answer,Statement Opinion
Hi guys! (joy),Greeting,Greeting
Hey! (neutral),Greeting,Greeting
What are you up too? (neutral),Question,Question
"Oh, just hanging out, talkin' about uh, websites. (neutral)",Answer,Statement Non Opinion
"Yeah, we saw this really interesting website about marriage and how totally unnecessary it is and how its just a way for the government to keep tabs on you. (neutral)",Statement Opinion,Statement Opinion
"Yeah, Big Brother. (neutral)",Agreement,Acknowledge
Well that's a little crazy. Although I am y'know glad to hear that you're branching out on what you look at on the Internet. (neutral),Statement Non Opinion,Statement Opinion
"Yeah, well... Y'know, it just got me thinking though, why would anybody ever want to get married huh? (neutral)",Question,Question
Why?! To celebrate your relationship! To solidify your commitment! To declare your love for one another to the world! (anger),Answer,Statement Opinion
Eh (neutral),Backchannel,Backchannel
Okay well that's good to know. (sadness),Statement Non Opinion,Statement Non Opinion
The Mr. Bowmont's here!!! (joy),Statement Non Opinion,Statement Non Opinion
"Oh that's great, my friend Joey's in the movie business. (joy)",Statement Non Opinion,Statement Opinion
Y'know who I ran into from school? Howie. (neutral),Statement Non Opinion,Statement Non Opinion
My friend's name is Joey. (neutral),Statement Non Opinion,Statement Non Opinion
Apparently Howie's editing now. (neutral),Statement Non Opinion,Statement Non Opinion
"Yeah, he-he-he calls me up and asks me if he can edit my new movie. (anger)",Statement Non Opinion,Statement Opinion
Can you believe that?! (surprise),Question,Question
Y'know I-I-I haven't spoken to him in like ten years and he asks me for a favor! (surprise),Statement Non Opinion,Statement Opinion
"Yeah, I've always hated that Howie. (disgust)",Statement Opinion,Statement Opinion
"No, no ""How you doing?"" Man, I mean not even a cup of coffee first! (disgust)",Statement Non Opinion,Statement Opinion
The nerve huh? (disgust),Others,Question
Yeah! (disgust),Question,Agreement
Refill? (neutral),Answer,Question
Hey! How you doing? (joy),Others,Greeting
"Good! Good, long time no see. (joy)",Greeting,Answer
Like your sweater. (neutral),Statement Non Opinion,Statement Opinion
"Oh hey, right back at ya. (neutral)",Statement Opinion,Acknowledge
"Oh, it's crazy about Rachel huh? (surprise)",Question,Question
"Yeah. She--Well, she's one crazy lady? (surprise)",Answer,Answer
So whose is it? (neutral),Question,Question
"Umm, I don't some Italian guy. Come on, read your own label. See you later. (neutral)",Answer,Statement Non Opinion
Okay. (neutral),Agreement,Acknowledge
He is so weird. (anger),Statement Opinion,Statement Opinion
You wanna fool around with Joey? (surprise),Question,Question
Yeah! (joy),Answer,Agreement
"You know, ever since I had that dream about him, and can't get it out of my head! (joy)",Statement Non Opinion,Statement Opinion
"And what's the big deal, people do it all the time! (surprise)",Statement Non Opinion,Statement Opinion
Who? Who do you know that are friends that just fool around? (surprise),Question,Question
"Ok, off the top of my head... Don and Janet. (neutral)",Answer,Statement Non Opinion
"Who, who are they? (neutral)",Question,Question
I know them from work. (neutral),Answer,Statement Non Opinion
Both of them? (surprise),Question,Question
"No, one of them... (neutral)",Answer,Statement Non Opinion
Which one? (neutral),Question,Question
"I don't know, what were the names I just said? (neutral)",Answer,Question
"Rachel, things can get incredibly complicated. (anger)",Statement Opinion,Statement Opinion
"All right, all right, you're right (sadness)",Agreement,Agreement
What the hell are you cooking! (surprise),Question,Question
Oh my God! How did you get back here?! (surprise),Question,Question
"Fire alarm? Oh! Hi, officer--fireman, can-can I help you? (surprise)",Question,Greeting
We found your fire alarm in the trash chute. (anger),Statement Non Opinion,Statement Non Opinion
That's not mine. (neutral),Statement Non Opinion,Statement Non Opinion
Yes it is. (neutral),Disagreement,Statement Non Opinion
How do you know? (fear),Question,Question
"The next time you want to dump a fire alarm in a trash chute, don't wrap it in a blanket that says, ""Property of Phoebe Buffay not Monica."" (disgust)",Answer,Statement Non Opinion
"Okay do you--Okay, do you have a search warrant? Because the last time I checked this was still America! (anger)",Question,Question
"Please reattach this, it's against the law to disconnect them. (neutral)",Command,Command
Fine! But please God.. tell me how to stop them from going off! (anger),Question,Statement Opinion
There's a reset button under the plastic cover. (neutral),Answer,Statement Non Opinion
There's a reset button?! (surprise),Question,Question
My God! (surprise),Others,Acknowledge
Why didn't I see that! (surprise),Statement Non Opinion,Question
"Reset button, reset button, where is there a reset button? (neutral)",Question,Question
Oh here it is! (joy),Answer,Acknowledge
Oh! (surprise),Backchannel,Acknowledge
"Ohh, God! (joy)",Backchannel,Acknowledge
"Four letters: ""Circle or hoop"". (neutral)",Statement Non Opinion,Statement Non Opinion
"Ring dammit, ring! (anger)",Command,Command
Thanks. (neutral),Greeting,Acknowledge
"Hey, you know our phone's not working? (surprise)",Question,Question
What?! (surprise),Question,Question
"I tried to call you from the coffee shop, and there was no answer. (neutral)",Statement Non Opinion,Statement Non Opinion
"I turned it off. Mother of God, I turned it off! (anger)",Statement Non Opinion,Statement Opinion
Just like you told her you did! ... Just pointing out the irony. (neutral),Statement Non Opinion,Statement Opinion
"Hey, so listen, I went across the street and talked to the doorman- I got the peeper's name! Can I use the phone? (anger)",Question,Question
Nngghhh!!!!!!! (anger),Answer,Others
"Can I use your phone? Yeah, the number for a Sidney Marks, please. (neutral)",Question,Question
"""Heating device."" (neutral)",Statement Non Opinion,Statement Non Opinion
Radiator. (neutral),Statement Non Opinion,Statement Non Opinion
Five letters. (neutral),Statement Non Opinion,Statement Non Opinion
Rdtor. (neutral),Statement Non Opinion,Statement Non Opinion
"Yeah, is Sidney there? Oh, this is? Sidney's a woman. (surprise)",Question,Statement Opinion
"Well, you'll have to wait your turn. (neutral)",Statement Non Opinion,Command
"Well, how long do you think it'll be? (neutral)",Question,Question
Any minute now. (neutral),Answer,Statement Non Opinion
Hey. (neutral),Greeting,Greeting
Hey! Any good mail? (neutral),Question,Question
"Yes, you got something from the Screen Actor's Guild. (neutral)",Answer,Answer
"Ooh, it's probably a residual check, hey can you open it for me, I'm kinda.... (neutral)",Question,Statement Non Opinion
"""Benefits lapsed."" (neutral)",Statement Non Opinion,Statement Non Opinion
Hmm that's weird. I don't remember being in a move called benefits lapsed. (neutral),Statement Non Opinion,Statement Opinion
"Okay, it's not a check. They're saying your health insurance expired because, you didn't work enough last year. (neutral)",Statement Non Opinion,Statement Non Opinion
Let me see that! (surprise),Others,Command
All right. (neutral),Acknowledge,Acknowledge
"Oh, I can't believe this! (surprise)",Statement Opinion,Statement Opinion
This sucks! (anger),Statement Opinion,Statement Opinion
"When I had insurance I could get hit by a bus or catch on fire, y'know? (fear)",Statement Non Opinion,Statement Opinion
And it wouldn't matter. (anger),Statement Non Opinion,Statement Opinion
Now I gotta be careful? (anger),Question,Question
"I'm sorry man, there's never a good time to stop catching on fire. (sadness)",Apology,Apology
"All right well, I guess I gotta go get a job. I'm gonna go see my agent. (sadness)",Statement Non Opinion,Statement Non Opinion
"Okay, make sure you look both ways before you cross the street. (neutral)",Others,Command
look both ways before you cross the street. (joy),Statement Non Opinion,Acknowledge
I can't believe Phoebe's gonna have her babies! (surprise),Statement Opinion,Statement Opinion
"I know, it's beautiful. Amazing. (joy)",Statement Opinion,Agreement
"I had to kiss Phoebe and Rachel every time I left a room, I mean it's too bad they didn't see us having sex. (neutral)",Statement Opinion,Statement Non Opinion
Do you know anything about women? (neutral),Question,Question
No. (neutral),Answer,Answer
That's all right. (neutral),Statement Opinion,Acknowledge
Okay. (neutral),Acknowledge,Backchannel
"Hey, this- Heyy... (joy)",Greeting,Greeting
Remember when we went to Central Park and rented boats?.. That was fun. (joy),Statement Opinion,Statement Opinion
Yeah. He could row like a viking. (joy),Agreement,Agreement
Hi. (neutral),Greeting,Greeting
Mmm. (neutral),Backchannel,Backchannel
So how'd it go? (neutral),Question,Question
"Oh, y'know.. (neutral)",Answer,Statement Non Opinion
Did he mention us? (neutral),Question,Question
He said he's really gonna miss you guys. (sadness),Answer,Statement Non Opinion
"You had a rough day, huh.. c'mere. (sadness)",Command,Statement Opinion
...love you. (joy),Greeting,Statement Opinion
Are you're hands still wet? (neutral),Question,Question
"Uh, moist, yeah. (neutral)",Answer,Answer
Let's dry 'em again. (neutral),Others,Command
Oh my God! Oh my God!! (sadness),Others,Acknowledge
Still crying? (surprise),Question,Question
Like a (neutral),Statement Non Opinion,Statement Non Opinion
"Y'know, I only know of two surefire ways to shut a man up. And one of them is sex. (neutral)",Statement Non Opinion,Statement Opinion
What's the other one? (neutral),Question,Question
"I don't know, I've never had to use the other one. (neutral)",Answer,Statement Non Opinion
"I'm just saying y'know, if we're having sex, he's not gonna be talking. (neutral)",Statement Non Opinion,Statement Opinion
Oh that's right. (joy),Agreement,Agreement
You're the talker. (neutral),Statement Non Opinion,Statement Non Opinion
"Anyway uh, great idea! (joy)",Statement Opinion,Agreement
"Umm, I gotta go to the store; I told him that I would buy him some more tissues. (neutral)",Statement Non Opinion,Statement Non Opinion
"Oh, we have some (neutral)",Statement Non Opinion,Statement Non Opinion
No you don't! (anger),Disagreement,Disagreement
"Okay, yeah. Triple A can pick us up. (neutral)",Statement Non Opinion,Acknowledge
"Yeah, what town are we near? (neutral)",Question,Question
"Freemont. West-Westmont, ah Westburg? (neutral)",Answer,Statement Non Opinion
Then why are you answering? Do you at least know what route we're on? (anger),Question,Disagreement
"Yeah, we are definitely on Route 27. (neutral)",Answer,Acknowledge
"Okay. We are at a rest stop on Route 27. Okay. There is no Route 27. Okay, either 93 or 76? (neutral)",Statement Non Opinion,Statement Non Opinion
"I don't know, I'm sorry, I always slept in the back when we drove up here. (sadness)",Apology,Apology
"Hey, can you send somebody up and down 76 and check every rest stop, and, and also 93? (neutral)",Question,Command
Okay! (neutral),Answer,Backchannel
"Yeah, no they don't do that. (neutral)",Disagreement,Disagreement
"Ugh, okay, well somebody will come and save us. (neutral)",Statement Non Opinion,Statement Opinion
Who? (anger),Question,Question
I mean have you seen a car come by here in the last hour and a half? (fear),Question,Question
"I think we should call Ross, maybe he can get a car and come pick us up. (neutral)",Statement Opinion,Statement Opinion
"No! No, I am not getting in a car with Ross, we will just have to live here! (anger)",Disagreement,Disagreement
But if... (fear),Statement Non Opinion,Backchannel
"No you guys, I am not getting in a car with him, you'll have to think of something else. (anger)",Disagreement,Disagreement
"Oh good, oh Joey and Chandler are back. (joy)",Statement Non Opinion,Statement Opinion
So the going for help went well? (neutral),Question,Question
"I'm telling you man, I saw it. (neutral)",Statement Non Opinion,Statement Opinion
"Yeah, well, you're wrong! Okay, you're wrong. (anger)",Disagreement,Disagreement
"I'm not wrong! I wish I was. I'm sorry. Bet that barium enema doesn't sound so bad now, huh? (sadness)",Disagreement,Apology
I know. (neutral),Acknowledge,Acknowledge
Let's try a look...of far off...wonderment. (neutral),Others,Command
"Okay, we'll-we'll gaze into our future and we'll think about our marriage and the days to come. (joy)",Agreement,Statement Opinion
Chandler! (surprise),Greeting,Greeting
What is the matter with your face?! (surprise),Question,Question
"I mean this picture is supposed to say ""Geller and Bing to be married,"" not ""Local woman saves drowning moron!"" (anger)",Statement Opinion,Statement Opinion
Hey! (anger),Greeting,Greeting
Don't laugh at him! (anger),Command,Command
He's (neutral),Statement Non Opinion,Statement Non Opinion
We're gonna find love! (joy),Statement Non Opinion,Statement Opinion
Definitely! (joy),Agreement,Agreement
"Yeah, I'm pretty confident about that. (neutral)",Agreement,Statement Non Opinion
That's what makes it so easy for me to be 80% happy for Monica and Chandler! (joy),Statement Non Opinion,Statement Opinion
It would be nice to have a little guarantee though. (neutral),Statement Opinion,Statement Opinion
What do you mean? (neutral),Question,Question
"Well y'know, some people make deals with a friend, like if neither of them are married by the time they're 40, they marry each other. (neutral)",Answer,Statement Non Opinion
You mean a backup? (neutral),Question,Question
Exactly! (joy),Answer,Agreement
"Yeah, yeah I got that. (neutral)",Agreement,Acknowledge
You do? (neutral),Question,Question
Hm-mmm (neutral),Answer,Backchannel
Who? (neutral),Question,Question
Yeah! (joy),Answer,Agreement
Are you serious?! (surprise),Question,Question
"Yeah, I locked him years ago! (joy)",Answer,Statement Non Opinion
"Wh... So... If neither of you are married by the time you're 40, you're gonna marry Joey. (surprise)",Question,Statement Non Opinion
"Yep, we shook on it. Yeah but believe me that is not how he wanted to seal the deal. (neutral)",Answer,Statement Non Opinion
"Oh, seriously? (surprise)",Question,Question
"Yeah uh, what am I gonna do? (neutral)",Question,Statement Non Opinion
"Yeah, I'm sorry man. You wanna go watch? (neutral)",Apology,Apology
Yeah! (joy),Answer,Agreement
Good morning. (neutral),Greeting,Greeting
"Hi Tag! Hey, so did you have fun with uh, with Joey last night? (joy)",Question,Question
Oh yeah! We went to the Knicks game. (joy),Answer,Answer
Ohh that's nice. (joy),Statement Opinion,Statement Opinion
Then we went to this bar and he hooked us up with all these women! (joy),Statement Non Opinion,Statement Non Opinion
Wo-women? You mean like old women? (disgust),Question,Question
"Well kinda old, like 30. (neutral)",Answer,Statement Non Opinion
Oh. (neutral),Backchannel,Acknowledge
"And I never used to be able to just talk to girls in bars, but I got like 20 phone numbers last night. (surprise)",Statement Non Opinion,Statement Non Opinion
"That's great! Wow man, so Joey must've really taught you some stuff huh? (surprise)",Question,Statement Opinion
A little. (neutral),Answer,Answer
Yeah? (surprise),Backchannel,Question
How you doin'? (neutral),Question,Question
"Phoebe, we are so proud of you! You're amazing! (joy)",Statement Opinion,Statement Opinion
I know. (neutral),Agreement,Acknowledge
So does it really hurt as bad as they say? (joy),Question,Question
What did you just say? (surprise),Question,Question
You roll another hard eight and we get married here tonight. (joy),Answer,Statement Opinion
Are you serious?! (surprise),Question,Question
Yes! I love you! I've never loved anybody as much as I love you. (joy),Answer,Statement Opinion
I've never loved anybody as much as I love you. (joy),Statement Non Opinion,Statement Opinion
"Okay, so if an eight comes up, we take it as a sign and we do it! (joy)",Others,Statement Opinion
What do you say? (neutral),Question,Question
Okay! (joy),Agreement,Agreement
Okay! Come on! Let's go! All right! (joy),Command,Command
Okay! That's a four! And where-where's the other one? (anger),Question,Statement Non Opinion
It went under the table. (neutral),Answer,Statement Non Opinion
"Nobody move! Okay, you look that way; I'll look this way! (anger)",Command,Command
Here it is! Here it is! (joy),Statement Non Opinion,Statement Non Opinion
That could be a four or a five. It's your call. (neutral),Statement Non Opinion,Statement Non Opinion
It's a four. (neutral),Statement Non Opinion,Statement Non Opinion
I think so too. (neutral),Agreement,Agreement
Well that's it. I'm done. Whew! There come the meat sweats. (joy),Statement Non Opinion,Statement Non Opinion
"Well Joey, we're all...we're all very proud of you. (joy)",Statement Non Opinion,Statement Opinion
"Yes, I believe we can expect a call from the President any moment now. (neutral)",Statement Non Opinion,Statement Non Opinion
Is there anything we can do for you? (neutral),Question,Question
"No just, nobody press on my stomach. (neutral)",Answer,Command
You can keep those pants by the way. (neutral),Statement Non Opinion,Statement Non Opinion
Whoa--hey--wh-wh-what do you got there? What is that? Pie? (surprise),Question,Question
"Yeah, you want some? (neutral)",Question,Question
"Ah, just cut me a little sliver. (joy)",Answer,Command
A little bigger. (neutral),Statement Non Opinion,Command
Little bigger. (neutral),Statement Non Opinion,Command
What?! (surprise),Question,Question
Are you afraid you're gonna run out?! (anger),Question,Question
Cut me a real piece! (anger),Command,Command
"Phoebe, oh my God! Wh-wh-what are you doing here? (surprise)",Question,Question
"I need to talk to you, it's pretty urgent. It's about Monica and Chandler. (neutral)",Answer,Statement Non Opinion
Oh my God! (surprise),Others,Acknowledge
"Of course, of course. (neutral)",Agreement,Agreement
"Umm, would you please excuse me for a moment? (neutral)",Question,Question
"Umm, do you know each other's hometowns? (neutral)",Question,Question
Why don't you... Wh-what's going on? (fear),Question,Question
"Well, umm, not much. (neutral)",Answer,Statement Non Opinion
"But, I was just thinking that since those guys just got engaged that maybe it would be nice if they had some privacy, y'know? (neutral)",Question,Statement Opinion
"So, could I just move in with you for a couple days? (neutral)",Question,Question
"Umm, okay, yeah, sure. But wh-what's wrong with Monica and Chandler? (neutral)",Question,Agreement
Nothing..Why? (neutral),Question,Question
"Phoebe, you said it was urgent! (anger)",Answer,Statement Non Opinion
Oh yeah it is! I'm going to the movies and it starts in like five minutes. (neutral),Statement Non Opinion,Statement Non Opinion
Do you realize I have a classroom full of students? (anger),Question,Question
"Oh, I'm sorry. I'm so rude. Does anyone want to come to the movies? (neutral)",Question,Apology
"Look, look, there's got to be a way we can work past this. (sadness)",Statement Non Opinion,Statement Opinion
"Okay, I can't imagine, I can't imagine my life without you. (fear)",Statement Non Opinion,Statement Opinion
"Without, without these arms, and your face, and this heart. (sadness)",Statement Non Opinion,Statement Opinion
"Your good heart Rach, and, and.... (sadness)",Statement Non Opinion,Statement Opinion
No. (neutral),Disagreement,Disagreement
"I can't, you're a totally different person to me now. (sadness)",Disagreement,Statement Opinion
"I used to think of you as somebody that would never, ever hurt me, ever. (sadness)",Statement Non Opinion,Statement Opinion
"God, and now I just can't stop picturing with her, I can't, it doesn't matter what you say, or what you do, Ross. (sadness)",Statement Non Opinion,Statement Opinion
"It's just changed, everything. (sadness)",Statement Non Opinion,Statement Opinion
Forever. (sadness),Statement Non Opinion,Statement Opinion
"Yeah, but this can't be it, I mean. (sadness)",Disagreement,Disagreement
Then how come it is? (sadness),Question,Question
"Windows are clean, candels are lit. (neutral)",Statement Non Opinion,Statement Non Opinion
"Uh, belt's to tight, gotta change the belt. (joy)",Statement Non Opinion,Statement Non Opinion
Did I turn the fish? (neutral),Question,Question
"No, cause I made lasagne. (neutral)",Answer,Statement Non Opinion
Am I out of control? (anger),Question,Question
Just a touch. (neutral),Answer,Statement Opinion
"Mon, I don't understand. (neutral)",Statement Non Opinion,Statement Opinion
"I mean, you've been dating this guy since like, what... his midterms? (surprise)",Question,Statement Opinion
"I mean, why all the sudden are you so... Oh. (surprise)",Question,Statement Opinion
What? (neutral),Question,Question
Could tonight be the Night? (joy),Question,Question
I don't know. (neutral),Answer,Statement Opinion
Look he's a great guy and I love being with him but... you know. (joy),Statement Non Opinion,Statement Opinion
"Things happen, and they happen. (joy)",Statement Non Opinion,Statement Opinion
You don't plan these things. (neutral),Statement Non Opinion,Statement Opinion
"So, did you shave your legs? (neutral)",Question,Question
Yeah. (neutral),Answer,Answer
Ross! (anger),Greeting,Greeting
"Okay, Raymond, Joey you're up. (neutral)",Others,Command
Hi! (joy),Greeting,Greeting
"Okay, uh well, let's try one. Whenever you guys are ready. (neutral)",Statement Opinion,Command
Uh-oh. (fear),Backchannel,Statement Non Opinion
Is there a problem? (neutral),Question,Question
"Well this is noodle soup and uh, I've been working with tomato. (neutral)",Answer,Statement Non Opinion
"But that's okay, no problem. (neutral)",Agreement,Acknowledge
No problem. (neutral),Agreement,Acknowledge
"Hmm, noodle soup. (neutral)",Others,Statement Non Opinion
"Y'know, that's-that's fine, but the line is, ""Hmm, soup."" (neutral)",Statement Non Opinion,Statement Opinion
"Oh, what did I say? (surprise)",Question,Question
"Hmm, noodle soup. (neutral)",Answer,Statement Non Opinion
How's that different? Oh! Yeah! (surprise),Question,Acknowledge
"All right, let's try one. (neutral)",Answer,Command
"Hmm, noodle soup. (neutral)",Others,Statement Non Opinion
Okay. Let's do it again. (neutral),Command,Command
Okay. (neutral),Agreement,Acknowledge
"Hmm, soup. I mean, noodle soup. I mean soup! (anger)",Statement Non Opinion,Statement Non Opinion
COME ON!!!! (anger),Command,Command
Y'know what? We need to move on. (anger),Question,Statement Opinion
"No! No! I-I can do it one more time! See? Look! Hmm, noodle soup. Damnit! (anger)",Answer,Disagreement
Okay. Just give us a second. Ross! (neutral),Command,Command
Yeah? (neutral),Agreement,Acknowledge
Give her some money. (neutral),Others,Command
I really think they're out of rooms. (neutral),Statement Opinion,Statement Opinion
"They're not!! Ross, they're just saving them for the important people!! Okay?! What-what if I was the president?! (anger)",Question,Statement Opinion
"Well then we'd be in a lot of trouble, you don't know where any countries are. (neutral)",Answer,Statement Non Opinion
Okay. (neutral),Agreement,Acknowledge
"Uh, say would you umm... Would you mind checking again to see if any umm, private rooms may have opened up? (neutral)",Question,Question
This is a hospital. (neutral),Answer,Statement Non Opinion
Y'know what? (neutral),Question,Question
I'd have to say I really don't care for your tone. (anger),Statement Non Opinion,Statement Opinion
And this is not the only hospital in this city and we have no problem to--Whoa! (anger),Statement Non Opinion,Statement Opinion
Oh gosh! (surprise),Others,Statement Non Opinion
What-what? (surprise),Question,Question
Ow! Ow! Contraction. Ow-ow! Ow-ow! (surprise),Statement Non Opinion,Statement Non Opinion
Would you like to see a semi-private room? (neutral),Question,Question
"Yeah, it couldn't hurt to look. (neutral)",Answer,Agreement
"I'm just sayin' if dogs do experience jet lag, then, because of the whole um, seven dog years to one human year thing, then, when a dog flies from New York to Los Angeles, he doesn't just lose three hours, he loses like a week and a half. (neutral)",Statement Non Opinion,Statement Opinion
That's funny. Who are they? (joy),Question,Question
"The blond woman is my ex-wife, and the woman touching her is her... close, personal friend. (neutral)",Answer,Statement Non Opinion
You mean they're lovers. (surprise),Question,Statement Opinion
If you wanna put a label on it. (neutral),Answer,Statement Opinion
"Wow, uh, anything else I should know? (surprise)",Question,Question
"Oh God, Ross, I cannot do this. (sadness)",Disagreement,Statement Non Opinion
"Okay, quick and painful. (neutral)",Others,Command
"Oh God... Okay. Alright. Alright. Okay. Ross, please don't hate me. (fear)",Apology,Apology
"Oh, what? What-what? (surprise)",Question,Question
Y'know Marcel? (neutral),Question,Question
...Yeah? (neutral),Answer,Backchannel
"Well, I kind of... I kind of lost him. (sadness)",Statement Non Opinion,Statement Non Opinion
Hi Pheebs! (joy),Greeting,Greeting
Hi! (joy),Greeting,Greeting
How are ya? (neutral),Question,Question
Good. (neutral),Answer,Answer
"Umm Pheebs, remember when we were in the coffee house we decided that I was going to keep the uh, the cute guy's cell phone? (neutral)",Question,Statement Non Opinion
Yeah. (neutral),Answer,Acknowledge
And remember how I said I was going to keep it in my purse so that if it rang I could just pick it up? (neutral),Question,Statement Non Opinion
Yeah! (joy),Answer,Acknowledge
And do you remember going into my purse and stealing the phone?! (anger),Question,Statement Opinion
"Ooh, now you lost me. (fear)",Answer,Disagreement
You stole the phone! (anger),Question,Statement Opinion
No I didn't! (anger),Answer,Disagreement
"No? So you're saying that if I called it, it wouldn't ring? (anger)",Question,Question
"No. Umm, okay. But while you dial, let me show you the features of my new ringing handbag. Oh, it does work! (fear)",Answer,Statement Non Opinion
Phoebe! (anger),Greeting,Statement Opinion
It's not here. (neutral),Statement Non Opinion,Statement Non Opinion
"Puzzler. A bit of a puzzle. Why don't you um, check the copy room, maybe you left the contracts in there? (neutral)",Question,Command
How could I have left them in the copy room? (neutral),Question,Question
I don't know Tag! How can your genitals make phone calls? Okay? It's not a perfect world! Just go please. (anger),Answer,Statement Opinion
Fine. (anger),Agreement,Acknowledge
How ya doin'? Welcome. Good to see ya! (joy),Greeting,Greeting
This will be your phone. (neutral),Statement Non Opinion,Statement Non Opinion
"That's great. But uh, I'm not really expecting a lot of calls. (neutral)",Statement Non Opinion,Statement Opinion
No you answer it and take pledges. (neutral),Disagreement,Command
But I'm the host! (surprise),Statement Non Opinion,Statement Opinion
"No, Gary Collins is the host. You'll be answering the phones. (neutral)",Disagreement,Statement Non Opinion
"You don't seem to understand. See, I was Dr. Drake Remoray. (neutral)",Statement Opinion,Statement Opinion
"Well, here's your phone doctor. (neutral)",Statement Non Opinion,Statement Non Opinion
Hey guys. (neutral),Greeting,Greeting
Hey Gunther. Hi. I mean you're going out on a date with the noisy guy upstairs? (surprise),Greeting,Question
"Well, he's very charming. (neutral)",Statement Opinion,Statement Opinion
"I know, he's too charming, but if you two start going out, then it's just gonna make it so much harder for me to hate him. (disgust)",Agreement,Statement Opinion
"Well, you're just gonna have to try. (neutral)",Statement Non Opinion,Statement Non Opinion
"Joey, where are the (neutral)",Question,Question
"I don't know, Chandler is supposed to be passin' 'em around... (neutral)",Answer,Answer
"Okay, ten blocks down. Five to go. (anger)",Statement Non Opinion,Statement Non Opinion
Oh wait! Stop! Stop! Stop! (joy),Command,Command
Oh I'm sorry! Do you need a break? (surprise),Apology,Apology
My boots in tan! Hey! Can you get a little closer so I can see the price? (joy),Question,Question
I can see it from right here. It'll cost you one husband. (joy),Answer,Statement Opinion
"Okay, I'm sorry. I think I can walk the rest of the way now. Just-just give me my boots. (sadness)",Apology,Apology
Come on more! (anger),Command,Command
Oh God! (joy),Others,Acknowledge
"Yeah, you like that don't you? (neutral)",Question,Question
Oh yeah right there! (joy),Answer,Statement Non Opinion
You want it there? You take it there baby! (joy),Question,Command
Uh Phoebe? (sadness),Question,Question
"Yeah, say my name. Say it! And now I'm going to cover you back up, and umm we're never doing this again. (joy)",Answer,Command
Happy?! Is that what I'm supposed to be Vic? Happy? (anger),Question,Disagreement
"Well, why don't you tell me what you're supposed to be! (anger)",Question,Question
Huh? (neutral),Others,Backchannel
Because I sure as hell can't figure it out! (anger),Statement Non Opinion,Statement Opinion
I talk to you and it's nothin'. (neutral),Statement Non Opinion,Statement Non Opinion
"You look at me, and nothin'. (neutral)",Statement Non Opinion,Statement Non Opinion
Nothing. (neutral),Statement Non Opinion,Statement Non Opinion
"You guys make me fly! High! Okay, we're gonna pick it up here, tomorrow. (joy)",Statement Non Opinion,Statement Opinion
"Well, that was ah... (neutral)",Others,Acknowledge
What?! What are you doing?! (surprise),Question,Question
Do you know what just happened? (anger),Question,Question
Yeah. We-we had sex and then we fell asleep. (neutral),Answer,Answer
No. We were in the middle of sex...and (neutral),Disagreement,Disagreement
"Nooo! No, that's not true. No, best time ever! Yeah, you rocked my world! (joy)",Disagreement,Agreement
"Don't worry, Chandler, it's not a globe of the United States. (neutral)",Statement Opinion,Statement Non Opinion
Hey you guys I'm gonna go out and take a walk. (neutral),Statement Non Opinion,Statement Non Opinion
"Phoebe, why is your bag moving? (surprise)",Question,Question
"Oh, it's not! (neutral)",Answer,Statement Non Opinion
"Seriously, it's moving! (surprise)",Statement Non Opinion,Statement Non Opinion
What the hell is in there? (surprise),Question,Question
It's just my knitting that's all! Yes! I knit this. I'm very good. (neutral),Answer,Statement Opinion
There will come a time in each of your careers when you'll have a chance to screw over another soap opera actor. (neutral),Statement Non Opinion,Statement Non Opinion
"I had such an opportunity in the recent, present. (neutral)",Statement Non Opinion,Statement Non Opinion
"And I'm ashamed to say that I took it, I advised a fellow actor to play a role, homosexually. (sadness)",Statement Non Opinion,Statement Opinion
"Yeah, we both auditioned for the part, and uh, as it turned out, they ah, they liked the stupid gay thing and cast him. (anger)",Agreement,Statement Opinion
"And now, he's got a two year contract opposite Susan Luchhi, the first lady of daytime television, and me, me I'm stuck here teaching a bunch of people, most of whom are too ugly to even be on TV. (sadness)",Statement Non Opinion,Statement Opinion
"I'm sorry, I'm sorry, I'm sorry. (sadness)",Apology,Apology
Thank you. (neutral),Acknowledge,Acknowledge
Rach? (surprise),Greeting,Greeting
I'll be out in a second. (neutral),Statement Non Opinion,Statement Non Opinion
Oh. It's just so unexpected! I...I uh...Boy I'll tell you it's just such an honor to be nominated for a (joy),Statement Non Opinion,Statement Opinion
"Honey, we have to go. Our reservations are at 8:00. (neutral)",Statement Non Opinion,Statement Non Opinion
in Reservations at 8:00 by Neil Simon. Thank-thank you Neil. Thank you for the words. (neutral),Others,Statement Non Opinion
"Okay honey, you can finish this later we're gonna be late. We gotta go. (neutral)",Statement Opinion,Command
"Please, don't play the music. Just uh one more. (joy)",Command,Command
I can't believe you don't want to know. (surprise),Statement Non Opinion,Statement Opinion
"I mean, I couldn't not know, I mean, if, if the doctor knows, and Carol knows, and Susan knows.... (joy)",Statement Non Opinion,Statement Opinion
And Monica knows... (neutral),Statement Non Opinion,Statement Non Opinion
"Wha, heh, how could you know, I don't even know! (surprise)",Statement Non Opinion,Question
"Carol called me to thank me for the lasagna, I asked, she told me. (neutral)",Statement Non Opinion,Statement Non Opinion
So what's it gonna be? (joy),Question,Question
"Wait--oh--hey--huh, oh great now he knows, and I don't know! (anger)",Disagreement,Statement Opinion
"I'm sorry, I'm just excited about being an aunt! (joy)",Apology,Apology
Or an uncle... (neutral),Others,Statement Non Opinion
Hey Phoebe! (joy),Greeting,Greeting
Hi Pheebs! (joy),Greeting,Greeting
Pheebs! (joy),Greeting,Greeting
Fine! (anger),Acknowledge,Statement Opinion
"Phoebe, what's the matter? (neutral)",Question,Question
"Nothing, I'm sorry, I'm just, I'm out of sorts. (sadness)",Answer,Apology
"Oh, right, that's me! (surprise)",Agreement,Statement Opinion
"Hey, Chandler, that table place closes at 7, come on. (neutral)",Greeting,Command
Fine. (neutral),Acknowledge,Acknowledge
"Phoebe, what is it? (neutral)",Question,Question
"All right, you know Paolo? (neutral)",Question,Statement Non Opinion
"I'm familiar with his work, yes... (neutral)",Answer,Statement Non Opinion
"Well, he made a move on me. (anger)",Statement Non Opinion,Statement Opinion
"Whoa, store will be open tomorrow! (surprise)",Others,Statement Non Opinion
"More coffee over here, please! (joy)",Others,Command
Hey. (neutral),Greeting,Greeting
"Hey. What, what are you doing here? (surprise)",Question,Question
"Well, I-I thought a lot about what you said, and um, I realilized duh, all right maybe I was a little judgmental. (sadness)",Answer,Statement Opinion
"Yeah, oh, but oh... (neutral)",Agreement,Backchannel
"Look now, Phoebe remember, hey, their just fulfilling their Christmas.... (neutral)",Others,Statement Non Opinion
Destiny. (neutral),Statement Non Opinion,Statement Non Opinion
Sure. (neutral),Agreement,Acknowledge
Yes. (neutral),Agreement,Acknowledge
All right. (neutral),Acknowledge,Acknowledge
Okay. Yikes! That one doesn't look very fulfilled. (surprise),Statement Non Opinion,Statement Opinion
"Oh, that's, that's ah, one of the old ones, he's just taking it to the back. (neutral)",Statement Non Opinion,Statement Non Opinion
"You keep the old ones in the back, that is so ageist. (anger)",Statement Opinion,Statement Opinion
Well we have to make room for the fresh ones. (neutral),Statement Non Opinion,Statement Non Opinion
"So, what happens to the old guys? (sadness)",Question,Question
"Well, they go into the chipper. (neutral)",Answer,Statement Non Opinion
"Why, do I have a feeling that's not as happy as it sounds? No! Nooooo!!! (fear)",Question,Statement Opinion
Hey! Hey!! (surprise),Others,Backchannel
Light still out? (neutral),Question,Question
Yeah. (neutral),Answer,Answer
Oh. Maybe they're- napping. (neutral),Statement Non Opinion,Statement Non Opinion
"Oh please, they're having sex. (sadness)",Statement Non Opinion,Statement Opinion
Shut up! (anger),Command,Command
"So, whaddya think George is like? (neutral)",Question,Question
I think he's shy. (neutral),Answer,Statement Opinion
Yeah? (surprise),Question,Backchannel
Yeah. I think you have to draw him out. And then- when you do- he's a preppy animal. (neutral),Answer,Statement Opinion
"Hi! Hi, I'm Ross, you don't know me, but I'm a big, big fan of yours. I mean, (joy)",Statement Non Opinion,Greeting
Aren't you with that girl over there? (neutral),Question,Question
"Well, yeah, kinda. (neutral)",Answer,Answer
"Um, but that's okay, see we have an understanding, um, see we each have this list of five famous people, so I'm allowed to sleep with you. (neutral)",Statement Non Opinion,Statement Non Opinion
"No, no, no, it's flattery. (joy)",Disagreement,Statement Opinion
"Oh no, no, no, wait, wait, Isabella. (joy)",Command,Acknowledge
"Don't, don't just dismiss this so fast. (fear)",Others,Command
I mean this is a once in a lifetime opportunity... (neutral),Statement Opinion,Statement Non Opinion
"Yeah, for you. Is that the list? (neutral)",Question,Statement Opinion
"Um, yeah. (neutral)",Answer,Answer
May I see it? (neutral),Question,Question
"Um, no. (fear)",Answer,Answer
Come on! (joy),Command,Command
"But, okay. (neutral)",Others,Acknowledge
I'm not on the list! (surprise),Statement Non Opinion,Statement Opinion
"Um, see, but that's not the final draft. (neutral)",Statement Non Opinion,Statement Non Opinion
It's laminated! (anger),Statement Non Opinion,Statement Opinion
"Yeah, um, okay see, you were, you were on the list but my friend, Chandler brought up the very good point that you are international, so I bumped you for Wynona Rider, local. (neutral)",Statement Non Opinion,Statement Non Opinion
Y'know it's ironic... (neutral),Statement Non Opinion,Statement Non Opinion
...because I have a list of five goofy coffee house guys and yesterday I bumped you for that guy over there. (neutral),Statement Non Opinion,Statement Non Opinion
We're just gonna be friends. (neutral),Statement Non Opinion,Statement Non Opinion
Get out of here you lurker! Go on! Get! (anger),Others,Command
Hey Pheebs! (joy),Greeting,Greeting
Ohh! You made up! (surprise),Others,Statement Opinion
"Yeah, I couldn't be mad at him for too long. (neutral)",Agreement,Statement Non Opinion
"Yeah, she couldn't live without the Chan Love. (joy)",Statement Non Opinion,Statement Opinion
"Ohh, get a room. (disgust)",Command,Command
We have one. (neutral),Statement Non Opinion,Statement Non Opinion
I know. Use it. (disgust),Statement Non Opinion,Command
"Oh Mon, listen I have to ask! (surprise)",Others,Question
"Okay, Joey Tribbiani invited me back to his apartment, now does he do this with a lot of girls? (neutral)",Question,Question
"Yeah, a lot. A lot, a lot! (neutral)",Answer,Answer
"Ohh! And I'm one of them!! Wow! Oh, I just cannot believe this! I mean, Joey Tribbiani! (surprise)",Statement Non Opinion,Statement Opinion
"Well, y'know it's none of my business, but aren't you married? (neutral)",Question,Question
Yeah. Oh I just wish we could not be married for a little bit! Y'know I just wish we could be like on a break! (anger),Answer,Statement Opinion
Ross! I think she is trying to make something happen with you to get back at me! (anger),Statement Opinion,Statement Opinion
So that's the only reason she could be here huh? (neutral),Question,Question
It couldn't have anything to do with the fact that-that maybe I'm a good listener and I uh I put on a (neutral),Answer,Statement Non Opinion
"Ross, I am telling you that she is using you to get back at me! (anger)",Statement Non Opinion,Statement Opinion
"I think I can take care of myself, I'll talk to you later. (neutral)",Statement Opinion,Statement Non Opinion
Good-bye. (neutral),Greeting,Greeting
Whoa! (surprise),Others,Backchannel
"Uh, that was your sister actually. (neutral)",Statement Non Opinion,Statement Non Opinion
She-she thinks that you're just using me. (neutral),Statement Non Opinion,Statement Non Opinion
So? (neutral),Question,Backchannel
I'm sorry. (sadness),Apology,Apology
What are you doing here?! (surprise),Question,Question
"I-I, came to fill your ice cube trays. (neutral)",Answer,Statement Non Opinion
What?! (surprise),Question,Question
"Umm, okay, okay, look. (neutral)",Others,Backchannel
I took this picture from your fridge. (anger),Statement Non Opinion,Statement Non Opinion
"Okay, because I know that this is my Father. (anger)",Statement Non Opinion,Statement Opinion
"Yeah, this is Frank Buffay and you are standing right there next to him. (anger)",Statement Non Opinion,Statement Non Opinion
"Now, look I deserve to know where I came from. (anger)",Statement Non Opinion,Statement Opinion
All right? (anger),Others,Question
So if you can help me find my Father then you should! (anger),Statement Non Opinion,Command
"Otherwise, you're just mean! (anger)",Statement Opinion,Statement Opinion
"So, just tell me the truth! (anger)",Others,Command
"All right, the man in the picture is Chuck Magioni. (neutral)",Statement Non Opinion,Statement Non Opinion
My Father is Chuck Magioni? (surprise),Question,Question
"No, no, that's just Chuck Magioni, I-I sold him a house last year! (neutral)",Answer,Statement Non Opinion
"And I'm very sorry, but I don't know where your Father is, and that's the truth. (sadness)",Apology,Apology
Oh. (sadness),Backchannel,Acknowledge
"But umm, you're right. (neutral)",Agreement,Agreement
I think that a person should know where they come from. (neutral),Statement Non Opinion,Statement Opinion
"Wh-which is why I ah, ahh, okay. (neutral)",Others,Backchannel
I'm your mother. (neutral),Statement Non Opinion,Statement Non Opinion
Heh? (surprise),Others,Question
"Y'know I wanted to tell you yesterday, but I just, I kinda felt all floopy, and... (sadness)",Statement Non Opinion,Statement Non Opinion
What's happening to your accent? (surprise),Question,Question
Come again? (surprise),Command,Question
What's-what's this nonsense? (fear),Question,Question
"All right, I'm-I'm not English. (sadness)",Statement Non Opinion,Statement Non Opinion
I'm from Long Island. (neutral),Statement Non Opinion,Statement Non Opinion
"I was really nervous and the accent just uh, just came out. (sadness)",Statement Non Opinion,Statement Non Opinion
I'm sorry. (sadness),Apology,Apology
"So, if we could just get back to the lecture. (neutral)",Statement Non Opinion,Command
"Umm, were there any questions? (neutral)",Question,Question
About paleontology. (neutral),Question,Statement Non Opinion
"All right, look I was just trying to make a good first impression. (anger)",Statement Non Opinion,Statement Opinion
"Obviously, I screwed up. (sadness)",Statement Non Opinion,Statement Opinion
But what you guys think of me is really important because I'm-I'm hoping to get a permanent job here. (neutral),Statement Opinion,Statement Opinion
So if you just give me another chance to make a good impression (neutral),Statement Non Opinion,Statement Opinion
Ross!! Are you crazy?! I am (anger),Question,Question
"Well, hello Rachel! (surprise)",Greeting,Greeting
"Where you going, Joe? (neutral)",Question,Question
For a walk. (neutral),Answer,Answer
Oh. You mind if I join you? (neutral),Question,Question
"Actually, that will be long. You know, I really need to organize my thoughts. (neutral)",Answer,Statement Opinion
Your thoughts? Plural? (surprise),Question,Question
"Allright, fine, I only have one thought! It's about the hot nanny, I gotta see her! (joy)",Answer,Statement Opinion
"I'm afraid I can't let you do that, Joe. (neutral)",Statement Non Opinion,Statement Opinion
Now YOU'RE telling me I can't see her?? (anger),Question,Question
You guys are killing me! (sadness),Statement Non Opinion,Statement Opinion
She's forbidden fruit! (sadness),Statement Non Opinion,Statement Opinion
"It's like ... like she's the princess and I'm the stable boy ... Why are you doing this, huh? (sadness)",Question,Question
Did Ross tell you not to let me go over there? (neutral),Question,Question
"Yes, as a matter of fact he did, so I can't let you go. (neutral)",Answer,Answer
Huh. Interesting. Now there are obstacles. Hot nanny and me against the world. This is the kind of stuff great novels are made of. (anger),Statement Non Opinion,Statement Opinion
Great novels? (surprise),Question,Question
Fine ... mediocre porn (neutral),Answer,Statement Opinion
"Okay, I think we can get the evaluation back before they see it, but we're gonna have to get into Mr. Zelner's office. (neutral)",Statement Opinion,Statement Non Opinion
"Now, he doesn't get in until 10, so he's no problem, but his assistant, Betty, she comes in early to eat her breakfast at her desk. (neutral)",Statement Non Opinion,Statement Non Opinion
That's kinda sad. (sadness),Statement Non Opinion,Statement Opinion
"Yeah, well Betty is kinda sad. Which is why I believe I can lure her away with these chocolates. Now, while I distract her, (neutral)",Agreement,Statement Opinion
Got it! (joy),Others,Acknowledge
Let's roll! (joy),Command,Command
"Hello Rachel, you uh, got a minute? (neutral)",Question,Greeting
"Yeah, sure Mr. Zelner, for you anything--minute. Okay. Fine. Abort the plan, abort the plan. (neutral)",Answer,Answer
"Uh actually, I'd like to speak with both of you. (neutral)",Statement Non Opinion,Statement Non Opinion
"Okay. Uh, well can we, can we get you anything Mr. Zelner? Maybe some chocolates? (neutral)",Agreement,Question
"Cassie, are you finding everything okay in there? (neutral)",Question,Question
Yeah! Thank you so much for letting me stay here. (neutral),Answer,Answer
Oh! No problem! I (joy),Others,Statement Opinion
What? (surprise),Question,Question
You are iron. (neutral),Statement Non Opinion,Statement Non Opinion
You are steel! (joy),Statement Non Opinion,Statement Opinion
"Let me ask you something, how come when I call your computer support line, I have to wait an hour and a half? (anger)",Question,Question
"I told you, we're adding new operators all the time. Could we concentrate on my training? (neutral)",Answer,Answer
"I mean why, of all people would you want to go out with Chip?! (surprise)",Question,Question
"Look, you and I went to different high schools... (neutral)",Answer,Statement Non Opinion
"Okay, that doesn't help me, because we went to the same high school. (neutral)",Statement Opinion,Statement Non Opinion
"You went to one where you were popular, and you got to ride off Chip's motorcycle, and wear his letterman jacket. (neutral)",Statement Non Opinion,Statement Non Opinion
I went to one where I wore a band uniform they had to have specially made. (sadness),Statement Non Opinion,Statement Non Opinion
They had to have that specially made?! (surprise),Statement Opinion,Question
It was a project for one of the Home Ec classes. (neutral),Statement Non Opinion,Statement Non Opinion
"Oh my God, they told us that was for the mascot! (surprise)",Statement Non Opinion,Statement Opinion
"Back then, I thought that I would never, ever get the chance to go out with a Chip Matthews, and now he's-he's called me up and asked me out. (surprise)",Statement Opinion,Statement Opinion
And the fat girl inside of me really wants to go. (joy),Statement Non Opinion,Statement Opinion
I-I owe her this. (neutral),Statement Non Opinion,Statement Non Opinion
I never let her eat. (neutral),Statement Non Opinion,Statement Non Opinion
"Oh, you go out with him. (neutral)",Statement Non Opinion,Statement Non Opinion
"Oh, really?! (surprise)",Question,Question
"Yeah. Just, if it's possible, could you leave him somewhere and go have sex with another guy? (neutral)",Answer,Statement Opinion
I'll try. (neutral),Statement Non Opinion,Agreement
"Hey! Tall guy! Hey, listen, I wanted to talk to you about that girl that you're dancing with. (neutral)",Greeting,Greeting
"Yeah, yeah, okay. (neutral)",Agreement,Acknowledge
"Uh, look buddy, I came with that girl, and I had this plan to kiss her at the new years countdown – I'm trying to win her over, so I was wondering if.. (joy)",Statement Non Opinion,Statement Opinion
"Oh come on man, you can dance with my partner, she's real, uh, mellow! (anger)",Statement Non Opinion,Statement Opinion
"Well, I was hoping after tonight that maybe I could you know (neutral)",Statement Non Opinion,Statement Non Opinion
"Ross, get over it! It's not like she hates you. (anger)",Others,Command
Yeah but (sadness),Others,Disagreement
"Ross, she's not weird, she just wants her stuff to be one of a kind. (neutral)",Statement Opinion,Statement Opinion
Huh. Y'know what's not one of a kind? A twin! (anger),Question,Statement Opinion
"Ooh, Phoebe's here! Okay, let's turn out all the lights and we'll just watch the movie! (joy)",Statement Non Opinion,Command
"Okay. Hey--Ooh, cool sheets! (joy)",Agreement,Acknowledge
"Oh, you like it? You wanna know where I got it? (joy)",Question,Question
Sure! (joy),Answer,Agreement
He got it a flea market! (joy),Statement Non Opinion,Statement Non Opinion
"You bought your sheets at a flea market? Ross come on, you gotta loosen the purse strings a little. (disgust)",Statement Non Opinion,Disagreement
And Joey? (neutral),Question,Question
How do you think she's doing? (neutral),Question,Question
Am I the only one who doesn't think that she's hot? Ross? (surprise),Statement Non Opinion,Statement Opinion
"Eh, I mean, I mena she's not unattractive but hot? I .... (surprise)",Statement Non Opinion,Statement Opinion
Thank you! (joy),Acknowledge,Acknowledge
Now that Rachel's gone? (neutral),Question,Question
So hot I cried myself to sleep last night. (sadness),Statement Non Opinion,Statement Non Opinion
"Oh, god help us. (sadness)",Others,Statement Opinion
What? (surprise),Question,Question
Ugly Naked Guy's laying kitchen tile. Eww! (disgust),Others,Statement Opinion
"Eww! Look, I'm asking a favor here. If I do this for her brother, maybe Angela will come back to me. (disgust)",Statement Non Opinion,Statement Opinion
"I know, but, I made a huge mistake. I never should have broken up with her. Will you help me? Please? (sadness)",Question,Question
"So honey, this morning was fun, huh? Me hopping in on you in the shower there. (joy)",Statement Non Opinion,Statement Opinion
Yeah! And maybe someday we could get a place with two bathrooms. (joy),Agreement,Agreement
"Look Carol umm, I was, I was thinking maybe uh, maybe we can spice things up a little. (neutral)",Statement Non Opinion,Statement Opinion
What do you mean? (surprise),Question,Question
Carol our sex life is--it's just not working (sadness),Answer,Statement Opinion
Hey there little fella! (joy),Greeting,Greeting
"Hey, uh-hey, why don't we get some shoes on ya, huh? (neutral)",Question,Command
"Hey, why don't you show dad how you can put your shoes on, in your room! (joy)",Question,Command
Yay! (joy),Others,Acknowledge
Yay! (joy),Others,Acknowledge
Yay! (joy),Others,Acknowledge
"Seriously, our sex life... I was thinking, maybe I don't know, we could try some-some new things. (neutral)",Statement Non Opinion,Statement Opinion
For fun? (neutral),Question,Question
Like what? (surprise),Question,Question
"Well I don't know umm, what if we were too tie each other up? (joy)",Answer,Statement Opinion
"Umm, some people eat stuff off one another. (neutral)",Statement Non Opinion,Statement Non Opinion
Nah! (disgust),Others,Disagreement
"Umm, y'know we-we could try dirty talk? (neutral)",Question,Statement Opinion
"Umm, we could, we could have a threesome. (neutral)",Answer,Statement Opinion
I love that idea! (joy),Agreement,Agreement
So who's idea was it to put everybody in the diner on skates? (neutral),Question,Question
"Oh, some idiot customer put a suggestion in the suggestion box. (anger)",Answer,Statement Opinion
"Oh my God, they took my idea! (surprise)",Statement Non Opinion,Statement Opinion
That was you?! (surprise),Question,Question
"Yeah! Okay, here you go. (joy)",Answer,Acknowledge
"Rachel, I made you a cocoa. (neutral)",Statement Non Opinion,Statement Non Opinion
"Oh my God, are you guys okay? (surprise)",Question,Question
Are you all right? (surprise),Question,Question
Oh my. (surprise),Others,Backchannel
Sit! (anger),Command,Command
Hi. (neutral),Greeting,Greeting
"Oh my gosh, Joshua! (surprise)",Greeting,Statement Opinion
All those things I said about not being ready (neutral),Statement Non Opinion,Statement Non Opinion
They're not true? (fear),Question,Question
"No, they're-they're all true. (neutral)",Answer,Statement Non Opinion
Oh. (joy),Backchannel,Acknowledge
But (neutral),Backchannel,Others
"Oh! Oh, I love that but. (surprise)",Statement Non Opinion,Statement Opinion
You wanna go inside and have some coffee? (neutral),Question,Question
Yeah. (neutral),Answer,Agreement
Okay. Every time. (neutral),Others,Acknowledge
"What, Phoebe, did you whip the potatoes? Ross needs lumps! (anger)",Question,Command
"Oh, I'm sorry, oh, I just, I thought we could have them whipped and then add some peas and onions. (sadness)",Apology,Apology
Why would we do that? (surprise),Question,Question
"Well, 'cause then they'd be like my mom used to make them, you know, before she died. (sadness)",Answer,Statement Non Opinion
"Ok, three kinds of potatoes coming up. (neutral)",Statement Non Opinion,Statement Non Opinion
"Ok, good-bye you guys. Thanks for everything. Oh, sorry! Oh, sorry! (joy)",Apology,Acknowledge
The most unbelievable thing has happened. Underdog has just gotten away. (surprise),Statement Non Opinion,Statement Non Opinion
The balloon? (neutral),Question,Question
"No, no, the actual cartoon character. Of course the balloon. It's all over the news. Right before he reached (neutral)",Answer,Statement Non Opinion
"I can't, I gotta go. (neutral)",Disagreement,Statement Non Opinion
Come on. An 80-foot inflatable dog let loose over the city. How often does that happen? (surprise),Question,Question
Almost never. (anger),Answer,Statement Opinion
Got the keys? (neutral),Question,Question
Ok. (neutral),Statement Non Opinion,Acknowledge
What d'you think? (neutral),Question,Question
Lot of things. (neutral),Answer,Statement Non Opinion
Which one do you think she is? (neutral),Question,Question
May I help you? (neutral),Question,Question
"Oh, no thanks, we're just here to observe. (neutral)",Answer,Statement Non Opinion
You don't observe a dance class. You (neutral),Statement Opinion,Command
What does she mean? (neutral),Question,Question
I think she means 'You (neutral),Answer,Statement Opinion
"Okay, d'y'see anybody you think could be me? (anger)",Question,Question
People! Last time there were some empty yoghurt containers lying around after class. Let's not have that happen again! (anger),Answer,Command
She could be you. (neutral),Statement Non Opinion,Statement Non Opinion
"Let's get started. Five, six, a-five six seven eight... (neutral)",Others,Command
"Okay, I'm not getting this! (anger)",Others,Statement Opinion
I'm totally getting it! (joy),Statement Non Opinion,Statement Opinion
Did you ever feel like sometimes you are just so unbelievably uncoordinated? (sadness),Question,Question
What? You just click when they click. (surprise),Question,Statement Opinion
"Alright people, now everyone grab a partner. (neutral)",Statement Non Opinion,Command
"Okay. And, my, dead, mother, says, you, are, it. I'm with Rachel. (neutral)",Statement Non Opinion,Statement Non Opinion
Great. It's gym class all over again. (disgust),Statement Non Opinion,Statement Opinion
"I'm not crazy, right? I mean, it was never like that. (surprise)",Question,Question
"Nooo, it wasn't. (neutral)",Answer,Agreement
"Ooh, and it's so nice having this little sink here... (joy)",Statement Non Opinion,Statement Opinion
"Oh, ain't this nice? It's so quiet, I could just lie here all day. (joy)",Question,Statement Opinion
I know (neutral),Answer,Acknowledge
Open your drapes! Open your drapes! (joy),Others,Command
I'm so glad we've got adjoining rooms! (joy),Statement Non Opinion,Statement Opinion
The sun is out! (joy),Statement Non Opinion,Statement Non Opinion
Hey! Remember when I had corneas? (anger),Question,Statement Non Opinion
"Ok listen, you go down to the pool and reserve the chairs, and I'll get the magazines and the lotion. (neutral)",Statement Non Opinion,Command
Ladies? Ross's speech is in 45 minutes. (neutral),Others,Statement Non Opinion
"Walls are pretty thin, guys! (anger)",Statement Non Opinion,Statement Non Opinion
"Hi uh, I'm Joey Tribbiani and with all do respect I'd like to donate some fluids. (joy)",Greeting,Greeting
"We're actually at the end of one of our research cycles, so we're not looking for applicants right now. (neutral)",Statement Non Opinion,Statement Non Opinion
"Oh that's too bad. I've kinda been saving up. Uh, are you sure there's no studies I can participate in? (sadness)",Question,Question
"Well, here's a schedule of what's coming up. (neutral)",Statement Non Opinion,Statement Non Opinion
Thanks. Well but this one starts now. (neutral),Others,Acknowledge
"Oh that one is available now, but only identical twins are eligible. It's a twins study. (neutral)",Statement Non Opinion,Statement Non Opinion
"But it's $2,000. (surprise)",Others,Statement Non Opinion
Sorry. (sadness),Apology,Apology
Well how about this one? Testing the effects of Joey Tribbiani on attractive nurse receptionists. (neutral),Question,Statement Opinion
"We already got the results back on that on, and they're not good. (joy)",Answer,Statement Opinion
Hey! How's it goin'? (neutral),Question,Greeting
"Well, not much has changed in the last five minutes. (neutral)",Statement Non Opinion,Statement Non Opinion
Yes it has! I made cookies! (joy),Disagreement,Statement Opinion
Oh that's all right. I'm still full from your homemade potato chips. (neutral),Statement Non Opinion,Acknowledge
But you should eat them now because they're hot from the oven. (joy),Statement Non Opinion,Command
Okay. (neutral),Agreement,Agreement
"Oh-ho! But not in here! Can't eat 'em in bed, remember? No crumbies! (joy)",Disagreement,Command
"Okay, I'll be out in a second. (neutral)",Statement Non Opinion,Agreement
Okay! (neutral),Agreement,Acknowledge
What are you doing? (neutral),Question,Question
That doesn't lock does it? (neutral),Answer,Question
"You know, it still smells like monkey in there. (disgust)",Statement Opinion,Statement Opinion
That saves us a conversation. (neutral),Statement Non Opinion,Acknowledge
"Well, listen, this has been great but I'm officially wiped. (neutral)",Statement Opinion,Statement Non Opinion
"Me too, we should get goin'. (neutral)",Statement Opinion,Agreement
No. (neutral),Disagreement,Disagreement
"Okay, here comes another camera. (neutral)",Statement Non Opinion,Statement Non Opinion
Right. No biggie. Stay loose. (neutral),Others,Agreement
Why do they keep doing that? (neutral),Question,Question
"If we wanna get on camera, I think we have to get up on one of those platforms. (neutral)",Statement Opinion,Statement Opinion
They've been taping those people up there all day. (neutral),Statement Non Opinion,Statement Non Opinion
Right. (neutral),Agreement,Acknowledge
"Hey, what'd you guys do to get up on there? (joy)",Question,Question
Oh yeah? Well when you learned how to dance did you forget how to put on underpants? (joy),Answer,Statement Opinion
Yeah! (joy),Agreement,Agreement
Hey! You're a good dancer! (surprise),Statement Opinion,Statement Opinion
Really? (surprise),Question,Question
"Yeah, well you'd be better if you just loosened your hips a little. (neutral)",Answer,Statement Opinion
What do you mean? (neutral),Question,Question
Like this. (neutral),Statement Non Opinion,Command
"That's it, feel the rhythm. That's better. (neutral)",Statement Opinion,Statement Opinion
Uh-huh. (neutral),Others,Backchannel
"Okay, you're dancing with that girl over there. (neutral)",Statement Non Opinion,Command
No-no-no-no-no we came together! (joy),Disagreement,Disagreement
"I don't see it. You are dancing with the tall guy over there. Tall guy, raise your hand! (neutral)",Disagreement,Command
"No-no hey buddy, please let me dance with that girl, I really like her and I think I have a shot. (sadness)",Statement Non Opinion,Statement Opinion
"Really, y'think so? I don't.. (anger)",Question,Disagreement
Why aren't you home yet?! (anger),Question,Question
Is someone there? (anger),Question,Question
"Oh yes, it's me! Sorry! (neutral)",Answer,Apology
What are you doing here? (neutral),Question,Question
"Uh, I'm just, I'm just looking out your window. At-at the view. What are you guys doing? (neutral)",Answer,Statement Non Opinion
We got some (neutral),Statement Non Opinion,Statement Non Opinion
"Oh, he brought her back to his apartment. (neutral)",Statement Non Opinion,Statement Non Opinion
Who? Is that your sister? (surprise),Question,Question
"Ugh, she (neutral)",Answer,Statement Non Opinion
"God, Ross is on a date with your sister! How weird is that?! (disgust)",Question,Statement Opinion
"Oh my God, look-look he's taking off her clothes! (sadness)",Statement Non Opinion,Statement Non Opinion
He's taking off her coat! (disgust),Statement Non Opinion,Statement Non Opinion
"Oh, this is just terrible. (disgust)",Statement Non Opinion,Statement Opinion
Ross! Wait! (sadness),Others,Command
"Elizabeth, thank God! I was just thinking about (joy)",Acknowledge,Statement Non Opinion
You suck!! (anger),Others,Statement Opinion
What?! (anger),Question,Question
"Okay, break-up's still on! (anger)",Answer,Statement Non Opinion
Hey. (neutral),Greeting,Greeting
Hey. (neutral),Greeting,Greeting
"Look, I understand if you came by to hit me, I deserve it. (sadness)",Statement Non Opinion,Apology
"No, I don't want to hit you. (neutral)",Disagreement,Statement Non Opinion
Oh what then? Kick me? (anger),Question,Question
No. (neutral),Answer,Statement Non Opinion
"My son? Pretty serious. Oh hey Katie! What uh, what are you doing here? (surprise)",Question,Question
"Well, the delivery went out to you and I realized they forgot this. (neutral)",Statement Non Opinion,Statement Non Opinion
"Ah, must've been fairly obvious since it was the only thing left in your store. (neutral)",Statement Non Opinion,Statement Opinion
"Listen, to be honest, home deliveries are really a part of my job description. (neutral)",Statement Non Opinion,Statement Non Opinion
Oh. (neutral),Backchannel,Backchannel
Oh uh...I actually came here to ask you out. (fear),Backchannel,Statement Non Opinion
"Oh! Wow! Uh, yeah! That sounds great. I'm just gonna put this back in my pocket, pretend (joy)",Agreement,Agreement
Sure! (joy),Agreement,Agreement
Horny bitch. No! You're a horny bitch! Noooo! You're the horny bitch! No! You're a horny bitch! (anger),Statement Non Opinion,Statement Opinion
Chandler!! You have the best taste in men! (joy),Statement Non Opinion,Statement Opinion
"Well, like father, like son. (neutral)",Statement Non Opinion,Statement Non Opinion
Patrick and I had such a great time last night! I mean I think this could maybe turn into something serious. (joy),Statement Non Opinion,Statement Opinion
Really?! I-I thought you weren't looking for something serious? I thought you were looking for some kind of a fling. (surprise),Question,Question
"Well, y'know, possibly. You didn't tell him that, though? Right? (fear)",Statement Non Opinion,Question
"Ummmmmmmm, no. (neutral)",Disagreement,Answer
You told this guy that I was looking for a fling?! You don't tell the guy that! (anger),Statement Non Opinion,Statement Opinion
"Oh, between you telling him that I wanted to have a fling and me putting out on the first date--oh, he's so gonna get the wrong idea. (sadness)",Statement Opinion,Statement Opinion
"Alright, so I'm back in high school, I'm standing in the middle of the cafeteria, and I realize I am totally naked. (neutral)",Agreement,Statement Non Opinion
"Oh, yeah. Had that dream. (neutral)",Agreement,Acknowledge
"Then I look down, and I realize there's a phone... there. (surprise)",Statement Non Opinion,Statement Non Opinion
Instead of...? (surprise),Question,Question
That's right. (neutral),Answer,Agreement
Never had that dream. (neutral),Statement Non Opinion,Statement Non Opinion
No. (neutral),Disagreement,Disagreement
"All of a sudden, the phone starts to ring. (neutral)",Statement Non Opinion,Statement Non Opinion
Honey! Dinner's ready! (joy),Statement Non Opinion,Command
What's my little chef got for me tonight? (joy),Question,Question
Your favorite! (joy),Answer,Statement Non Opinion
"Ho-ho-ho, fried stuff with cheese! (joy)",Statement Non Opinion,Statement Opinion
Yep! And lot's of it! (joy),Statement Non Opinion,Statement Non Opinion
Thanks sweetheart. Give me a little sugar here. Okay. (joy),Command,Acknowledge
"Okay, in we go. (joy)",Statement Non Opinion,Agreement
Here we go! Here we go! Here we go! How you doin'? (joy),Question,Backchannel
"Something went wrong with Underdog, and they couldn't get his head to inflate. (neutral)",Statement Non Opinion,Statement Non Opinion
"So anyway, um, his head is like flopping down Broadway, right, and I'm just thinking... how inappropriate this is. (joy)",Statement Non Opinion,Statement Opinion
"Um, I've got something in my eye, uh, Joey, could we check it in the light, please? (neutral)",Command,Question
Oh my god. (surprise),Others,Acknowledge
What? (surprise),Question,Question
Hello! Were we at the same table? It's like... cocktails in Appalachia. (anger),Greeting,Statement Opinion
"Come on, they're close. (neutral)",Command,Statement Non Opinion
Close? She's got her tongue in his ear. (disgust),Statement Non Opinion,Statement Opinion
"Oh, like you've never gotten a little rambunctious with Ross. (neutral)",Statement Non Opinion,Statement Non Opinion
"Joey, this is sick, it's disgusting, it's, it's--not really true, is it? (disgust)",Question,Statement Opinion
"Well, who's to say what's true? I mean... (neutral)",Question,Statement Non Opinion
"Oh my god, what were you thinking? (disgust)",Question,Question
"All right, look, I'm not proud of this, ok? Well, maybe I am a little. (neutral)",Statement Non Opinion,Statement Opinion
Oh! (surprise),Backchannel,Acknowledge
Ow! (surprise),Backchannel,Acknowledge
I'm outta here. (disgust),Statement Non Opinion,Statement Non Opinion
"Wait, wait, wait. You want him, I want her. He likes you. (neutral)",Statement Non Opinion,Statement Non Opinion
Really? (surprise),Question,Question
"Yeah. I'm thinking, if we put our heads together, between the two of us, we can break them up. (neutral)",Answer,Statement Non Opinion
Hello! One marriage please! (joy),Greeting,Greeting
"Yep, we wanna get married! (joy)",Agreement,Agreement
All right. (neutral),Agreement,Acknowledge
Dum! Dum-dum-dum! Dum! Dum! Dum! Dum-dum-dum! (joy),Others,Statement Non Opinion
What are you doing? (neutral),Question,Question
"Oh, that's (neutral)",Statement Non Opinion,Acknowledge
"No, only because that's the graduation song. (neutral)",Disagreement,Statement Non Opinion
Okay! This is it! We're gonna get married! (joy),Agreement,Statement Opinion
Are you sure you wanna do this? (neutral),Question,Question
"Well, hello, Mrs. Ross! (joy)",Greeting,Greeting
"Well, hello, Mr. Rachel! (joy)",Greeting,Greeting
Wait! Okay! (neutral),Others,Acknowledge
Would you ever be a surrogate for anyone? (neutral),Question,Question
It depends on who asked. (neutral),Answer,Statement Non Opinion
What if I asked? (neutral),Question,Question
"Oh, Mon, sure. (neutral)",Answer,Agreement
Really? (surprise),Question,Question
Yes. You're not asking are you? (surprise),Question,Question
No. (neutral),Answer,Statement Non Opinion
Yes! Totally! (joy),Agreement,Agreement
Oh! Thank you! Thank you! Thank you! Yes! Thank you! (joy),Acknowledge,Acknowledge
"You...are...not going to believe it! Joshua came into work today, and guess what happened? (joy)",Statement Non Opinion,Statement Opinion
He asked you out?! (surprise),Question,Question
No. But I was showing him some cufflinks and I felt his pulse. (joy),Answer,Statement Non Opinion
Saucy! (joy),Others,Backchannel
What are these? (neutral),Question,Question
Electrical plans for the building. (neutral),Answer,Answer
"Okay, okay, okay should I be scared? (fear)",Question,Question
"I know that switch does something, okay? (neutral)",Answer,Statement Non Opinion
So-so I went down to city hall and got these. (neutral),Statement Non Opinion,Statement Non Opinion
All I had to do was pay $25 and wait in line for three hours. (sadness),Statement Non Opinion,Statement Non Opinion
Wow! If only more people knew. (surprise),Statement Non Opinion,Statement Opinion
Uh-oh-okay. Uh-oh-okay. I know what you all are thinking. But Chandler is in (neutral),Statement Non Opinion,Acknowledge
Yeah! No that's what I was thinking. (neutral),Statement Non Opinion,Agreement
"So I'm asking you please, take a moment before you judge me. (neutral)",Command,Command
"Oh, nobody's judging you. (neutral)",Statement Non Opinion,Statement Non Opinion
"Oh! Okay! You, Mister Right Place at the Right Time, call me! (joy)",Agreement,Statement Opinion
Oh man! (surprise),Greeting,Statement Non Opinion
I want that place so much!! (joy),Statement Non Opinion,Statement Opinion
I was so sure that was gonna work! (sadness),Statement Opinion,Statement Opinion
There's twelve bucks I'll never see again! (disgust),Statement Non Opinion,Statement Opinion
"All right honey, we'd better go if we wanna catch that movie. (neutral)",Statement Non Opinion,Command
Bye! (neutral),Greeting,Greeting
Bye! (neutral),Greeting,Greeting
Bye Chandler! I miss you already. (sadness),Greeting,Greeting
"Okay, did you see that?! With the inappropriate and the pinching!! (disgust)",Question,Statement Opinion
"Actually, I did! (surprise)",Answer,Acknowledge
"Okay, so now do you believe that she's attracted to me? (neutral)",Question,Question
"Ohhh, oh my God! Oh my God! She knows about us! (surprise)",Answer,Statement Opinion
Are you serious? (surprise),Question,Question
Phoebe knows and she's just trying to freak us out! That's the only explanation for it! (anger),Statement Non Opinion,Statement Opinion
Okay but what about y'know my pinchable butt and my bulging biceps--She knows! (anger),Statement Non Opinion,Statement Opinion
"Ross, umm, you've been in there for a long time. I'm starting to get kinda freaked out. (fear)",Statement Non Opinion,Statement Non Opinion
"All right, I'm coming out. Hey, can you turn the lights off. (neutral)",Command,Command
"No, let's just leave the lights on. (neutral)",Disagreement,Statement Non Opinion
Oh my God! (surprise),Others,Acknowledge
"You wanna go right now? 'Cause I'll take you right now, buddy! You wanna go? (anger)",Question,Question
Oh fine. (neutral),Answer,Agreement
Ready? Wrestle! (joy),Statement Non Opinion,Command
"Okay, y'know what uh, actually, that's great. That helps a lot. Thanks. (neutral)",Statement Opinion,Acknowledge
"All right now remember, something this big and long is going to be difficult to manuver, fortunately I have a lot of experience in that area. (neutral)",Statement Non Opinion,Statement Non Opinion
"Can we please focus here, a naked man's life hangs in the balance! (fear)",Statement Non Opinion,Command
I'm telling you he's dead. What we are about to have here is a dead fat guy on a stick. (anger),Statement Non Opinion,Statement Opinion
"All right, ladies and gentlemen, let's poke. (neutral)",Command,Command
Steady. (neutral),Statement Non Opinion,Command
Steady. (neutral),Statement Non Opinion,Command
"Okay, a little higher. (neutral)",Statement Non Opinion,Command
Careful of the angle. (neutral),Statement Non Opinion,Command
"Okay, okay, we're approaching the window Thread the needle. (neutral)",Statement Non Opinion,Command
Thread the needle. (neutral),Command,Command
He's alive! He's a-live!!! (joy),Statement Non Opinion,Statement Opinion
"And yet, we're still poking him. (disgust)",Statement Non Opinion,Statement Opinion
"Okay, retract the device, retract the device. (neutral)",Statement Non Opinion,Command
He does not look happy. (anger),Statement Opinion,Statement Opinion
"Hey-hey, now he's showing us his poking device. (surprise)",Statement Non Opinion,Statement Opinion
"Hey, that's never gonna make it all the way over here, buddy! (anger)",Statement Opinion,Statement Opinion
"Well they have uh, some unusual pet names for each other. (sadness)",Statement Non Opinion,Statement Opinion
"Including umm, evil bitch and uh, sick bastard. (disgust)",Statement Non Opinion,Statement Opinion
Oh God oh! (surprise),Others,Backchannel
Contraction! (surprise),Statement Non Opinion,Backchannel
Are you looking at her?! (anger),Question,Question
No! (anger),Answer,Answer
Don't you look at her you sick bastard! (anger),Command,Command
Honey I swear! I wasn't looking at her! (fear),Disagreement,Statement Opinion
She's in labor! You like that you sick son of a bitch! (anger),Statement Non Opinion,Statement Opinion
"Umm. Umm, I'm-I'm just gonna-- (neutral)",Statement Non Opinion,Backchannel
See? See? It was because you were looking fat pervert! (anger),Statement Opinion,Statement Opinion
"No-no, I'm...I'm sure no one was looking. Just want some privacy. (neutral)",Disagreement,Statement Non Opinion
You miss your girlfriend? (neutral),Question,Question
Just ignore them. (neutral),Answer,Command
Ross. (neutral),Greeting,Greeting
What? What? (fear),Question,Question
He's looking at me. (neutral),Statement Non Opinion,Statement Non Opinion
Hey! You wanna live to see your baby?! (anger),Question,Command
Don't you talk to my husband like that you stupid bastard! (anger),Statement Non Opinion,Command
Pat Sajak? (neutral),Question,Question
Yep! (joy),Answer,Agreement
Alex Trebek? (neutral),Question,Question
"Oh, of course! (joy)",Agreement,Agreement
Chuck Woolery? (neutral),Question,Question
"Definitely! Phoebe, you will not find a single game show host, who's ass I cannot kick. (joy)",Agreement,Statement Opinion
Say it! (joy),Others,Command
Say we are unagi! (joy),Statement Non Opinion,Command
It's not something you are! It's something you have! (anger),Statement Non Opinion,Disagreement
Say it! (joy),Others,Command
"Y'know what? I can easily get out of this, but there is a chance you can get very, very hurt! (anger)",Statement Non Opinion,Statement Opinion
"Hey, Rach, can I borrow your eyelash curler, I think I lost mine. (neutral)",Question,Question
"Yeah, it's in there. (neutral)",Answer,Answer
Oh! Ohh! Oh!! (surprise),Backchannel,Backchannel
"Joey, can I talk to you for a second? (neutral)",Question,Question
Oohh!! Ohh! Oh-oh-oh! Oh-oh!! (surprise),Backchannel,Backchannel
oooooooooooooohhhhhhhhhhh (surprise),Backchannel,Backchannel
Yes. Yes. (neutral),Agreement,Acknowledge
You?! And-and you?! (surprise),Question,Backchannel
"Yes, but you cannot tell anyone! No one knows! (joy)",Answer,Statement Opinion
How?! When?! (surprise),Question,Question
It happened in London. (neutral),Answer,Statement Non Opinion
IN LONDON!!! (surprise),Question,Backchannel
The reason we didn't tell anyone was because we didn't want to make a big deal out of it. (neutral),Answer,Statement Non Opinion
But it is a big deal!! I have to tell someone! (surprise),Statement Non Opinion,Statement Opinion
No-no-no-no-no! You can't! (fear),Disagreement,Command
"Please? Please?! We just don't want to deal with telling everyone, okay? Just promise you won't tell. (fear)",Command,Command
"All right! Man, this is unbelievable! I mean, it's (surprise)",Others,Backchannel
"I know, it's great! (joy)",Agreement,Statement Opinion
"Aww, I don't want to see that! (disgust)",Statement Non Opinion,Statement Opinion
We're so stupid! Do you know what's going on in there? They're trying to take Joey! (sadness),Question,Statement Opinion
"And my second grade teacher was Ms. Thomas, and my first grade teacher was Mrs. Cobb. (neutral)",Statement Non Opinion,Statement Non Opinion
"Mrs., Mrs. Gobb? (neutral)",Question,Question
"No Cobb, as in cobb salad. (neutral)",Answer,Statement Non Opinion
"Now, what exactly is in a cobb salad? (neutral)",Question,Question
What're we gonna do? What're we gonna do? (fear),Question,Question
"Uh, uh, we'll flip for it. Ducks or clowns. (neutral)",Answer,Statement Non Opinion
"Oh, we're gonna flip for the baby? (surprise)",Question,Question
You got a better idea? (neutral),Question,Question
"All right, call it in the air. (neutral)",Answer,Command
Heads. (neutral),Others,Statement Non Opinion
Heads it is. (neutral),Others,Statement Non Opinion
Yes! Whew! (joy),Agreement,Acknowledge
We have to assign heads to something. (neutral),Statement Non Opinion,Statement Non Opinion
"Right. Ok, ok, uh, ducks is heads, because ducks have heads. (neutral)",Agreement,Statement Non Opinion
What kind of scary-ass clowns came to your birthday? (anger),Question,Question
"Okay, some tricks of the trade. (neutral)",Statement Non Opinion,Statement Non Opinion
"Now, I've never been able to cry as an actor, so if I'm in a scene where I have to cry, I cut a hole in my pocket, take a pair of tweezers, and just start pulling. (neutral)",Statement Non Opinion,Statement Non Opinion
"Or ah, or, let's say I wanna convey that I've just done something evil. (neutral)",Statement Non Opinion,Statement Non Opinion
"That would be the basic 'I have a fishhook in my eyebrow and I like it' Okay, let's say I've just gotten bad news, well all I do there is try and divide 232 by 13. (neutral)",Statement Non Opinion,Statement Non Opinion
And that's how it's done. (neutral),Statement Non Opinion,Statement Non Opinion
"Great soap opera acting tonight everybody, class dismissed. (joy)",Others,Statement Opinion
"Hey, Mr. Trib. (neutral)",Greeting,Greeting
Hey-hey. (joy),Greeting,Greeting
Then I'm gonna have to ask you to keep it down. (neutral),Statement Non Opinion,Command
Who are you? (surprise),Question,Question
"Hi, I'm Eric, I'm gonna be Chandler's new roommate. (neutral)",Answer,Greeting
I'm Chandler's new roommate. (surprise),Answer,Statement Non Opinion
I-I-I don't think so. (surprise),Disagreement,Disagreement
I could be Chandler's new roommate. (surprise),Statement Non Opinion,Statement Non Opinion
"But, he told me over the phone. (surprise)",Statement Non Opinion,Statement Non Opinion
He told me in person. (neutral),Statement Non Opinion,Statement Non Opinion
That's weird. (surprise),Statement Non Opinion,Statement Opinion
"Well, I'm going to go into my new apartment now. Ehh! (joy)",Statement Non Opinion,Statement Non Opinion
Hey! Look who I found! (surprise),Statement Non Opinion,Greeting
"Oh, hey guys! (joy)",Greeting,Greeting
"Y'know, birds have a very good sense of direction, and I thought maybe they could help us find where the presents are hidden. (neutral)",Statement Opinion,Statement Opinion
"Yes, if the presents are hidden south for the winter. (neutral)",Agreement,Statement Non Opinion
Or we could just follow your clever jokes – any ideas? (neutral),Question,Question
Didn't think so! (neutral),Answer,Statement Non Opinion
"Okay, c'mon guys, show us where the presents are! (neutral)",Others,Command
"Oh, the duck seems to think that Monica got me garbage! Hmm, I wonder what I could get Monica that's as good as garbage? (anger)",Acknowledge,Statement Opinion
"Hmm, how about my azzz? (neutral)",Question,Statement Non Opinion
"Hey, this is hollow. (neutral)",Answer,Statement Non Opinion
What? (surprise),Question,Question
"This bench, it's hollow! I can't believe I never knew that! Oh, the presents!!! (surprise)",Answer,Statement Non Opinion
"No, don't look directly at them! (fear)",Disagreement,Command
What? (surprise),Question,Question
"Alright, no, we could look at them! (neutral)",Answer,Statement Non Opinion
I (neutral),Others,Others
"Hi! I'm so glad you're here, but it's gonna be a while. I-I wished you'd called first. (joy)",Statement Non Opinion,Greeting
"Oh that's all right, I'm coming back later with your father. (neutral)",Agreement,Statement Non Opinion
Oh good. (joy),Others,Acknowledge
I actually needed to talk to you before the birth. (neutral),Statement Non Opinion,Statement Non Opinion
"Okay, what's up? (neutral)",Question,Question
"I brought something that I want to give you, assuming of course that you want it. (neutral)",Acknowledge,Statement Non Opinion
"Ma, you're asking me to marry you? (surprise)",Question,Question
"This is your grandmother's engagement ring, I want you to give it to Rachel. (joy)",Answer,Statement Non Opinion
"Mom no, come on! Thank you. (surprise)",Command,Acknowledge
Just hear me out! (fear),Statement Non Opinion,Command
"Maybe this would've happened if I'd been more nurturing, or I'd paid more attention, or I... had a uterus. (sadness)",Statement Non Opinion,Statement Opinion
I can't believe this! (sadness),Statement Non Opinion,Statement Non Opinion
"I know no, no, y'know you don't deserve this, you don't Ross. (sadness)",Agreement,Acknowledge
"You're, you're really, you're so good. (sadness)",Statement Non Opinion,Statement Opinion
Thanks. (sadness),Acknowledge,Acknowledge
And you're so sweet. And you're kind (neutral),Acknowledge,Statement Opinion
Thanks. (sadness),Acknowledge,Acknowledge
"Wait, wait, wait, wait, wait. (surprise)",Command,Command
"Okay, it's okay. (neutral)",Agreement,Acknowledge
"Wait, wait, wait. (joy)",Command,Command
My foot is stuck in the pocket. (sadness),Statement Non Opinion,Statement Non Opinion
What? (surprise),Question,Question
"No, I can't get it out. (sadness)",Answer,Statement Non Opinion
Rachel? (neutral),Question,Greeting
Yeah. Hi Mark! (surprise),Answer,Greeting
"Hi. I just talked to Joanna, and she loves you. You got it, you got the job. (joy)",Statement Non Opinion,Statement Non Opinion
"Oh, I did! (surprise)",Statement Non Opinion,Acknowledge
Yes. (joy),Agreement,Answer
Oh my God!! (surprise),Others,Acknowledge
Congratulations...oh..wow (joy),Acknowledge,Acknowledge
I can't believe I did this! What an idiot! (anger),Statement Non Opinion,Statement Opinion
"Oh, stop beating yourself up! (sadness)",Command,Command
People make mistakes! (neutral),Others,Statement Non Opinion
These things happen! (neutral),Statement Non Opinion,Statement Non Opinion
There aren't any message you've forgotten to give me are there? (neutral),Question,Question
Apparently you're not very good at it! (anger),Answer,Statement Opinion
I (neutral),Others,Others
Philadelphia. (neutral),Others,Statement Non Opinion
"Oh my God! So was she! Oh, I've got-I've got goose bumps. (surprise)",Others,Statement Opinion
Really? (surprise),Question,Question
"Well, y'know I'm wearing layers and it's warm. (neutral)",Answer,Statement Non Opinion
Yeah. (joy),Statement Non Opinion,Agreement
"But if--no look, okay. These jerks might not care about you, but the universe does! And that says a lot! (sadness)",Statement Non Opinion,Statement Opinion
Did you hear that?! (neutral),Question,Question
I don't need you guys to care about me! (anger),Answer,Statement Opinion
Because the universe cares! (joy),Statement Opinion,Statement Opinion
The whole universe! (joy),Statement Opinion,Statement Opinion
I really wished they'd care just a little bit though. (sadness),Statement Non Opinion,Statement Opinion
"I like this one. It seems to say, ""I love you and that's why I have to kill you."" (joy)",Statement Non Opinion,Statement Opinion
"They can't all be bad. Find the one where you make your bedroom eyes. Ohh, there it is. (joy)",Statement Opinion,Statement Opinion
Oh my God! Those are my bedroom eyes?! Why did you ever sleep with me? (surprise),Question,Question
Do you really want to pull at that thread? (surprise),Question,Question
I'm having a really good time! (joy),Statement Non Opinion,Statement Opinion
Me too! I'm sorry that guy in the subway licked your neck. (sadness),Apology,Apology
"Ohh. No that's okay, he's a friend. (neutral)",Acknowledge,Acknowledge
"Hey uh, I don't mean to be presumptuous but I have these two tickets to the ballroom dancing finals tomorrow night if you want to go? (fear)",Statement Non Opinion,Question
"Yeah, I... Well y'know I-I mean I missed the-the semi-finals, so I'd just be lost. (sadness)",Agreement,Statement Non Opinion
"I know it's really lame, but I got these tickets from my boss and--Oh no! No! No! My God! (surprise)",Acknowledge,Statement Non Opinion
"Okay, don't freak out. I'll go. (neutral)",Command,Command
"No it's... Uh, my ex-wife Whitney is out there. I cannot deal with her right now. That woman is crazy! (anger)",Statement Non Opinion,Statement Opinion
"Okay, I know. Hold on. Hey Ross? (neutral)",Agreement,Acknowledge
Yeah? (neutral),Agreement,Backchannel
"Yeah, umm that's Whitney , Kyle's ex-wife out there, now do you think that you can y'know divert her so that we can slip out? (neutral)",Agreement,Question
What?! No! (surprise),Question,Disagreement
Well okay but I have two tickets to the ballroom dance finals. (neutral),Answer,Statement Non Opinion
"Look, I don't think so Pheebs. All right, I'll do it. But just because you're a friend. (neutral)",Statement Opinion,Agreement
"Well, I-I-I'm done with this. You want anything Ross? Sports? International? Apartment listings? (neutral)",Question,Statement Non Opinion
I'll take sports. (neutral),Answer,Answer
Mine! (neutral),Others,Statement Non Opinion
"All right. Uhh, international. (neutral)",Agreement,Answer
"Okay, look, I-I know what you guys are going to say (neutral)",Statement Non Opinion,Statement Non Opinion
You two will have very hairy children. (disgust),Statement Non Opinion,Statement Opinion
"Okay, I didn't know you would say that. (surprise)",Disagreement,Acknowledge
Ross! Janice?! (anger),Greeting,Question
"All right, hold on! (neutral)",Agreement,Command
Hold on. (neutral),Command,Command
Hold on. (neutral),Command,Command
"This is Ross, okay? (neutral)",Greeting,Statement Non Opinion
He's our friend. (neutral),Statement Non Opinion,Statement Non Opinion
He obviously went crazy. (anger),Statement Non Opinion,Statement Opinion
He obviously lost his mind. (anger),Statement Non Opinion,Statement Opinion
So are you actually gonna see her again? (neutral),Question,Question
Phoebe! Don't put ideas in his head! (anger),Command,Command
Damnit Phoebe!! (anger),Others,Acknowledge
"Hey, don't we have to... (neutral)",Statement Non Opinion,Question
"Yeah, we got, um-hmm. (neutral)",Statement Non Opinion,Agreement
"Umm, I think you're really, really great... (joy)",Statement Opinion,Statement Opinion
Oh God! (sadness),Others,Acknowledge
Here we go again. (sadness),Statement Non Opinion,Statement Non Opinion
Why does this keep happening to me? (anger),Question,Question
Is it something I'm putting out there? (sadness),Question,Question
Is this my fault? (sadness),Question,Question
Or am I just nuts? (sadness),Question,Question
"I-I-I-I-I don't know, I don't know what to say. (surprise)",Answer,Acknowledge
"Hey buddy, this is a family place, put the mouse back in the house. (disgust)",Statement Non Opinion,Command
Wait! (sadness),Command,Command
Terry! (sadness),Greeting,Greeting
Please! (sadness),Command,Command
"Look, I just lost my other job. (sadness)",Statement Non Opinion,Statement Non Opinion
Okay? (neutral),Agreement,Question
You have no idea how much I need this. (sadness),Statement Non Opinion,Statement Opinion
"Please, help me out, for old times sake. (sadness)",Others,Command
This poor guy's been in a coma for five years. It's hopeless. (sadness),Statement Non Opinion,Statement Opinion
"It's not hopeless! Dr. Stryker Ramoray's a miracle worker. Look, here he comes. (joy)",Disagreement,Statement Opinion
"Good morning. Drake, it's your brother Stryker. Can you hear me? (neutral)",Greeting,Greeting
I'm back baby! Ha-ha-ha! (joy),Statement Non Opinion,Statement Opinion
That kid really kicked me hard on the plane. (anger),Statement Non Opinion,Statement Opinion
Well you did pull his hair. (neutral),Statement Non Opinion,Statement Non Opinion
He took my snack! (anger),Statement Non Opinion,Statement Opinion
I'm not getting into this again! (anger),Statement Non Opinion,Disagreement
"Okay! Oh God, y'know what? It's really bad. (sadness)",Statement Opinion,Statement Opinion
"Well, I told you not to walk. Here. There. Okay. (anger)",Statement Non Opinion,Command
"This doesn't mean anything, does it? (fear)",Question,Question
Of course! Only an idiot would wear this stuff if you didn't have the car! Right? (anger),Answer,Disagreement
That is true. (neutral),Agreement,Agreement
"Yeah, but only a genius would swallow a sonic blaster gun. (neutral)",Agreement,Disagreement
"Oh, I've been there. Yeah, I am gonna go drive my Porsche. (neutral)",Statement Non Opinion,Statement Non Opinion
"Joey, you know you don't actually have one. (neutral)",Statement Non Opinion,Statement Non Opinion
Come on! What are you doing?! I'm in character! Would you talk to her! (sadness),Question,Command
"Ahh, I think it just moved. It's really poking me. (anger)",Statement Opinion,Statement Non Opinion
"All right, that's it, we're going to the emergency room. (neutral)",Statement Non Opinion,Command
"What?! No, you can't, you can't leave me here with them! We're baby-sitting! (anger)",Disagreement,Disagreement
"The babies are asleep, I'm sure you'll be okay on your own for a while! (neutral)",Statement Non Opinion,Statement Non Opinion
But you-you can't leave me with them! We-we're a team! We're playing a zone! They're gonna triple team me! (anger),Disagreement,Disagreement
"He's got something plastic lodged in his throat, we've got to go to the hospital. (fear)",Statement Non Opinion,Statement Non Opinion
"But no, because a doctor won't be able to help him, it's just gonna y'know naturally pass through his system in like seven years. (neutral)",Statement Non Opinion,Statement Opinion
I think that's gum. (neutral),Statement Opinion,Statement Non Opinion
I'm pretty sure it's gun. (neutral),Statement Opinion,Statement Opinion
"Okay, listen this really hurts. Let's go. (anger)",Statement Opinion,Command
"A real man wouldn't just run to the hospital! No! What would, what would Krog do? (anger)",Question,Disagreement
That was the only way I could get him to (neutral),Answer,Statement Non Opinion
Hi! How are the Gellers? (neutral),Question,Greeting
Don't call us that! (anger),Statement Non Opinion,Disagreement
The judge wouldn't let us get an annulment! Now we gotta get a divorce!! Did a Porsch throw up on you? (anger),Question,Statement Opinion
Hey! It's Porsche!! (anger),Greeting,Disagreement
Hey sweetie! (joy),Greeting,Greeting
Hey! (joy),Greeting,Greeting
There's no back to this couch! (surprise),Statement Non Opinion,Statement Non Opinion
Why are you reading this? You hate this kind of stuff. (surprise),Question,Question
"Yeah I know, but I figured a shot y'know? (neutral)",Answer,Answer
"Maybe one of those stories would make me cry and then you wouldn't think I was y'know, all dead inside. (neutral)",Statement Non Opinion,Statement Opinion
"Oh that's so sweet! Look Chandler I don't care if you can't cry, I love you. (joy)",Statement Non Opinion,Statement Opinion
Oh that makes me feel so warm in my hollow tin chest. (neutral),Statement Non Opinion,Statement Non Opinion
Stop it! (joy),Command,Command
"No, I mean, come on, seriously think about it, we get married, we're up at the altar and I'm like this. (neutral)",Statement Opinion,Statement Opinion
"I won't care, because I know you will be feeling it all in here. (neutral)",Statement Non Opinion,Statement Opinion
Yeah? (neutral),Question,Backchannel
Of course he is! (joy),Answer,Agreement
"What, do you think I'd just use my son as-as an excuse? (joy)",Question,Question
What kind of father do you think I am? (anger),Question,Question
"All right, sorry. (neutral)",Apology,Apology
I gotta go make a fake Ben. (neutral),Statement Non Opinion,Statement Non Opinion
"The basket is totally empty! My God, the neighbors ate all the candy! (surprise)",Statement Non Opinion,Statement Opinion
"Well, either that or uh (neutral)",Others,Backchannel
Joey!! (anger),Greeting,Command
Yeah? (neutral),Agreement,Backchannel
Did you eat all the neighbor candy?! (anger),Question,Question
"Uh well yeah, that was the plan, but by the time I got to it there was only a couple of pieces left! (anger)",Answer,Statement Opinion
"Yeah, and they've been coming by all day. They love it! (joy)",Statement Non Opinion,Statement Opinion
They love my candy? Oh man!!! I've gotta go make more!! (joy),Statement Non Opinion,Statement Opinion
"Hey Mon, you might wanna make some more lasagna too, because something might've happened to a huge chunk of it. (neutral)",Statement Opinion,Statement Non Opinion
Ross! The neighbors ate all my candy!! (joy),Statement Non Opinion,Statement Opinion
Mine stole my newspaper! It's like a (anger),Statement Non Opinion,Statement Opinion
Sure! (neutral),Agreement,Agreement
"Yeah, ever since you uh, told me that story about that bike I-I couldn't stop thinking about it. (neutral)",Agreement,Statement Non Opinion
"I mean, everyone should have a-a (neutral)",Statement Non Opinion,Statement Non Opinion
Oh my God Ross!! (surprise),Others,Statement Opinion
You like it? (joy),Question,Question
I (neutral),Question,Backchannel
Yeah? (neutral),Answer,Backchannel
Hello darlings. (neutral),Greeting,Greeting
And there's daddy! (joy),Statement Non Opinion,Statement Non Opinion
There he is! There he is! (surprise),Statement Non Opinion,Statement Non Opinion
Where? (neutral),Question,Question
Right- where we've been looking all night! (joy),Answer,Statement Non Opinion
He is so cute! (joy),Statement Opinion,Statement Opinion
"Oh, George, baby, drop the towel! (joy)",Others,Command
"Yeah, drop it! Drop the towel! Please drop the----wowww. (joy)",Command,Command
"I've gotta tell you, Bob is terrific. (joy)",Statement Non Opinion,Statement Opinion
"Yeah, isn't he? (joy)",Question,Agreement
"It is so great to meet a guy who is smart and funny, and has an emotional age beyond, like eight. (joy)",Statement Non Opinion,Statement Opinion
You know what else? He's unbelievable in bed. (joy),Statement Non Opinion,Statement Opinion
Wow. My brother never even told me when he lost his virginity. (surprise),Statement Non Opinion,Statement Non Opinion
Huh. That's nice. (neutral),Others,Acknowledge
"and the miracle was that that little bit of oil that should've just lasted just one day, burned for (neutral)",Statement Non Opinion,Statement Non Opinion
Eight whole days. (neutral),Statement Non Opinion,Statement Non Opinion
"That's right, and that's why we celebrate Hanukkah today. The end. (joy)",Agreement,Statement Opinion
Awesome! (joy),Acknowledge,Agreement
Yeah? (surprise),Question,Question
My favorite part was when (neutral),Statement Non Opinion,Statement Non Opinion
The Armadillo was actually not so (neutral),Statement Non Opinion,Statement Non Opinion
Hey! (joy),Greeting,Greeting
Oh. (neutral),Backchannel,Backchannel
Wow! It looks like the Easter Bunny's funeral in here. (surprise),Others,Statement Opinion
"Come on, come on, we're-we're-we're lighting the candles! (joy)",Command,Command
Oh. (neutral),Backchannel,Backchannel
Oh. (neutral),Backchannel,Backchannel
"Okay, I understand why (neutral)",Acknowledge,Acknowledge
"Yeah, sure. Good luck! (joy)",Greeting,Agreement
I'm quitting!! Woo-hoo! I'm okay!! I'm all right!! (joy),Statement Non Opinion,Statement Opinion
"Wow! That's exciting, you went to Japan, made up a woman. (surprise)",Statement Non Opinion,Statement Opinion
What? (neutral),Question,Question
"I'm just saying, this woman, I mean she's fictitious. No? (surprise)",Answer,Question
Why would you say that? (neutral),Question,Question
Cause you're still into Monica. (neutral),Answer,Statement Non Opinion
"So you told her there was somebody else so she would agree to work with you, so 'cause you figure oh if you spent a lot of time together, maybe something might happen, and... (neutral)",Statement Non Opinion,Statement Non Opinion
You're good. You're good! (joy),Acknowledge,Agreement
"Yeah, no, I'm fairly intuitive and psychic. It's a substantial gift. (neutral)",Agreement,Statement Opinion
"Listen, can you promise me that you won't tell her though? (fear)",Question,Command
"Absolutely, oh I promise. Tell her what? (neutral)",Answer,Acknowledge
Thanks a lot. (neutral),Acknowledge,Acknowledge
"No I'm serious. I mean I'm intuitive, but my memory sucks. (neutral)",Statement Non Opinion,Statement Opinion
"Excuse me, pardon me, excuse me, excuse me, sorry. Hi. (neutral)",Apology,Apology
"For God's sake, will you let it go? There's no Rachel! (anger)",Others,Disagreement
"Oh, hey, hey, I got that. (neutral)",Statement Non Opinion,Acknowledge
"Oh, thanks, sweetie. (joy)",Acknowledge,Answer
No problem. I cannot wait for you to meet my friends. (joy),Statement Non Opinion,Statement Opinion
Really? (surprise),Question,Question
You don't think they'll judge and ridicule me? (fear),Question,Question
"No, no, they will. I just... uh... (neutral)",Answer,Statement Non Opinion
Can't wait. (neutral),Statement Non Opinion,Statement Non Opinion
Do I know you? (surprise),Question,Question
"Oh my god, little Stevie Fisher? How've you been? (surprise)",Question,Greeting
"Good, good, I'm a lawyer now. (neutral)",Answer,Statement Non Opinion
You can't be a lawyer. You're eight. (surprise),Disagreement,Disagreement
"Listen, it was nice to see you. I gotta run backstage. (joy)",Statement Non Opinion,Statement Non Opinion
"Uh, wait, backstage? (surprise)",Question,Question
"Oh, yeah, my firm represents the band. (neutral)",Answer,Statement Non Opinion
Ross. (neutral),Greeting,Statement Non Opinion
Chandler. (neutral),Greeting,Statement Non Opinion
"Look, you guys wanna meet the group? (neutral)",Question,Question
Come on. (neutral),Command,Command
"So, are you one of the ones who fooled around with my dad? (surprise)",Question,Question
Do you have any respect for your body? (disgust),Question,Question
Don't you realise what you're-you're doing to yourself? (disgust),Question,Question
"Hey, y'know, I have had it with you guys and your cancer and your emphysema and your heart disease. (anger)",Statement Non Opinion,Statement Opinion
"The bottom line is, smoking is cool, and you know it. (neutral)",Statement Non Opinion,Statement Opinion
"Chandler? It's Alan, he wants to speak to you. (neutral)",Statement Non Opinion,Statement Non Opinion
Really? (surprise),Question,Backchannel
He does? (surprise),Question,Backchannel
"Hey, buddy, what's up! (joy)",Greeting,Greeting
"Oh, she told you about that, huh. (surprise)",Statement Non Opinion,Acknowledge
"Well, yeah, I have one now and then. (neutral)",Agreement,Statement Non Opinion
"Well, yeah, now. (neutral)",Agreement,Statement Non Opinion
"Well, it's not that big- ..well, that's true,.. Gee, y'know, no-one- no-one's ever put it like that before. (neutral)",Statement Non Opinion,Acknowledge
"Well, okay, thanks! (joy)",Acknowledge,Acknowledge
"God, he's good. (joy)",Statement Opinion,Statement Opinion
If only he were a woman. (neutral),Statement Opinion,Statement Opinion
Yeah. (neutral),Agreement,Backchannel
"Oh, look look look. (surprise)",Command,Statement Non Opinion
The last candle's about to burn out. (neutral),Statement Non Opinion,Statement Non Opinion
"10, 9, 8, 7... ... negative 46, negative 47, negative 48.... (neutral)",Statement Non Opinion,Statement Non Opinion
Thank you. (neutral),Greeting,Acknowledge
Thanks. (neutral),Greeting,Acknowledge
Kinda... spooky without any lights. (fear),Others,Statement Opinion
Bwah-hah-hah! (joy),Others,Backchannel
"OK, guys, guys? I have the definitive one. Mwwwooooo-hah-hah... (joy)",Statement Non Opinion,Statement Opinion
Oh.. oh... oh. (neutral),Others,Backchannel
"Hey Ross. This probably isn't the best time to bring it up, but you have to throw a party for Monica. (neutral)",Statement Non Opinion,Statement Opinion
You blew them away! (joy),Statement Non Opinion,Statement Opinion
"Oh, I can't tell you how great it was to look at the crowd and see your face! (joy)",Statement Non Opinion,Statement Opinion
"I mean... uh, did you know you were mouthing the words along with me? (neutral)",Question,Question
I was (surprise),Answer,Acknowledge
"No, it's ok! Made me feel like a rock star! (joy)",Agreement,Agreement
Oh my God! I'm your (surprise),Others,Statement Non Opinion
I'd better not found you naked in my hotel room! (joy),Statement Non Opinion,Statement Opinion
"Look, I took it too far! (joy)",Statement Non Opinion,Acknowledge
"Okay, Monica: Right foot red. (neutral)",Others,Command
Could've played (neutral),Statement Non Opinion,Statement Non Opinion
Thanks. (neutral),Acknowledge,Acknowledge
"Okay, Pheebs: Right hand blue. Good. (neutral)",Others,Command
"Hello? Oh, uh, Rachel, it's the (neutral)",Greeting,Greeting
"Oh, okay. Will you take my place? (neutral)",Question,Question
"Alright. Yes, this is Rachel. (neutral)",Answer,Acknowledge
Nooo! (surprise),Disagreement,Statement Non Opinion
Hello? (neutral),Question,Greeting
"Oh, yeah, no, I know, I-I haven't been using it much. (neutral)",Statement Non Opinion,Statement Non Opinion
"Oh, well, thanks, but, I'm okay, really. (joy)",Statement Non Opinion,Statement Opinion
Green. To the green. (neutral),Others,Command
I've got magic beans. Never-never mind. (neutral),Statement Non Opinion,Statement Non Opinion
"To the left, to the left- aww! (neutral)",Statement Non Opinion,Statement Non Opinion
Ohhh... I'm fine. (neutral),Statement Non Opinion,Statement Opinion
Hey! (joy),Greeting,Greeting
Please tell me you got the message! (fear),Greeting,Command
What message? (neutral),Command,Question
"The actor playing Mac couldn't do it, they needed to see you at 2 o'clock. (neutral)",Question,Statement Non Opinion
What?! It's 6 o'clock! (surprise),Statement Non Opinion,Statement Opinion
"Du-du-I wrote it, I wrote it on the board! (fear)",Question,Statement Non Opinion
"I wrote it on the board, then I went all over New York City looking for ya! (anger)",Answer,Statement Non Opinion
I went to Ross's! (neutral),Statement Non Opinion,Statement Non Opinion
I went to the coffeehouse! (neutral),Statement Non Opinion,Statement Non Opinion
I went to any place that they made sandwiches! (neutral),Statement Non Opinion,Statement Non Opinion
"That's the day you're gonna die? See--darnit, I've got shuffleboard that day. (neutral)",Statement Non Opinion,Statement Non Opinion
That's what you think. (neutral),Others,Disagreement
"Well, I mean what about friends of your grandmother's? Wouldn't they have the recipe? (neutral)",Question,Question
"Well, y'know I may have relatives in France who would know. My grandmother said she got the recipe from her grandmother, Nesele Tolouse. (neutral)",Statement Non Opinion,Statement Non Opinion
What was her name? (neutral),Question,Question
Nestley Toulouse. (neutral),Answer,Answer
Nestlé Toll House? (neutral),Question,Question
"Oh, you Americans always butcher the French language. (neutral)",Answer,Statement Opinion
Yes!! Oh. (surprise),Agreement,Acknowledge
I cannot believe that I just spent the last two days trying to figure out the recipe and it was in my cupboard the whole time! (anger),Acknowledge,Statement Opinion
I know! You see it is stuff like this which is why you're burning in hell!! (anger),Agreement,Statement Opinion
"So, we're decided, no on plaid, yes on pink? (neutral)",Question,Question
Absolutely! (joy),Answer,Agreement
I am so on board! (joy),Statement Non Opinion,Agreement
Rachel didn't you just light that? (neutral),Question,Question
"Yeah, I did, but y'know what? I am really, really trying to cut back, y'know? Good luck, Rach. (neutral)",Answer,Statement Non Opinion
I've actually been thinking about quitting lately. (neutral),Statement Non Opinion,Statement Non Opinion
"Oh sure, every Sunday night I'm telling myself I'm quitting but every Monday morning it's like (disgust)",Agreement,Statement Opinion
Tell me about it! (neutral),Command,Acknowledge
Well then let's just quit! We'll just quit! Let's all quit! (joy),Others,Statement Opinion
It does sound appealing. (neutral),Statement Non Opinion,Statement Opinion
"Oh, I never could do it. (joy)",Disagreement,Statement Opinion
Oh but you could. (neutral),Disagreement,Statement Opinion
You can. (neutral),Statement Opinion,Statement Opinion
Absolutely! (joy),Agreement,Agreement
We can help each other out! (joy),Statement Opinion,Statement Opinion
We can get--what are those--those patches! (neutral),Statement Non Opinion,Question
We could be like the Patch Sisters! (joy),Statement Opinion,Statement Opinion
"Oh y'know, we really should quit. Okay, let's quit! (joy)",Others,Agreement
Yes! Great! Give me those cigs! Give it! Give it! (joy),Command,Command
My late husband gave me that lighter. I'm not kidding. (sadness),Statement Non Opinion,Statement Non Opinion
Okay then! (joy),Others,Acknowledge
"Well, maybe it's a contest, y'know? Like, collect all five? (neutral)",Question,Statement Opinion
"Does, um, anyone wanna see? (neutral)",Question,Question
Nooo.. (disgust),Answer,Disagreement
"Oh, hey, don't do that! Cut it out! (anger)",Command,Command
It's worse than the thumb! (disgust),Statement Opinion,Statement Opinion
"Hey, this is so unfair! (anger)",Statement Non Opinion,Statement Opinion
"Oh, why is it unfair? (surprise)",Question,Question
So I have a flaw! (anger),Answer,Statement Opinion
Big deal! (anger),Others,Statement Opinion
Like Joey's constant knuckle-cracking isn't annoying? (anger),Question,Statement Opinion
"And Ross, with his over-pronouncing every single word? (anger)",Question,Statement Opinion
"And Monica, with that snort when she laughs? (anger)",Question,Statement Opinion
"I mean, what the hell is that thing? (disgust)",Question,Statement Opinion
"...I accept all those flaws, why can't you accept me for this? (anger)",Question,Statement Opinion
...Does the knuckle-cracking bother everybody? (anger),Question,Question
"Well, I-I could live without it. (neutral)",Answer,Statement Non Opinion
"Well, is it, like, a little annoying, or is it like when Phoebe chews her hair? (neutral)",Question,Question
"Oh, now, don't listen to him, Pheebs, I think it's endearing. (neutral)",Answer,Statement Opinion
"Oh, ""you do, do you""? (anger)",Question,Disagreement
"You know, there's nothing wrong with speaking correctly. (neutral)",Statement Non Opinion,Statement Opinion
"""Indeed there isn't""... I should really get back to work. (joy)",Statement Non Opinion,Statement Opinion
"Yeah, 'cause otherwise someone might get what they actually ordered. (neutral)",Agreement,Statement Non Opinion
"Ohh-ho-hooohhh. The hair comes out, and the gloves come on. (anger)",Statement Non Opinion,Statement Opinion
Awww! Mel Torme died. (sadness),Others,Statement Non Opinion
"Joey, that paper's like a year old! (neutral)",Statement Opinion,Statement Non Opinion
Aw! Does that mean the (sadness),Others,Statement Non Opinion
Hey. (neutral),Greeting,Greeting
Hey. (neutral),Greeting,Greeting
You're sure? You're absolutely sure? (neutral),Question,Question
"Well, no. But, um, I bet she probably does. (neutral)",Answer,Statement Non Opinion
Probably? (neutral),Question,Question
"Yeah, I don't like that word. (disgust)",Answer,Statement Opinion
Kind of what 'probably' really means. (neutral),Statement Non Opinion,Statement Non Opinion
"Yeah, uh-huh. (neutral)",Agreement,Backchannel
"Yeah, oh, ""Your mom probably won't kill herself,"" y'know? (anger)",Question,Statement Opinion
"I'm sorry, but I'm not hanging all my hopes of Rachel and I living together on-on ""Probably!"" (anger)",Apology,Statement Opinion
You gotta take care of yourselves! (neutral),Statement Non Opinion,Command
In (neutral),Others,Others
"Bing doesn't seem so weird now, does it? (neutral)",Question,Question
Yoo-hoo! Aaron Litman-Neurolic would like to say hello to his future bride. (joy),Statement Non Opinion,Greeting
Ohhh! Wow! He kinda takes your breath away doesn't he? (joy),Question,Statement Opinion
He's a keeper. How are you feeling? (neutral),Question,Statement Opinion
"Oh, I'm fine. (neutral)",Answer,Answer
"Can I just say, I really admire what you're doing. Just raising her all alone. (neutral)",Statement Non Opinion,Statement Opinion
"Oh, I'm not doing it alone. I have Ross. (neutral)",Disagreement,Answer
"Oh, sure. Now. But what happens when he meets somebody else and gets married? (neutral)",Question,Question
"Well then he gets a divorce, it's Ross! (neutral)",Statement Non Opinion,Statement Non Opinion
"I'm telling you Rachel, listen to Janice. They all say they're gonna be there until they start their real family. (neutral)",Statement Opinion,Statement Opinion
Well I--That's never gonna happen with Ross. (sadness),Statement Non Opinion,Statement Opinion
"Oh well that's what I thought about my first husband, now I'm lucky if my kid gets to spend the weekend with her father and the twins and little Ms. New Boobs. (disgust)",Statement Non Opinion,Statement Opinion
"All this stuff takes up a lot of room. Hey how uh, how serious are you about keeping Ben in your life? (neutral)",Question,Question
"And Tim I just wanna say, good luck here. (neutral)",Statement Non Opinion,Statement Non Opinion
Hey. Who's that? (neutral),Question,Greeting
New people. (neutral),Answer,Statement Non Opinion
What happened to the Disgustingtons? (neutral),Question,Question
They're having their baby! (anger),Answer,Statement Opinion
It's not fair Ross we got here first! (anger),Statement Non Opinion,Statement Opinion
Right after you left they wheeled her off into delivery. (neutral),Statement Non Opinion,Statement Non Opinion
Oh but not before she gave me a juicy shot of little Jamie just crowning away. (neutral),Statement Non Opinion,Statement Non Opinion
"Wow! Sorry. So uh, how are the new people? (surprise)",Apology,Apology
Phoebe? (neutral),Question,Greeting
Yeah? (neutral),Question,Answer
"Look at that guy by the window, wow! (surprise)",Command,Statement Opinion
"He's awfully short and I think he's talking to himself. And to be completely honest, he's not that good in bed. (neutral)",Statement Non Opinion,Statement Opinion
"Oh, what is wrong with me lately? (sadness)",Question,Question
I mean it's like every guy I see--I mean look here. (neutral),Statement Non Opinion,Statement Non Opinion
"Look at that guy for example, I mean normally that's not someone I would-would be attracted to, but right now, with the way I'm feeling, all I want to do is rip off his sweatpants and fanny pack. (neutral)",Statement Non Opinion,Statement Opinion
"Wait a second! This is about the fourth month of your pregnancy, right? (neutral)",Question,Question
Yeah. (neutral),Answer,Answer
"This is completely normal, around the fourth month your hormones start going crazy. (neutral)",Statement Non Opinion,Statement Non Opinion
Really?! So this has happened to you? (surprise),Question,Question
Oh absolutely yeah! (neutral),Answer,Agreement
"Oh and keep in mind, now, I was carrying triplets so in, y'know, medical terms I was-I was thrice as randy. (neutral)",Statement Non Opinion,Statement Non Opinion
"Wow! This explains so much! Last weekend, I went from store to store sitting on Santa's lap. (joy)",Statement Non Opinion,Statement Opinion
"Yeah. Yeah, I remember trying to steal a cardboard cutout of Evander Holyfield from a (neutral)",Agreement,Acknowledge
Ugh! (disgust),Backchannel,Statement Non Opinion
I don't know what I'm going to do! (fear),Statement Non Opinion,Statement Opinion
I called the company that sent and th-they don't care! (anger),Statement Non Opinion,Statement Opinion
"Then I called 9-1-1 and they laughed at me, if this isn't an emergency, then what is? (anger)",Question,Question
Hey guys! (joy),Greeting,Greeting
Hey! (joy),Greeting,Greeting
Hey (neutral),Greeting,Greeting
"I just wanted to thank you again for last night, what a great party! (joy)",Acknowledge,Statement Opinion
And the guys from work had a blast. (joy),Statement Non Opinion,Statement Non Opinion
"Y'know, one of them had never been to a bachelor party before. (joy)",Statement Non Opinion,Statement Non Opinion
Yeah! (joy),Agreement,Acknowledge
"And-and another one had never been to a party before, so (surprise)",Statement Non Opinion,Statement Non Opinion
"So uh, hey, that uh, that wedding ring, huh? Man, that's nice! (joy)",Question,Statement Opinion
"Yeah, right! (joy)",Answer,Agreement
"I was uh, I was thinking I might want to pick one of those babies up for myself, I might want to get one of those (neutral)",Statement Non Opinion,Statement Opinion
"That ring? When my grandmother first came to this country, that ring and the clothes on her back were all she had with her. (surprise)",Statement Non Opinion,Statement Non Opinion
"So you might say, the ring is irreplaceable? (surprise)",Question,Question
"Oh absolutely! It has been in my family for generations, and every bride who has worn it has had a long and happy life. (joy)",Answer,Statement Opinion
"So you might say, it's a magic ring. (joy)",Statement Opinion,Statement Opinion
OH MY GOD!! I didn't really believe it until you just said it!! (surprise),Others,Statement Opinion
Well obviously only one of us can keep dating her. (neutral),Statement Non Opinion,Statement Non Opinion
"Obviously! So, how do we decide? (neutral)",Question,Agreement
"Well now let's-let's look at this objectively, I think I should date her (neutral)",Answer,Statement Opinion
Uh-huh. Uh-huh. (neutral),Backchannel,Backchannel
"That's interesting, but check this out. I date her (joy)",Statement Non Opinion,Statement Opinion
Yeah-yeah I like that but just to go in another direction (neutral),Agreement,Statement Opinion
"Okay, okay. This can go on for a while. (neutral)",Acknowledge,Statement Non Opinion
Yeah well we should order some food then. (neutral),Statement Non Opinion,Statement Non Opinion
"No Joey! Look why don't, why don't we just let her decide? Okay? Hey-hey, we'll (neutral)",Disagreement,Command
That sounds fair. (neutral),Statement Non Opinion,Agreement
Maybe I'll take her to that new French restaurant down the street (neutral),Statement Opinion,Statement Non Opinion
Ah yeah--wait a second now! (anger),Command,Disagreement
Look we're gonna have to set a spending limit on the date. (neutral),Statement Non Opinion,Statement Non Opinion
I don't have the money to take her to a fancy place like that. (anger),Statement Non Opinion,Statement Opinion
"Well sorry, that's what I do on dates. (neutral)",Apology,Statement Non Opinion
"All right, well I guess I'll just have to do what I do on dates. (neutral)",Statement Non Opinion,Statement Non Opinion
So let's decide on the spending limit (neutral),Others,Command
"Yeah. Uh, ...a slice......six dollars? (neutral)",Question,Statement Non Opinion
I was thinking more like a hundred. (neutral),Answer,Statement Non Opinion
Okay. Can I borrow 94 dollars? (neutral),Question,Question
"Hi, again. (neutral)",Greeting,Greeting
Hey! (neutral),Greeting,Greeting
Hey! (neutral),Greeting,Greeting
"Thank you soo, much. (joy)",Acknowledge,Answer
"Oh, don't thank me, thank the jerk that never showed up. Okay, I gotta get to get to work. (anger)",Statement Opinion,Statement Opinion
You want some help with that? (neutral),Question,Question
"Oh, no thanks, I got it. No I don't! (neutral)",Answer,Answer
Whoa! Are you okay? (surprise),Question,Question
"Whew! Stood up to fast, got a little head rush. (surprise)",Others,Answer
It's the heat. And-and the humidity. (neutral),Others,Statement Non Opinion
"That's a uh, that's a tough combination. (neutral)",Statement Non Opinion,Statement Opinion
Do you wanna come in for some lemonade? (neutral),Question,Question
Like you wouldn't believe. Wow! This is a great place. (surprise),Answer,Answer
What do you mean? (neutral),Question,Question
Oh! (surprise),Backchannel,Acknowledge
"Hey, somebody left their keys. (neutral)",Statement Non Opinion,Statement Non Opinion
"Ooohh, to a Porsche! (surprise)",Others,Acknowledge
"Hey Gunther, these yours? (neutral)",Question,Question
"Yeah, that's what I drive. I make four bucks an hour, I saved up for 350 years! (disgust)",Answer,Statement Opinion
Na-uh! Hey did anybody lose their keys? (neutral),Question,Question
"Joey, why don't you put them in the lost and found? (neutral)",Question,Command
There's a lost and found? My shoe! (surprise),Answer,Acknowledge
You left a shoe here?! (surprise),Question,Question
"Well, I didn't realize until I got home. (neutral)",Answer,Statement Non Opinion
I wasn't gonna walk all the way back down here with one shoe! (neutral),Statement Non Opinion,Statement Non Opinion
I'm gonna go find that guy's car and leave a note on the windshield. (neutral),Statement Non Opinion,Statement Non Opinion
"Oh good, when he comes back for his keys, I'll be sure to give him your shoe. (neutral)",Statement Non Opinion,Statement Opinion
Great! Thanks. (joy),Acknowledge,Agreement
"Ok, and this is Funny Clown. Funny Clown is only for after his naps, not before his naps or he won't sleep. (neutral)",Statement Non Opinion,Statement Non Opinion
"Carol, we've been through this before, ok? (joy)",Question,Statement Opinion
We have a good time. (joy),Statement Non Opinion,Statement Opinion
"We laugh, we play. (joy)",Statement Non Opinion,Statement Opinion
It's like we're father and son. (joy),Statement Opinion,Statement Opinion
"Honey, relax. Ross is great with him. Don't look so surprised. I'm a lovely person. (joy)",Command,Statement Opinion
"Oh, this is so cute. (joy)",Statement Opinion,Statement Opinion
"Oh, I got that for him. (neutral)",Statement Non Opinion,Statement Non Opinion
My mommies love me. That's clever. (joy),Statement Non Opinion,Statement Opinion
Hello? (neutral),Greeting,Greeting
"Oh, Hi, Ju----Hi, Jew! (neutral)",Greeting,Greeting
Uh huh? (neutral),Backchannel,Backchannel
Uh huh? (neutral),Backchannel,Backchannel
"Ok. Um, sure, that'd be great. (neutral)",Statement Non Opinion,Agreement
See ya then. (neutral),Others,Acknowledge
Bye. (neutral),Greeting,Acknowledge
"Did you just say Hi, Jew? (surprise)",Question,Question
"Yes. Uh, yes, I did. That was my friend, Eddie Moskowitz. Yeah, he likes it. Reaffirms his faith. (neutral)",Answer,Answer
Now there you go! I wouldn't want my best guest to strain her eyes! (joy),Statement Non Opinion,Statement Opinion
Thanks Monica! (joy),Acknowledge,Acknowledge
Does that smell bother you? (disgust),Question,Question
"What the smell from Joey's? No, I can hardly smell it over here. (surprise)",Answer,Statement Non Opinion
"Well you let me know if you can, because y'know I can bake a pie to cover it. (neutral)",Statement Non Opinion,Statement Non Opinion
"I can smell it a little, bake the pie. (joy)",Statement Non Opinion,Command
Okay! (joy),Agreement,Acknowledge
Okay. (neutral),Agreement,Acknowledge
"Hello? Oh yes, one minute please. It's for you. It's the fire inspector. (neutral)",Others,Statement Non Opinion
Oh! Hello? Yeah this is Phoebe. Really?! (surprise),Question,Question
"Yeah, so it turns out that it wasn't the hair straightener that started the fire. (neutral)",Answer,Statement Non Opinion
"No-no, it was the candles. (neutral)",Disagreement,Statement Non Opinion
It's very not good leaving candles unattended. (neutral),Statement Non Opinion,Statement Opinion
"In fact, one of the first things they teach you in fire school is... Uhh... Uhh... Okay. (neutral)",Statement Non Opinion,Statement Non Opinion
"Well, I have to go now. (neutral)",Statement Non Opinion,Statement Non Opinion
Joey proposed to me. (surprise),Statement Non Opinion,Statement Non Opinion
Is he crazy?! You just had Ross's baby! (surprise),Question,Question
"Well, I-I said yes. (fear)",Answer,Statement Non Opinion
What?! (surprise),Question,Acknowledge
Are you crazy? (anger),Question,Question
You just had Ross's baby! (anger),Statement Non Opinion,Statement Non Opinion
It's-it's so inappropriate. (anger),Statement Non Opinion,Statement Opinion
"No, it's worse than that. (disgust)",Statement Opinion,Statement Opinion
It's wrong. (disgust),Agreement,Statement Opinion
It's... It is bigger than mine! (surprise),Statement Non Opinion,Statement Non Opinion
I know. (neutral),Agreement,Acknowledge
You can't marry him! (sadness),Statement Non Opinion,Command
Why not? I don't want to do this alone! And he's such a sweet guy and he loves me so much. (sadness),Question,Statement Opinion
Well do you love him? (neutral),Question,Question
Sure. (neutral),Answer,Answer
Sure? (neutral),Question,Question
"Yeah, I mean whatever. (neutral)",Answer,Answer
"Honey, the question is...do you really want to marry Joey? (sadness)",Question,Question
"No. No, I don't. Could you be a dear and go tell him? (sadness)",Answer,Answer
So-so you two were married huh? What happened? You just drift apart? (neutral),Question,Question
Here comes the bride. (joy),Statement Non Opinion,Statement Non Opinion
Oh my God Monica! (surprise),Others,Acknowledge
I wanna wear this everyday. (joy),Statement Non Opinion,Statement Opinion
You look so beautiful. (joy),Statement Opinion,Statement Opinion
I'm so happy for me. (joy),Statement Non Opinion,Statement Opinion
Hello? (neutral),Question,Greeting
Hey! Did Chandler show up yet? (fear),Question,Question
"Yeah, we got him back. Everything's fine. (neutral)",Answer,Answer
Damnit! (anger),Others,Acknowledge
"I will be! Listen, I don't want you teaching my son that stuff anymore. Okay? (anger)",Question,Command
Fine. (neutral),Answer,Acknowledge
"Fine, but I'll have you know that once I taught him that stuff he called me Fun Aunt Rachel. (anger)",Statement Non Opinion,Disagreement
And I loved being Fun Aunt Rachel but I'll go back to being Boring and Uncomfortable Aunt Rachel if that's what you want! (anger),Statement Non Opinion,Disagreement
"No that's not what I want. Uh, I'm glad you guys were bonding but I (neutral)",Disagreement,Statement Non Opinion
"Look he doesn't have any brothers or sisters, somebody's gonna have to teach him this stuff! (sadness)",Statement Non Opinion,Statement Opinion
And I haven't taught him anything that a normal 6-year-old doesn't know anyway! (neutral),Statement Non Opinion,Statement Opinion
Crap!! (anger),Others,Others
I gotta go! (neutral),Statement Non Opinion,Statement Non Opinion
Look at that! Look at that! They're going into the first class lounge! Do you know what they have in there? (surprise),Question,Statement Opinion
No. (neutral),Answer,Answer
Me neither! We have to get in! (surprise),Agreement,Statement Opinion
Just act like you belong. (neutral),Statement Non Opinion,Command
Oh my God! Oranges! (surprise),Others,Statement Opinion
Shh! Nice to see you again. (neutral),Acknowledge,Backchannel
"Uh sir, may I see your tickets please? (neutral)",Question,Question
"Yes, of course. (neutral)",Answer,Answer
"I'm sorry, would you move your thumb? I can't see the seat number. (neutral)",Apology,Apology
"Oh that's all right, I have it memorized. It's 1A. (neutral)",Agreement,Answer
Okay! (joy),Agreement,Acknowledge
Y'know what? (neutral),Question,Question
I realized it was stupid to get upset about not having a husband and kids. (joy),Statement Non Opinion,Statement Opinion
All I really needed was a plan. (neutral),Statement Non Opinion,Statement Non Opinion
See I wanna have three kids (neutral),Statement Non Opinion,Statement Opinion
"Oh let me guess, and you wanna have them all at the same time and you wanna have them for your brother. (joy)",Statement Opinion,Statement Opinion
As I was saying... I should probably have the first of the three kids by the time I'm 35 which gives me five years. (neutral),Statement Non Opinion,Statement Non Opinion
You spent a hundred dollars. That's the limit. You're screwed! (joy),Statement Non Opinion,Statement Opinion
"Uh actually, I sent the flowers before the actual date. So technically, (anger)",Statement Non Opinion,Statement Non Opinion
Oh-oh! So that's the way it's gonna be huh? Yeah I can break the rules too y'know! (anger),Question,Statement Opinion
Oh yeah? What are you gonna do? (anger),Question,Question
I don't know. (neutral),Answer,Statement Non Opinion
Why am I not surprised? (disgust),Question,Statement Opinion
Y'know what Ross? I'm not gonna let you get away with this! (anger),Question,Statement Opinion
I don't think you have much choice. (neutral),Answer,Statement Non Opinion
Well we'll see! (anger),Statement Non Opinion,Statement Opinion
Bye-bye! (neutral),Greeting,Acknowledge
Yeah bye-bye! Hey! So just a light layer? (neutral),Greeting,Acknowledge
Yes. Yes. Just here and there . (neutral),Others,Statement Non Opinion
Dad? (neutral),Question,Question
I'm here! (neutral),Answer,Answer
Hey! (surprise),Greeting,Greeting
"Hi. God, it seems like just yesterday you guys used to come out to watch me work. (joy)",Statement Non Opinion,Statement Opinion
"Dad, we-we can't believe you're selling the house. (sadness)",Statement Non Opinion,Statement Opinion
"Well, it's time for a new family to start their memories here and hopefully their check will clear before they find the crack in the foundation and the asbestos in the ceiling. (neutral)",Statement Non Opinion,Statement Non Opinion
Let's grab our stuff and get the hell out of here. (neutral),Others,Command
I'm sorry we can't store your childhood things anymore. (sadness),Apology,Apology
"Oh, that's okay, I can't wait to see everything again! All of the memories (joy)",Agreement,Statement Opinion
"Well, I don't know what's in the boxes down here, but I do know there are six or seven (neutral)",Statement Non Opinion,Statement Non Opinion
I used to (neutral),Others,Statement Non Opinion
"Yeah, not as much as you used to love to play uncooked batter eater. (neutral)",Agreement,Disagreement
"Hey, it is unreasonable to expect a child to wait for a (neutral)",Statement Opinion,Statement Opinion
"Ok, got the vent open. (neutral)",Others,Statement Non Opinion
"Hi, I'm Ben. I'm hospital worker Ben. It's Ben... to the rescue! (joy)",Greeting,Greeting
"Ben, you ready? (neutral)",Question,Question
"All right, gimme your foot. (neutral)",Answer,Command
"Ok, on three, Ben. (neutral)",Others,Command
"One, two, three. (neutral)",Statement Non Opinion,Command
"Ok, That's it, Ben. (neutral)",Others,Statement Non Opinion
What do you see? (neutral),Question,Question
"Well, Susan, I see what appears to be a dark vent. Wait. Yes, it is in fact a dark vent. (neutral)",Answer,Answer
"Phoebs, It's open! It's open! (surprise)",Statement Non Opinion,Statement Opinion
Wait! You forgot your legs! (surprise),Statement Non Opinion,Statement Non Opinion
"You have a very impressive resume, Ms. Green. I especially like what I see here about implementing a new filing system. (joy)",Statement Non Opinion,Statement Opinion
Thank you. (joy),Acknowledge,Acknowledge
Filing system? (neutral),Question,Question
Oh-oh! (surprise),Statement Non Opinion,Backchannel
You mean those-those little colored labels you put on all the folders? (neutral),Question,Question
It certainly did brighten up the inside of the filing cabinets. (joy),Answer,Statement Opinion
"Well, they uh, they-they do more than that. (neutral)",Answer,Statement Non Opinion
I notice that you've been trusted with a lot of rather important responsibilities. (neutral),Statement Non Opinion,Statement Non Opinion
"Yes, Joanna really has been an incredible mentor to me. (joy)",Agreement,Statement Opinion
Oh. And Rachel has been really incredible in getting my morning bagel for me. It's amazing how she gets it right almost (joy),Statement Non Opinion,Statement Opinion
"I-I-I of course, I have more responsibilities than that. (neutral)",Statement Non Opinion,Statement Non Opinion
"Oh yes, well there's the coffee too. Rachel can carry two things at once! (joy)",Agreement,Statement Opinion
"Yes, that's very good. Now a uh, big part of this job is cultivating personal relationships, especially with designers. (neutral)",Agreement,Statement Non Opinion
"Yes, I realize that (neutral)",Agreement,Acknowledge
"And Rachel shouldn't have any problem with that. The only problem might be getting a little too friendly, if you know what I mean. (neutral)",Statement Non Opinion,Statement Opinion
I love working with designers! (joy),Statement Non Opinion,Statement Opinion
"With them, under them, what's the difference? Eh, Rach? (neutral)",Question,Question
"Chandler, you have an assistant right? (neutral)",Question,Question
Did she call? You-you told her I was sick right? Always tell her I am sick! (fear),Answer,Command
"Chandler, listen to me sweetie, I know you can do this. Okay? You have a beautiful smile. (neutral)",Command,Statement Opinion
I do? (surprise),Question,Question
"Yeah! All right, maybe you don't have to smile. Let's try something else. Let's try umm, try looking sexy. (neutral)",Answer,Statement Non Opinion
Okay. (neutral),Agreement,Acknowledge
Or not. (neutral),Others,Statement Non Opinion
Where's Chandler? (neutral),Question,Question
Here I am. (neutral),Answer,Answer
Wash your hands!!! (disgust),Command,Command
How did you...know? (surprise),Question,Question
Hey! What's she doing back here? (surprise),Question,Question
"Relax, Ross. She's not made of ice cream! (neutral)",Answer,Statement Opinion
"Hey look, Phoebe. I, uh, I laid out the states geographically... (neutral)",Statement Non Opinion,Statement Non Opinion
What happened in Atlantic City?! (surprise),Question,Question
"Well, Chandler and I are in a bar (neutral)",Answer,Statement Non Opinion
"Did you not hear me say, ""Du-ude?!"" (anger)",Question,Question
"And this girl is making eyes at Chandler, okay? (neutral)",Statement Non Opinion,Statement Non Opinion
"So after awhile he-he goes over to her and uh, after a minute or two, I see them kissing. (neutral)",Statement Non Opinion,Statement Non Opinion
"Now, I know what you're thinking, Chandler's not the type of guy who just goes to bars and makes out with girls, and you're right, Chandler's not the type of guy who just goes to bars and makes out with...girls. (joy)",Statement Non Opinion,Statement Opinion
You kissed a guy?!! Oh my God. (surprise),Question,Statement Opinion
"In my defense, it was dark and he was a very pretty guy. (anger)",Answer,Statement Opinion
"Oh Mon, I laughed so hard (joy)",Statement Non Opinion,Statement Opinion
"Ho-ho, so hard we had to throw out your underwear again? (anger)",Statement Non Opinion,Question
"Whatever dude, you kissed a guy. (neutral)",Statement Non Opinion,Statement Non Opinion
"So umm, you're gonna stay with me as long as I need you? (neutral)",Question,Question
Of course I am! (joy),Answer,Agreement
"Oh mom, I swear I'm not an idiot. (neutral)",Statement Opinion,Statement Non Opinion
"I've read all kinds of books on pregnancy and giving birth, but I-I just didn't think to read the part about what to do when the baby comes. (neutral)",Statement Non Opinion,Statement Non Opinion
And-and then guess what? (neutral),Question,Question
The baby's coming and I don't know what to do. (sadness),Answer,Statement Non Opinion
"Oh, can I throw up in my diaper genie? (sadness)",Question,Question
"No. Sweetie, you're gonna be fine. (neutral)",Answer,Statement Opinion
Wait-wait where are you going? Where are you going? (fear),Question,Question
I'm going to the bathroom. (neutral),Answer,Statement Non Opinion
Okay. (neutral),Statement Non Opinion,Acknowledge
Now don't worry! Everything's gonna be okay. (neutral),Statement Opinion,Statement Opinion
It (neutral),Others,Others
Hey! (joy),Greeting,Greeting
Hey! Why are you all red and sweaty? (surprise),Question,Question
I just Bamboozled Chandler! Which is not uh sexual thing. That was a quick shower. (neutral),Answer,Statement Non Opinion
Not if you were here. (neutral),Statement Non Opinion,Statement Non Opinion
"Okay, the reason why I asked you guys out to brunch today is because I have been doing some thinking about who should be my maid of honor. (neutral)",Statement Non Opinion,Statement Non Opinion
Oh my God! This is it! I really hope it's you! (joy),Others,Statement Opinion
I hope it's you. (neutral),Others,Statement Opinion
Me too! (joy),Others,Agreement
"First of all um, I love you both so much and you're both so important to me (joy)",Statement Non Opinion,Statement Opinion
"Okay, bla-bla-bla-bla!! Who is it?! (joy)",Question,Question
"Well umm, I was thinking that maybe we could come up with a system where we trade off being maid of honor for each other. (neutral)",Statement Non Opinion,Statement Non Opinion
"Like hypothetically, if Phoebe were mine (neutral)",Statement Non Opinion,Statement Non Opinion
Yes!!! Oh!! (joy),Agreement,Acknowledge
Hypothetically! (anger),Others,Disagreement
Still. (neutral),Others,Backchannel
If Phoebe were my maid of honor (neutral),Statement Non Opinion,Statement Non Opinion
"Rachel would be Phoebe's, I would be Rachel's, that way we all get to do it once and no one would get upset. (neutral)",Statement Non Opinion,Statement Non Opinion
Yeah that's actually a pretty good idea. (neutral),Agreement,Agreement
"Yeah, I'll do that. So who gets to be yours? (neutral)",Question,Question
"Well that's the best part. Umm, (neutral)",Statement Non Opinion,Statement Non Opinion
Wh-why is that the best part? (surprise),Question,Question
Because then I don't have to! (joy),Answer,Statement Opinion
Well of (neutral),Others,Backchannel
I'm really not deciding! (joy),Statement Non Opinion,Statement Opinion
Fine! (anger),Agreement,Disagreement
"Aww, and good luck to you too! What a nice lady! (joy)",Others,Statement Opinion
It's not just the drum noise. (neutral),Statement Non Opinion,Statement Non Opinion
"Every five minutes, Joey throws his sticks in the air, and I have to hear, ""Oh my eye! (anger)",Statement Non Opinion,Statement Opinion
"Oh god, my eye!"" (anger)",Others,Statement Opinion
"I mean, it is so annoying. (anger)",Statement Non Opinion,Statement Opinion
"Yes, thank you. You see, this is how normal people are supposed to react to drums. (neutral)",Agreement,Agreement
"Phoebe, you got Joey drums to annoy Rachel, so she wouldn't wanna live there anymore? (surprise)",Question,Question
Maybe on some level. (neutral),Answer,Statement Non Opinion
Joey? Could you get that? What are you doing here? I thought you were in your room? (surprise),Question,Question
"No, I'm picking you up for our date. These are for you. (neutral)",Answer,Statement Non Opinion
"Ohh, Lilies. Joey, they're my favorite. Thank you. (joy)",Acknowledge,Statement Opinion
"And, a brownie! (joy)",Others,Statement Non Opinion
"Well, half a brownie. (neutral)",Others,Statement Non Opinion
"Actually, it's just bag. (neutral)",Statement Opinion,Statement Non Opinion
It's been a long walk from the flower shop and I was startin' to feel faint so (neutral),Statement Non Opinion,Statement Non Opinion
Oh man! (joy),Others,Acknowledge
This is so great! (joy),Statement Non Opinion,Statement Opinion
I actually feel like I'm going on a real date! (joy),Statement Non Opinion,Statement Opinion
"Although, I have a hint of morning sickness, and I'm wearing underwear that goes up to about......there. (neutral)",Statement Non Opinion,Statement Non Opinion
"Hey come on now, this is a real date. (neutral)",Statement Non Opinion,Statement Non Opinion
"Uh, so...nice place you got here. (neutral)",Statement Non Opinion,Statement Non Opinion
"Foosball, huh? (surprise)",Others,Question
Pizza box. (neutral),Others,Statement Non Opinion
"Oh, a subscription to (surprise)",Others,Acknowledge
"Yeah, actually that's my roommate's. (neutral)",Statement Non Opinion,Statement Non Opinion
I would like to meet him. He sounds like a stand up guy. (neutral),Statement Non Opinion,Statement Opinion
"Ah yes, but he's very protective of me so you'd better watch yourself. (neutral)",Statement Non Opinion,Statement Non Opinion
"Ah... Hey, so this roommate of yours...is he good looking? (joy)",Question,Question
Hm-mmm (neutral),Backchannel,Backchannel
"Oh yeah, it must be tough to keep your hands of him, huh? (neutral)",Question,Statement Non Opinion
"Yeah, but I'm pretty sure he's gay. (neutral)",Answer,Statement Non Opinion
"No-no-no-no, he's not! No! Why are you trying to ruin the game? Come on! (anger)",Disagreement,Disagreement
Can you believe what a jerk Ross was being? (anger),Question,Statement Opinion
"Yeah, I know. He can get really competitive. (neutral)",Answer,Agreement
"Ha. Ha, ha. (joy)",Others,Backchannel
What? (neutral),Question,Question
"Oh, hello, kettle? This is Monica. You're black. (neutral)",Greeting,Statement Non Opinion
Please! I am not as bad as Ross. (disgust),Statement Non Opinion,Disagreement
"Oh, I beg to differ. The (neutral)",Others,Statement Opinion
That was (neutral),Others,Acknowledge
Oooooh. : Oh! I got an interview! I got an interview! (joy),Statement Non Opinion,Statement Opinion
"Well, not playing raquetball! (surprise)",Statement Non Opinion,Statement Non Opinion
He forgot to leave his grip size! (surprise),Statement Non Opinion,Statement Non Opinion
He didn't get the goggles! (surprise),Statement Non Opinion,Statement Non Opinion
"Well,sounds like you two have issues. (neutral)",Statement Non Opinion,Statement Opinion
"Goodbye, baby. (neutral)",Greeting,Greeting
"Ciao, bela. (neutral)",Greeting,Greeting
Do they wait for me to do this? (neutral),Question,Question
So are you gonna tell him? (neutral),Question,Question
Why would I tell him? (neutral),Question,Question
"How about 'cause if you don't, his mother might. (neutral)",Answer,Statement Opinion
What are you guys doing here? (anger),Question,Question
Uhhhh.... he's not even wearing a jockstrap! (surprise),Statement Non Opinion,Statement Non Opinion
...What did I ask? (neutral),Question,Question
God. I feel violated. (disgust),Statement Non Opinion,Statement Opinion
"Did anybody else feel they just wanted to peel the skin off their body, to have something else to do? (disgust)",Question,Question
"Ross, ten o'clock. (neutral)",Statement Non Opinion,Command
Is it? Feels like two. (sadness),Question,Statement Non Opinion
"No, (neutral)",Answer,Disagreement
"There's a beautiful woman at eight, nine, ten o'clock! (joy)",Statement Non Opinion,Statement Opinion
Oh. Hel-lo! (joy),Greeting,Acknowledge
"She's amazing! She makes the women that I dream about look like short, fat, bald men! (joy)",Statement Opinion,Statement Opinion
"Well, go over to her! She's not with anyone. (joy)",Statement Non Opinion,Command
"Oh yeah, and what would my opening line be? 'Excuse me. Blarrglarrghh.' (fear)",Question,Question
"Oh, c'mon. She's a person, you can do it! (joy)",Others,Agreement
"Oh please, could she (neutral)",Others,Statement Non Opinion
He could never get a woman like that in a million years. (neutral),Statement Opinion,Statement Opinion
"Oh, oh, but y'know, you always see these really beautiful women with these really nothing guys, you could be one of those guys. (neutral)",Statement Non Opinion,Statement Opinion
You could do that! (joy),Statement Opinion,Agreement
You think? (surprise),Question,Question
"OK, that's enough of the view. Check this out, look at this. Sit down, sit down. (neutral)",Others,Command
OK. (neutral),Agreement,Acknowledge
"This is great! Helen, could you come in here for a moment? (joy)",Question,Question
"Thank you Helen, that'll be all. (neutral)",Acknowledge,Acknowledge
"Last time I do that, I promise. (neutral)",Statement Non Opinion,Apology
"I am so, so, so, so sorry! (sadness)",Apology,Apology
Uh-huh. (disgust),Backchannel,Backchannel
"And I will cook anything you want in here , and do anything in there! (fear)",Statement Non Opinion,Statement Non Opinion
"Yeah you will! And, are you kiddin' me?! (anger)",Question,Disagreement
"Come on Monica, it's our Valentine's Day. Please? Please-please, please? (sadness)",Command,Statement Opinion
Okay. (neutral),Agreement,Acknowledge
Okay. (neutral),Agreement,Acknowledge
"So, are we going in there? (neutral)",Question,Question
I am!! (joy),Answer,Statement Opinion
Wow! (surprise),Others,Acknowledge
It actually is in the handbook. (neutral),Statement Non Opinion,Statement Non Opinion
I can't date you or have a hot plate in my office. (neutral),Statement Non Opinion,Statement Non Opinion
I can't believe we have to stop seeing each other. (sadness),Statement Non Opinion,Statement Opinion
For what it's worth I did appreciate you standing up for me. It felt really nice. It kinda made me like you even more. (joy),Statement Non Opinion,Statement Opinion
"I know, I know I really like you too. But we-we can't date. It's against the rules. It's forbidden. (neutral)",Agreement,Statement Opinion
Wow! (surprise),Others,Acknowledge
What? (surprise),Question,Question
"Just hearing you describe it as forbidden, it's really hot. (joy)",Answer,Statement Opinion
Really? (surprise),Question,Question
Yeah. (neutral),Answer,Backchannel
"Well I-I-I don't care how hot it is it's-it's uh, it's wrong. (joy)",Statement Non Opinion,Statement Opinion
Stop it! (joy),Command,Command
No! No! It's wrong! It's-it's-it's naughty. It's taboo. (joy),Disagreement,Statement Opinion
Shut the book! (joy),Command,Command
Let's also get a hot plate! (joy),Command,Command
"Rach, you're in a great place in your life. Come on, you've got a great job! Good friends (joy)",Statement Opinion,Statement Opinion
Yeah! So-so when are you getting married? (joy),Question,Question
"Oh I'm not, I just like to try these on. (neutral)",Answer,Statement Non Opinion
I do the same thing. (neutral),Statement Non Opinion,Agreement
I'm just kidding. I'm getting married July 25 (joy),Statement Non Opinion,Statement Non Opinion
I'm just kidding too. I'm getting married in December. (joy),Statement Non Opinion,Statement Non Opinion
So when are you getting married? (neutral),Question,Question
Oh May 15 (neutral),Answer,Statement Non Opinion
Oooh it's getting close! (joy),Statement Non Opinion,Statement Opinion
"So uh, who's your photographer? (neutral)",Question,Question
Jeffrey (neutral),Answer,Statement Non Opinion
We met with him. Did he show you the photos of the nude wedding he did? (neutral),Question,Question
The best man? Wow! (surprise),Answer,Acknowledge
"I know! I almost called off my wedding. Oh, who's your band?! (joy)",Statement Non Opinion,Statement Opinion
"Oh, my fiancee wants the Swing Kings. (neutral)",Statement Non Opinion,Statement Non Opinion
"Oh, you're so lucky. My fiancee wants the heavy metal band Carcass. (sadness)",Statement Non Opinion,Statement Opinion
"Ooh, is that spelled with a 'C' or a 'K'? Oh my God! It doesn't matter; they're both great! (joy)",Statement Non Opinion,Statement Opinion
Oh y'know what? (neutral),Question,Backchannel
Now that you know what you want you should go to Kleinman's and get it half off. (neutral),Statement Non Opinion,Command
This place is so overpriced. (disgust),Statement Non Opinion,Statement Opinion
"So, does this come in another color or (neutral)",Statement Non Opinion,Question
"I am telling you, years from now, schoolchildren will study it as one of the greatest first dates of all time. (neutral)",Statement Non Opinion,Statement Opinion
It was unbelievable! (surprise),Statement Non Opinion,Statement Non Opinion
"We could totally be ourselves, we didn't have to play any games... (joy)",Statement Non Opinion,Statement Opinion
So have you called her yet? (neutral),Question,Question
Let her know I like her? (fear),Question,Question
"What are you, insane? (anger)",Question,Disagreement
It's the next day! (joy),Statement Non Opinion,Statement Non Opinion
How needy do I want to seem? (neutral),Question,Question
"I'm right, right? (neutral)",Question,Question
"Oh, yeah. Yeah. Let her dangle. (neutral)",Agreement,Agreement
I can't believe my parents are actually pressuring me to find one of you people. (surprise),Statement Non Opinion,Statement Non Opinion
"Oh, God, just do it! Call her! Stop being so testosteroney! (anger)",Others,Command
"Which, by the way, is the real San Francisco treat. I got her machine. (neutral)",Question,Statement Non Opinion
Her answer machine? (neutral),Question,Question
"No, interestingly enough her leaf blower picked up. (neutral)",Answer,Statement Non Opinion
"So, uh, why didn't you say anything? (neutral)",Question,Question
"Oh, no-no-no-no. Last time I left a spontaneous message I ended up using the phrase ""Yes indeedy-o."" (disgust)",Answer,Statement Non Opinion
"Look look! It's Rachel and Barry. No, don't everybody look at once! (surprise)",Command,Statement Non Opinion
"Okay, okay, what's going on? (neutral)",Question,Question
"Okay, they're just talking... (neutral)",Answer,Statement Non Opinion
"Yeah, well, does he look upset? Does he look like he was just told to shove anything? (neutral)",Question,Question
"So, um, what do you do for a living? (neutral)",Question,Question
"Well, um, for the past few years I've been working.....which is funny because, that wasn't even my major. (neutral)",Answer,Statement Non Opinion
Oh no. I thought you said they could shoot the spot without you. (neutral),Statement Non Opinion,Statement Non Opinion
I thought they could...I'll try to get back as soon as I can. I'm sorry. (sadness),Apology,Apology
Now that is funny. (neutral),Statement Opinion,Statement Opinion
"Hey, do you think...would it be too weird if I invited Carol over to join us? (neutral)",Question,Question
"Cause she's, she's alone now, and pregnant, and, and sad. (sadness)",Statement Non Opinion,Statement Non Opinion
I guess. (neutral),Statement Non Opinion,Agreement
Are you sure? Great. Carol? Wanna come over and join us? (neutral),Question,Question
"Oh, no no no. I'm fine. I'm fine. (neutral)",Answer,Statement Non Opinion
Come on. (neutral),Command,Command
These people'll scooch down. (neutral),Statement Non Opinion,Statement Non Opinion
"You guys'll scooch, won't you? (neutral)",Question,Question
Let's try scooching! (joy),Statement Non Opinion,Command
Come on. (neutral),Command,Command
Come on. (neutral),Command,Command
"Uh, Kristen Riggs, this is Carol Willick. (neutral)",Statement Non Opinion,Statement Non Opinion
"Carol, Kristin. (neutral)",Statement Non Opinion,Statement Non Opinion
"Uh, Carol teaches sixth grade. (neutral)",Statement Non Opinion,Statement Non Opinion
"And, Kristin, Kristin......does something that, funnily enough, wasn't even her major! (joy)",Statement Non Opinion,Statement Opinion
Okay. (neutral),Agreement,Acknowledge
When I was six years old. (neutral),Statement Non Opinion,Statement Non Opinion
Hm-mm (neutral),Backchannel,Backchannel
I wanted a big wheel. (neutral),Statement Non Opinion,Statement Non Opinion
And instead my parents got me this little plastic chicken that you hop around on. (anger),Statement Non Opinion,Statement Opinion
"It was embarrassing, kids made fun of me. (sadness)",Statement Non Opinion,Statement Opinion
That was a pretty tough year. (sadness),Statement Non Opinion,Statement Opinion
That's-that's great! (joy),Others,Agreement
See? (neutral),Others,Statement Non Opinion
I already feel like I know you a little better! (joy),Statement Non Opinion,Statement Opinion
Thank you. (joy),Statement Non Opinion,Acknowledge
"Okay, come on. (neutral)",Command,Command
Now we can go eat. (neutral),Statement Non Opinion,Statement Non Opinion
Let's go. (neutral),Command,Command
It was horrible. They called me chicken boy. (sadness),Statement Non Opinion,Statement Opinion
Oh! (surprise),Backchannel,Acknowledge
"Will you pick one, just pick one! Here, how about that one? (anger)",Question,Command
That's patio furniture! (surprise),Answer,Statement Non Opinion
"So what, like people are gonna come in and think, ""Uh-oh, I'm outside again?"" Of course! (neutral)",Statement Non Opinion,Statement Opinion
What about the birds? (neutral),Question,Question
"I don't know, birds just don't say, ""Hello, sit here, eat something."" (neutral)",Answer,Statement Opinion
You pick one. (neutral),Statement Non Opinion,Command
"All right, how about the ladybugs? (neutral)",Question,Statement Opinion
"Oh, so, forget about the birds, but big red insects suggest fine dining! (anger)",Statement Non Opinion,Statement Opinion
"Fine, you want to get the birds, get the birds! (anger)",Agreement,Statement Opinion
"Not like that, I won't! Kip would have liked the birds! (sadness)",Statement Non Opinion,Statement Opinion
Bijan for men? (neutral),Question,Question
Bijan for men? (neutral),Question,Question
"Bijan for... Hey, Annabelle, Uh, listen, I was wondering if maybe after work you and I could go maybe grab a cup of coffee. (neutral)",Answer,Statement Opinion
"Oh, actually I sorta have plans. (neutral)",Statement Non Opinion,Statement Non Opinion
"Ready, Annabelle? (neutral)",Question,Question
You bet. Maybe some other time? (neutral),Question,Statement Opinion
"Hey, it's not the first time I lost a girl to a cowboy spraying cologne. Bijan for men? Bijan for men?! (sadness)",Answer,Statement Opinion
That was amazing! (joy),Statement Non Opinion,Statement Opinion
Phoebe and Gary are (neutral),Statement Non Opinion,Statement Non Opinion
That was amazing. (joy),Statement Non Opinion,Statement Opinion
We are the hottest! Huh? (joy),Question,Statement Opinion
"No, you're the best. (neutral)",Answer,Statement Opinion
"No, you're the best. (neutral)",Answer,Statement Opinion
"No, you're the best. (neutral)",Answer,Statement Opinion
I (neutral),Others,Statement Non Opinion
Hey guys! What 'cha been doin'? (neutral),Question,Greeting
Hey Joey! Isn't that the girl that waved at you the other day? (neutral),Question,Question
So what are you gonna do? (neutral),Question,Question
"What can I do? One person wants to break-up, you break-up. (sadness)",Answer,Statement Non Opinion
"Hey, no way! Come on, this is you guys, call her and work it out. (sadness)",Command,Command
"Oh come on, we just had this huge fight, all right, don't I have to wait a while? (sadness)",Question,Statement Opinion
"Hey, this isn't like swimming after you eat, pick up the phone!! (anger)",Statement Non Opinion,Command
Y'know that whole swimming thing is a myth. (neutral),Statement Opinion,Statement Non Opinion
"Yeah, tell that to my Uncle Lenny. (neutral)",Agreement,Statement Opinion
Why? What happened to him? (neutral),Question,Question
"Nothing, he's just really believes in that. (neutral)",Answer,Statement Non Opinion
It looks like your uterus is ready for implantation. (neutral),Statement Non Opinion,Statement Non Opinion
Oh! I knew it! I knew it! I felt really thick this morning. (joy),Agreement,Statement Opinion
"Well, okay, so what's now--go get, go get the eggs, put 'em in there. (neutral)",Command,Command
"Okay, it'll take just a little while to prepare the embryos. (neutral)",Statement Non Opinion,Statement Non Opinion
"Embryossss? As in, ""More than one?"" (surprise)",Question,Question
"Um-hmm, five actually. (neutral)",Answer,Statement Non Opinion
"Five? Okay, where am I giving birth, a hospital or a big box under the stairs? (neutral)",Question,Question
We do five because that gives you a 25% chance that at least one will attach. (neutral),Answer,Statement Non Opinion
That's it! 25 percent? That means that's it's like 75 percent chance of no baby at all! (surprise),Statement Non Opinion,Statement Opinion
"Hey, y'know I was thinking, what are the odds like if-if, if you stuff like 200 of them in there? (neutral)",Question,Question
"Sweety, now, she's a woman, not a gumball machine. (neutral)",Statement Opinion,Statement Non Opinion
"Okay, well y'know what, don't worry you guys, 'cause I'm-I'm gonna do this as many times as it takes to get it right. (neutral)",Statement Non Opinion,Statement Opinion
"Well, you see, the-the thing is, we-we only got, we kinda have one shot to make it right. (neutral)",Statement Non Opinion,Statement Non Opinion
"Umm, it costs $16,000 each time you do this. (neutral)",Statement Non Opinion,Statement Non Opinion
"So, umm, we're kinda using all the money we have to do it just this one time. (neutral)",Statement Non Opinion,Statement Non Opinion
"Whoa!! That--okay, that's a (disgust)",Agreement,Statement Opinion
"No, I'm sorry. (neutral)",Apology,Apology
Wow! You guys really don't know anything! (surprise),Statement Non Opinion,Statement Opinion
I know! Why don't you get drunk! That worked for a lot of girls in my high school. (anger),Agreement,Statement Opinion
Hey! (neutral),Greeting,Greeting
Hey! (neutral),Greeting,Greeting
You guys got anything to eat? I just went down to Johnos for some chicken and it was closed! (surprise),Question,Question
"Oh, I took Larry there to eat but it was all violated. So we shut it down! (disgust)",Answer,Statement Non Opinion
"Pheebs, if this guy keeps closing down all of our favorite places, where are we gonna eat?! (anger)",Question,Question
"I don't know, clean places? (neutral)",Answer,Statement Non Opinion
"Mm, yum! (neutral)",Backchannel,Backchannel
It's Danny. (neutral),Statement Non Opinion,Statement Non Opinion
Don't let him in! I'm supposed to be at a regatta gala. (fear),Command,Command
We'll be right there! Can't you just say it starts later? (anger),Question,Question
What? What kind of a regatta gala starts at night?! (surprise),Question,Question
The fake kind! (anger),Answer,Statement Non Opinion
"Hey, hi, I need a ladle. You got a ladle? (neutral)",Question,Question
We have a ladle. (neutral),Answer,Statement Non Opinion
"Thanks, see you at the party. (neutral)",Acknowledge,Acknowledge
"Okay, great! (joy)",Acknowledge,Acknowledge
"Hey, guys, you know what Larry would say? He would say, ""See you ladle."" (neutral)",Greeting,Statement Non Opinion
You're so efficient. I love you! (joy),Statement Non Opinion,Statement Opinion
Let's go! (joy),Command,Command
No-no-no! We need something old! (sadness),Disagreement,Disagreement
"Ohh, great, I have condom in my wallet I've had since I was twelve. (neutral)",Statement Non Opinion,Statement Non Opinion
That'll work! (joy),Statement Non Opinion,Agreement
I don't think so. (neutral),Disagreement,Disagreement
"Okay, now we just need something borrowed! (joy)",Statement Non Opinion,Statement Non Opinion
Here just...take this. (neutral),Statement Non Opinion,Command
That's stealing! (sadness),Statement Opinion,Statement Opinion
"No, we'll-we'll bring it back! Just put it under your dress. (neutral)",Disagreement,Statement Non Opinion
Ohh. (joy),Backchannel,Backchannel
"Okay, one thing at a time. (neutral)",Statement Non Opinion,Command
Remember how you said you were really dense about poetry? Oh. (neutral),Question,Statement Non Opinion
"If you wanna give Joey a Christmas present that disrupts the entire building, why not get him something a little bit more subtle, like a wrecking ball, or a phial of small pox to release in the hallway? (neutral)",Statement Non Opinion,Statement Opinion
Sorry about that. So. What have you been up to? (neutral),Question,Question
"Oh, not much. I-I got a job. (joy)",Answer,Statement Non Opinion
"Oh, that's great. (joy)",Acknowledge,Agreement
Why are- why are you so tanned? (surprise),Question,Question
"Oh, I, uh- I went to Aruba. (neutral)",Answer,Statement Non Opinion
Noooo! I'm lying. I am so drunk. (joy),Statement Non Opinion,Statement Non Opinion
"Oh God, oh. (anger)",Others,Acknowledge
"Great, Monica, y'know what, you could've called, I have been up here, I've been worried... (sadness)",Statement Non Opinion,Statement Opinion
Monica? Monica! (anger),Question,Greeting
Water rules! (joy),Others,Statement Opinion
"Yes, yes, it does. Okay, look, the restaurant called, they wanna know if you're gonna be showing up for work? (neutral)",Question,Agreement
Nope. Going to the (neutral),Answer,Statement Non Opinion
"Okay Monica, what are you doing? You're gonna lose your job! This is not you! (anger)",Question,Statement Opinion
"No, it is me! (joy)",Answer,Disagreement
"Y'know, I'm not just the person who needs to fluff the pillows and pay the bills as soon as they come in! (anger)",Statement Non Opinion,Statement Opinion
"Y'know, when I'm with her, I am so much more than that. (joy)",Statement Non Opinion,Statement Opinion
I'm- I'm Monana! (joy),Greeting,Statement Non Opinion
"Hello? Yes, she is, hold on a second, please. Monana, it's for you, the credit card people. (neutral)",Greeting,Greeting
Helloooo? Yeah. Oh my God. Thanks. (joy),Greeting,Acknowledge
What? (neutral),Question,Question
They've arrested Monica. (sadness),Answer,Statement Non Opinion
Note the painterly lines and subtle impasto on this canvas. Monet painted quickly and usually outdoors as his elusive subject was light itself. (neutral),Statement Non Opinion,Statement Non Opinion
"Now, do you have any idea what you just said? (neutral)",Question,Question
"No, no, my mouth says the words, my brain is thinking monster trucks! (neutral)",Answer,Statement Non Opinion
"Ok now, remember, when you get to the museum, Monet is not spelt M-O-N-A-Y. (neutral)",Statement Non Opinion,Command
I just... (neutral),Others,Others
I wrote that out phonetically for you. (neutral),Statement Non Opinion,Statement Non Opinion
Phonetically? (neutral),Question,Question
"Yeah, yeah that means... you know? We just... we don't have time for this. (neutral)",Answer,Statement Opinion
"Ok, but you know what? I gotta say, I'm really impressed that you were able to memorize all this so quickly! (surprise)",Statement Opinion,Statement Opinion
"Ah! I'm an actor! I can memorize anything! Last week on ""Days"" I had to say ""Frontal temporal zygomatic craniotomy"". (joy)",Statement Non Opinion,Statement Opinion
Wow. What does (surprise),Acknowledge,Others
No idea! (surprise),Others,Statement Non Opinion
"But the guy I said it to dies in the next scene so I guess it means ""you're gonna get eaten by a bear"". (neutral)",Statement Non Opinion,Statement Non Opinion
Ok! So let's move on to the Renaissance? (neutral),Command,Command
"Ok, Caravaggio uses chiaroscuro here to highlight the anguish of the central figure. Touch it, it's really bumpy! . (neutral)",Agreement,Statement Non Opinion
"Nah ah! Nah ah! No no no! No ad-libbing and dude, you can't (anger)",Disagreement,Disagreement
Come on! you... (neutral),Command,Others
No! (anger),Disagreement,Disagreement
Oh. Oh-oh. (neutral),Backchannel,Acknowledge
Hey! What happened to you? Why didn't you come up? (surprise),Question,Question
Done! (joy),Answer,Statement Non Opinion
You just finished? (surprise),Question,Question
"Well, I wanted to be thorough. (neutral)",Answer,Statement Non Opinion
"I mean this-this is clearly very, very important to you, to us! (joy)",Statement Non Opinion,Statement Opinion
"And so I wanted to read every word carefully, twice! (joy)",Statement Non Opinion,Statement Opinion
"So umm, does it? (neutral)",Question,Question
I'm sorry. (sadness),Apology,Apology
Does it? (fear),Question,Question
"Does it? Does it? Yeah, I wanted to give that whole 'Does it?' part just another glance. (neutral)",Answer,Statement Non Opinion
"What are you talking about, Ross, you just said that you read it twice! (anger)",Question,Question
"Look, y'know what, either it does or it doesn't, and if you have to even (anger)",Answer,Statement Opinion
"No, Rach, no. I don't, I don't, I don't (neutral)",Answer,Disagreement
Are you sure? (joy),Question,Question
"Oh, sure! I'm sure. (joy)",Answer,Agreement
You got married again. (neutral),Question,Statement Non Opinion
Yes. (neutral),Answer,Answer
So that's your second marriage in two years. (neutral),Question,Statement Non Opinion
"Yes, second in two years. Third overall. (neutral)",Answer,Answer
"Ross, I have been a divorce attorney for 23 years and never had I so much business from one client. (neutral)",Statement Non Opinion,Statement Opinion
Why don't you tell me what happened. (neutral),Question,Command
"Basically, Rachel and I were in Vegas and we got drunk (neutral)",Answer,Statement Non Opinion
"I'm sorry, is this the same Rachel who's name you said at the altar in the second marriage? (surprise)",Apology,Question
"Yes-yes-yes! But, I-I do (neutral)",Agreement,Answer
"Oh, that's better then. (neutral)",Statement Opinion,Statement Opinion
This was just a drunken mistake and I need to get it annulled. (neutral),Statement Non Opinion,Statement Non Opinion
I see. Have you considered therapy? (neutral),Question,Question
I think just the (neutral),Answer,Statement Non Opinion
There are a couple of forms to fill out. (neutral),Statement Non Opinion,Statement Non Opinion
Easy. (neutral),Others,Acknowledge
"And we'll need to have witnesses who can testify that you were not of uh, sound mind. (neutral)",Statement Non Opinion,Statement Non Opinion
No problem. (neutral),Others,Agreement
And we'll need you and Rachel to testify before a judge. (neutral),Statement Non Opinion,Statement Non Opinion
Ooh! (surprise),Backchannel,Acknowledge
There's no way to do this without her? (surprise),Statement Non Opinion,Question
"Cause I kinda all ready told her uh, it was, it was already taken care of. (fear)",Statement Non Opinion,Statement Non Opinion
"So, Phoebs owes $7.50, Monica, you owe $10, and Rachel, you owe fifteen big ones. (neutral)",Statement Non Opinion,Statement Non Opinion
"But hey, thanks for teachin' us Cross-Eyed Mary. You guys, we gotta play that at our regular game. (neutral)",Statement Non Opinion,Agreement
"Alright, here's my $7.50. But I think you should know that this money is cursed. (neutral)",Agreement,Statement Opinion
What? (surprise),Question,Question
"Oh, I cursed it. So now bad things will happen to he who spends it. (neutral)",Answer,Statement Non Opinion
"That's alright, I'll take it. (neutral)",Agreement,Agreement
Bad things happen to me anyway. (neutral),Statement Non Opinion,Statement Non Opinion
This way I can break 'em up with a movie. (neutral),Statement Non Opinion,Statement Non Opinion
"Well, that just leaves the big Green poker machine, who owes fifteen... (neutral)",Statement Non Opinion,Statement Non Opinion
You wanna do it right now? (neutral),Question,Question
Great! (joy),Agreement,Agreement
"Ok, I just wanna be really sure this time. Andie McDowell's the girl from (neutral)",Statement Non Opinion,Statement Non Opinion
No. No no no no no. That's Rodney McDowell. Andie McDowell is the guy from (neutral),Disagreement,Disagreement
"Oh, yeah. Ok, thank you. (neutral)",Acknowledge,Acknowledge
You're welcome. (neutral),Acknowledge,Acknowledge
is for me not to see you anymore. (sadness),Others,Statement Opinion
That's crazy! (surprise),Others,Disagreement
You can't do that! (surprise),Statement Non Opinion,Disagreement
What are you going to tell her? (sadness),Question,Question
Oh God. (fear),Others,Acknowledge
"Ohh, you already agreed to this, haven't you? (sadness)",Question,Question
"It's awful I know, I mean, I feel terrible but I have to do this if I want my marriage to work. (sadness)",Statement Non Opinion,Statement Opinion
"And I do, I have to make (sadness)",Statement Non Opinion,Statement Opinion
Ohh! Lucky me! Oh my God! That (surprise),Others,Statement Opinion
You have no idea what a nightmare this has been. This is so hard. (sadness),Statement Non Opinion,Statement Opinion
"Oh yeah, really? Is it Ross? Yeah? Okay, well let me make this a just a little bit easier for you. (anger)",Question,Disagreement
What are you doing? (surprise),Question,Question
Storming out! (anger),Answer,Statement Non Opinion
"Rachel, this is your apartment. (neutral)",Question,Statement Non Opinion
"Yeah, well that's how mad I am!! (anger)",Answer,Statement Opinion
These little women. Wow! (surprise),Statement Non Opinion,Statement Opinion
"Your liking it, huh? (neutral)",Question,Question
Oh yeah! Amy just burned Jo's manuscript. I don't see how he could ever forgive her. (joy),Answer,Statement Opinion
"Umm, Jo's a girl, it's short for Josephine. (neutral)",Statement Non Opinion,Statement Non Opinion
Chandler. (neutral),Greeting,Greeting
Hi. (neutral),Greeting,Greeting
Hi. (neutral),Greeting,Greeting
Joey. (neutral),Greeting,Greeting
Hey-hey! (joy),Greeting,Greeting
Hey. (neutral),Greeting,Greeting
This is Monica. (neutral),Greeting,Statement Non Opinion
Whoa! (surprise),Greeting,Acknowledge
And this is Rachel. (neutral),Greeting,Statement Non Opinion
Hi! (joy),Greeting,Greeting
Whoa!! (surprise),Others,Acknowledge
I'm gonna get coffee. (neutral),Statement Non Opinion,Statement Non Opinion
"Hey, how do you guys get anything done? (joy)",Question,Question
"We don't, really. (neutral)",Answer,Answer
"Well, so, now, do you guys have a lot of big plans? (neutral)",Question,Question
"Oh yeah! Yeah, no, we're gonna connect, y'know bond, and everything. (joy)",Answer,Statement Opinion
"Yeah, I was thinking that maybe we could go down to Time Square and pick up some ninja stars. (neutral)",Statement Non Opinion,Statement Opinion
"And, oh, um, my friend Larry, he wants me to take a picture of a hooker. (neutral)",Statement Non Opinion,Statement Non Opinion
"You know, we don't really take advantage of living in the city. (neutral)",Statement Non Opinion,Statement Opinion
"Okay, Chandler! (neutral)",Agreement,Acknowledge
Okay. (neutral),Backchannel,Acknowledge
"And your horoscope says, ""On the fifth a special someone is going to give you a gift."" (joy)",Statement Non Opinion,Statement Non Opinion
"Oh, well thank you in advance. (joy)",Statement Non Opinion,Agreement
"Op, but the twelfth brings a lover's spat. (surprise)",Statement Non Opinion,Statement Non Opinion
"Oh, wait and on the nineteenth a secret crush announces itself. (surprise)",Statement Non Opinion,Statement Non Opinion
Hey guys! (neutral),Greeting,Greeting
Hey!! (joy),Greeting,Greeting
Oh my God! It's Joey Tribbiani of Mac and C.H.E.E.S.E.!!!!!!! (surprise),Others,Statement Opinion
Oh that's right. It's your first day! So are you psyched to fight fake crime with your robot sidekick? (joy),Agreement,Question
Am I psyched? The lead in my own TV series? I've dreamed about this for years! Why have I not been preparing?! (joy),Question,Statement Opinion
"No! Joey, you're going to be great! (neutral)",Answer,Agreement
"But I got to act with a robot Pheebs, and-and I don't know anything about technology! (fear)",Statement Non Opinion,Statement Opinion
I can't even use Chandler's computer except to find porn! (anger),Statement Non Opinion,Statement Opinion
And-and that's only 'cause it's right there when you turn it on! (anger),Acknowledge,Statement Opinion
I think our lover's spat will start a little early this month. (anger),Statement Non Opinion,Statement Opinion
I'll be waiting. (neutral),Statement Non Opinion,Statement Non Opinion
"Now, this is last minute so I want to apologize for the mess. Okay? (joy)",Apology,Apology
Oh my God! It sure didn't look this way when I lived here. (surprise),Statement Non Opinion,Statement Opinion
I know! (surprise),Agreement,Acknowledge
"Now look, there's only one problem though. (joy)",Statement Non Opinion,Statement Non Opinion
"There's only room for one, so I guess one of you will have to stay at Joey's. (neutral)",Statement Non Opinion,Statement Non Opinion
"Well, since the fire was kinda my fault I guess you should get to stay here. (sadness)",Statement Non Opinion,Statement Opinion
"Hey! Hey-hey, now this was no one's fault Pheebs. Okay? It was an accident. (neutral)",Statement Non Opinion,Statement Opinion
"Well no, it was my fault so you should get the nice room. (neutral)",Disagreement,Statement Opinion
Okay! (joy),Agreement,Agreement
So Rach! (joy),Others,Greeting
You're the first guest at Hotel Monica! (joy),Statement Non Opinion,Statement Non Opinion
"Umm, you'll just have to tell me how you like your eggs in the morning. (neutral)",Statement Non Opinion,Statement Non Opinion
"And I thought I would bring them to you, y'know, in bed. (neutral)",Statement Non Opinion,Statement Non Opinion
"Oh, you have been through so much. (sadness)",Statement Non Opinion,Statement Opinion
I have. (sadness),Statement Non Opinion,Acknowledge
This is just Bactine. It won't hurt. (neutral),Statement Opinion,Statement Non Opinion
"Sorry, that was wax. (neutral)",Apology,Apology
"Oh, poor little Tooty is scared to death. We should find his owner. (sadness)",Statement Non Opinion,Statement Opinion
Why don't we just put 'poor little Tooty' out in the hall? (disgust),Question,Question
During a blackout? He'd get trampled! (sadness),Answer,Statement Opinion
Yeah? (neutral),Answer,Backchannel
"Ben, I want you to know that there may be some times when I may not be around, like this. (sadness)",Statement Non Opinion,Statement Non Opinion
"But I'll still always come back, like this. (neutral)",Statement Non Opinion,Statement Non Opinion
"And sometimes I may be away longer, like this. (neutral)",Statement Non Opinion,Statement Non Opinion
"But I'll still always come back, like this. (neutral)",Statement Opinion,Statement Non Opinion
"And sometimes, I'll want you to steal third, and I'll go like this. (neutral)",Statement Non Opinion,Statement Non Opinion
He is so amazing. (joy),Statement Opinion,Statement Opinion
"Oh, I know. Look at him. (joy)",Command,Acknowledge
"Ben, Ben, hey Ben. Nothing. I don't think that's his name. (neutral)",Disagreement,Statement Non Opinion
"Oh, look, look, he's closing his eyes. Look, he's opening his eyes. (joy)",Statement Non Opinion,Statement Non Opinion
"He doesn't do much, does he? (neutral)",Question,Question
"No, this is pretty much it. (neutral)",Answer,Answer
You guys wanna get some coffee? (neutral),Question,Question
Yeah. (neutral),Answer,Agreement
"All right, I'll see you guys later. (neutral)",Statement Non Opinion,Statement Non Opinion
"Oh, look, he's closing his eyes again. (neutral)",Statement Non Opinion,Statement Non Opinion
"Come on, they're gonna love you. (joy)",Statement Opinion,Agreement
"Well, thank you for lunch. (neutral)",Acknowledge,Acknowledge
"What? Wait a minute, I didn't pay, I thought you paid! (neutral)",Others,Question
So apparently we just don't pay for food anymore. Do you see what I see? (neutral),Question,Statement Non Opinion
How did it go? (neutral),Question,Question
Had the money in the wrong hand. (neutral),Question,Statement Non Opinion
"All right, I'm gonna go steam my wedding dress okay? Who wants the responsibility of making sure nothing happens to it? (neutral)",Question,Statement Non Opinion
I'll do it. (neutral),Answer,Agreement
Who wants it? Anybody? (neutral),Question,Question
I said I'll do it! (anger),Answer,Statement Non Opinion
"Nobody wants to do it? All right, I'll do it myself. (disgust)",Disagreement,Statement Opinion
Monica! I'm not gonna screw it up! (anger),Statement Non Opinion,Statement Non Opinion
"You're right, I'm sorry. (sadness)",Apology,Apology
Actually you were a big help tonight. (joy),Statement Non Opinion,Statement Opinion
"Yeah, and thanks for putting my grandmother in the cab and making sure she got to the hotel safely. (neutral)",Agreement,Acknowledge
Well of course that is what I'm here for! (joy),Statement Non Opinion,Statement Opinion
Okay. Sorry. (neutral),Apology,Apology
Ugh! What grandmother? (surprise),Question,Question
"Hi. Tag, I have a conference call today is that correct? (neutral)",Question,Greeting
"Yes, at 4:00. (neutral)",Answer,Answer
"Okay, thank you. (neutral)",Acknowledge,Acknowledge
That'll be all. (neutral),Statement Non Opinion,Statement Non Opinion
Wait! (surprise),Command,Command
Wait! (surprise),Command,Command
Did you see that? (surprise),Question,Question
That mail guy had no idea there was something going on between us. (surprise),Answer,Statement Opinion
"Hey Monica, it's Chip. (neutral)",Question,Greeting
Yes. (joy),Answer,Answer
Who's Chip? (neutral),Question,Question
Shhh! (neutral),Backchannel,Command
"Good runnin' into you at the bank today, so ah, here's my number, 555-9323. Give me a call. Later. (neutral)",Others,Statement Non Opinion
"Chip, is Chip Matthews. (neutral)",Answer,Statement Non Opinion
The guy who took Rachel to the prom? Why is he calling you? (surprise),Question,Question
"Cause I ran into him at the bank, he is still soo cute. (joy)",Answer,Statement Opinion
"Monica, you're so lucky! He's like the most popular guy in school!! (joy)",Statement Opinion,Statement Opinion
"I know!! Chip? Hi! It's Monica. 'Kay. 'Kay. Okay. Okay, good-bye. Oh my God, we just had (joy)",Agreement,Acknowledge
I was just leaving. (neutral),Statement Non Opinion,Statement Non Opinion
"Good! 'Cause I've got a product report to read, it's like eight pages, I hope I don't fall asleep. (neutral)",Statement Non Opinion,Statement Non Opinion
Why? Did you write it? (neutral),Question,Question
"Wow! Look at that, Chip Matthews called. I wonder what he wants? (surprise)",Question,Statement Opinion
"Well ah, actually... (neutral)",Others,Backchannel
Here's your tea Phoebe. (neutral),Statement Non Opinion,Statement Non Opinion
"It's so good. Oh, thanks. (joy)",Acknowledge,Statement Opinion
Good. (joy),Others,Acknowledge
I'm so glad you liked it. (joy),Statement Non Opinion,Statement Opinion
Oh! (surprise),Backchannel,Backchannel
What?! (surprise),Question,Question
What?! She made the tea! (surprise),Question,Statement Non Opinion
"Oh! No, I-I think I just had a contraction. (surprise)",Statement Non Opinion,Statement Non Opinion
You what? (surprise),Question,Question
Oh my God! (surprise),Others,Acknowledge
I like her. She sees smart. (joy),Statement Opinion,Statement Opinion
"You've seen my huge stack of porn, right? (neutral)",Question,Question
"I've no idea, could be. Listen, I'm sorry I had to work tonight. (sadness)",Disagreement,Apology
"Oh it's OK. You were worth the wait, and I don't just mean tonight. (neutral)",Agreement,Acknowledge
I have actually (neutral),Others,Statement Non Opinion
"Yeah, well your friends are in violation of it. (neutral)",Others,Statement Opinion
"I've been a nice guy up until now, but uh, I don't need this grief. (anger)",Statement Non Opinion,Statement Opinion
I'm gonna call the landlord and tell him that Monica is illegally subletting here grandmother's apartment. (anger),Statement Non Opinion,Statement Opinion
Your friends are outta here pal. (anger),Statement Non Opinion,Statement Opinion
Why don't you tell me something I don't know! (anger),Question,Disagreement
All right! I found one that fits! (joy),Statement Non Opinion,Agreement
"Well y'know what they say, the 23 (neutral)",Others,Statement Non Opinion
Whose is it? (neutral),Question,Question
Oh does it matter?! All that matters is that you look so handsome. (sadness),Answer,Statement Opinion
Oh damnit! (disgust),Others,Statement Non Opinion
No! Don't say that! Don't say that! (fear),Command,Command
Damn it! (joy),Others,Statement Non Opinion
No don't! Go back to repeating! (fear),Command,Command
Damn it! (joy),Others,Statement Non Opinion
Oh crap! (anger),Others,Statement Non Opinion
Oh crap! (joy),Others,Statement Non Opinion
"Hey Rach! Hey, you mind if I read my comic books in here? (neutral)",Greeting,Greeting
Sure! Why? (surprise),Question,Answer
"Oh well, Chandler and Monica are over there and it's kinda hard to concentrate. (neutral)",Answer,Statement Non Opinion
What?! (surprise),Question,Question
She just called and said that she was gonna be working late! (anger),Answer,Statement Opinion
She keeps lying to me! (anger),Statement Non Opinion,Statement Opinion
That's it! (anger),Statement Non Opinion,Statement Opinion
I'm just gonna go over there and confront them right now! (anger),Statement Non Opinion,Statement Opinion
"So Chandler, I-I'd love to come by tonight. (joy)",Statement Non Opinion,Statement Opinion
Really? (surprise),Question,Question
"Oh absolutely. Shall we say, around seven? (joy)",Question,Statement Opinion
Yes. (neutral),Answer,Agreement
Good. I'm really looking forward to you and me having sexual intercourse. (joy),Statement Non Opinion,Statement Opinion
"Hey-hey, check it out! Check it out! Ugly Naked Guy has a naked friend! (surprise)",Statement Non Opinion,Statement Non Opinion
Oh yeah! Oh my God! That is (surprise),Agreement,Statement Non Opinion
"Yeah, it is! Naked Ross!! (surprise)",Agreement,Statement Non Opinion
"Y'know, hey! You're the one who ended it, remember? (anger)",Statement Non Opinion,Statement Opinion
"Yeah, because I was (neutral)",Agreement,Statement Non Opinion
You still love me? (anger),Question,Question
Noo. (disgust),Answer,Disagreement
"What does this mean? What do you, I mean do you wanna, get back together? (neutral)",Question,Question
"Noo! Maybe! I, I don't know. (sadness)",Answer,Statement Opinion
What?! (surprise),Question,Acknowledge
"I just, I feel, I-I just... (sadness)",Answer,Statement Opinion
I won! I won! I finally won! (surprise),Statement Non Opinion,Statement Opinion
I won! That was my quarter! (anger),Statement Non Opinion,Statement Opinion
Fine! Here! Take a hike toots! (anger),Statement Non Opinion,Command
"Excuse me, sir! This lady played my quarter, this is my money. (anger)",Statement Non Opinion,Statement Opinion
Is that true miss? (neutral),Question,Question
Sells drugs to kids. (disgust),Answer,Statement Opinion
What?! (surprise),Question,Question
She sells drugs to kids. (disgust),Answer,Statement Opinion
It was my quarter! (anger),Statement Non Opinion,Statement Opinion
Was it her quarter? (neutral),Question,Question
How about we talk about this over dinner? (neutral),Question,Question
"Okay lady, you're out of here. (disgust)",Statement Non Opinion,Command
"No! No, you can't arrest me! No!! I won't go back! I won't go back to that hell hole!! (anger)",Disagreement,Statement Opinion
I'm just taking you outside! (anger),Statement Non Opinion,Statement Opinion
"Oh, okay. (neutral)",Agreement,Acknowledge
Hey! (neutral),Greeting,Greeting
Hey! (neutral),Greeting,Greeting
"Listen, I know you wanted to talk to me, but I have an idea that may make you want to stay married. We register, and (neutral)",Statement Non Opinion,Statement Non Opinion
No! (anger),Disagreement,Disagreement
"Ross, come on! (anger)",Command,Command
No! (anger),Disagreement,Disagreement
"Listen, look I thought a lot about how to tell you this and the bottom line, Ross, is we can not stay married. (sadness)",Command,Statement Opinion
I don't know if it's true. (neutral),Disagreement,Statement Non Opinion
Oh b-b-but it is! (anger),Others,Disagreement
"Oh, okay, y'know what this is? (neutral)",Question,Question
"Oh Ross, come on! This is not, this is not a marriage!! This is the world's worst hangover! Ross, listen, if (anger)",Statement Non Opinion,Disagreement
"All right. All right, I'll do it. (sadness)",Agreement,Agreement
"Thank you. Hey-hey umm, uh, is there, is there any such thing as an annulment shower? (neutral)",Acknowledge,Question
Hey! What are you guys doing? (neutral),Question,Greeting
Making holiday candy for the neighbors. (neutral),Statement Non Opinion,Statement Non Opinion
Yes! (joy),Answer,Agreement
So I really never get to win anymore? (sadness),Question,Question
How much did ever really win before? (neutral),Question,Question
"He is so cute. So, where did you guys grow up? (neutral)",Question,Question
Brooklyn Heights. (neutral),Answer,Answer
Cleveland. (neutral),Answer,Answer
"How, how did that happen? (surprise)",Question,Question
Oh my god. (surprise),Others,Statement Non Opinion
What? (surprise),Question,Question
I suddenly had the feeling that I was falling. But I'm not. (neutral),Statement Non Opinion,Statement Non Opinion
"Ok, I'm makin' a break for it, I'm goin' out the window. (neutral)",Statement Non Opinion,Statement Non Opinion
"No, no, no, don't! I've been waitin' for like, forever to go out with Lorraine. Just calm down. (anger)",Disagreement,Command
Calm down? Calm down? You set me up with the woman that I've dumped twice in the last five months! (anger),Command,Disagreement
"Can you stop yellin'? You're makin' me nervous, and I can't go when I'm nervous. (anger)",Question,Command
"I'm sorry, I'm sorry, you're right. Come on, do it, do it, go, come on!!! (anger)",Apology,Apology
"Hey you guys, guess what? (neutral)",Question,Greeting
The British are coming? (neutral),Question,Question
"Ohh, you and your ways. Since it's Christmastime. I'm going to be one of those people collection donations. (joy)",Statement Non Opinion,Statement Opinion
"Yeah, I already have my bell and later on...I get my bucket. (joy)",Statement Non Opinion,Statement Non Opinion
Ohh. (neutral),Backchannel,Backchannel
"Yeah, yeah, I'm going to be out there spreading joy to the people. (joy)",Statement Non Opinion,Statement Opinion
"I mean, last year, I spread a little joy but not really enough. (joy)",Statement Non Opinion,Statement Opinion
"So this year, I'm going to do the whole city. (joy)",Statement Non Opinion,Statement Opinion
"You know, I knew a girl in high school who did that. She was (neutral)",Agreement,Statement Non Opinion
I can't (neutral),Statement Non Opinion,Statement Non Opinion
"Oh! Look at that, time's up! My turn! (joy)",Statement Non Opinion,Statement Opinion
That was a half an hour? (surprise),Question,Question
It's your timer. (neutral),Disagreement,Statement Non Opinion
"Y'know, I don't like to brag about it, but I give the (neutral)",Statement Opinion,Statement Opinion
"All right, then massage me up right nice! (joy)",Command,Command
Ah! Ahh!! Ahh!! (joy),Backchannel,Backchannel
"It's so good, isn't it? (neutral)",Question,Question
It's so good I don't know what I've done to deserve it! (joy),Answer,Statement Opinion
Say good-bye to sore muscles! (joy),Statement Non Opinion,Command
Good-bye muscles!! (joy),Greeting,Statement Opinion
Oh whoa-whoa-whoa! (anger),Others,Disagreement
"Wait a minute, open up your hand; let me take a look. (neutral)",Command,Command
Quarter. (neutral),Statement Non Opinion,Statement Non Opinion
Dime. (neutral),Statement Non Opinion,Statement Non Opinion
Lint? (neutral),Question,Question
Not interested in that. (neutral),Statement Opinion,Statement Opinion
What's this? (neutral),Question,Question
A Canadian coin? (neutral),Question,Question
Get outta here! (surprise),Command,Others
Whoa-whoa-whoa! (surprise),Others,Others
No drinks near the bucket! (anger),Command,Command
Set it down over there and then you can make a contribution! (anger),Command,Command
And you can leave the hurt bunny look over there too! (anger),Command,Command
Hi Bob! (joy),Greeting,Greeting
I thought I told you to get outta here! (anger),Command,Command
"Uh, Phoebe we've been getting complaints and uh, we're gonna move you to a less high-profile spot. (neutral)",Statement Non Opinion,Statement Non Opinion
Hey Joe! You wanna shoot some hoops? (joy),Question,Greeting
"Oh no, I can't go. I'm practicing; I got an audition to be the host of a new game show. (joy)",Answer,Statement Non Opinion
Oh cool! (joy),Agreement,Acknowledge
That's great. (joy),Others,Agreement
"Yeah-yeah, and if I get it by day I'll Dr. Drake Remoray, but by night I'll be Joey Trrrribbiani! (joy)",Statement Non Opinion,Statement Opinion
You'll be perfect for this! That's already your name! (joy),Agreement,Agreement
But the audition's in a couple hours and I don't even understand the game. (fear),Statement Non Opinion,Statement Non Opinion
Well do you want some help? (neutral),Question,Question
Oh really? That'd be great! You guys can be the contestants! (surprise),Answer,Acknowledge
Awesome! (joy),Agreement,Agreement
"Okay, I guess we can lose to junior high girls some other time. (neutral)",Statement Opinion,Statement Non Opinion
All right! Let's play Bamboozled! (joy),Statement Non Opinion,Command
Bamboozled? (surprise),Question,Question
"Yeah, isn't that a cool name? (joy)",Answer,Question
Yeah! (joy),Agreement,Agreement
No! (disgust),Disagreement,Disagreement
"Oh. Okay, just breathe. (neutral)",Others,Command
"Oh honey, I think I'm having one too! (surprise)",Statement Non Opinion,Statement Opinion
Look at this! There we go! (joy),Statement Non Opinion,Statement Non Opinion
"Excuse me. Hi, I'm a professor here. Do you know the Paleontology section, fifth floor, stack 437? (neutral)",Question,Greeting
"Well, yes! Just give me five minutes, I just have to find someone to cover my shift. (joy)",Answer,Agreement
No! No!! No! Can I speak to someone in charge please?! (anger),Question,Disagreement
How can I help you? (neutral),Question,Question
"Hi, I was wondering if it is possible to increase security in the Paleontology section? (anger)",Answer,Question
"See I-I wrote a book up there and instead of reading it people are-are-are well, rolling around in front of it. (anger)",Statement Opinion,Statement Opinion
We are aware of the problem you are referring to. (neutral),Agreement,Acknowledge
"But as far as increasing security, I'm afraid the library is very understaffed. (neutral)",Statement Opinion,Statement Non Opinion
"I, I can't help you. (sadness)",Statement Non Opinion,Apology
"Well, fine. (anger)",Agreement,Statement Opinion
Fine! (anger),Statement Non Opinion,Statement Opinion
"If-if I'm the only person with any appreciation of the sanctity of the written word, I'll go up there and defend it myself! (anger)",Statement Non Opinion,Statement Opinion
And don't you follow me! (anger),Command,Command
"Okay. Would you rather live in the shirt pocket of a sweaty giant, or inside his shower drain? (neutral)",Question,Question
"Oh my God! Phoebe look, it's Ross and that girl. (surprise)",Command,Statement Non Opinion
No! No! Look at that! It's a line of ants! They're working as a team! (surprise),Statement Non Opinion,Statement Non Opinion
"Right, oh yeah. (neutral)",Agreement,Acknowledge
"Wow, oh, it looks like Ross is breaking up with her. (surprise)",Statement Opinion,Statement Non Opinion
"Uff, I hope he lets her down easy. (neutral)",Statement Opinion,Statement Opinion
"Come on Phoebe, look at that! (anger)",Command,Command
"They are not breaking up, look at them. (neutral)",Statement Opinion,Statement Non Opinion
"Okay that's, you know what that is? (neutral)",Question,Question
"That is a, that is a second date, that's what that is! (sadness)",Statement Non Opinion,Statement Opinion
"Look at that, she just put her hand on his thigh... (neutral)",Command,Statement Non Opinion
"Oh no! That really is nothing, she is (neutral)",Disagreement,Statement Non Opinion
"Ohh! Phoebe, this is all your fault! Now he loves her, he's gonna marry her, and this is all your fault. (anger)",Statement Opinion,Statement Opinion
You know where I work! (neutral),Statement Non Opinion,Statement Non Opinion
I do? (neutral),Question,Question
"The movie theatre, you used to come in all the time. (neutral)",Answer,Statement Non Opinion
You still work at the multiplex? (neutral),Question,Question
"Oh, like I'd give up that job! Free popcorn and candy, anytime I want. I can get you free posters for your room. (joy)",Answer,Statement Opinion
"Thanks, I'm set. Do you still live with your parents? (neutral)",Question,Question
"Oh yeah, but I can stay out as late as I want. (neutral)",Answer,Statement Non Opinion
Nice car! (joy),Acknowledge,Statement Opinion
"Yeah, it's not mine. (neutral)",Statement Non Opinion,Statement Non Opinion
I love your car. (joy),Statement Opinion,Statement Opinion
"Yeah, it's mine. (neutral)",Statement Non Opinion,Statement Non Opinion
I bet it's fast. (neutral),Statement Opinion,Statement Opinion
"Me too! Yeah. And comfortable. Do uh, do you like leather seats? (neutral)",Question,Question
Yeah! (joy),Answer,Agreement
It's got 'em! (joy),Statement Non Opinion,Statement Non Opinion
"Joey, please! (fear)",Statement Non Opinion,Command
Sorry. (neutral),Apology,Apology
Ahhh.. (anger),Others,Others
Hello children! (joy),Greeting,Greeting
Hey! Wanna play some foosball? Please? (neutral),Question,Question
Okay. (neutral),Answer,Acknowledge
"No-no, no! We have to move the table into my room, yeah! 'Cause of all the boxes. Come on! (neutral)",Disagreement,Command
"All right, I have one question. (neutral)",Statement Non Opinion,Statement Non Opinion
Bye-bye little puppet Joey hand? (neutral),Greeting,Statement Non Opinion
"No, the quiet down thing! (anger)",Disagreement,Disagreement
You mean this. (neutral),Statement Non Opinion,Statement Non Opinion
"Um-hmm! Look, I-I-I don't know how much more of this I can take! Did you know he taped over my (anger)",Statement Non Opinion,Statement Opinion
"All right look, y'know, this maybe tough but come on, this is Ross! I survived college with him! (neutral)",Statement Non Opinion,Statement Opinion
"All right, I guess I can hold out a little longer. Let's have a game. (neutral)",Agreement,Agreement
Okay. (neutral),Agreement,Acknowledge
No-no-no-no! (fear),Disagreement,Disagreement
YES!! (joy),Backchannel,Others
"Uh fellas, (neutral)",Greeting,Greeting
"Okay, so he's out of here. (neutral)",Statement Non Opinion,Statement Non Opinion
"Okay y'know what, because you said that, I'm not putting out tonight. (neutral)",Statement Opinion,Statement Non Opinion
I know it doesn't make much sense (neutral),Statement Opinion,Statement Opinion
Much (neutral),Disagreement,Backchannel
"Look Chandler, it was instinct! Okay? I just went for it! (anger)",Statement Opinion,Statement Opinion
"So you risked your life, for a sandwich! (joy)",Statement Non Opinion,Question
"I know it sounds crazy, but Chandler this is the greatest sandwich in the world! (joy)",Statement Opinion,Statement Opinion
"So you didn't uh, choose Ross before me. (sadness)",Statement Opinion,Statement Non Opinion
No! I would never do that! You-you're like my brother! (sadness),Statement Non Opinion,Statement Opinion
Really?! (surprise),Question,Question
"Yeah! In fact, to prove how much you mean to me, here. (neutral)",Answer,Statement Non Opinion
Thanks. (joy),Acknowledge,Acknowledge
"No, eh, oh-oi, easy, it's not a hot dog! (anger)",Statement Opinion,Command
How good is that? (neutral),Question,Question
"Oh-oi-ho, yeah! (joy)",Answer,Agreement
See? (neutral),Statement Non Opinion,Backchannel
"Oh-whoa-hey, dude, what are you doing?! (surprise)",Question,Question
I thought you were showing me how much you mean to me. (surprise),Statement Opinion,Statement Non Opinion
Yeah. With a bite! Gee-e-e-eez! (joy),Statement Non Opinion,Statement Opinion
Check out the ring. (joy),Command,Command
Nice! One and a half carat easy. (joy),Acknowledge,Statement Opinion
Hi. (neutral),Greeting,Greeting
Hey-hey Pheebs! (joy),Greeting,Greeting
Chandler's gonna ask Monica to marry him! (joy),Statement Non Opinion,Statement Non Opinion
"Oh I know, I helped pick out the ring. (neutral)",Statement Non Opinion,Statement Non Opinion
You told her before you told us? (surprise),Question,Question
"Well, she walked in when I was looking at the ring brochures. You can understand that, right? Guys? Guys? (fear)",Answer,Answer
Let's see. (neutral),Statement Non Opinion,Statement Non Opinion
"Congress is debating a new deficit reduction bill... the mayor wants to raise subway fares again... the high today was forty-five... and- oh, teams played sports. (neutral)",Statement Non Opinion,Statement Non Opinion
What about Glen? He could be a Glen. (neutral),Question,Question
Nah... not-not special enough. (neutral),Answer,Disagreement
Ooh! How about Agamemnon? (neutral),Question,Others
Waaay too special. (neutral),Answer,Disagreement
"Well, because we thought you knew!! It's so obvious! God, that would be like telling Monica, ""Hey, you like things clean."" (neutral)",Statement Non Opinion,Statement Opinion
Hey Pheebs! (joy),Greeting,Greeting
Hey! (joy),Greeting,Greeting
Check it out. How much of a man am I?! (joy),Question,Statement Opinion
Wow! Nice! Manly and also kind of a slut. (joy),Answer,Statement Opinion
"Y'know, I'm beginning to see what Jake was talking about. (neutral)",Statement Opinion,Statement Non Opinion
Uh-huh. (neutral),Backchannel,Backchannel
The silk? Feels really good! (joy),Statement Opinion,Statement Opinion
"Ah yeah, sorry about that. (sadness)",Apology,Apology
"It's okay. Come, come on in. (neutral)",Statement Non Opinion,Acknowledge
"Thanks for letting me stay here! I mean Monica's place was nice, but her fiancée sure stares a lot. (joy)",Statement Opinion,Statement Opinion
Oh. (neutral),Backchannel,Backchannel
Oh my God! You do a great Chandler! (surprise),Statement Opinion,Statement Opinion
"Uh-huh. Yeah, I-I have a knack for impressions. (neutral)",Agreement,Agreement
"Well, maybe after we get reacquainted uh, you can do me. (joy)",Statement Non Opinion,Statement Opinion
Yeah--No!! (disgust),Disagreement,Disagreement
"Hey! You guys! Check it out, check it out! Guess which job I got. (joy)",Question,Greeting
"I don't know, but Donald Trump wants his blue blazer black. (neutral)",Answer,Statement Non Opinion
What? (neutral),Question,Question
Blue blazer back. He-he wants it back. (neutral),Answer,Statement Non Opinion
But you-you said black. Why would he want his blue blazer black? (neutral),Question,Question
"Well, you-you know what I meant. (neutral)",Answer,Statement Non Opinion
"No, you messed it up. You're stupid. (anger)",Statement Opinion,Disagreement
So what job did you get Joe? (neutral),Question,Question
"Oh, ah, tour guide at the museum. Yeah, Ross got it for me. (neutral)",Answer,Answer
"Well, how can you be a tour guide, don't you have to be a dinosaur expert or something? (neutral)",Question,Question
I just walked in the bathroom and saw Kathy naked! It was like torture! (anger),Statement Non Opinion,Statement Opinion
"Y'know if we ever go to war and you're captured, you're in for a (neutral)",Statement Non Opinion,Statement Non Opinion
It just keeps getting worse and worse! (anger),Statement Opinion,Statement Opinion
"I mean it's bad enough that I'm in love with my roommates girlfriend--which by the way, I think she knows. (neutral)",Statement Opinion,Statement Opinion
Because every time we're in the room together there's this weird like energy between us. (neutral),Statement Opinion,Statement Opinion
"And call me crazy, but I think she likes me too. (neutral)",Statement Opinion,Statement Opinion
And now I have seen her naked. (neutral),Statement Non Opinion,Statement Non Opinion
"I mean at least when I've seen her with clothes on, I could imagine her body was like covered in boles or something. (neutral)",Statement Non Opinion,Statement Opinion
"But there are no boles, she's smooth! (neutral)",Statement Opinion,Statement Non Opinion
Smooth! (neutral),Statement Non Opinion,Statement Non Opinion
Wow! Could everyone totally see up his robe? (surprise),Question,Question
Yeah! Oh my God! (surprise),Answer,Acknowledge
"So, you and Angela, huh? (surprise)",Question,Question
Yep. Pretty much. (joy),Answer,Answer
"Oh, that's what she meant! (surprise)",Statement Non Opinion,Acknowledge
"You know, if they're gonna shorten it, they should call it the MUSE! (neutral)",Statement Opinion,Statement Opinion
"You know, short for museum, and avoid all the confusion! (neutral)",Statement Non Opinion,Statement Opinion
"Yeah, most of it it's a place (neutral)",Agreement,Agreement
"Ok, all right, so I'll take her to the MET. (neutral)",Statement Non Opinion,Statement Non Opinion
"Yeah, uh, uh, ok, there's this great rare bookstore on Madison Avenue. (neutral)",Statement Non Opinion,Statement Non Opinion
You know what? (neutral),Statement Non Opinion,Backchannel
"She loves architecture, you know what you should do? (neutral)",Statement Non Opinion,Others
You should take a walk down fifth to the Saint Patrick's Cathedral and there there's this great little pastry shop that she'd love. (joy),Statement Non Opinion,Others
"Geez, sounds like you should be going on this date! (surprise)",Statement Opinion,Statement Opinion
But I'm not! . You know what if you're in the mood for Thai food... (neutral),Statement Non Opinion,Statement Non Opinion
"Whoa, whoa, whoa! Slow down, you go (surprise)",Statement Opinion,Command
Ok. (neutral),Agreement,Acknowledge
You got to tell me exactly what to do there. (neutral),Statement Non Opinion,Command
"Ok, when you walk in the museum, take the right, that's the antiquities wing. (neutral)",Answer,Command
"Ancient Egypt, Mesopotamia, up to the Byzantine Empire. (neutral)",Statement Non Opinion,Statement Non Opinion
"Whoa, whoa, whoa, whoa, whoa! So, I walk in the door and make the right (surprise)",Statement Non Opinion,Acknowledge
Hey! (joy),Greeting,Greeting
"Hey, so did everything go all right with the annulment? (neutral)",Question,Question
"Oh, yeah, no problems. It's all taken care of. (neutral)",Answer,Answer
"Ross, thank you. Hey, do you guys wanna go see a movie? (neutral)",Question,Statement Opinion
"Oh yeah, why not? (neutral)",Answer,Agreement
Pheebs? (neutral),Question,Question
"No thanks, I've already seen one. (neutral)",Answer,Answer
"Okay, umm, I'm gonna get my sweater. (neutral)",Statement Non Opinion,Statement Non Opinion
"Okay. You uh, you wanna hear something weird? (joy)",Question,Statement Opinion
Always. (neutral),Answer,Acknowledge
I didn't get the annulment. (sadness),Statement Non Opinion,Statement Non Opinion
What?! (surprise),Question,Backchannel
We're still married! Don't tell Rachel. See you later. (joy),Statement Non Opinion,Statement Opinion
Hey! Are you okay? (neutral),Question,Greeting
Fabulous. (joy),Answer,Statement Non Opinion
"Listen, drama critics they're nothing but, but people who couldn't make it as actors. You know what you should do? (joy)",Statement Opinion,Statement Opinion
"Exactly. So you didn't, didn't mention anything to Issac right? (fear)",Question,Question
"Oh, well I tell Issac everything. (neutral)",Answer,Statement Non Opinion
"You tell, of course you do. Issac. Issac. Hey, Issac. Issac, hi! Y'know we haven't actually met... (neutral)",Statement Opinion,Greeting
You dog! (joy),Statement Non Opinion,Statement Opinion
"Yes, I suppose I am a dog. But Issac, see I-I happen to have a girlfriend. (neutral)",Statement Opinion,Statement Non Opinion
"Oh right, that Rachel chick from the coffee place. (neutral)",Statement Non Opinion,Statement Non Opinion
"Yeah, that's the one. Listen, I don't want to hurt her. (neutral)",Agreement,Statement Non Opinion
"Oh, hey, man I know, doesn't matter how much we love 'em, monogamy is too cruel a rule. (neutral)",Statement Opinion,Statement Opinion
"Yeah. Listen, can you keep this information to yourself? (neutral)",Question,Question
"Aw, no problem dude. Y'know we got to look out for each other. We're the same, you and me. (neutral)",Answer,Agreement
"Actually, no, we're not. (joy)",Disagreement,Disagreement
"Yeah, we are. (neutral)",Statement Opinion,Agreement
"No, we're not. (neutral)",Disagreement,Disagreement
"Yeah, we are. (neutral)",Statement Opinion,Agreement
"No, we're not!! (anger)",Disagreement,Disagreement
"Okay, we're not. (neutral)",Agreement,Acknowledge
Right. (neutral),Agreement,Acknowledge
"But, we are. (neutral)",Statement Opinion,Agreement
Fine. I just need to know that you're not gonna tell your sister. (neutral),Statement Non Opinion,Statement Non Opinion
I can promise not to tell her again. (neutral),Statement Non Opinion,Statement Non Opinion
Emily! (joy),Others,Greeting
Oh my God! What are you doing here? (surprise),Question,Question
"I just, I had to see you one more time before you took-off. (joy)",Answer,Statement Non Opinion
You are so sweet. (joy),Statement Non Opinion,Statement Opinion
"That's, that's, that's a big candy bar. (She's holding one of those huge (sadness)",Statement Non Opinion,Statement Non Opinion
Me too. (neutral),Agreement,Agreement
"Well, that' me. Here, have this. I'm only allowed one piece of carryon anyway. (neutral)",Statement Non Opinion,Statement Non Opinion
"Wait uh, listen. (neutral)",Command,Backchannel
"I-I, I have to tell you something. (fear)",Statement Non Opinion,Statement Non Opinion
"Umm, I've been thinking, I'm just gonna come out and say it. (fear)",Statement Non Opinion,Statement Non Opinion
Okay? (fear),Statement Non Opinion,Question
"I-I-I ah, I-I think I love you. (joy)",Statement Opinion,Statement Opinion
Oh. Thank you. (neutral),Acknowledge,Acknowledge
That's no problem. (neutral),Agreement,Acknowledge
Monica! (surprise),Others,Greeting
She's sleeping. (neutral),Statement Non Opinion,Statement Non Opinion
"I know, just quick-quick question, quick question. Which one was (neutral)",Question,Statement Non Opinion
Deep Impact (neutral),Answer,Answer
"Sorry, I just...can't sleep. (surprise)",Apology,Apology
Ooh! (anger),Backchannel,Backchannel
"Where is that book that you are reading with the two women who were ice-skating and wearing, wearing those hats with the flowers on it? (neutral)",Question,Question
Because every time I look at that cover I'm like (neutral),Statement Opinion,Statement Non Opinion
It is in the living room where there is also a light! And no one will kick you in the shin. (neutral),Statement Opinion,Statement Non Opinion
"Hey Ross! So, I was checking out the uh, real estate section (sadness)",Statement Non Opinion,Greeting
Yeah? (neutral),Backchannel,Backchannel
Look at this. (neutral),Command,Command
"Oh, it looks like mom and dad's house. (neutral)",Statement Non Opinion,Statement Non Opinion
"Oh, it even has a tree with a broken limb out front and the uh, the window in the attic is...Oh my God! (surprise)",Statement Non Opinion,Statement Opinion
What? What happened to the window in the attic?! (surprise),Question,Question
I can't believe mom and dad are selling the house! (anger),Statement Non Opinion,Statement Opinion
I can't believe they-they didn't even tell us! (joy),Statement Non Opinion,Statement Opinion
I can't believe I still don't know what happened to the (surprise),Statement Non Opinion,Statement Opinion
Nothing? (neutral),Statement Non Opinion,Statement Non Opinion
"Look, you and I have been given a gift. (neutral)",Statement Non Opinion,Statement Non Opinion
We have to do something with it. (neutral),Statement Opinion,Statement Non Opinion
"Like-like, hand modeling! (joy)",Statement Opinion,Statement Opinion
Or-or magic! (joy),Statement Opinion,Statement Opinion
I have to get back to (neutral),Statement Non Opinion,Statement Non Opinion
Whoa! (surprise),Statement Non Opinion,Acknowledge
Whoa! (surprise),Statement Non Opinion,Acknowledge
We could have our own show! (joy),Statement Opinion,Statement Opinion
Y'know we could clap our hands together people will love it! (joy),Statement Opinion,Statement Opinion
Huh? (anger),Backchannel,Question
And-and-and I wrote a song for us! (joy),Statement Non Opinion,Statement Opinion
"(Singing, to the tune of (joy)",Statement Non Opinion,Statement Opinion
That's okay. (neutral),Statement Non Opinion,Acknowledge
But you haven't even heard the chorus! (neutral),Statement Non Opinion,Statement Non Opinion
"Well, she'll understand right? It's not like I did it on purpose. (sadness)",Statement Opinion,Statement Opinion
"Dad, that won't matter to her. (neutral)",Statement Opinion,Statement Non Opinion
"Look, all my stuff is safe and dry and all hers is-is, is growing new stuff! (anger)",Statement Non Opinion,Statement Opinion
"See, this is exactly the kind of thing that makes her think you guys love me more than you love her. (anger)",Statement Opinion,Statement Opinion
"Oh my God, does she really thinks that? (surprise)",Question,Question
"Well, can you blame her? (sadness)",Question,Question
"Well I don't know, I-I suppose we may have favored you unconsciously, you were a medical marvel! The doctor said your mother could (joy)",Statement Opinion,Statement Opinion
"Dad, dad I don't want to hear about it. (sadness)",Statement Non Opinion,Command
Really? (surprise),Question,Question
"Well, not right now. (neutral)",Answer,Statement Non Opinion
"Okay look, Monica came here for some memories and damnit, we're gonna give her some! (neutral)",Statement Non Opinion,Statement Opinion
"Okay, grab...grab some empty boxes. (neutral)",Statement Non Opinion,Command
Okay? (neutral),Agreement,Question
We'll-we'll take stuff from mine and whatever we can pass off as hers we'll-we'll put 'em in there. (joy),Statement Non Opinion,Statement Opinion
"Y'know Joey, I could teach you to sail if you want. (joy)",Statement Non Opinion,Statement Opinion
You could? (surprise),Question,Question
Yeah! I've been sailing my whole life. When I was fifteen my dad bought me my own boat. (joy),Answer,Statement Non Opinion
Your own boat? (surprise),Question,Question
What?! What?! He was trying to cheer me up! My pony was sick. (surprise),Statement Non Opinion,Statement Non Opinion
Count in our heads as-as good (anger),Statement Non Opinion,Command
I guess I'm done. (neutral),Statement Non Opinion,Statement Non Opinion
Fun's over (joy),Statement Non Opinion,Statement Opinion
"Wait-wait, guys! If-if we follow the rules, it's still fun and it means something! (fear)",Command,Statement Opinion
I think I'm gonna take-off. (neutral),Statement Non Opinion,Statement Non Opinion
"Guys, rules are good! Rules help control the fun! Ohhh! (joy)",Statement Opinion,Statement Opinion
Dehydrated Japanese noodles under fluorescent lights... does it (neutral),Statement Non Opinion,Statement Non Opinion
"Question. You're not dating anybody, are you, because I met somebody who would be perfect for you. (neutral)",Question,Question
"Ah, y'see, perfect might be a problem. Had you said 'co-dependent', or 'self-destructive'... (neutral)",Statement Opinion,Statement Opinion
Do you want a date Saturday? (neutral),Question,Question
Yes please. (neutral),Answer,Agreement
"Okay. He's cute, he's funny, he's- (neutral)",Statement Opinion,Statement Non Opinion
He's a he? (surprise),Question,Question
Well yeah! (surprise),Answer,Statement Non Opinion
...Oh God. (fear),Statement Non Opinion,Acknowledge
"I- just- I thought- Good, Shelley. (anger)",Statement Non Opinion,Statement Opinion
I'm just gonna go flush myself down the toilet now... (disgust),Statement Non Opinion,Statement Opinion
"Okay, goodbye... (disgust)",Greeting,Acknowledge
"Well, it's official there are no good movies. (sadness)",Statement Non Opinion,Statement Opinion
"Well, let's go to a bad one and make out. (neutral)",Statement Non Opinion,Statement Non Opinion
"Perhaps, you would like me to turn like this, so that you can bunny bump against my back. (neutral)",Statement Opinion,Statement Non Opinion
Hey! (surprise),Greeting,Greeting
Hey. (neutral),Greeting,Greeting
"Hey, man. What's up? (neutral)",Question,Greeting
Maybe you can tell me. (neutral),Answer,Answer
My agent would like to know why I didn't show up at the audition I didn't know I had today. (anger),Statement Non Opinion,Statement Non Opinion
The first good thing she gets me in weeks. (neutral),Statement Non Opinion,Statement Non Opinion
How could you not give me the message? (anger),Question,Question
"Well, I'll tell ya I do enjoy guilt, but, ah, it wasn't me. (anger)",Statement Opinion,Statement Opinion
"Yes, it was! It was him! Uh huh! Okay, it was me! (anger)",Statement Non Opinion,Acknowledge
Can I ask you something? Have you ever had a guy have a crush on you? (neutral),Question,Question
Is that why you wanted to tie my tie? (surprise),Question,Question
There's this kid in my class who said he's in love with me. (sadness),Statement Non Opinion,Statement Non Opinion
Whoa! (surprise),Backchannel,Backchannel
Whoa what? (surprise),Question,Question
Ross has a boyfriend. (neutral),Statement Non Opinion,Statement Non Opinion
I do-I do (joy),Agreement,Agreement
Really? (surprise),Question,Backchannel
Yeah! (joy),Answer,Agreement
I don't know. (neutral),Statement Non Opinion,Statement Non Opinion
"I mean, last year Elizabeth now-now this kid. (anger)",Statement Non Opinion,Statement Opinion
What-what-what-what is it?! (joy),Question,Question
Am I giving out some kind of...sexy professor vibe? (anger),Question,Question
Not right now. (neutral),Answer,Statement Non Opinion
It-it--The point is my natural charisma has made him fail his midterm. (sadness),Statement Opinion,Statement Opinion
"Oh, see now I feel bad for the kid! (sadness)",Statement Non Opinion,Statement Opinion
I had a crush on a teacher once and it was so hard! (joy),Statement Non Opinion,Statement Opinion
Y'know you--I couldn't concentrate and I blushed every time he looked at me. (neutral),Statement Non Opinion,Statement Non Opinion
"I mean come on, you remember what's it's like to be 19 and in love. (neutral)",Statement Non Opinion,Statement Opinion
Oh yes! Thank you very much! Oh that's-that's actually how the French drink it. (joy),Statement Non Opinion,Acknowledge
"See Joe, that's why your parents told you not to jump on the bed. (neutral)",Statement Opinion,Statement Non Opinion
He's coming here for Thanksgiving! (joy),Statement Non Opinion,Statement Opinion
A new pair of shoes for the Chan-Chan man! Yes! (joy),Statement Non Opinion,Statement Opinion
Yes! I've-I've never seen a roll like this in my life! (joy),Statement Non Opinion,Agreement
"That's right baby! Okay, what do I want now? (joy)",Question,Statement Opinion
"Okay, ah umm, ah, a 8. Ah, a 6? (neutral)",Answer,Question
Pick a number! That is your (neutral),Command,Command
8. 8! (joy),Answer,Answer
Thank you! (joy),Statement Non Opinion,Acknowledge
"If you get this one, we buy everybody here a steak dinner! (joy)",Statement Non Opinion,Statement Opinion
"Yeah, I understand. (neutral)",Agreement,Acknowledge
Take as much time as you want. (neutral),Statement Non Opinion,Command
"Ten, even twenty minutes if you need it. (neutral)",Statement Non Opinion,Statement Non Opinion
I'll be here. (sadness),Statement Non Opinion,Statement Non Opinion
Not smoking. (sadness),Statement Non Opinion,Statement Non Opinion
"We're really gonna do this, huh? (surprise)",Question,Question
Looks like it. (neutral),Statement Non Opinion,Statement Non Opinion
"Y'know, if, if this is too weird for you, we can still back out at (neutral)",Statement Non Opinion,Statement Opinion
I got it! (joy),Statement Non Opinion,Statement Non Opinion
Okay. (neutral),Agreement,Acknowledge
Susan! Hi! (joy),Greeting,Greeting
Hey! (joy),Greeting,Greeting
Thank you so much for coming. (joy),Statement Non Opinion,Statement Opinion
"Oh, I wouldn't miss it for the world. (joy)",Statement Non Opinion,Statement Opinion
I'm-I'm Ross by the way. (neutral),Statement Non Opinion,Statement Non Opinion
Hello Ross. I love what you've done with this space. (joy),Greeting,Statement Opinion
Thank you so much. (joy),Statement Non Opinion,Statement Opinion
How hot is this?! (surprise),Question,Question
"Guess who's here. It's the toughest guy in toy land, Ben. 'A real American hero. I'm (neutral)",Statement Non Opinion,Statement Non Opinion
G.I. Joe (neutral),Others,Acknowledge
"Look Ben, it's a toy that protects U.S. oil interests overseas! (joy)",Statement Non Opinion,Statement Opinion
"It took me 28 years to find one man that I wanna spend my life with, if I have to wait another 28 years then, I'll be 56 before I can have a baby, and that's just stupid. (sadness)",Statement Opinion,Statement Opinion
"That, that's what's stupid. (disgust)",Statement Opinion,Disagreement
"I don't need an actual man, just a couple of his best swimmers. (neutral)",Statement Non Opinion,Statement Non Opinion
"And there, there are places you can go to get that stuff. (neutral)",Statement Non Opinion,Statement Non Opinion
Down at the docks again? (anger),Question,Question
"Hi there. How many, how many ah, did you sell? (neutral)",Question,Greeting
I'm not gonna tell you! You're the bad man who broke Sarah's leg. (anger),Answer,Statement Opinion
"Hey now! That was an accident, okay. (anger)",Statement Opinion,Statement Opinion
You're a big scrud. (anger),Statement Opinion,Statement Opinion
What's a scrud? (neutral),Question,Question
"Why don't you look in the mirror, scrud. (anger)",Question,Statement Opinion
I don't have too. I can just look at you. (joy),Answer,Statement Opinion
"All right girls, and man. Let's see your final tallies. Ohhhh, Debbie, 321 boxes of cookies, Very nice. (joy)",Statement Non Opinion,Statement Opinion
Not nice enough. (anger),Statement Opinion,Disagreement
"Charla, 278. Sorry, dear, but still good. (neutral)",Statement Opinion,Acknowledge
"So, how'd the lasagne go over? (neutral)",Question,Question
Really?! (surprise),Question,Acknowledge
Good. (neutral),Answer,Answer
So you owe me three pretty things. (neutral),Statement Non Opinion,Statement Non Opinion
"Yeah, I've been thinking a lot about you too. (neutral)",Statement Non Opinion,Agreement
It's hard this whole platonic thing. (sadness),Statement Non Opinion,Statement Opinion
It's a word! (surprise),Statement Non Opinion,Statement Opinion
"Yeah, I do think it's better this way. Yeah, we're being smart. Yes, I'm sure. (neutral)",Statement Opinion,Agreement
You really sure? (neutral),Question,Question
I'll call you back. (neutral),Statement Non Opinion,Command
"So, are you really gonna go out with that nurse man? (surprise)",Question,Question
"Well uh, you and I are just goofing around, I thought, why not goof around with him. (neutral)",Answer,Statement Opinion
"Y'know, I don't know if you've ever looked up the term goofing around in the dictionary... Well, I have, and the technical definition is, two friends who care a lot about each other and have amazing sex and just wanna spend more time together. (neutral)",Statement Non Opinion,Statement Opinion
"But if you have this new fangled dictionary that gets you made at me, then we have to, y'know, get you my original dictionary. (neutral)",Statement Opinion,Statement Opinion
I am (neutral),Statement Non Opinion,Acknowledge
I think you're better than you think you are. (neutral),Statement Opinion,Statement Opinion
"Really? Okay, so (surprise)",Statement Non Opinion,Backchannel
Know when to stop. (neutral),Statement Non Opinion,Command
"Y'know, I sensed that I should stop. So we're okay? (neutral)",Disagreement,Question
"Yeah. All right, I'm gonna go tell Dan that it's not gonna happen. Don't do the dance. (neutral)",Statement Non Opinion,Command
Right! (joy),Agreement,Agreement
"Ow!-Ow!-Ow! Ow! Ow! Ow! Ow! Ow! Ow! Y'know, ow! (anger)",Statement Non Opinion,Statement Non Opinion
Hey!-Hey! What's going on? (surprise),Question,Question
She broke my arm. (anger),Answer,Statement Non Opinion
He touched my fanny. (anger),Statement Non Opinion,Statement Non Opinion
"No, she touched mine first! (anger)",Disagreement,Disagreement
That's my job! (anger),Statement Opinion,Statement Opinion
Are you being British?! (surprise),Question,Question
No. Not anymore. (neutral),Answer,Answer
Why are you shopping here? You don't live in this neighborhood. Were you here waiting for me? (surprise),Question,Question
"Yeah, huh. I'm just uh, you know I'm just picking up some things for a party. (neutral)",Answer,Answer
Barley? What kind of party serves barley? (anger),Question,Question
"Well, I'm sorry if my friends aren't as sophisticated as yours. (anger)",Apology,Statement Opinion
Where is this party? (neutral),Question,Question
Here in Chelsea. (neutral),Answer,Answer
Who's party is it? (anger),Question,Question
A woman's (neutral),Answer,Answer
What woman?! (anger),Question,Question
Chelsea. (neutral),Answer,Answer
"Either you're seeing somebody behind my back, which would make you the biggest jerk on the planet. (disgust)",Statement Opinion,Statement Opinion
"Or, else you're pretending that you're seeing somebody, which just makes you so pathetic that I could start crying right here in the cereal aisle. (disgust)",Statement Opinion,Statement Opinion
So like which of these two guys do you want to be? (sadness),Question,Question
Can I be that guy? (joy),Question,Question
Great story again! The yarns that you weave! Woo-hoo-hoo! (joy),Statement Non Opinion,Agreement
"Y'know uh, actually I-I-I should get going. (anger)",Statement Non Opinion,Statement Non Opinion
Oh no-no-no! Stay! Stay! Because you-you should you-you-you should stay! (fear),Disagreement,Command
"Wow. Oh, I am really flattered, but I just I don't feel that way about you. (surprise)",Statement Opinion,Statement Opinion
"Oh no-no-no, that's not--No-no-no! (anger)",Disagreement,Disagreement
Did you just flick me? (anger),Question,Question
"OK, well, you wouldn't let me finish and I was jus- [Monica flicks her back] Ow. That hurt [flicks Monica] (joy)",Answer,Statement Non Opinion
"Oh!Â¬â€  All right.Â¬â€  Now, let's not do this! (anger)",Agreement,Command
Happy thoughts!Â¬â€  Happy thoughts! (anger),Statement Non Opinion,Statement Non Opinion
"OK, now I'm gonna kick some ass. (anger)",Statement Non Opinion,Statement Opinion
Ow! Ow! Ow! (anger),Backchannel,Statement Non Opinion
"Alright, now I will let go if you both stop. (neutral)",Statement Non Opinion,Command
Fine! (anger),Agreement,Acknowledge
Fine! (anger),Agreement,Acknowledge
"There we go.You know what, if we were in prison, you guys would be, like, my bitches. (neutral)",Statement Opinion,Statement Opinion
"Okay, buddy-boy. Here it is. You hide my clothes, I'm wearing everything you own. (neutral)",Statement Non Opinion,Command
Oh my God! (surprise),Statement Non Opinion,Acknowledge
Look at me! I'm Chandler! Could I (joy),Command,Statement Non Opinion
"Whew, it's hot with all of this stuff on. (neutral)",Statement Opinion,Statement Non Opinion
"I ah, I better not do any, I don't know, lunges. (neutral)",Statement Opinion,Statement Non Opinion
Hi. (neutral),Greeting,Greeting
Hi. (neutral),Greeting,Greeting
"Hi, listen, I'm sorry about before. (sadness)",Statement Non Opinion,Apology
I don't need to have a game room. (neutral),Statement Opinion,Statement Non Opinion
"I mean when I was a kid I only played those games because I couldn't get girls, and now I (neutral)",Statement Non Opinion,Statement Non Opinion
Stop it Chandler. I'm sorry too. (sadness),Apology,Apology
Really? (surprise),Question,Question
Yeah! Oh yes! (anger),Answer,Statement Opinion
Ohh. (neutral),Backchannel,Acknowledge
"Listen, we don't have to make that a guest room, we can think of something to do with the room together. (joy)",Statement Opinion,Statement Opinion
That's a great idea! We can (joy),Agreement,Agreement
Totally! (joy),Statement Non Opinion,Agreement
We don't have to come up with this now. (neutral),Statement Opinion,Statement Non Opinion
Oh good. (joy),Statement Non Opinion,Acknowledge
"Yeah, and I am okay with being a pushover. (neutral)",Statement Opinion,Statement Opinion
That's great. Good for you guys. (joy),Statement Non Opinion,Acknowledge
I am not high maintenance! (anger),Statement Opinion,Disagreement
I am not a pushover! (anger),Statement Opinion,Disagreement
Who said you were? (neutral),Question,Question
You did! (anger),Answer,Statement Non Opinion
"Oh, I'm flaky. I'll say anything. (neutral)",Statement Non Opinion,Statement Opinion
"Ok, I know this is gonna sound really stupid, but I feel that if I can do this, you know, if I can actually do my own laundry, there isn't anything I can't do. (joy)",Statement Opinion,Statement Opinion
That does not sound stupid to me. (neutral),Statement Opinion,Agreement
"You know, it's like the first time I had to make dinner for myself, after Carol left me? (neutral)",Statement Non Opinion,Statement Non Opinion
"I'm sorry, that's all the time we have. (sadness)",Statement Non Opinion,Apology
Next on Ross... Uh-oh. (neutral),Statement Non Opinion,Statement Non Opinion
What uh-oh? (joy),Question,Question
"Uh-oh, uh-oh, the laundry's done. (fear)",Answer,Statement Non Opinion
"It's, uh, it's a song. (neutral)",Statement Non Opinion,Statement Non Opinion
The laundry song that we sing. (neutral),Statement Non Opinion,Statement Non Opinion
"Uh-oh the laundry's done, uh-oh, uh-oh. (neutral)",Statement Non Opinion,Statement Non Opinion
"Ross, what's the matter? (anger)",Question,Question
"Nothing, nothing. Lee-lo, the laundry's done. (neutral)",Answer,Statement Non Opinion
Why are you here? (surprise),Question,Question
"Well, Sid and I are trying again and we had trouble last time because apparently we... (sadness)",Answer,Statement Non Opinion
"No no no... I mean, (neutral)",Disagreement,Backchannel
Oh! Someone's a little cranky today cuz they have to do it in a cup! Oh! They gave you the kiddy size . (anger),Statement Opinion,Statement Opinion
What!? (surprise),Question,Question
This was fun! But I've got an invasive vaginal exam to get to! (joy),Statement Non Opinion,Statement Opinion
"I'd love to stay, but I have eh... got a hot date... (joy)",Statement Opinion,Statement Opinion
Please... go! Just let me know if you need a hand! (neutral),Statement Non Opinion,Command
I think it just fell off. (neutral),Statement Opinion,Statement Non Opinion
"I don't want to be single, okay? I just... I just- I just wanna be married again! (sadness)",Statement Opinion,Statement Opinion
And I just want a million dollars! (fear),Statement Opinion,Statement Non Opinion
Rachel?! (surprise),Statement Non Opinion,Question
Yeah. (neutral),Statement Non Opinion,Acknowledge
"Look, these clowns are trying to take us for a ride and I'm not gonna let 'em! (anger)",Statement Non Opinion,Statement Opinion
And we're not a couple of suckers! (anger),Statement Opinion,Statement Opinion
"I hear ya, Mugsy! (neutral)",Statement Non Opinion,Backchannel
"But look, all these rooms are fine okay? (neutral)",Statement Opinion,Statement Non Opinion
"Can you just pick one so I can watch--have a perfect, magical weekend together with you. (anger)",Statement Non Opinion,Command
"Okay, (neutral)",Agreement,Acknowledge
Nothing! It's over! Dammit! This is regularly scheduled programming! (anger),Statement Non Opinion,Statement Opinion
Can we turn the TV off? Okay? Do we really want to spend the entire weekend like this? (disgust),Question,Question
"Oh, I'm sorry, am I getting in the way of all the room switching fun? (anger)",Question,Statement Opinion
"Hey, don't blame me for wigging tonight! (anger)",Statement Opinion,Statement Opinion
"Oh, who should I blame? The nice bell man who had to drag out luggage to 10 different rooms? (anger)",Question,Question
"I don't know, how about the idiot who thought he could drive from Albany to Canada on a half a tank of gas! (anger)",Answer,Statement Opinion
Do not speak ill of the dead. (anger),Statement Non Opinion,Command
"We're supposed to uh, be spending a romantic weekend together, it-it, what is the matter with you? (anger)",Question,Question
"I just want to watch a little television. What is the big deal? Geez, relax mom. (sadness)",Answer,Statement Opinion
What did you say? (anger),Question,Question
"I said, ""Geez, relax Monnnnn."" (fear)",Answer,Statement Non Opinion
"Y'know, maybe it's best that we never got to do it again. (neutral)",Statement Opinion,Statement Opinion
"Yeah, it kinda makes that-that one night special. Y'know, technically we still (neutral)",Agreement,Agreement
"I'm gonna go to the bathroom, maybe I'll see you there in a bit? (neutral)",Statement Non Opinion,Statement Non Opinion
Kay! (neutral),Agreement,Acknowledge
Can I ask you something? (neutral),Question,Question
"Uhh, no. (neutral)",Answer,Disagreement
"Felicity and I, we're watching (neutral)",Statement Non Opinion,Statement Non Opinion
No. (neutral),Disagreement,Disagreement
"I mean, the giant is like five years younger than me, y'know, you think I'll ever get there? (neutral)",Question,Question
Yes. (neutral),Answer,Answer
Thanks man. (neutral),Greeting,Acknowledge
Okay man. (neutral),Statement Non Opinion,Acknowledge
But what about how much taller he is than me? (neutral),Question,Question
"I mean, there's no way I can make myself taller now, y'know? (neutral)",Statement Opinion,Statement Opinion
"And who knows what science will come up with in the future, but Chandler, what if I die an unsuccessful, regular sized man? (anger)",Question,Statement Opinion
"Hey, Monica, wow you've been in the bathroom for like a half-hour. (surprise)",Statement Non Opinion,Statement Non Opinion
I know! (anger),Agreement,Acknowledge
"Had the beef-tips, huh? (neutral)",Statement Non Opinion,Question
"Good-bye and God speed, Hope Brady. (neutral)",Greeting,Greeting
Not so fast Wesley! (anger),Statement Non Opinion,Disagreement
Ramoray! (sadness),Statement Non Opinion,Acknowledge
"That's right Wesley! I just stopped by to say that, you're not a real doctor! And that woman's brain, is fine! (anger)",Statement Opinion,Statement Opinion
Oh! Thank God! (joy),Statement Non Opinion,Acknowledge
Hope! Hope! (joy),Statement Non Opinion,Greeting
Drake! (joy),Others,Greeting
"You're not dying Hope, you're gonna live a long, healthy life. With me. (joy)",Statement Opinion,Statement Opinion
Oh Drake. (joy),Statement Non Opinion,Acknowledge
Okay! (joy),Statement Non Opinion,Acknowledge
Here we go! (joy),Statement Non Opinion,Statement Non Opinion
Okay! (joy),Statement Non Opinion,Acknowledge
"Hi, Joey! (joy)",Greeting,Greeting
It's Rachel! (joy),Statement Non Opinion,Statement Non Opinion
"Umm, I am free tomorrow night. (neutral)",Statement Non Opinion,Statement Non Opinion
"Yeah, sure, sure I can bring some sandwiches. (neutral)",Statement Non Opinion,Agreement
"OK, we got the cole slaw, we got the buns... (neutral)",Statement Non Opinion,Statement Non Opinion
"We've got the ground-up flesh of formerly cute cows and turkeys, ew... (disgust)",Statement Non Opinion,Statement Opinion
Men are here. (neutral),Statement Non Opinion,Statement Non Opinion
"Mom, would you relax. (sadness)",Statement Non Opinion,Command
"That was 10 blocks from here and, the, the woman was walking alone at night, I would never do that. (sadness)",Statement Opinion,Statement Opinion
"Mom, c'mon, stop worrying. (fear)",Statement Non Opinion,Command
"This is a safe street, this is a safe building, there's nothing (neutral)",Statement Opinion,Statement Non Opinion
Hi. (neutral),Greeting,Greeting
"Hi, hi can I help you? (joy)",Question,Question
"Yeah, I'm looking for Phoebe, does she still live here? (neutral)",Question,Question
"Uh, no she doesn't but I can, I can get a message to her. (neutral)",Answer,Answer
"Great. Uhh, just tell her her husband stopped by. (neutral)",Statement Non Opinion,Statement Non Opinion
What? (surprise),Question,Question
"Hey, how, how did you do that? (surprise)",Question,Question
"Alright, somebody. (neutral)",Statement Non Opinion,Statement Non Opinion
"OK, I'll go. OK, senior year of college... on a pool table. (neutral)",Agreement,Statement Non Opinion
Whoooaa! (surprise),Backchannel,Acknowledge
That's my sister. (neutral),Statement Non Opinion,Statement Non Opinion
OK... my weirdest place would have to be... the women's room on the second floor of the New York CIty public library. (neutral),Statement Opinion,Statement Non Opinion
Oh my God! What were you doing in a library? (surprise),Question,Question
"Pheebs, what about you? (neutral)",Question,Question
Oh... Milwaukee. (neutral),Answer,Statement Non Opinion
Um... Ross? (neutral),Question,Greeting
"Disneyland, 1989, 'It's a Small World After All.' (neutral)",Statement Opinion,Statement Non Opinion
No way! (surprise),Disagreement,Acknowledge
The ride broke down. (neutral),Statement Non Opinion,Statement Non Opinion
"So, Carol and I went behind a couple of those mechanical Dutch children... then they fixed the ride, and we were asked never to return to the Magic Kingdom. (joy)",Statement Non Opinion,Statement Opinion
"Oh, Rachel. (neutral)",Others,Acknowledge
Hey! (joy),Greeting,Greeting
Hey! (joy),Greeting,Greeting
"Oh, is the play over? (neutral)",Question,Question
Yeah. Where were you? (neutral),Question,Answer
"Thank you for your patience, you're the next caller. (neutral)",Statement Non Opinion,Statement Non Opinion
You were the next caller five hours ago. You must be going crazy. (joy),Statement Opinion,Statement Opinion
Nah. I kept myself busy. (neutral),Disagreement,Statement Non Opinion
"Oh, okay, yeah. I put your stuff in her room, and her stuff in your room. (neutral)",Statement Non Opinion,Statement Non Opinion
"Well there's yore. And uh, y'know, yesteryear. (neutral)",Statement Non Opinion,Statement Non Opinion
"Yeah no, I'm telling you Rachel has such a great eye for this stuff. (neutral)",Statement Non Opinion,Statement Opinion
"Ross, y'know if you ever decide you need to redecorate--And I think that you should. (neutral)",Statement Opinion,Statement Opinion
"You should, you should ask Rachel to help. (neutral)",Statement Non Opinion,Command
Oh honey he doesn't need my help. (neutral),Statement Opinion,Statement Opinion
"Oh, come on! I think he's ready to get rid of, what did you call it? The cheap knock-offs and dinosaur junk. (joy)",Statement Opinion,Statement Opinion
Really?! (surprise),Statement Non Opinion,Question
"Hey, y'know what? (surprise)",Question,Statement Non Opinion
"Since you have such a great sense of what I need, uh ooh, here's-here's 60 bucks, why don't you take Phoebe down to that Colonial flea market of yours and get me some stuff. (neutral)",Statement Opinion,Command
"Y'know what? I don't, I don't think Phoebe really wants to come. (joy)",Statement Opinion,Statement Opinion
No! I do want to! (joy),Disagreement,Statement Opinion
"Oh, she does want to. (neutral)",Agreement,Statement Non Opinion
She does want to. (neutral),Agreement,Statement Non Opinion
Yeah! (joy),Statement Non Opinion,Acknowledge
"Wow, you have really pretty feet. (surprise)",Statement Opinion,Statement Opinion
These old things. (sadness),Statement Non Opinion,Statement Non Opinion
"Would you mind spending some time on my siadic area, it's been killing me today. (anger)",Question,Command
"You mean the--Okay by siadic, you mean the towel covered portion. (neutral)",Question,Question
Yeah. (neutral),Answer,Acknowledge
"Sure, yeah, no I can do that, yeah, because umm, y'know, the muscles in the siadic area can get y'know, real nice and tight. (neutral)",Statement Opinion,Agreement
"So umm, tell me Rick, how umm, how did you injure the area. (surprise)",Question,Question
"Oh, a 16-hour sit-in for Greenpeace. (neutral)",Answer,Statement Non Opinion
Oh. (neutral),Backchannel,Backchannel
Ow! Did you just bite me? (surprise),Question,Question
No! (surprise),Answer,Disagreement
"Um, that's it. (neutral)",Statement Non Opinion,Statement Non Opinion
No. (neutral),Disagreement,Disagreement
Crew guy. (neutral),Statement Non Opinion,Statement Non Opinion
Yeah. (neutral),Statement Non Opinion,Agreement
Why have you been following me? (anger),Question,Question
"I mean, all week long everywhere I look there's you. (neutral)",Statement Non Opinion,Statement Non Opinion
"You wouldn't return my calls, you sent back my letters.... (sadness)",Answer,Statement Non Opinion
What? (surprise),Question,Question
"One more chance Ursula, please? (sadness)",Answer,Apology
Okay. (neutral),Agreement,Acknowledge
"Okay, and then this is the coffee house. This is where I play my music. (neutral)",Statement Non Opinion,Statement Non Opinion
Good deal. (joy),Statement Non Opinion,Acknowledge
Here you go. (neutral),Statement Non Opinion,Statement Non Opinion
Thank you. (neutral),Greeting,Acknowledge
Hi! (joy),Greeting,Greeting
"Hi! All right, let's go shoppin'!! (joy)",Statement Non Opinion,Greeting
"Um, y'know, before we go ah, there's something I need to say. (fear)",Statement Non Opinion,Statement Opinion
"Oh, okay. (neutral)",Agreement,Acknowledge
"I've kinda of had this ah, this crush on you. (fear)",Statement Non Opinion,Statement Opinion
"But since you were with Ross, I-I didn't do anything about it. (joy)",Statement Non Opinion,Statement Opinion
"But, now that you're not, I'd really like to ask you out sometime. (fear)",Statement Non Opinion,Statement Opinion
"So-so that's-that's what I'm doing, now. (fear)",Statement Non Opinion,Statement Opinion
Wow! Umm.... (surprise),Backchannel,Acknowledge
I dropped a cup. (neutral),Statement Non Opinion,Statement Non Opinion
"Hello, tiny embryos. (neutral)",Greeting,Greeting
"Well, I'm-I'm Phoebe Buffay, hi! (joy)",Greeting,Greeting
I'm-I'm-I'm hoping to be your uterus for the next nine months. (joy),Statement Non Opinion,Statement Opinion
"You should know, that we're doing this for Frank and Alice, who you know, you've been there! (joy)",Statement Non Opinion,Statement Opinion
"Umm, y'know they want you so much, so when you guys get in there, really grab on. (joy)",Statement Opinion,Statement Opinion
"Okay, and-and I promise that I'll keep you safe and warm until you're ready to have them take you home, so... Oh! (joy)",Statement Non Opinion,Statement Opinion
"And also, umm next time you see me, I'm screaming, don't worry, that's what's supposed to happen. (neutral)",Statement Non Opinion,Statement Non Opinion
Ready? (neutral),Question,Question
Uh-huh. Good luck. (sadness),Greeting,Acknowledge
Then we have to await the data from recent MRI scans and DNA testing which call into question information gathered from years of simple carbon dating. (neutral),Statement Non Opinion,Statement Non Opinion
"Look at that woman sitting by the pool getting tan... so leathery and wrinkled, I'm so (sadness)",Statement Opinion,Statement Opinion
I'm not your brother. (neutral),Disagreement,Statement Non Opinion
What about my children Drake?! Huh!? No!! No!! No! God! (anger),Question,Statement Opinion
Why don't we try massaging the breast to stimulate the flow. (neutral),Statement Opinion,Statement Non Opinion
Are you kidding me?! (anger),Question,Disagreement
It's just so frustrating! Why doesn't she want my breast?! (anger),Question,Statement Opinion
I don't know! Maybe she's crazy! (anger),Answer,Statement Opinion
"Hey Joey, I got some beer for you. (neutral)",Statement Non Opinion,Greeting
"Uh, don't you mean ""for whom?"" (neutral)",Statement Non Opinion,Question
"Sure, listen I was gonna order some pizza, you wanna share one? (neutral)",Question,Statement Non Opinion
"Pizza, heh, its not like I never had that before...ba dum bum cheshhh. (neutral)",Answer,Statement Non Opinion
Is there something wrong? (neutral),Question,Question
"All right, All right, let's just get this out in the open okay? (neutral)",Answer,Command
You're hot. (neutral),Statement Opinion,Statement Opinion
I'm lovable. (neutral),Statement Non Opinion,Statement Opinion
Clearly there's a vibe going on between us. (neutral),Statement Opinion,Statement Opinion
"But, we're roommates and it's a huge mistake for us to continue down this road. (neutral)",Statement Opinion,Statement Opinion
Joey... (neutral),Statement Non Opinion,Acknowledge
"Oh no it's not, no it's not. It's a first date. I'm (fear)",Statement Opinion,Disagreement
"Ho-oh, he's gonna get some! (joy)",Statement Non Opinion,Statement Opinion
Of the glare from the streetlight out of his apartment. (neutral),Statement Non Opinion,Statement Non Opinion
"Y'know so umm, he's closed the drapes there so he can have a nice, pleasant conversation with your little sister. (neutral)",Statement Opinion,Statement Non Opinion
"Well, I'm off to bed! (neutral)",Statement Non Opinion,Statement Non Opinion
You were so funny with that waiter! You're such a nut! (joy),Statement Opinion,Statement Opinion
"Y'know, breadstick fangs are always funny. (joy)",Acknowledge,Statement Opinion
"No, you make them funny. You're the funny one! (joy)",Statement Opinion,Statement Opinion
"Uhh, look Katie, uh listen, we-we need to talk. (fear)",Statement Non Opinion,Statement Non Opinion
Okay? (neutral),Agreement,Question
"Umm, look I like you. (fear)",Statement Opinion,Statement Non Opinion
"I-I really do, I like you a lot. (fear)",Acknowledge,Statement Non Opinion
Okay? (anger),Agreement,Question
"But sometimes when you, when you playfully punch me like that it-it feels like someone's hitting me with a very tiny but very (joy)",Statement Opinion,Statement Non Opinion
"Aww, like I could hurt you. Are you making fun of my size? Don't make fun of me because of my size! (surprise)",Disagreement,Disagreement
"Oh, Joey! Sorry! (surprise)",Apology,Apology
They made you head of the department! (joy),Statement Non Opinion,Statement Opinion
"No, I get to teach one of his advanced classes! Why didn't I get head of the department? (joy)",Question,Statement Opinion
"Oh! Hey Rach, listen umm (neutral)",Greeting,Greeting
Yeah. (neutral),Backchannel,Acknowledge
"I got a big date coming up, do you know a good restaurant? (neutral)",Question,Question
"Uh, Paul's Café. They got great food and it's really romantic. (neutral)",Answer,Answer
"Ooh, great! Thanks! (joy)",Greeting,Agreement
"Yeah! Oh, and then afterwards you can take her to the (neutral)",Statement Opinion,Statement Non Opinion
"You sure are naming a lot of ways to postpone sex, I'll tell ya (neutral)",Statement Non Opinion,Statement Opinion
"Ooh, I miss dating. (sadness)",Statement Non Opinion,Statement Opinion
Gettin' all dressed up and going to a fancy restaurant. (neutral),Statement Non Opinion,Statement Non Opinion
"I'm not gonna be able to do that for so long, and it's so much fun! (joy)",Statement Non Opinion,Statement Opinion
I mean not that sitting at home worrying about giving birth to a sixteen pound baby is not fun. (neutral),Statement Opinion,Statement Opinion
"Hey, y'know what? (neutral)",Question,Greeting
Huh? (neutral),Backchannel,Backchannel
Why don't I take you out? (neutral),Question,Command
"What?! Joey, you don't want to go on a date with a pregnant lady. (surprise)",Answer,Disagreement
Yes I do! (joy),Disagreement,Agreement
"And we're gonna go out, we're gonna have a good time, and take your mind off of childbirth and c-sections and-and giant baby heads stretching out (joy)",Statement Opinion,Statement Opinion
Okay! I'll go with ya! I'll go! I'll go with ya. (joy),Agreement,Agreement
I'll be fun. (neutral),Statement Opinion,Statement Non Opinion
All right? (neutral),Agreement,Backchannel
Hi! (joy),Greeting,Greeting
Hey! (joy),Greeting,Greeting
"Joey, I gotta tell ya, I've been thinking (neutral)",Statement Non Opinion,Statement Non Opinion
"Oh, you know, the writing was good, and the director is good, and... and my co-star's good (joy)",Statement Opinion,Statement Opinion
"God, you have to tell me what happens tomorrow! (joy)",Statement Non Opinion,Command
"Ow, I'm just going over the script now! You wanna read lines with me? (surprise)",Question,Question
"Me? Oh, no, I am not an actress. (disgust)",Answer,Statement Non Opinion
"Oh, all right, I can ask Monica. (neutral)",Acknowledge,Statement Non Opinion
"Oh screw her, that part is mine! (anger)",Statement Non Opinion,Statement Opinion
"Right... ok, so just from the top of the page, right here. (neutral)",Statement Non Opinion,Command
"Okay. . Hello Drake, I'm surprised to see you here. (surprise)",Statement Non Opinion,Statement Non Opinion
I can't believe you married him. (surprise),Statement Non Opinion,Statement Opinion
But what choice did I have. He was keeping my sister in a (anger),Statement Non Opinion,Statement Opinion
So what about us? Everything we feel for each other. (sadness),Question,Question
It's over! You (joy),Answer,Statement Opinion
How can I? (surprise),Question,Question
"Knowing I'll never hold you in my arms again, or touch your skin, or feel your lips, knowing I'll never make love to you? (sadness)",Answer,Statement Opinion
How can I accept that... (sadness),Statement Opinion,Statement Opinion
I can never kiss you again when it's all I can do not to kiss you right now. (sadness),Statement Opinion,Statement Opinion
Kiss me. (joy),Statement Non Opinion,Command
What? (surprise),Question,Question
"Come on, you know, Thanksgiving. Ooh, you got the bigger half. What'd you wish for? (joy)",Question,Question
The bigger half. (neutral),Answer,Statement Non Opinion
I'd like to propose a toast. (joy),Statement Opinion,Statement Opinion
"Little toast here, ding ding. (joy)",Statement Non Opinion,Statement Opinion
"I know this isn't the kind of Thanksgiving that all of you all planned, but for me, this has been really great, you know, I think because it didn't involve divorce or projectile vomiting. (joy)",Statement Opinion,Statement Opinion
"Anyway, I was just thinking, I mean, if you'd gone to Vail, and if you guys'd been with your family, if you didn't have syphilis and stuff, we wouldn't be all together, you know? (anger)",Statement Opinion,Statement Opinion
So I guess what I'm trying to say is that I'm very thankful that all of your Thanksgivings sucked. (joy),Statement Non Opinion,Statement Opinion
That's so sweet. (joy),Statement Non Opinion,Agreement
"And hey, here's to a lousy Christmas. (joy)",Statement Non Opinion,Statement Opinion
And a crappy New Year. (joy),Statement Non Opinion,Statement Opinion
"Here, here! (joy)",Backchannel,Agreement
"Now, hold on! (anger)",Command,Command
Hold on! (anger),Command,Command
"Look, look, your daughter and I are supposed to leave tonight for our honeymoon, now-now you-you tell her that I'm gonna be at that airport and I hope that she'll be there too! (anger)",Statement Non Opinion,Statement Opinion
"Oh yeah, I said Rachel's name, but it didn't mean anything, Okay? (anger)",Disagreement,Statement Opinion
She's-she's just a friend and that's all! (anger),Acknowledge,Statement Opinion
That's all! (sadness),Statement Non Opinion,Statement Non Opinion
Now just tell Emily that I love her and that I can't imagine spending my life with anyone else. (anger),Statement Opinion,Command
"Please, promise me that you'll tell her that. (sadness)",Statement Non Opinion,Command
"All right, I'll tell her. Come on bugger face! (anger)",Agreement,Agreement
Call me. (neutral),Command,Command
"You spend half your life in the bathroom, why don't you ever go out the bloody window! (anger)",Statement Opinion,Statement Opinion
What happened?!! (surprise),Question,Question
"Well, I don't know!! (surprise)",Answer,Answer
We fell asleep! That is all. (neutral),Statement Non Opinion,Statement Non Opinion
"Yeah. Yep. Yeah. All right, well uh, I'd better go. (neutral)",Statement Non Opinion,Acknowledge
I think that would be best. (neutral),Agreement,Statement Opinion
"Yeah. All right, I'll talk to you later. (neutral)",Statement Non Opinion,Acknowledge
Okay. But not about this! (anger),Statement Non Opinion,Command
No! Never! Never! Bye. (anger),Agreement,Disagreement
No touch! No touch! (neutral),Statement Non Opinion,Command
"Umm ma'am, do you have a minute? I kind of have some bad news. I don't think I can move to Tulsa. (sadness)",Statement Non Opinion,Question
What? (surprise),Question,Question
"It's a funny story, actually. (neutral)",Answer,Statement Non Opinion
"I kind of fell asleep in the meeting this morning so when I said I'd move to Tulsa, I didn't really know what I was saying. (neutral)",Statement Non Opinion,Statement Non Opinion
You fell asleep? (surprise),Question,Question
"But only because I was up all night worried about this meeting, ain't that funny? (fear)",Answer,Statement Opinion
Irony? (surprise),Others,Question
"Not a fan, alright . (neutral)",Statement Non Opinion,Statement Opinion
"See, here's the thing. (neutral)",Statement Non Opinion,Statement Non Opinion
I went home and told my wife about Tulsa and she won't go. (neutral),Statement Non Opinion,Statement Non Opinion
"See, me, I love Tulsa! (joy)",Statement Opinion,Statement Opinion
Tulsa is heaven! (joy),Statement Opinion,Statement Opinion
Tulsa is Italyâ€šÃ„Ã®Please don't make me go there! (fear),Statement Non Opinion,Statement Opinion
"Chandler, I... (joy)",Others,Acknowledge
No no no! (fear),Disagreement,Disagreement
"Look, Carol, can I call you Carol? (neutral)",Question,Question
Wh-why would I when your name is Elaine? (joy),Statement Non Opinion,Statement Opinion
"Oh what a great picture of your son, strapping! (joy)",Statement Opinion,Statement Opinion
"That's a picture of your daughter, isn't it, well she's lovely. (joy)",Statement Non Opinion,Statement Opinion
I like a girl with a strong jaw. (sadness),Statement Opinion,Statement Opinion
I'll call you from Tulsa. (neutral),Statement Non Opinion,Statement Non Opinion
Hi. (neutral),Greeting,Greeting
Hey. (neutral),Greeting,Greeting
How are you? (neutral),Question,Question
"I'm not too bad. Fortunately, blue's my colour. How-how did you know I was here? (neutral)",Question,Answer
Because... I'm Monica Geller. It was my credit card you were using. (neutral),Answer,Statement Non Opinion
That I was not expecting. (surprise),Statement Non Opinion,Statement Opinion
"I want you to know, it wasn't me who turned you in. (neutral)",Statement Opinion,Statement Non Opinion
Oh. Thanks. (neutral),Greeting,Acknowledge
"No, thank you! You have given me so much! I mean, if it wasn't for you, I would never have gotten to sing (joy)",Statement Opinion,Statement Opinion
"Well, actually, you only got to sing 'Memo-'. (neutral)",Statement Non Opinion,Statement Non Opinion
I just can't believe you're in here. (surprise),Statement Non Opinion,Statement Opinion
"I mean, what am I gonna do without you? (sadness)",Question,Statement Opinion
Who's gonna crash the embassy parties with me? (sadness),Question,Question
Who's gonna take me to the (sadness),Question,Statement Opinion
"Uh... Oh, Mindy, you are so stupid. Oh, we are both so stupid. (disgust)",Statement Opinion,Disagreement
What do you mean? (neutral),Question,Question
Smell familiar? (neutral),Statement Non Opinion,Question
Oh no. (fear),Statement Non Opinion,Acknowledge
"Oh, I am so sorry. (sadness)",Apology,Apology
"No me, I am so sorry... (sadness)",Apology,Apology
Oh my. (surprise),Others,Acknowledge
"Well, there's no way I'm gonna get a shot. (fear)",Statement Non Opinion,Statement Opinion
"Maybe they can take the needle and thquirt it into my mouth, you know, like a thquirt gun. (fear)",Statement Opinion,Statement Opinion
"Doctor, can I see you for just a minute please? My brother has a slight phobia about needles. (neutral)",Statement Non Opinion,Question
Did you tell him about my thquirt gun idea? (neutral),Question,Question
"My brother, the PhD would like to know if there's any way to treat this orally. (neutral)",Statement Non Opinion,Statement Non Opinion
"No, under these circumstances it has to be an injection, and it has to be now. (neutral)",Disagreement,Statement Non Opinion
Tho? (neutral),Others,Question
Ohhh. (fear),Statement Non Opinion,Acknowledge
"That's good, have a seat. (neutral)",Statement Non Opinion,Command
"Um, the doctor says it's gotta be a needle. (neutral)",Statement Non Opinion,Statement Non Opinion
"You're just gonna have to be brave, ok? (neutral)",Statement Opinion,Command
Can you do that for me? (neutral),Question,Question
Ok. (neutral),Answer,Agreement
Ok. Oh boy. You are doin' so good. You wanna squeeze my hand? (neutral),Statement Opinion,Backchannel
Yes! (fear),Agreement,Acknowledge
"All right, Ross, don't squeeze it so hard. (neutral)",Command,Command
"Honey, really, don't squeeze it so hard! (anger)",Statement Non Opinion,Command
Let go of my hand! (anger),Command,Command
You're gonna love me so much. I got Sting tickets!! (joy),Statement Opinion,Statement Opinion
Oh my God! I do love you! How did you do it?! (joy),Question,Agreement
Well...let's just say (neutral),Statement Non Opinion,Statement Non Opinion
"Oo, where are the seats? (joy)",Question,Question
"Uh, middle balcony. (neutral)",Answer,Statement Non Opinion
You're a mean old woman. (anger),Statement Opinion,Statement Opinion
No! Wait no! Shut up--I mean don't cry! Let me get my checkbook! (sadness),Statement Non Opinion,Command
"Look honey, you don't have to do this, okay? (surprise)",Command,Statement Opinion
It's the strength you have inside that means the most to me. (joy),Statement Opinion,Statement Opinion
"You're loyal, you're honest, and you have integrity! (joy)",Statement Opinion,Statement Opinion
That's the kind of strength that I want in the man that I love! (joy),Statement Opinion,Statement Opinion
That means nothing to me. Come on! (anger),Statement Opinion,Disagreement
"Oh! Hey, Mr. Treeger. (fear)",Greeting,Greeting
What are you doing? (neutral),Question,Question
Ummm. Oh! I'm sorry. It's a little old but (joy),Apology,Apology
No! You're clogging up the chute that I spent a half-hour unclogging! (anger),Disagreement,Disagreement
I'm sorry. I didn't--I don't come in here a lot. (sadness),Apology,Apology
"Oh yeah, of course you don't! (anger)",Agreement,Disagreement
"Cause you're a little princess! ""Daddy, buy me a pizza. Daddy, buy me a candy factory. Daddy, make the cast of (disgust)",Statement Opinion,Statement Opinion
"You think you could make a mess and the big man in coveralls will come in here and clean it up, huh? (anger)",Statement Non Opinion,Statement Opinion
"Well, why don't think of someone else for a change? (anger)",Question,Command
"Okay, I'm sorry. (sadness)",Apology,Apology
Hello! (joy),Greeting,Greeting
What's this? (neutral),Question,Question
Oh right its that girl's phone number. (neutral),Answer,Statement Non Opinion
"Yeah-yeah, there it is, just a phone number a really hot girl gave me. (joy)",Statement Non Opinion,Statement Opinion
"It's no big deal, I mean it is her home phone number, but... Whoa! (surprise)",Statement Opinion,Statement Opinion
"Whoa-whoops, I almost lost this baby! (joy)",Statement Non Opinion,Statement Opinion
"Yeah, the lovely Amanda gives me her number and I-I go and drop it. (anger)",Statement Non Opinion,Statement Opinion
Thank you. (neutral),Greeting,Acknowledge
I don't know how any of these got opened?! (surprise),Question,Statement Non Opinion
You opened them all? (surprise),Question,Question
"I know! I know! I am a terrible person! I mean, Chandler is never going to trust me with anything ever again! (joy)",Statement Opinion,Statement Opinion
Oh hey! You got my parent's gift! (joy),Statement Non Opinion,Statement Opinion
Yeah. What is that? (neutral),Question,Question
"Well, I don't know. I think it does something to salami. (sadness)",Answer,Statement Non Opinion
Hey! How'd it go? (sadness),Question,Question
Yeah. What-what did Tag say? (neutral),Question,Question
Tag is not the father! And Joey knows now? (sadness),Answer,Statement Non Opinion
"I do Rach. I do, and I so happy for you. (joy)",Agreement,Agreement
"Oh wow, you didn't even try to unhook my bra! (surprise)",Statement Non Opinion,Statement Non Opinion
So are you ever gonna tell whoever it is? (neutral),Question,Question
"No, I will. I'm just not up for it tonight. (neutral)",Answer,Statement Non Opinion
"Hey Rach listen, no matter what this guy says I want you to know you're not gonna be alone in this. (joy)",Statement Non Opinion,Statement Opinion
I'm not? (surprise),Agreement,Question
Listen I uh... It's a scary world out there especially if you're a single mom. (fear),Statement Opinion,Statement Opinion
"Y'know, I always felt like you and I have this-this special bond. (neutral)",Statement Opinion,Statement Opinion
"So, Rachel Green will you marry me? (joy)",Question,Command
Thank you. (neutral),Answer,Acknowledge
If I can't have it you can't have it! (anger),Statement Opinion,Disagreement
"I can't believe her, y'know it's just--it's so typical. (disgust)",Statement Non Opinion,Statement Opinion
"Now Monica, I know you're upset, but don't forget. (neutral)",Statement Non Opinion,Acknowledge
"There is going to be a wedding, you are going to throw the bouquet, and (neutral)",Statement Non Opinion,Statement Non Opinion
Paris? (neutral),Others,Question
We will take a moonlit walk on the Rue de la . (neutral),Statement Opinion,Statement Non Opinion
Keep talking. (neutral),Backchannel,Command
"Then we will sprinkle rose pedals on the bed and make love. Not just because it's romantic, but because I can! (joy)",Statement Opinion,Statement Opinion
I love you! (joy),Statement Opinion,Statement Opinion
Yes! (joy),Statement Non Opinion,Agreement
I win again! (joy),Statement Non Opinion,Statement Opinion
Ha-ha! (joy),Others,Backchannel
That's like 500 bucks you owe me! (joy),Statement Non Opinion,Statement Non Opinion
Whoo-ho-hoo! (joy),Others,Backchannel
$500 that is a loooot of electricity! (joy),Statement Opinion,Statement Opinion
Whoo-ho-ho! (joy),Others,Backchannel
I gotta buy some food. (neutral),Statement Non Opinion,Statement Non Opinion
"Okay, give me a chance to win my money back. Okay? Sudden death, one goal, $1,000. (neutral)",Statement Non Opinion,Command
You serious? (surprise),Question,Question
Oh yes! (anger),Answer,Agreement
"Okay, get ready to owe me! (joy)",Statement Non Opinion,Statement Opinion
Okay. (neutral),Agreement,Acknowledge
"Okay, here we go. Ready? (neutral)",Question,Question
No! No! No! No----one can beat me. (anger),Disagreement,Disagreement
"See? Now, that's why only the little fake men are supposed to do all the kicking. (fear)",Statement Opinion,Statement Opinion
Who is that?! (surprise),Question,Question
"Don't worry, I'm brave! (sadness)",Statement Opinion,Statement Non Opinion
I am brave! (fear),Statement Opinion,Statement Non Opinion
I...I am brave! (fear),Statement Opinion,Statement Non Opinion
No-no-no-no!! (fear),Others,Statement Non Opinion
Can you tell me who is there please? (neutral),Question,Question
Hi! (joy),Greeting,Greeting
Hi. Do you know what time it is? (neutral),Question,Question
It's candy time! My roommate says that they taste like little drops of heaven. (joy),Answer,Statement Opinion
Oh please! Did you hear that? Little drops of heaven. (joy),Statement Non Opinion,Statement Opinion
4:00 A.M. (neutral),Statement Non Opinion,Statement Non Opinion
"So, can I get some candy? (neutral)",Question,Question
"I am sorry, but some of us have to (neutral)",Answer,Apology
"Umm, listen I am sorry, but I'll put some out first thing in the morning. (sadness)",Apology,Apology
"Well okay, I'll swing by later. Do you live in this building? (neutral)",Question,Question
Um-hmm. (neutral),Answer,Acknowledge
Mm! Seems like I would've remembered you! (surprise),Statement Non Opinion,Statement Opinion
Mm! Night Gar'! (neutral),Greeting,Greeting
Aaron! You gotta let me go. The guy's hammered! (joy),Statement Non Opinion,Command
"I'm sorry Joey, as long as he's here and he's conscious we're still shooting. (neutral)",Disagreement,Statement Non Opinion
You wouldn't happen to have a very big fork? (neutral),Statement Opinion,Question
"So I uh, I just talked to the director. That's it, we're done for the day. (neutral)",Statement Non Opinion,Statement Non Opinion
Well have we finished the scene? (surprise),Question,Question
Yeah! You...you were wonderful. (joy),Answer,Statement Opinion
As were you. (neutral),Statement Opinion,Agreement
"So I got your car, it's right outside. (neutral)",Statement Non Opinion,Statement Non Opinion
"Oh, thank you. You're welcome. (joy)",Greeting,Acknowledge
No-no-no! We gotta go! Come on! Here we go. (fear),Statement Opinion,Command
Is that my ass? (joy),Question,Question
What about these? These look the same? (neutral),Question,Question
Definitely! (joy),Answer,Agreement
Not as each other! (neutral),Statement Opinion,Statement Non Opinion
"Oh, then no. (neutral)",Agreement,Disagreement
Hey! (joy),Greeting,Greeting
Hi! (anger),Greeting,Greeting
You look amazing. I'm the luckiest man in the world. (joy),Statement Opinion,Statement Opinion
"Ohh, you're about to get a little luckier. (joy)",Statement Non Opinion,Statement Opinion
Let me see the earrings. (neutral),Statement Non Opinion,Command
"Oh, honey, the earrings (neutral)",Statement Non Opinion,Acknowledge
They look great! Does your boyfriend have the best taste or what? (joy),Question,Question
My boyfriend really does have good taste! (joy),Answer,Agreement
Thanks for picking out the earrings man. (neutral),Statement Non Opinion,Statement Non Opinion
Mm-Hm (neutral),Others,Backchannel
"I know that there's no hole there, I just really liked that picture. (neutral)",Statement Opinion,Statement Non Opinion
Oh my God! Look at this! (surprise),Statement Non Opinion,Statement Opinion
"Okay, but there (neutral)",Statement Non Opinion,Acknowledge
I don't care! The wires have come loose in your head! (anger),Statement Non Opinion,Disagreement
I just thought that if I could follow the wire I could find out what it did. (neutral),Statement Opinion,Statement Non Opinion
And did you?! (sadness),Question,Question
"No. It disappears back there behind that baseboard. For a minute there, I thought it went downstairs. (neutral)",Answer,Statement Non Opinion
But it didn't. Say hello to Mrs. Chatracus. (neutral),Statement Non Opinion,Statement Non Opinion
Oh my God. (surprise),Others,Statement Opinion
Hello darling. (neutral),Greeting,Greeting
"Hello, Mrs. Chatracus. (neutral)",Greeting,Greeting
"Okay, is everybody clear? We're gonna pick it up...and move it. Now all we need is teamwork, okay? We're gonna (neutral)",Statement Non Opinion,Command
"Ross, I really don't think (neutral)",Disagreement,Disagreement
Lift!! And slide! (joy),Statement Non Opinion,Command
"Okay, here we go. (neutral)",Statement Non Opinion,Acknowledge
"All right everyone, lift! And slide!! (joy)",Command,Command
"All right Carl, we're next. Now remember, what is not gonna be? (neutral)",Statement Non Opinion,Command
Another (neutral),Others,Answer
That's right! And what are you not gonna do? (neutral),Question,Question
"Well, I'm not gonna talk because (neutral)",Answer,Statement Non Opinion
"I mean, I realize that his feelings may never completely go away, but (sadness)",Statement Opinion,Statement Opinion
"Oh?my Gawd, I-I understand. (sadness)",Agreement,Acknowledge
"I-I am so sorry, I'll go. (sadness)",Apology,Apology
"Good-bye Monica , I wish you a lifetime of happiness with him. (sadness)",Greeting,Statement Non Opinion
"Chandler, you call me when this goes in the pooper. (neutral)",Command,Command
I found my identical hand twin! (joy),Statement Non Opinion,Statement Opinion
"Ohh, you are (neutral)",Statement Non Opinion,Backchannel
No! (neutral),Disagreement,Disagreement
But she just came up here! (surprise),Statement Non Opinion,Statement Non Opinion
That was Joey! (neutral),Statement Non Opinion,Statement Non Opinion
I wonder where she is. That is so weird. (neutral),Statement Non Opinion,Statement Opinion
"Yeah, well, she's probably talking to Richard. (neutral)",Statement Non Opinion,Statement Opinion
Would you stop that! (anger),Statement Non Opinion,Command
Do you wanna know the first thing she said when she came back from her lunch with Richard? (neutral),Question,Question
She didn't feel anything for him. (neutral),Answer,Statement Non Opinion
She loves you! (sadness),Statement Opinion,Statement Non Opinion
Really? (surprise),Backchannel,Question
"Yes! Now, she feels terrible! She really wants to make up! You gotta find her. (anger)",Statement Non Opinion,Command
Okay. (neutral),Agreement,Acknowledge
Good. I should really start wearing hats! (neutral),Statement Non Opinion,Statement Opinion
"I mean, why should I let them meet him? (neutral)",Question,Question
"I mean, I bring a guy home, and within five minutes they're all over him. (disgust)",Statement Non Opinion,Statement Non Opinion
"I mean, they're like- coyotes, picking off the weak members of the herd. (joy)",Statement Opinion,Statement Non Opinion
Listen. (neutral),Command,Command
"As someone who's seen more than her fair share of bad beef, I'll tell you: that is not such a terrible thing. (neutral)",Statement Opinion,Statement Opinion
"I mean, they're your friends, they're just looking out after you. (neutral)",Statement Non Opinion,Statement Opinion
"I know. I just wish that once, I'd bring a guy home that they actually liked. (sadness)",Statement Opinion,Statement Non Opinion
"Well, you do realise the odds of that happening are a little slimmer if they never get to meet the guy.. (neutral)",Statement Opinion,Statement Opinion
No-no-no-no. Hey! (surprise),Greeting,Greeting
"Anyway, I should go. Okay, bye. (neutral)",Greeting,Statement Non Opinion
Hey sweetie. (neutral),Greeting,Greeting
"Hi sweetie. So, what was with all the whispering? (neutral)",Question,Question
I can't tell you. It's a secret. (neutral),Answer,Statement Non Opinion
Secret? Married people aren't supposed to have secrets between one another. We have too much love and respect for one another. (anger),Statement Opinion,Disagreement
Awww. But still no. (neutral),Disagreement,Disagreement
"No I'm serious, we should tell each other (neutral)",Statement Opinion,Statement Opinion
"Really? Okay, so why don't you tell me what happened to Ross Junior year at (neutral)",Statement Opinion,Question
"Oh no-no, I can't do that. (fear)",Disagreement,Disagreement
"If you tell me, I'll tell you what Phoebe said. (neutral)",Statement Non Opinion,Statement Non Opinion
Okay. (neutral),Agreement,Agreement
Okay. (neutral),Agreement,Agreement
"So, Ross and I are going to (neutral)",Statement Non Opinion,Statement Non Opinion
Oh my God. He threw up? (disgust),Question,Question
"No, he visited a little town south of throw up. So what was Phoebe's secret? (neutral)",Question,Statement Non Opinion
"Oh, Nancy Thompson from Phoebe's old massage place is getting fired. (neutral)",Answer,Statement Non Opinion
That's it?! I gave up my (joy),Statement Non Opinion,Disagreement
That's right! You lose sucker!! Please still marry me. (joy),Statement Opinion,Statement Opinion
Oh hey! How was your audition? (joy),Question,Greeting
"I'm sorry, do I know you? (neutral)",Question,Question
What are you doing? (neutral),Question,Question
"Nothing, I'm just practicing blowing you off because I'm gonna be a big movie star! (surprise)",Answer,Statement Opinion
Oh! You got it?! (sadness),Question,Question
"Well no, not yet. But the audition went really good. (joy)",Answer,Answer
What was it for? (neutral),Question,Question
"Oh, it's this big budget period movie about these three Italian brothers who come to America around the turn of the century. (neutral)",Answer,Statement Non Opinion
It's really classy! (joy),Statement Opinion,Statement Opinion
"Oh, and the director is supposed to be the next next Martin Scorcese. (joy)",Statement Non Opinion,Statement Opinion
The next next? (neutral),Question,Question
"Yeah, there's this guy from Chicago who's supposed to be the next Martin Scorcese, all right? (neutral)",Answer,Statement Non Opinion
But then this guy's right after him. (neutral),Statement Non Opinion,Statement Non Opinion
Hello! (joy),Greeting,Greeting
They loved me! (joy),Statement Non Opinion,Statement Opinion
Oh my God! (joy),Statement Non Opinion,Statement Opinion
"Are you kidding me? I never rent a movie without it! Oh. Uh, okay uh let me call you back. (surprise)",Statement Non Opinion,Statement Opinion
What's the matter? (neutral),Question,Question
They want me to be totally naked in the movie! (surprise),Answer,Statement Opinion
Wow! (surprise),Backchannel,Acknowledge
I know! My grandmother's gonna see this! (joy),Statement Non Opinion,Statement Opinion
Grandma's gonna have to get in line. (joy),Statement Non Opinion,Statement Opinion
Oh please! It was such a big class! You never even noticed me! (joy),Statement Opinion,Disagreement
"What? Of course I did! You uh, you sat next to Sleepy Sleeperson. (surprise)",Disagreement,Disagreement
Who? (neutral),Question,Question
"Oh uh, I had trouble remembering everyone's name, so I-I kinda came up with nicknames. (neutral)",Answer,Statement Non Opinion
Like the guy on the other side of you was Smelly von Brownshirt. (neutral),Statement Non Opinion,Statement Non Opinion
"Oh yeah. So umm, did you have a nickname for me? (neutral)",Question,Question
"Umm, no. No. (neutral)",Answer,Statement Non Opinion
Yes you did! What was it? (surprise),Question,Disagreement
"Umm, it's Cutie McPretty. (neutral)",Answer,Statement Non Opinion
Ohh that's so sweet! (joy),Statement Non Opinion,Statement Opinion
"Listen, I gotta tell ya, I-I'm having a great time! (joy)",Statement Non Opinion,Statement Opinion
"Y'know how before you said it might be weird, the whole student teacher thing, and to be frank I thought it would be too, but it's not. (surprise)",Statement Opinion,Statement Opinion
I mean it's not at all. (neutral),Statement Opinion,Statement Non Opinion
Dr. Geller! (joy),Greeting,Greeting
Burt! (joy),Greeting,Greeting
"Okay, so we got some more good rejections, lots of stuff to work on. (neutral)",Statement Non Opinion,Statement Non Opinion
"Okay, shoot. (neutral)",Agreement,Acknowledge
"Okay, um, oh, the zoo commercial. (neutral)",Statement Non Opinion,Statement Non Opinion
I didn't get it? (neutral),Question,Question
"No. They said you 'Weren't believable as a human being.' So, you can work on that. (joy)",Answer,Statement Opinion
"Okay, what else? (neutral)",Question,Question
"Um, the off-Broadway play people said 'You were pretty but dumb.' (neutral)",Answer,Statement Non Opinion
Oh. (sadness),Backchannel,Acknowledge
"Oh no wait, I'm sorry, that's 'pretty dumb.' (neutral)",Statement Opinion,Apology
Hey. (neutral),Greeting,Greeting
How's the maniac? (neutral),Question,Question
"Oh, well he's yummy. We did a little kissin'. (joy)",Answer,Statement Opinion
"Phoebe, what are you doing? (surprise)",Question,Question
"Oh, no, no, no, no. You know what, he's not into that stuff anymore. He quit for me. (neutral)",Answer,Statement Non Opinion
"Pheebs, this guy has been obsessed with your sister, for God knows how long, okay, you don't just give up something like that. (disgust)",Statement Opinion,Statement Opinion
"Look, he gave me his night vision goggles and everything. (joy)",Statement Non Opinion,Statement Non Opinion
You're taking the word of a guy who has night vision goggles? (surprise),Statement Non Opinion,Question
"What, he's not still following her. Do you think he is still following her? (surprise)",Question,Question
"Pheebs, wake up and smell the restraining order. (disgust)",Statement Non Opinion,Statement Opinion
What are you saying I should do? (neutral),Question,Question
"I think, that if you really like this guy, you should just trust him. (neutral)",Answer,Statement Opinion
"Thank you, Monica. (joy)",Greeting,Acknowledge
"Orrr, you could follow him and see where he goes. (neutral)",Statement Opinion,Statement Opinion
"Oh, that's what I would do, forget mine. (surprise)",Agreement,Statement Opinion
Hey guys check it out! My mom sent me the paper! (joy),Statement Non Opinion,Statement Non Opinion
"Ooh, let's see it! (joy)",Statement Non Opinion,Command
She's not crazy is she? (surprise),Question,Question
No. (neutral),Answer,Answer
"So uh, how you doin'? (neutral)",Question,Greeting
There he is! (joy),Statement Non Opinion,Greeting
There's our star! (joy),Statement Non Opinion,Greeting
"So, so, what'd ya think? (neutral)",Question,Question
Almost as good as that play with the two naked girls on the see-saw. (joy),Answer,Statement Opinion
I-I wasn't in that. (sadness),Disagreement,Statement Non Opinion
"Wow, I have the spirit of an old Indian women living in mine. (neutral)",Statement Non Opinion,Statement Opinion
So then you know? (joy),Question,Question
"The mailman was downstairs, so I brought up your mail. (neutral)",Statement Non Opinion,Statement Non Opinion
"Oh, good. Thanks. (neutral)",Greeting,Acknowledge
Now what is Fabutec? (neutral),Question,Question
"Okay, all right don't judge me to much. (fear)",Statement Non Opinion,Apology
Okay? (neutral),Statement Non Opinion,Backchannel
"Um, but I saw this info-mercial, and um, I swear to you I have never-ever bought anything on TV before, except for this mop. (neutral)",Statement Non Opinion,Statement Non Opinion
"But there was this stuff on leg waxing, it just, it looked so amazing.... (joy)",Statement Non Opinion,Statement Opinion
"Oh, it's incredible! I so want to be a Waxine girl. (joy)",Statement Opinion,Statement Opinion
I know!! (joy),Agreement,Agreement
God. Do think it really doesn't hurt? 'Cause how can they do that? (fear),Question,Question
Hello! Organic substances recently discovered in the depths of the rain forest! (joy),Answer,Statement Opinion
They have the best stuff in there. (neutral),Statement Opinion,Statement Opinion
"Comin' through. Move, move. (anger)",Statement Non Opinion,Command
"Oh, 'scuse me. I was kinda using that machine. (joy)",Statement Non Opinion,Apology
"Yeah, well, now you're kinda not. (disgust)",Disagreement,Disagreement
But I saved it. I put my basket on top. (anger),Statement Non Opinion,Statement Non Opinion
"Oh, I'm sorry, is that your basket? It's really pretty. Unfortunately, I don't see suds. (anger)",Disagreement,Statement Opinion
What? (surprise),Question,Question
"No suds, no save. Ok? (anger)",Answer,Statement Non Opinion
What's goin' on? (neutral),Question,Question
"Hi, uh, nothing. That horrible woman just took my machine. (disgust)",Answer,Statement Opinion
Was your basket on top? (neutral),Question,Question
"Yeah, but, there were no suds. (neutral)",Answer,Statement Non Opinion
So? (neutral),Statement Non Opinion,Question
"Well, you know, no suds, no save. (neutral)",Statement Opinion,Statement Non Opinion
"No suds? Excuse me, hold on a second. That's my friend's machine. (anger)",Statement Non Opinion,Command
"Hey, hey, hey, her stuff wasn't in it. (neutral)",Disagreement,Statement Non Opinion
"Hey, hey, hey, that's not the rule and you know it. (anger)",Disagreement,Disagreement
Cause it's good money! But that doesn't change the fact that this is an evil blood sucking corporate machine! (anger),Statement Opinion,Statement Opinion
"Well, I think this is a great place to work! (joy)",Statement Opinion,Statement Opinion
"Ok, are they listening? (anger)",Question,Question
Varrrrrroom! (joy),Others,Statement Non Opinion
Hey! (joy),Greeting,Greeting
Watch it lady! (anger),Statement Non Opinion,Command
Varrrrrrrrrrom! (joy),Others,Statement Non Opinion
Hey-hey good lookin'! (joy),Greeting,Greeting
Varrrrrrrrroom. (joy),Others,Statement Non Opinion
"All right, I'll leave. (sadness)",Statement Non Opinion,Statement Opinion
My bed's so boring. (sadness),Statement Opinion,Statement Opinion
Ross do you realise this is the first time in my life I'm doing something I actually care about. (anger),Statement Opinion,Statement Opinion
This is the first time in my life I'm doing something that I'm actually good at. (anger),Statement Opinion,Statement Opinion
I mean. (neutral),Statement Non Opinion,Backchannel
if you don't get that... (anger),Statement Non Opinion,Statement Non Opinion
"No, hey, I get that, okay, I get that big time. (anger)",Disagreement,Acknowledge
"And I'm happy for ya, but I'm tired of having a relationship with your answering machine! (anger)",Statement Opinion,Statement Opinion
"Okay, I don't know what to do anymore. (sadness)",Statement Non Opinion,Statement Non Opinion
Well neither do I! (joy),Statement Non Opinion,Disagreement
Hey! (anger),Greeting,Greeting
"I'm sorry I'm late, did I miss anything? (neutral)",Question,Apology
Joey stuffing 15 (neutral),Statement Non Opinion,Statement Non Opinion
15? Your personal best! (Ross takes an (surprise),Statement Opinion,Statement Opinion
Where were you? (neutral),Question,Question
"Oh, on a date. Yeah, I met this girl on the train going to a museum upstate. (neutral)",Answer,Statement Non Opinion
"Oh, yeah! How did you meet her? (surprise)",Question,Question
"Oh, which museum? (neutral)",Question,Question
"No, answer his. (neutral)",Statement Non Opinion,Command
"Okay, it was just me and her at the back of the train, and I sat near the door, so she'd have to pass by me if she wanted to switch cars. (joy)",Answer,Statement Non Opinion
She was totally at my mercy. (joy),Statement Non Opinion,Statement Opinion
Were you so late because you were burring this woman? (sadness),Question,Question
"No, I'm getting back down 'cause she lives in Poughkeepsie. (neutral)",Answer,Statement Non Opinion
"She seems really great, but she's like totally great, but she lives two and a half hours away. (joy)",Statement Opinion,Statement Opinion
How can she be great if she's from Poughkeepsie? That joke would've killed in Albany. (anger),Statement Opinion,Disagreement
"Done! I did it! Heh, who's stupid now? (joy)",Question,Statement Opinion
"No, there is no way! It can (joy)",Disagreement,Disagreement
Why is your family (neutral),Question,Question
He cannot play at our wedding! (anger),Answer,Statement Opinion
I mean everyone will leave! (anger),Statement Opinion,Statement Opinion
"I mean come on, that is just noise! (anger)",Statement Opinion,Statement Opinion
It's not even a song! (anger),Statement Opinion,Statement Opinion
"If you listen very carefully, I think its (neutral)",Statement Opinion,Statement Opinion
"Oh, I want to look too! . Yikes! (surprise)",Statement Non Opinion,Statement Opinion
"So do you think that these pictures--Are, are they trying to tell a story? (neutral)",Question,Question
"Oh, yeah, sure. (neutral)",Answer,Agreement
"I mean, like in the case of this young woman, she has lost her clothes, so she rides naked on the horse, she's crying out, 'Where are they, where are they?' (neutral)",Statement Non Opinion,Statement Non Opinion
"Well, she's not going to find them lying in the grass like that. (neutral)",Statement Opinion,Statement Non Opinion
"Oh, yeah. Aw, remember the days when you used to go out to the barn, lift up your shirt, and bend over? (joy)",Statement Non Opinion,Statement Opinion
Yeah. (neutral),Agreement,Acknowledge
"You see, now, I would date this girl. (neutral)",Statement Opinion,Statement Opinion
"She's cute, she's outdoorsy, you know, and she knows how to build a fire. (neutral)",Statement Opinion,Statement Opinion
"I mean, that's got to come in handy (neutral)",Statement Non Opinion,Statement Opinion
"Okay, I've got a question. If you had to pick one of us to date, who would it be? (neutral)",Question,Question
I don't know. (neutral),Answer,Statement Non Opinion
Me neither. (neutral),Answer,Statement Non Opinion
Rachel. (neutral),Answer,Statement Non Opinion
What?! (surprise),Question,Question
I don't know. Me neither. (neutral),Answer,Statement Non Opinion
"Look, I wanted to tell I'm-I'm sorry you lost. (sadness)",Apology,Apology
"Listen, I've got a secret for ya. I let him win. (neutral)",Statement Non Opinion,Statement Non Opinion
Is that a secret or a lie. (anger),Question,Question
"No, I let him win--Ross! (neutral)",Answer,Statement Non Opinion
Yeah? (surprise),Statement Non Opinion,Acknowledge
Would you tell her I let you win please? (anger),Statement Non Opinion,Command
Oh. Yeah. Uh Chandler (neutral),Agreement,Acknowledge
I am strong! I'll show you! (anger),Statement Opinion,Statement Opinion
Chandler please! (disgust),Statement Non Opinion,Command
Oh what's the matter? Are you scared? (anger),Question,Question
Let's go big bunny! (anger),Answer,Command
Okay. 1...2...3--Go! I'm gonna kill myself! (neutral),Agreement,Statement Non Opinion
"Hey Ross, is uh, is Staten Island really an island? (neutral)",Question,Question
"Uh-huh, that's why they call it Staten (surprise)",Answer,Answer
Ohhh. I thought it was like Long Island. (surprise),Statement Opinion,Statement Non Opinion
Also an island. (neutral),Acknowledge,Statement Non Opinion
"Hey, what time is it? (neutral)",Question,Question
0.0951388888888889 (neutral),Answer,Others
"Wow! You realize that we've been throwing this ball, without dropping it, for like an hour? (surprise)",Statement Non Opinion,Statement Opinion
Are you serious?! (surprise),Question,Question
Yeah. I realized it about a half-hour ago but I didn't want to say anything 'cause I didn't want to jinx it. (neutral),Answer,Statement Non Opinion
Wow! We are pretty good at this! Hey! We totally forgot about lunch! (surprise),Statement Non Opinion,Statement Opinion
"Oh, I-I, I think that's the first time I ever missed a meal! Yeah, my pants are a little loose! (anger)",Statement Opinion,Statement Opinion
"Hey, you guys (neutral)",Greeting,Greeting
Hey! (joy),Greeting,Greeting
Who is it? (neutral),Question,Question
It's Phoebe! Phoebe! (joy),Answer,Statement Non Opinion
Hey! (joy),Greeting,Greeting
Oh God. So-so you're making porn movies. (surprise),Statement Non Opinion,Statement Opinion
No I'm not. (anger),Disagreement,Disagreement
You're making one right now! (anger),Statement Non Opinion,Statement Non Opinion
And- (neutral),Others,Others
"Yeah, can I help you with something? (neutral)",Question,Question
"Look, I'm talking right now! You're--you mean her. (joy)",Statement Non Opinion,Statement Opinion
"Y'know, twin stuff is always a real big seller. (neutral)",Statement Non Opinion,Statement Non Opinion
What?! (surprise),Question,Question
"Yeah, I can talk them into giving you like, 30 dollars. (neutral)",Answer,Statement Non Opinion
No!! (disgust),Disagreement,Disagreement
And stop using my name! (anger),Command,Command
And shame on you! (disgust),Statement Non Opinion,Statement Opinion
And shame on all of you! (disgust),Statement Non Opinion,Statement Opinion
You're disgusting! (disgust),Statement Opinion,Statement Opinion
Especially you with that! (disgust),Statement Non Opinion,Statement Opinion
Hey! (joy),Greeting,Greeting
Hi Pheebs! (joy),Greeting,Greeting
Are you moving out? (neutral),Question,Question
"No, these aren't all my suitcases. This one's Paolo's. (neutral)",Answer,Answer
"Um, um, Rachel can we talk for a sec? (neutral)",Question,Question
"Well, sure...just a sec, though, 'cause Paolo's on his way over. (neutral)",Answer,Answer
"Oh! Ok, um, ok, um, (fear)",Agreement,Backchannel
"Oh, Pheebs, Pheebs... (joy)",Others,Acknowledge
"Ok, um, we haven't known each other for that long a time, and, um, there are three things that you should know about me. (neutral)",Statement Non Opinion,Statement Non Opinion
"One, my friends are the most important thing in my life, two, I never lie, and three, I make the best oatmeal raisin cookies in the world. (neutral)",Statement Non Opinion,Statement Non Opinion
"Ok, thanks Pheebs Oh my God, why have I never tasted these before?! (surprise)",Question,Acknowledge
"Oh, I don't make them a lot because I don't think it's fair to the other cookies (neutral)",Answer,Statement Non Opinion
"All right, well, you're right, these are the best oatmeal cookies I've ever had. (surprise)",Statement Opinion,Agreement
Which proves that I never lie. (neutral),Statement Opinion,Statement Non Opinion
I guess you don't. (neutral),Agreement,Agreement
Paolo made a pass at me. (sadness),Statement Non Opinion,Statement Non Opinion
"I'm so sorry. Please, stop freaking out. (fear)",Apology,Apology
I'm not freaking out. (neutral),Disagreement,Disagreement
Why would I be freaking out? (neutral),Question,Question
"A woman named Heldi called and said we were getting married, but that happens everyday. (neutral)",Statement Non Opinion,Statement Non Opinion
"Honey, we were at this beautiful place, and I-I-I just put our names down for fun! (anger)",Statement Non Opinion,Statement Opinion
"I mean, what's the harm in that? (neutral)",Question,Question
Right here! (sadness),Answer,Statement Non Opinion
"Chandler, please don't think I was trying to pressure you. Phoebe and Rachel (anger)",Statement Non Opinion,Apology
Phoebe and Rachel! (anger),Others,Statement Non Opinion
"So the people that knew about our wedding before me were you, Phoebe and Rachel, Heldi, and apparently some band called Starlight Magic 7 who are available by the way! (sadness)",Statement Non Opinion,Statement Non Opinion
"It was a mistake. Please don't take this to mean anything, because it doesn't. (sadness)",Apology,Apology
Okay. (neutral),Agreement,Acknowledge
Really? (joy),Statement Non Opinion,Question
"Yes, if it really doesn't mean anything, because you know that I'm just not ready (neutral)",Statement Opinion,Statement Opinion
I know! I know. (neutral),Statement Non Opinion,Agreement
Okay. (neutral),Agreement,Acknowledge
I'm gonna go tell Joey that that you're back. I was really worried about you. (anger),Statement Non Opinion,Statement Non Opinion
"Hey, did she buy it? (neutral)",Question,Question
Totally. (neutral),Answer,Acknowledge
So did Heldi show you the place? (neutral),Question,Question
"Yeah, it's beautiful. (neutral)",Answer,Statement Opinion
I can't believe you're gonna ask Monica to marry you! (joy),Statement Non Opinion,Statement Opinion
I know. (neutral),Statement Non Opinion,Acknowledge
"Okay look, I have an idea. (neutral)",Statement Non Opinion,Statement Non Opinion
"Why don't we, why don't we see what kind of number he has on his speed dial, and then from that we can tell who has more in common with him. (neutral)",Statement Opinion,Statement Non Opinion
And then whoever does gets the phone. (neutral),Statement Non Opinion,Statement Non Opinion
"All right, first name on the speed dial is mom. (neutral)",Statement Non Opinion,Statement Non Opinion
"Ohh, I lost my mom to suicide. (sadness)",Statement Non Opinion,Statement Opinion
"Okay no way, you cannot use that to get the cute guy and the last blueberry muffin. (sadness)",Statement Opinion,Disagreement
Did I use that already today? I'm sorry. (sadness),Apology,Apology
Joe. (neutral),Others,Statement Non Opinion
"Oh, I win! He's got (joy)",Statement Non Opinion,Statement Opinion
So you don't know that's (neutral),Statement Non Opinion,Statement Non Opinion
His new girlfriend! (surprise),Statement Non Opinion,Statement Opinion
I can't believe this. Do you think that your parents could help pay for it? (surprise),Question,Question
"I don't know, my mother spent most of her money on her fourth wedding. (sadness)",Answer,Statement Non Opinion
She's saving the rest for her divorce. (anger),Statement Non Opinion,Statement Non Opinion
And any extra cash my father has he saves for his yearly trips to (neutral),Statement Non Opinion,Statement Non Opinion
Well what happened at dinner? (neutral),Question,Question
My parents spent the money for our wedding! (anger),Statement Non Opinion,Statement Opinion
My God! What did you order?! (surprise),Question,Question
"Wait, but there's no money! Well this is terrible! You guys are gonna have to get married in like a, rec. center! (sadness)",Statement Opinion,Statement Opinion
"Honey, it's gonna be okay. (neutral)",Statement Opinion,Agreement
No! No it's not! It's not gonna be okay! It sucks! No swing band! No lilies! (sadness),Disagreement,Disagreement
"No, y'know what? (neutral)",Others,Backchannel
It's gonna be okay. (neutral),Statement Opinion,Agreement
I mean you don't have to have this rustic Italian feast. (neutral),Statement Opinion,Statement Opinion
Y'know? (neutral),Others,Backchannel
"And-and you don't need, you don't need this custom-made, empire-waisted, duchess, satin gown; you can wear off the rack. (neutral)",Statement Opinion,Statement Opinion
"Dr. Geller, there's a seat over here. (neutral)",Statement Non Opinion,Statement Non Opinion
"Thank you, Dr. Phillips, but I'm having my lunch at this table, here in the middle. (neutral)",Statement Non Opinion,Answer
"I'm having lunch right here, with my good friend Joey, if he'll sit with me. (neutral)",Statement Opinion,Statement Non Opinion
I will sit with you Dr. Geller. (neutral),Statement Non Opinion,Agreement
"Y'know, we work in a museum of natural history, and yet there is something unnatural about the way we eat lunch. (neutral)",Statement Non Opinion,Statement Opinion
"Now, I look around this cafeteria, and y'know what I see, I see-I see division. (sadness)",Statement Opinion,Statement Opinion
"Division, between people in white coats and people in blue blazers, and I ask myself, ""My God why?!"" (fear)",Question,Statement Opinion
"Now, I say we shed these-these coats that separate us, and we get to know the people underneath. (neutral)",Answer,Statement Opinion
I'm Ross! (joy),Statement Non Opinion,Statement Non Opinion
"I'm divorced, and I have a kid! (joy)",Statement Non Opinion,Statement Non Opinion
I'm Joey! I'm an actor! I don't know squat about dinosaurs! (joy),Statement Non Opinion,Statement Non Opinion
"I'm Ted, and I just moved here a month ago, and New York really scares me. (anger)",Statement Non Opinion,Statement Non Opinion
"All right, there you go! (joy)",Statement Non Opinion,Acknowledge
"Yeah, you hang in there Teddy! (anger)",Statement Non Opinion,Backchannel
"I'm Andrew, and I didn't pay for this pear. (neutral)",Statement Non Opinion,Statement Non Opinion
"Okay, good-good for you. (joy)",Statement Opinion,Acknowledge
"I'm Rhonda, and these aren't real! (neutral)",Statement Non Opinion,Statement Non Opinion
"Wow, Rhonda. (surprise)",Apology,Acknowledge
I'm Scott. (neutral),Statement Non Opinion,Statement Non Opinion
"Yeah, okay, Scott! (neutral)",Backchannel,Acknowledge
And I need to flip the light switch on and off 17 times before I leave a room or my family will die. (fear),Statement Non Opinion,Statement Non Opinion
So thanks for the warm welcome. (neutral),Greeting,Acknowledge
"It's good to have you guys on my team, and I come to play. (joy)",Statement Opinion,Statement Opinion
I hope you do too. (neutral),Statement Non Opinion,Statement Non Opinion
"Now, let's go out there and get 'em! (joy)",Statement Non Opinion,Command
"And remember, there is no 'I' in team. (neutral)",Statement Opinion,Statement Non Opinion
"Yes, but there's two in martini, soo everybody (joy)",Statement Non Opinion,Statement Opinion
You! Chuckles! What's your name? (neutral),Question,Question
"Oh it's Bing, sir. I'm sorry , I was just ah... (fear)",Answer,Apology
"No-no, I heard what you said, funny. (neutral)",Statement Non Opinion,Acknowledge
I like funny. (joy),Statement Opinion,Statement Opinion
"This team is about hard work, but it's also about having fun. (joy)",Statement Opinion,Statement Opinion
Good to have you aboard Bing! (joy),Greeting,Acknowledge
Yeah. You won't be able to take it. (neutral),Statement Non Opinion,Agreement
"So uh, now that little Chandler turned out to be a girl, what are they gonna name her? (neutral)",Question,Question
They're gonna call her Chandler. (neutral),Answer,Statement Non Opinion
"That's kind of a masculine name, don't you think? (neutral)",Statement Opinion,Statement Opinion
Works on you. (neutral),Statement Non Opinion,Statement Opinion
"Oh, that is so sweet. (joy)",Statement Opinion,Statement Opinion
"No, no, ok, you hang up. (joy)",Statement Non Opinion,Command
"Ok, ok, one, two, three. (joy)",Others,Command
Well you didn't hang up either. (joy),Statement Non Opinion,Statement Non Opinion
She didn't hang up either... (joy),Statement Non Opinion,Statement Non Opinion
"Ok, no, no, you hang up. You, you, y-- (joy)",Statement Non Opinion,Command
"Ross, hi, it's Rachel. (neutral)",Greeting,Greeting
"I'm just calling to say that um, everything's fine and I'm really happy for you and your (neutral)",Statement Opinion,Statement Non Opinion
"Rach, I got a message from you. (neutral)",Statement Non Opinion,Acknowledge
Oh my God. (surprise),Others,Backchannel
"Oh my God Ross, no, hang up the phone, give me the phone Ross, give me the phone, give me the phone, give me the. (sadness)",Statement Non Opinion,Command
You're over me? (surprise),Statement Non Opinion,Question
Ohhhhhhhh God. (surprise),Others,Backchannel
"Wha... you're uh, you're, you're over me? (surprise)",Statement Non Opinion,Question
"Ohh, ohh. (sadness)",Others,Backchannel
"When, when were you... under me? (surprise)",Question,Question
"Well, basically, lately, I've uh, I've uh, sort of had feelings for you. (neutral)",Statement Opinion,Statement Non Opinion
"OK, I need to lie down. (surprise)",Statement Non Opinion,Statement Non Opinion
"Hey! I'm in, they're gonna let me audition! (joy)",Statement Non Opinion,Greeting
Really? That's great! (joy),Apology,Acknowledge
"I know! I know! It turns out that one of the casting ladies has actually seen me in a play, so I steered clear of her (joy)",Statement Opinion,Statement Opinion
(noticing a kid who has picked up a copy of (neutral),Others,Others
"Oh yeah, yeah! He's done tons of commercials. I've seen him in like Sugar Smacks, (joy)",Statement Non Opinion,Statement Opinion
"Yeah well, he's not gonna get this one. (joy)",Statement Opinion,Statement Opinion
Ben is way cuter than that kid. (joy),Statement Opinion,Statement Opinion
"I mean look at him, look at you, (disgust)",Statement Non Opinion,Statement Opinion
"That's great. Listen, wouldn't it be great though if I got to play Ben's dad? (neutral)",Statement Non Opinion,Question
"Joey, you look nothing like Ben. (neutral)",Statement Opinion,Statement Non Opinion
I look more like him than you do! (anger),Disagreement,Disagreement
"Y'know, I don't really know you well enough for you to do that. (joy)",Statement Opinion,Statement Opinion
That really was some of your best work. (joy),Statement Opinion,Statement Opinion
"Hm-hmm, I told you! I can't believe that I've only got two hours before I call in sick for work. (neutral)",Statement Non Opinion,Statement Non Opinion
I have to be up in seven minutes. (neutral),Statement Non Opinion,Statement Non Opinion
"Well, you're not gonna believe this, but if you have seven minutes (neutral)",Statement Non Opinion,Statement Non Opinion
Really?! (surprise),Others,Question
Do you wanna? (neutral),Question,Question
Okay! You get the vacuum cleaner and I'll get the furniture polish! (joy),Command,Command
Oh okay. But y'know what? Be careful. Because a guy who was helping me before had to leave because he hurt his back. (neutral),Statement Opinion,Statement Non Opinion
Boyfriend? (surprise),Question,Question
No. (neutral),Answer,Answer
I'm Joey. (neutral),Greeting,Statement Non Opinion
Kristen. (neutral),Greeting,Statement Non Opinion
"Oh wow, what a beautiful name! What is it again? (joy)",Question,Statement Opinion
Kristen. (neutral),Answer,Statement Non Opinion
Got it! So (neutral),Statement Non Opinion,Backchannel
"So uh, do you live around here? (neutral)",Question,Question
Yeah! (neutral),Answer,Answer
Yeah! (joy),Answer,Acknowledge
Right down there. (neutral),Statement Non Opinion,Statement Non Opinion
Hey listen.. let me give you a little tip. (neutral),Statement Non Opinion,Command
Do not take a nap on this stoop or you can wake up with your shoes gone. (joy),Statement Opinion,Statement Opinion
I'll remember that. (neutral),Statement Non Opinion,Acknowledge
"Okay. Yeah. Listen would you uh, would you like to have dinner with me tonight? (neutral)",Question,Question
"Oh I, I have plans tonight. (neutral)",Answer,Answer
But how about tomorrow? (neutral),Question,Question
"Sounds great! Okay, alright, well where does this go? (joy)",Answer,Agreement
"You look strong, why don't I take that and you grab one of the boxes. (neutral)",Statement Opinion,Command
"Okay. Yeah. Yeah, I'll grab this one. (neutral)",Agreement,Agreement
Hey. (neutral),Greeting,Greeting
"Listen, um... (neutral)",Command,Backchannel
I'm sorry. (sadness),Apology,Apology
"Yeah, um... You know you, you should just forget about what I said under the bridge, I was talkin' (neutral)",Statement Non Opinion,Statement Non Opinion
"That's right, I don't... But I was, I was drunk on you! (sadness)",Statement Opinion,Statement Opinion
"Okay, yeah, so it's not gonna work. (neutral)",Statement Opinion,Statement Non Opinion
"If it was, would you stop hanging out with her? (neutral)",Question,Question
"Um, then yes, it's 'cause of Phoebe! So, you know, it's either her or me. (anger)",Statement Opinion,Statement Opinion
"You know... You're gonna be really, really hard to get over. (sadness)",Statement Opinion,Statement Opinion
"By the way, the week before your wedding you may not see a lot of me. (neutral)",Statement Non Opinion,Statement Non Opinion
"Oh, hello liar. (anger)",Statement Non Opinion,Greeting
"Look, I-I'm really sorry I let go of the bike. (sadness)",Apology,Apology
I could've been killed I hope you know! (anger),Statement Non Opinion,Statement Opinion
"I know. I know. But, can we please try it again? Huh? I mean, you were (sadness)",Question,Acknowledge
"Well, I would love to but...the bike got stolen and the police have no suspects. (joy)",Answer,Statement Non Opinion
Phoebe. (neutral),Others,Greeting
What?! What the hell?! (anger),Disagreement,Question
"All right, y'know what? (anger)",Statement Non Opinion,Statement Non Opinion
"If you are not going to learn how to ride this bike then I'm sorry, I'm just gonna have to take it back. (anger)",Statement Opinion,Command
What?! Why?! (surprise),Question,Question
"Because! Because, it-it-it's... It'd be like you having this guitar and-and never playing it. Okay, this guitar (anger)",Answer,Statement Opinion
"All right. If you care enough to make up that load of crap, okay. (anger)",Agreement,Agreement
Great! Great! You're making the bike very happy. (joy),Apology,Statement Opinion
Okay Ross! Please don't die! (anger),Statement Non Opinion,Command
How could you have kept all of this from me? (fear),Question,Question
"I was going to tell you, but (neutral)",Answer,Statement Non Opinion
But what?! You figured you'd get what you wanted and then dump her like you dumped Rachel! (anger),Statement Opinion,Statement Opinion
Hey! I did not dump Rachel! Nor are we still together. Can I just... Why don't we just let the machine get that? (anger),Disagreement,Disagreement
Hey Ross. It's Joey. There's a hooker over here and we thought maybe you'd know something about it. (neutral),Statement Opinion,Statement Non Opinion
"No! No! No! No! No! I-I-I-I--I need to, I need to lie down. (neutral)",Disagreement,Statement Non Opinion
Everything on your application looks really good--Ohh! (joy),Statement Opinion,Statement Opinion
"Just one last question umm, are you and your friends gonna be over here all the time like partying and hanging out? (anger)",Question,Question
"Oh don't worry, I'm not really a party girl. (neutral)",Answer,Statement Non Opinion
"Whoa!! Now look, don't be just blurtin' stuff out. I want you to really think about your answers. Okay? (joy)",Statement Opinion,Command
You can call off the roommate search! Hi! I'll be living here. (joy),Statement Opinion,Statement Opinion
"Oh don't listen to him, he's just some guy who really wants the apartment, but I don't think he's gonna get it. (sadness)",Disagreement,Statement Opinion
Why did you take the shower curtain down? (surprise),Question,Question
That thing was a hazard! I'm very safety conscious. (fear),Answer,Statement Opinion
Hi. (neutral),Greeting,Greeting
"Hey man, how did the audition go? (neutral)",Question,Question
Estelle said I didn't get it. (sadness),Answer,Statement Non Opinion
What?! Why? Joey you were so ready for it! (surprise),Question,Question
"Yeah, I thought so too but, she said the casting people had some problems with me. (joy)",Answer,Statement Opinion
No! (surprise),Disagreement,Disagreement
"For all I know, she's trying to find me but couldn't because I kept moving around. (neutral)",Statement Opinion,Statement Non Opinion
"No, from now on, I'm staying in one place. (neutral)",Statement Non Opinion,Statement Non Opinion
Right here. (neutral),Statement Non Opinion,Statement Non Opinion
"Well, it's getting late. (neutral)",Statement Opinion,Statement Non Opinion
"Yeah, we're gonna go. (neutral)",Statement Non Opinion,Statement Non Opinion
"Actually, do you guys mind staying here for a while? (neutral)",Question,Question
"Ugh, y'know, umm we gotta get up early and catch that plane for New York. (neutral)",Answer,Statement Non Opinion
"Yeah, it's a very large plane. (neutral)",Statement Non Opinion,Statement Non Opinion
That's cool. (neutral),Others,Acknowledge
"But, we'll stay here with you. (neutral)",Agreement,Agreement
"Thanks guys! I really appreciate this, y'know, but you don't have to rub my butt. (joy)",Statement Opinion,Acknowledge
"Hey, Mel Gibson and Clint Eastwood. (surprise)",Greeting,Greeting
They're not a couple! (surprise),Statement Non Opinion,Disagreement
"Oh-okay, I get the game now. (neutral)",Statement Non Opinion,Acknowledge
"Okay look, look, let me ask you a question, when they were doing it on stage, was it like really hot? (neutral)",Question,Question
Oh yeah! (joy),Answer,Agreement
"Well okay, so then you're fine. (neutral)",Statement Non Opinion,Statement Non Opinion
The rule is when two actors are actually doing it off-stage all the sexual tension between them is gone. (neutral),Statement Non Opinion,Statement Non Opinion
Okay? (neutral),Backchannel,Backchannel
So as long as it's hot onstage you got nothing to worry about. (neutral),Statement Non Opinion,Statement Non Opinion
"It's when the heat goes away, that's when you're in trouble. (neutral)",Statement Non Opinion,Statement Non Opinion
Really? (surprise),Backchannel,Question
"Look, you guys have been to every play I've ever been in, have I ever had chemistry on stage? (neutral)",Question,Question
No. (neutral),Answer,Answer
Noooo!! (neutral),Disagreement,Statement Non Opinion
"Ursula! Wait! Err-err, it's me! Phoebe! (surprise)",Statement Non Opinion,Greeting
"Oh, I thought there was a mirror there. Okay, bye-bye. (neutral)",Greeting,Statement Non Opinion
"Wait a second! So, what's new with you? (surprise)",Question,Question
"Umm, nothing. I mean, I'm getting married next week. (neutral)",Answer,Statement Non Opinion
And your breasts! Hmm!!! (surprise),Statement Non Opinion,Statement Non Opinion
Okay. (neutral),Others,Acknowledge
"Umm look, you're coming on a little strong. (fear)",Statement Opinion,Statement Opinion
"But I'm going to give you the benefit of the doubt, because it seems the universe really wants to be together. (neutral)",Statement Non Opinion,Statement Opinion
"So, why don't we just start over okay? (neutral)",Statement Opinion,Others
And you can just tell me about yourself. (neutral),Statement Non Opinion,Command
All right. (neutral),Agreement,Acknowledge
Okay. (neutral),Backchannel,Acknowledge
"I write erotic novels, for children. (neutral)",Statement Non Opinion,Statement Non Opinion
What?! (surprise),Question,Question
They're wildly unpopular. (neutral),Answer,Statement Non Opinion
Oh my God! (disgust),Others,Acknowledge
"Oh also, you might be interested to know that I have a Ph.D. (neutral)",Statement Non Opinion,Statement Non Opinion
Wow! You do? (surprise),Question,Question
"Yeah, a Pretty Huge (joy)",Answer,Statement Non Opinion
All right. (disgust),Agreement,Acknowledge
"So, uh, how's she doing? (sadness)",Question,Question
The doctor says it's a matter of hours. (sadness),Answer,Statement Non Opinion
"How-how are you, Mom? (sadness)",Question,Question
"Me? I'm fine, fine. I'm glad you're here. ...What's with your hair? (anger)",Answer,Statement Opinion
What? (surprise),Backchannel,Question
What's different? (surprise),Question,Question
Nothing. (neutral),Answer,Statement Non Opinion
"Oh, maybe that's it. (neutral)",Others,Statement Non Opinion
"She is unbelievable, our mother is... (anger)",Statement Opinion,Statement Opinion
"Okay, relax, relax. (neutral)",Statement Non Opinion,Command
"We are gonna be here for a while, it looks like, and we still have boyfriends and your career to cover. (neutral)",Statement Non Opinion,Statement Non Opinion
Oh God! (surprise),Others,Acknowledge
The fuzzy little mints at the bottom of her purse. (neutral),Statement Non Opinion,Statement Non Opinion
Oh! (surprise),Others,Backchannel
"...Yeah, they were gross. (disgust)",Statement Opinion,Statement Opinion
"Oh, you know what I loved? (joy)",Question,Statement Opinion
Her Sweet 'n' Los. (joy),Answer,Statement Opinion
How she was always stealing them from- from restaurants. (joy),Statement Non Opinion,Statement Opinion
"Not just restaurants, from our house. (neutral)",Statement Non Opinion,Statement Non Opinion
Maybe. (neutral),Others,Statement Non Opinion
You can't! (surprise),Disagreement,Disagreement
Why? Seriously I did not understand a word that you said. (surprise),Statement Opinion,Question
In the hall. (neutral),Others,Statement Non Opinion
"Now, y'see, most people, when their pets pass on, they want 'em sorta laid out like they're sleeping. (neutral)",Statement Opinion,Statement Non Opinion
But occasionally you get your person who wants them in a pose. (neutral),Statement Opinion,Statement Non Opinion
"Like, chasing their tail, or, uh, jumping to catch a frisbee. (neutral)",Statement Non Opinion,Statement Non Opinion
"Joey, if I go first, I wanna be looking for my keys. (neutral)",Statement Non Opinion,Statement Opinion
That's a good one! (joy),Apology,Agreement
"Hey, Joe. (neutral)",Greeting,Greeting
"Dad, Ronni's here. (neutral)",Statement Non Opinion,Statement Non Opinion
Huh? (surprise),Backchannel,Acknowledge
"So now, these are all the tuxedos that we make and if there's anything that you like, we can make you a deal. (neutral)",Statement Opinion,Statement Non Opinion
Anything at all. (neutral),Others,Statement Non Opinion
But these are the three that Monica pre-approved. (neutral),Statement Non Opinion,Statement Non Opinion
"Well, thanks a lot for hookin' me up Rach. I want you to know that I want you to attend our wedding as my guest. (joy)",Statement Opinion,Agreement
I'm Monica's maid of honor. Okay? Don't try to blue pin me! (anger),Agreement,Disagreement
"Oh here, I think this is us. Yeah. (neutral)",Statement Opinion,Acknowledge
Limited seating my ass. Let's see who made the cut. Hi! (anger),Statement Non Opinion,Statement Non Opinion
I'm Monica Gellar. Who do you know the bride and groom? (neutral),Question,Question
Used to work with her. Used to! I'm a relative and I didn't get invited! A (anger),Statement Non Opinion,Statement Opinion
"Stop saying, ""Blood"" to strangers. (sadness)",Disagreement,Command
"So, how about you huh? How do you know the happy couple? (joy)",Question,Question
"Okay, you're fine. (neutral)",Statement Non Opinion,Statement Non Opinion
"Monica, why have you brought me here of all places?! (surprise)",Question,Question
You'll see. (neutral),Answer,Statement Non Opinion
"I tell you, this wedding is not going to happen. (joy)",Statement Opinion,Statement Opinion
"Okay? But-but imagine a lot more lights, okay? And-and y'know fewer bricks, and-and-and flowers, and candles (neutral)",Statement Non Opinion,Statement Non Opinion
"And the musicians, look, they can go over here , okay? And the chairs can face this way , and... You go. (neutral)",Statement Opinion,Command
"But-but, if you don't love this, we'll do it in any other place at any other time. (neutral)",Statement Opinion,Statement Non Opinion
"Really, it's fine, whatever you want. (neutral)",Statement Non Opinion,Agreement
It's perfect. (joy),Agreement,Statement Opinion
"And, I don't know, if it starts to rain (joy)",Statement Opinion,Statement Non Opinion
Well then we'll get wet. (anger),Statement Opinion,Statement Opinion
Ohh. And I don't even have a date. (sadness),Statement Non Opinion,Statement Opinion
Coming. (neutral),Others,Acknowledge
I have a bone to pick with you. (anger),Statement Non Opinion,Statement Opinion
Uh-oh. (fear),Others,Acknowledge
Yes! Ben learned a little trick. (anger),Statement Non Opinion,Statement Opinion
Oh yeah? Did he pull the old (surprise),Question,Question
That's right! That's right! (joy),Statement Non Opinion,Agreement
Oh that. (neutral),Others,Acknowledge
Yeah that! You know I hate practical jokes! They're mean and they're stupid and-and I don't want my son learning them! (anger),Statement Opinion,Statement Opinion
Y'know what? It doesn't matter! Because it is not true! (anger),Statement Non Opinion,Statement Opinion
Okay. (neutral),Backchannel,Acknowledge
"And if it were true, how (neutral)",Statement Non Opinion,Question
Ms. Monroe... Oh there you go. (neutral),Statement Non Opinion,Acknowledge
Mark's a genius! (surprise),Statement Opinion,Statement Opinion
Why?! How?! How is he a genius? (surprise),Question,Question
"Look, don't you see what's happening here. (anger)",Answer,Statement Opinion
"Instead of hitting on her right away, he's becoming her confidant. (anger)",Statement Opinion,Statement Opinion
Now he's gonna be the guy she goes too to complain about you. (neutral),Statement Opinion,Statement Non Opinion
What am I going to do? (fear),Question,Question
"Well, why don't you send her a musical bug, op, no you already did that. (neutral)",Answer,Statement Non Opinion
"All right look, you're going to have to go there yourself now, okay, make a few surprise visits. (neutral)",Statement Opinion,Command
I don't know you guys. (fear),Statement Non Opinion,Statement Non Opinion
"All right fine, don't do anything, just sit here and talk to us, meanwhile she is talking to him about you. (disgust)",Statement Non Opinion,Disagreement
"And he's being Mr. Joe Sensitive, and she starts thinking 'Maybe this is the guy for me, because he understands me.' (disgust)",Statement Non Opinion,Statement Opinion
"And before you know it, she's with him. (anger)",Statement Opinion,Statement Opinion
"And you'll be all, 'Ohh, man!' (anger)",Statement Opinion,Statement Non Opinion
"And he'll be all, 'Yes!' (anger)",Statement Opinion,Statement Non Opinion
"And us, we'll be like, 'Wh-whoa, dude.' (joy)",Statement Non Opinion,Statement Non Opinion
"And pretty soon you'll be like, 'Hhiii,' and, and, and, 'I can't go, Rachel and Mark might be there.' (disgust)",Statement Opinion,Statement Non Opinion
"And we'll be like, 'Man get over it, it's been four years!!' (disgust)",Statement Opinion,Disagreement
He paints quite a picture doesn't he? (neutral),Question,Statement Opinion
"This is what I've got going for the party so far, liquor wise. Get a lot of liquor. (neutral)",Statement Non Opinion,Command
Great. Great. (neutral),Agreement,Acknowledge
"Okay, now uh, in terms of the invite list, I've got you, me, and Chandler and I'm gonna invite Gunther 'cause, well, we've been talking about this pretty loud. (neutral)",Statement Opinion,Statement Non Opinion
I'll be there. (neutral),Statement Non Opinion,Agreement
"Listen, I know this is your party, but I'd really like to the number of museum geeks that are gonna be there. (neutral)",Statement Opinion,Statement Opinion
"Yeah. Tell ya what, let's not invite any of the anthropologists, only the dinosaur dudes! (neutral)",Statement Opinion,Statement Opinion
Okay! We'll need a six-pack of (neutral),Agreement,Acknowledge
"Hey guys, what are you doing? (neutral)",Question,Question
"Hey, y'know what, if you're gonna do that, if you're gonna name him Joey, you should name him Chandler. (neutral)",Statement Opinion,Statement Opinion
"Oh, come on! (sadness)",Others,Disagreement
"Chandler's funny, sophisticated, and he's very loveable, once you get to know him. (neutral)",Statement Opinion,Statement Opinion
"Oh well, hey, Joey's loveable too! But the thing about Joey is, if you need him, he'll be there. (neutral)",Statement Opinion,Statement Opinion
"Well, Chandler will be there for you too. (neutral)",Statement Non Opinion,Statement Opinion
"I mean, well, he might be a little late, but-but, he'll be there. (neutral)",Statement Opinion,Statement Opinion
"And he'll bring you some cold soda, if want you need him for is that you're really hot. (neutral)",Statement Non Opinion,Statement Opinion
What do ya say? What do ya say? (neutral),Question,Question
"Well, I, I like the idea of naming him after someone I love, and Joey and Chandler are great names. (neutral)",Answer,Statement Opinion
"But, all right, I don't--maybe I'll just name him The Hulk. (neutral)",Statement Opinion,Statement Opinion
I knew I shouldn't have mentioned it! That's what I wanted to name my kid! (sadness),Agreement,Statement Non Opinion
"What that Rachel did to her life.... We ran into her parents at the club, they were not playing very well. (sadness)",Statement Non Opinion,Statement Opinion
I'm not gonna tell you what they spent on that wedding... but forty thousand dollars is a lot of money! (surprise),Statement Opinion,Statement Opinion
"Well, at least she had the chance to leave a man at the altar... (joy)",Statement Non Opinion,Statement Opinion
What's that supposed to mean? (surprise),Question,Question
Nothing! It's an expression. (neutral),Answer,Statement Non Opinion
No it's not. (neutral),Disagreement,Disagreement
Don't listen to your mother. (neutral),Command,Command
"You're independent, and you always have been! (neutral)",Statement Opinion,Statement Opinion
"Even when you were a kid... and you were chubby, and you had no friends, you were just fine! (neutral)",Statement Opinion,Statement Opinion
"And you would read alone in your room, and your puzzles... (neutral)",Statement Non Opinion,Statement Non Opinion
PBS Telethon. (neutral),Others,Statement Non Opinion
Hi Joey. (neutral),Greeting,Greeting
Hey Pheebs! (joy),Greeting,Greeting
I (neutral),Others,Backchannel
"$200? Are you sure Pheebs? I mean, after what (surprise)",Question,Question
"Oh, I'm still mad at them but I also now that they bring happiness to lots of kids who's moms didn't kill themselves, so by supporting them, I'm doing a good thing, but I'm not (anger)",Answer,Statement Opinion
What kind of problem? (surprise),Question,Question
"Well to tell you the truth, they uh, they had a problem with the bag! (sadness)",Answer,Statement Non Opinion
Oh my God! (surprise),Others,Backchannel
Y'know what? It was a stupid play anyway! (sadness),Statement Opinion,Statement Opinion
"Y'know, Joey, I think it's time to give up the bag. (sadness)",Statement Opinion,Statement Opinion
I don't wanna give up the bag. (sadness),Disagreement,Disagreement
I don't have to give up the bag! (anger),Disagreement,Disagreement
Do I Rach? (sadness),Question,Question
"Oh, you think I should give up the bag! (anger)",Statement Non Opinion,Disagreement
"Honey wait, Joey, I'm sorry I mean as terrific as I think you are with it (neutral)",Apology,Apology
I just don't know if the world is ready for you and your bag. (sadness),Statement Opinion,Statement Opinion
I can't believe I'm hearing this! (sadness),Statement Non Opinion,Statement Opinion
Wait a minute! (sadness),Statement Non Opinion,Backchannel
Wait a minute! (anger),Statement Non Opinion,Backchannel
"I'm not saying that you shouldn't have a bag, I just--it's just there are other bags that are a little less umm, controversial. (neutral)",Statement Opinion,Statement Opinion
"Yeah umm, they're called wallets. (neutral)",Statement Non Opinion,Statement Non Opinion
I think you'll find this room more to your liking. (neutral),Statement Opinion,Statement Opinion
"Okay, great. (joy)",Agreement,Agreement
They say he's only got half a tank left. (neutral),Statement Non Opinion,Statement Non Opinion
Half a tank? We still got a lot of high-speed chasing to do! (surprise),Others,Others
We're switching rooms again. (anger),Statement Non Opinion,Statement Non Opinion
What? Why? (surprise),Question,Question
"This is a garden view room, and we paid for an ocean view room. (anger)",Answer,Statement Non Opinion
Our last ocean view room was unacceptable to you. (joy),Statement Non Opinion,Statement Non Opinion
"Excuse me, umm, can I talk to you over here for just a second? (anger)",Command,Command
Uh-huh. (neutral),Acknowledge,Backchannel
Chandler! (neutral),Others,Command
Are you kidding me?! Joey. Joey! Joey! Joey! Joey! Joey! Joey! Joey! Joey! Joey!! (anger),Others,Disagreement
Joey. Joey. Joey. Joey! Joey!! (anger),Others,Disagreement
"Oh. Oh, did-did-did I wake you? (surprise)",Question,Question
Hey! (joy),Greeting,Greeting
"Hey! Oh, I was just about to leave. I-I-I-I didn't think you were coming. (surprise)",Statement Non Opinion,Greeting
"Oh, I wouldn't miss this. (joy)",Statement Non Opinion,Statement Opinion
"Well, I'm very glad you're here. (joy)",Statement Opinion,Statement Opinion
"Oh, you're such a gentleman. Come on! We're going to my place! (joy)",Statement Non Opinion,Command
Hey! (joy),Greeting,Greeting
Hey-hey. (neutral),Greeting,Greeting
So are guys doing okay? (neutral),Question,Question
"Yeah, we talked and Monica made me see that I over reacted a little bit and some things in life are more important. (neutral)",Answer,Statement Non Opinion
Do you have a minute? (neutral),Question,Question
"Well yeah, sure, what's up? (neutral)",Answer,Answer
I got asked out twice today when I was at lunch...by guys. (neutral),Backchannel,Statement Non Opinion
Oh really?! (surprise),Statement Non Opinion,Acknowledge
Yeah. Did you tell someone that I was gay? (neutral),Question,Question
"Oh, did you not want people to know that? (joy)",Question,Question
But I'm not gay. And I especially wouldn't want you to think I was gay. (joy),Answer,Statement Opinion
Why's that? (neutral),Question,Question
I don't think I should say. (neutral),Answer,Statement Non Opinion
"Ohh, you can say. Come on, I don't want you to feel like you can't tell me things. (neutral)",Statement Non Opinion,Statement Opinion
Okay. (neutral),Agreement,Acknowledge
Kay. (neutral),Agreement,Backchannel
Well (neutral),Others,Backchannel
Yeah. (neutral),Others,Backchannel
I'd love to ask out your friend Phoebe. (neutral),Statement Non Opinion,Statement Opinion
"Yeah, she's gay. (neutral)",Statement Non Opinion,Statement Non Opinion
Here you go. (neutral),Command,Statement Non Opinion
"Great! All right, so I'll call you later. (joy)",Statement Non Opinion,Agreement
Great! (joy),Agreement,Agreement
Hey-Hey-Hey! Who was that? (surprise),Question,Question
That would be Casey. We're going out tonight. (neutral),Answer,Statement Non Opinion
"Goin' out, huh? Wow! Wow! So things didn't work out with Kathy, huh? Bummer. (surprise)",Statement Non Opinion,Statement Opinion
"No, things are fine with Kathy. I'm having a late dinner with her tonight, right after my early dinner with Casey. (neutral)",Statement Non Opinion,Statement Non Opinion
What? (surprise),Question,Question
Yeah-yeah. And the craziest thing is that I just ate a whole pizza by myself! (anger),Statement Non Opinion,Statement Non Opinion
Wait! You're going out with Kathy! (surprise),Question,Question
Yeah. Why are you getting so upset? (surprise),Question,Question
"Well, I'm upset--for you. I mean, having sex with an endless line of beautiful women must be very unfulfilling for you. (disgust)",Answer,Statement Opinion
What is the big deal? It's not like we're exclusive. (sadness),Statement Non Opinion,Statement Opinion
"Look, Joey, Kathy is clearly not fulfilling your emotional needs. (anger)",Statement Opinion,Statement Opinion
"But Casey, I mean granted I only saw the back of her head, but I got this sense that she's-she's smart, and funny, and gets you. (neutral)",Statement Non Opinion,Statement Opinion
You got all that from the back of her head? (surprise),Statement Non Opinion,Question
"All right look, I think it's time for you to settle down. Y'know? Make a choice, pick a lane. (neutral)",Statement Opinion,Command
Who's Elaine? (neutral),Question,Question
Can you people not see me?! (joy),Question,Statement Non Opinion
"So, will you talk to him? (neutral)",Question,Question
I don't know Rach. (neutral),Answer,Answer
"Oh, come on! I'll give you ten free (anger)",Statement Non Opinion,Command
One! No ten! You said ten! You can't take that back! (anger),Agreement,Disagreement
Hey! (joy),Greeting,Greeting
Hi! (joy),Greeting,Greeting
"Listen, can we watch cartoons on your television? (neutral)",Question,Question
We need a porn break. (neutral),Statement Non Opinion,Statement Non Opinion
"We spent the last two hours watching In & Out & In, Again. (neutral)",Statement Non Opinion,Statement Non Opinion
"Well, so, why don't you just turn it off? (joy)",Question,Question
Because then we would be the guys who turned off free porn. (neutral),Answer,Statement Non Opinion
"Ooh, good, you're hear! Okay. (joy)",Statement Non Opinion,Greeting
Hey! (joy),Greeting,Greeting
Hi! (joy),Greeting,Greeting
"Well, what-what 'cha got there? (joy)",Question,Question
"Oh this, well I'm glad you asked. (joy)",Answer,Statement Opinion
"Now, don't you hate it when you have to cut a tin can with an ordinary steak knife? (disgust)",Statement Opinion,Statement Opinion
Ahh! (neutral),Backchannel,Others
"Now, I know what you're thinking (neutral)",Question,Statement Non Opinion
Pregnant Woman Slays Four? (fear),Answer,Question
"Phoebe, they didn't make you pay for those knives, did they? (surprise)",Question,Question
No! (joy),Answer,Answer
"Honey, you're not gonna make enough money to help Frank and Alice just by selling knives. (neutral)",Statement Opinion,Statement Non Opinion
"No-no, I know that, but I just have to make enough money for the second part of my plan. (neutral)",Statement Non Opinion,Statement Non Opinion
What's the second part of your plan? (neutral),Question,Question
Yes that's right. (neutral),Agreement,Agreement
Why? (surprise),Question,Question
"I tired attacking two women, did not work. (neutral)",Answer,Statement Non Opinion
What?! (surprise),Question,Question
"No, I mean it's okay, I mean, they're-they're my friends. (neutral)",Answer,Statement Opinion
"In fact, I-I-I was married to one of them. (anger)",Statement Non Opinion,Statement Non Opinion
"Let me get this straight man, you attacked your ex-wife?! (anger)",Question,Question
"Oh, no! (surprise)",Answer,Acknowledge
No-no! (surprise),Answer,Acknowledge
"No, I tired! (surprise)",Answer,Statement Non Opinion
But I couldn't. (neutral),Disagreement,Statement Non Opinion
That's why I'm here. (anger),Statement Non Opinion,Statement Opinion
Maybe we could attack them together? (neutral),Question,Question
That-that's a no. (neutral),Command,Statement Non Opinion
"What? No! No, I'm not stopping. I'm Red Ross! (sadness)",Statement Non Opinion,Disagreement
"Dude, if you go back out there, you're gonna be Dead Ross! (anger)",Statement Opinion,Statement Opinion
I don't care! I am not quitting! I insist on finishing this game! (anger),Statement Opinion,Disagreement
"All right, all right, if you insist on doing this, at least let me help you. (anger)",Agreement,Agreement
"No, God no! That is no place for a woman. Those guys will grab anything. (neutral)",Statement Non Opinion,Statement Opinion
No. That's not what I'm saying. I just may know a few things that might help you inflict some pain. (neutral),Statement Non Opinion,Statement Non Opinion
I like that. (joy),Agreement,Acknowledge
"Yeah? Listen closely, Devon has got a weak ankle. (neutral)",Statement Non Opinion,Statement Non Opinion
Huh? (neutral),Backchannel,Question
One swift kick and he'll back off. (neutral),Statement Non Opinion,Statement Non Opinion
"All right, bad ankle, got it! (neutral)",Statement Non Opinion,Acknowledge
"And that big bloke with the beard, he has got a trick hip. (neutral)",Statement Non Opinion,Statement Non Opinion
Yeah. (neutral),Backchannel,Backchannel
"And uh, and David over there, I heard he doesn't wear a cup. (neutral)",Statement Non Opinion,Statement Non Opinion
"Yeah? I can use that, trick hip, no cup, okay! Okay! (joy)",Statement Non Opinion,Acknowledge
"And uh, Liam, Liam's got bad knees. You hit him right and he'll go down like a lamp. (neutral)",Statement Non Opinion,Statement Non Opinion
"But-but, Liam's on my team. (joy)",Disagreement,Statement Opinion
I don't care! You just get him! (anger),Statement Non Opinion,Command
"I'm gonna go get him! Okay, I am going back in! (joy)",Statement Non Opinion,Statement Opinion
The Red Ross! Okay. (joy),Others,Acknowledge
Oh! Oh by the way? (neutral),Statement Non Opinion,Statement Non Opinion
Uh-hmm. (neutral),Backchannel,Backchannel
James Brolin? (neutral),Question,Question
"Oh, I know. I could only think of two names, him and Ed Begley Jr. and then I remembered he's gay. (neutral)",Answer,Statement Opinion
Ed Begley Jr. is not gay. (neutral),Statement Opinion,Statement Non Opinion
Really?! (surprise),Question,Question
Hello? (neutral),Greeting,Greeting
"Hello, is Ross there? (neutral)",Question,Question
"Uh no, he's not. Can I take a message? (neutral)",Question,Answer
"Yes, this Russell, Ross's divorce lawyer, just tell him that since I haven't heard from him, I assume he's decided to give the marriage a try. (neutral)",Answer,Statement Non Opinion
Ross got married again--Nooooooo!!!!!!!!! (surprise),Disagreement,Statement Opinion
"Oh-oh! Okay, she's kicking! (joy)",Statement Non Opinion,Statement Opinion
Oh! She's growing inside you. (neutral),Statement Opinion,Statement Non Opinion
Whoa!! (surprise),Backchannel,Acknowledge
Oh! (surprise),Backchannel,Acknowledge
Wow that was a big one. (surprise),Statement Non Opinion,Statement Opinion
I think that's the youngest girl ever to reject me. (joy),Statement Opinion,Statement Opinion
Oh hey you guys! (joy),Greeting,Greeting
"Sure, I can hang out 'til I have to meet ya. What uh--How come you're not going? (neutral)",Question,Answer
I have a job interview I have to get ready for. (neutral),Answer,Statement Non Opinion
I thought you already have a job. (neutral),Statement Opinion,Question
And people say you don't pay attention. (neutral),Statement Non Opinion,Statement Opinion
"No, this is a much better job. (neutral)",Statement Non Opinion,Statement Opinion
It's vice-president of a company that does data reconfiguration and statistical factoring for other companies. (neutral),Statement Non Opinion,Statement Non Opinion
Wow! How do you know how to do that?! (surprise),Question,Question
That's what I do now. (neutral),Answer,Statement Non Opinion
"Hey Joey, come taste this. (neutral)",Command,Command
What is it? (neutral),Question,Question
Remember that guy that gave me a bad review? Well... I'm getting my revenge! (anger),Answer,Statement Opinion
You cooked him? (surprise),Question,Question
No. (neutral),Answer,Statement Non Opinion
"He teaches a course on food criticism at the New School, so before we go to the movies I wanna go by there and make him try my bouillabaisse again. (neutral)",Answer,Statement Non Opinion
"Oh, I cannot wait to read the front page of the Post tomorrow! (joy)",Statement Non Opinion,Statement Opinion
"""Restaurant reviewer admits: I was wrong about Monica."" (joy)",Statement Non Opinion,Statement Opinion
"The front page? You really do live in your own little world, don't ya? (sadness)",Others,Statement Opinion
"So, did you uh, find anyone to marry you guys yet? (neutral)",Question,Question
"No, but Horny for Monica Minister called, wanting to know if we were still together. (disgust)",Answer,Statement Non Opinion
We're never gonna find anybody. (sadness),Statement Non Opinion,Statement Opinion
Well then let me do it! (joy),Statement Non Opinion,Command
Joe (joy),Others,Acknowledge
No-no-no! (neutral),Disagreement,Disagreement
"Look, I've been thinking about it. (neutral)",Statement Non Opinion,Statement Non Opinion
I'm an actor right? (neutral),Statement Non Opinion,Question
So I won't get nervous talking in front of people. (neutral),Statement Non Opinion,Statement Non Opinion
"I won't spit, and I won't stare at Monica's breasts! (anger)",Statement Non Opinion,Statement Opinion
Everyone knows I'm an ass man! (joy),Statement Non Opinion,Statement Opinion
That is true. (neutral),Agreement,Agreement
"Yeah and the most important thing is that it won't be some like, stranger up there who barely knows you. (joy)",Statement Non Opinion,Statement Opinion
It'll be me! (joy),Statement Non Opinion,Statement Non Opinion
And I swear I'll do a really good job. (joy),Statement Non Opinion,Statement Opinion
"Plus, y'know I love you guys and-and it would really mean a lot to me. (joy)",Statement Non Opinion,Statement Opinion
It might be kinda cool. (joy),Statement Non Opinion,Statement Opinion
So I can do it? (joy),Question,Question
I still can't believe they took away my key. You trust me with yours. (fear),Statement Non Opinion,Statement Opinion
Of course I do! And I'm gonna give it back to you as soon as they're done with it at the key shining place. (neutral),Statement Non Opinion,Agreement
What the hell is that? (anger),Question,Question
"Whoa! Whoa! Whoa! Treeger, what are you doing? (surprise)",Question,Question
You said there was a gas leak in here. (neutral),Answer,Statement Non Opinion
Well why don't you use your key? (neutral),Question,Question
"Because by the time I find it on this thing , the whole place might have exploded. (neutral)",Answer,Statement Non Opinion
"If that happens at another building that I manage, people are gonna start asking questions. (neutral)",Statement Non Opinion,Statement Non Opinion
Come on! (anger),Others,Command
Hurry up. (sadness),Others,Command
Oh! We could have done that. (neutral),Statement Opinion,Statement Non Opinion
"Luckily, the guy she settled for can't hear what you're talking about. (neutral)",Statement Non Opinion,Statement Non Opinion
"Oh, I'm so sorry. (sadness)",Apology,Apology
"Um, and maybe I'm wrong! (sadness)",Acknowledge,Statement Opinion
"I but--y'know I'm gonna go out with him again, I'll find out more. (neutral)",Statement Non Opinion,Statement Non Opinion
You believe that this guy is destined for someone else and you're still gonna date him? (surprise),Question,Question
"Well, he may not be my soul mate, but a girl's gotta eat. (neutral)",Answer,Statement Opinion
"Oh, but it's made her so happy. (anger)",Statement Opinion,Statement Opinion
Little girl misses her cat. (neutral),Statement Non Opinion,Statement Non Opinion
Crazy lady thinks her mother is in a cat. (sadness),Statement Non Opinion,Statement Opinion
"Okay, y'know what, I have to go have dinner with my son, can I trust that when you see Phoebe, you will tell her. (neutral)",Statement Non Opinion,Command
Yeah. (neutral),Agreement,Agreement
Thank you. (neutral),Acknowledge,Acknowledge
I (neutral),Statement Non Opinion,Others
"He is right, isn't he? (joy)",Question,Question
"Y'know what, I think this might be one of the times he's wrong. (neutral)",Answer,Disagreement
You think? (surprise),Question,Question
"Oh-no, he's right. (neutral)",Answer,Agreement
Seven hundred bucks! (joy),Statement Non Opinion,Statement Opinion
"Alright, you did it! Do we have any fruit? (joy)",Question,Command
"Man, hell of a two weeks, huh? Y'know what, though? I really feel like I learned something. (joy)",Statement Non Opinion,Statement Opinion
"Really? So, you're gonna stick with this 'it's all for her' thing? (neutral)",Question,Question
"What, are you crazy? When a blind man gets his sight back, does he walk around like this? (disgust)",Question,Disagreement
Oh. (neutral),Backchannel,Acknowledge
Y'know those are a delicacy in India. (neutral),Statement Non Opinion,Statement Non Opinion
Ah-ha! Too cocky! (joy),Others,Disagreement
Me too. (neutral),Statement Non Opinion,Agreement
"Although this city is my home, so. (neutral)",Statement Non Opinion,Statement Non Opinion
"So that's dumb what I said, don't tell him I said that. (neutral)",Statement Non Opinion,Apology
"Umm, you make something up. (neutral)",Statement Non Opinion,Command
"Nice, thank you. (joy)",Acknowledge,Acknowledge
This is me. (neutral),Statement Non Opinion,Statement Non Opinion
Here. (neutral),Statement Non Opinion,Statement Non Opinion
Your eyes are very pretty. (joy),Statement Opinion,Statement Opinion
"Thank you, very much! Oh! Thank you! (joy)",Others,Acknowledge
He would like to kiss you. (neutral),Statement Opinion,Statement Non Opinion
"Okay, y'know what, you don't have to do that now. (neutral)",Statement Non Opinion,Command
No-no-no-no!! (joy),Disagreement,Disagreement
"Not him, you don't! (surprise)",Statement Non Opinion,Disagreement
Well the moment's over. (neutral),Statement Non Opinion,Statement Non Opinion
Oh. (neutral),Backchannel,Backchannel
Oy! (neutral),Backchannel,Backchannel
"Hey! Hold on a minute, hold on a second. Do you think these pearls are nice? (anger)",Question,Command
I'd really prefer a mountain bike. (neutral),Statement Non Opinion,Statement Opinion
"Janice's birthday is coming up, I want to get her something speacial. Come in here with me. (neutral)",Statement Non Opinion,Statement Non Opinion
"Whoa, whoa, whoa, wait, whoa. (surprise)",Disagreement,Backchannel
"Do you ah, want to get her something speacial, get her flowers, get her candy, get her gum, girls love gum. (anger)",Statement Opinion,Statement Opinion
"That's a good idea, 'Dear Janice have a Hubba-Bubba birthday'. I would like to get her something serious. (disgust)",Agreement,Disagreement
"Oh, you want something serious. (neutral)",Statement Non Opinion,Acknowledge
"Y'know what you should do, you should get her one of those um, barium enemas. (neutral)",Statement Non Opinion,Statement Opinion
Those are dead serious. (neutral),Statement Non Opinion,Statement Non Opinion
"All right. Look, I'm gonna go in here, and you don't buy me anything ever. (anger)",Statement Non Opinion,Command
"No, no, you can't, you can't, okay, you can't, you can't buy her pearls, you just can't, you can't, you can't. (fear)",Statement Non Opinion,Disagreement
Why not?! (surprise),Question,Question
"Oh God. Uh, okay, here's the thing, this is the thing, okay, the thing is... (neutral)",Answer,Backchannel
What is the thing? (sadness),Question,Question
"Okay. I went down to the 'Mattress King' showroom and, and I saw Janice, kissing her ex-husband. (sadness)",Answer,Statement Non Opinion
What? (surprise),Question,Question
They were in his office. (neutral),Answer,Statement Non Opinion
"Well she, she wouldn't do that, she's with, she's with me. (sadness)",Statement Opinion,Disagreement
I'm telling you it's like watching Bambi learn how to walk. (anger),Statement Non Opinion,Statement Opinion
You're drunk! Mom and dad are gonna be maaaaadd! Maybe I'm a little drunk. (surprise),Statement Opinion,Statement Opinion
Hey! Are those crab cakes? Did I not tell ya to come straight to me when more crab cakes were ready? (joy),Question,Question
How are you feeling? (neutral),Question,Question
You are (neutral),Answer,Statement Non Opinion
I really wish that you wouldn't. (anger),Statement Non Opinion,Disagreement
"Now all you have to do is just get through a little bit more, okay? (neutral)",Statement Opinion,Command
"Then we can put you in bed, okay? (neutral)",Statement Non Opinion,Command
Just smile and don't talk to (neutral),Statement Non Opinion,Command
Speech! Speech! Let's hear from the birthday girl! Huh? (joy),Statement Non Opinion,Command
Pheebs!! (joy),Others,Greeting
Don't you see? Everyone's looking at me! The plan's working! I didn't even have to take off my top yet! (joy),Statement Non Opinion,Statement Opinion
Speech! Come on Monica! (joy),Statement Non Opinion,Command
Come on! (joy),Statement Non Opinion,Command
Come on! Speech! (joy),Statement Non Opinion,Command
"Hey Chandler, you can't keep your hands off her for one second! (anger)",Statement Non Opinion,Statement Opinion
"Oh-ho, I think it's nice. (joy)",Statement Opinion,Statement Opinion
Well you have to because maybe it's stupid. (neutral),Command,Command
Well it's just while Monica and I were dancing to them it was...the first time I knew that...you were the woman I wanted to dance all my dances with. (joy),Statement Non Opinion,Statement Opinion
Oh crap! (anger),Others,Apology
All right. (neutral),Statement Non Opinion,Acknowledge
The super couldn't figure out what it did. (neutral),Statement Non Opinion,Statement Non Opinion
A $200 an hour electrician couldn't figure out what it did. (sadness),Statement Non Opinion,Statement Non Opinion
I've had seven pretty serious shocks. (sadness),Statement Non Opinion,Statement Non Opinion
I officially give up. (disgust),Statement Non Opinion,Statement Opinion
Thank God. (joy),Others,Statement Opinion
"I guess Joey was right, it does nothing. (joy)",Statement Opinion,Statement Opinion
See? I'm doing it. I am totally doing it. I lost it. (anger),Statement Non Opinion,Statement Opinion
Are there no conscious men in the city for you two? (sadness),Question,Question
He doesn't have anyone. (neutral),Answer,Statement Non Opinion
"Yeah, we-we feel kinda responsible. (anger)",Statement Non Opinion,Statement Opinion
I can't believe you said woowoo. I don't even say woowoo. (disgust),Others,Disagreement
"Oh, she's coming up! She's coming up! (joy)",Statement Non Opinion,Statement Opinion
"Folks, when we come back we'll be talking about her new book, 'Euphoria Unbound': the always interesting Nora Tyler Bing. (neutral)",Statement Non Opinion,Statement Non Opinion
You might wanna put the kids to bed for this one. (neutral),Statement Non Opinion,Command
"Y'know, we don't have to watch this. (neutral)",Statement Opinion,Statement Non Opinion
"No way, forget it. (joy)",Disagreement,Disagreement
"C'mon, she's your mom! (anger)",Statement Non Opinion,Command
Exactly. (neutral),Agreement,Agreement
"Chandler, I gotta tell you, I love your mom's books! (joy)",Acknowledge,Statement Opinion
I love her books! (joy),Acknowledge,Statement Opinion
I cannot get on a plane without one! (joy),Statement Non Opinion,Statement Opinion
"I mean, this is so cool! (joy)",Statement Opinion,Statement Opinion
"Yeah, well, you wouldn't think it was cool if you're eleven years old and all your friends are passing around page 79 of 'Mistress Bitch.' (disgust)",Statement Non Opinion,Statement Opinion
"C'mon, Chandler, I love your mom. I think she's a blast. (joy)",Statement Opinion,Statement Opinion
Thank you. (neutral),Others,Acknowledge
And a nice hot cider for Monica. (neutral),Statement Non Opinion,Command
"Aww, thank you. Uh Rach? (neutral)",Question,Acknowledge
Yeah? (neutral),Answer,Backchannel
Why does my cinamon stick have an eraser? (surprise),Question,Question
Oh! That's why. I'm sorry! (surprise),Apology,Apology
"Oh. Oh! Ma'am? Excuse me, ma'am? (neutral)",Question,Greeting
You can't put your cigarette out on a tree! (anger),Question,Disagreement
"Yeah I can, it worked real well. (neutral)",Answer,Statement Non Opinion
No but you shouldn't! Don't ever do that again. (anger),Disagreement,Disagreement
I won't! Until I have my next cigarette. (anger),Statement Non Opinion,Disagreement
Hold it! N.Y.P.D! Freeze punk! (anger),Statement Non Opinion,Command
What?! (surprise),Question,Question
Yeah that's right you are so busted. Book 'em. (anger),Answer,Command
Who are you talking too? (surprise),Question,Question
"Save it Red! Unless you wanna spend the night in the slammer, you apologize to the tree. (disgust)",Answer,Command
I am (neutral),Disagreement,Acknowledge
You apologize to the tree right now or I am calling for backup. Backup! Backup!! (anger),Command,Command
I-I'm sorry! Sorry. (fear),Apology,Apology
"Okay, cancel backup! Cancel backup! (neutral)",Statement Non Opinion,Acknowledge
Shh! Get me out of here. (fear),Statement Non Opinion,Command
Oh. (neutral),Backchannel,Backchannel
Ross! (surprise),Greeting,Greeting
What? (neutral),Question,Question
"Come here, check this out! (surprise)",Answer,Command
What? Is it the comet? (neutral),Question,Question
"No! No-no. Look, there's a bug stuck in tar right here. (surprise)",Answer,Statement Non Opinion
"Joey come--I can't believe--I bring you here to see the Bapstein-King comet, one of nature's most spectacular phenomenon, and all you care about are bugs stuck in tar and-and some woman! (anger)",Statement Non Opinion,Statement Opinion
"Y'know, there's (neutral)",Statement Non Opinion,Statement Non Opinion
Show me where? (neutral),Question,Command
Right-right up here. (neutral),Answer,Statement Non Opinion
Joey where's the pipe that was holding the door open? (neutral),Question,Question
"I don't know! Yeah, I do. (joy)",Answer,Answer
Joey! (anger),Others,Greeting
What?! All right--Hey! Don't look at me! You're the one who wanted to come up and look for some stupid (anger),Statement Non Opinion,Disagreement
"It's called the Bapstein-King comet, okay? Hey! Hey! Bapstein was a very well respected astronomer! (anger)",Others,Statement Opinion
Oh no! No! No! (surprise),Disagreement,Acknowledge
Wow! This place is incredible! Sting's pen...that he gave to Phoebe. Come on! Secret passageway! (joy),Statement Opinion,Statement Opinion
Hi! (neutral),Greeting,Greeting
Hi! (neutral),Greeting,Greeting
I'm Trudie. (neutral),Statement Non Opinion,Statement Non Opinion
Uh-huh. (neutral),Backchannel,Backchannel
You must be Ben's mum. (neutral),Question,Statement Non Opinion
Why else would I be here? (neutral),Question,Question
Do sit down. (neutral),Answer,Command
Yeah. (neutral),Agreement,Acknowledge
Hi.. how was the game? (neutral),Question,Greeting
Well.. (neutral),Answer,Backchannel
WE WON!! Thank you! Yes! (joy),Others,Statement Opinion
Fantastic! I have one question: How is that possible? (surprise),Question,Statement Opinion
Alan. (neutral),Answer,Statement Non Opinion
He was unbelievable. (joy),Acknowledge,Statement Opinion
"He was like that-that-that Bugs Bunny cartoon where Bugs is playing all the positions, right, but instead of Bugs it was first base-Alan, second base-Alan, third base-... (joy)",Statement Opinion,Statement Opinion
"I mean, it-it was like, it was like he made us into a team. (joy)",Statement Opinion,Statement Opinion
"Yep, we sure showed those Hassidic jewellers a thing or two about softball.. (joy)",Statement Non Opinion,Statement Opinion
Can I ask you guys a question? D'you ever think that Alan is maybe.. sometimes.. (neutral),Question,Question
What? (surprise),Question,Question
"..I dunno, a little too Alan? (neutral)",Question,Statement Non Opinion
"Well, no. That's impossible. You can never be too Alan. (joy)",Answer,Statement Opinion
"Yeah, it's his, uh, innate Alan-ness that-that-that we adore. (joy)",Statement Non Opinion,Statement Opinion
I personally could have a gallon of Alan. (joy),Statement Non Opinion,Statement Opinion
"Well I had a great time! Learned how to bake, ate great food, that's the first A I've gotten since seventh grade, (joy)",Statement Non Opinion,Statement Opinion
"Oh, look! Acting for Beginners! Want to feel good about yourself? (fear)",Question,Question
What the hell! (surprise),Statement Non Opinion,Statement Non Opinion
Okay. (neutral),Statement Non Opinion,Acknowledge
"All right, let's start with some basics. Can anybody tell me what the difference between upstage and downstage is? (neutral)",Question,Question
"Yeah, this was a stupid idea. (disgust)",Statement Opinion,Statement Opinion
My God! (surprise),Others,Statement Non Opinion
These pants are burning up! (surprise),Statement Non Opinion,Statement Non Opinion
"Oh come on, she wants to snuggle now! (surprise)",Statement Non Opinion,Statement Opinion
What is she trying to kill me? (anger),Question,Question
It's like a volcano in here! (surprise),Statement Non Opinion,Statement Non Opinion
Are you hot? (neutral),Question,Question
"Okay, it must just be me then. (neutral)",Statement Non Opinion,Statement Non Opinion
"That was just the pants on the couch. Umm, hey, do you, do you mind if I use your bathroom? (neutral)",Question,Question
You're driving me crazy with that! (anger),Statement Non Opinion,Statement Opinion
"Okay, I'll stop. (neutral)",Statement Non Opinion,Agreement
Don't stop! Move the bowl further away! Ross could make that shot! (anger),Command,Command
"Well, you suck! But at least you suck at a man's game now. (anger)",Statement Non Opinion,Statement Opinion
You wanna play? (neutral),Question,Question
"Chandler, I can't be playing games, Ross is gonna be home soon. (neutral)",Answer,Statement Non Opinion
And I have to write five whole pages if I'm gonna stick to his schedule. (neutral),Statement Non Opinion,Statement Non Opinion
"Well, so, play for the next 30 minutes and then write until he gets home. (neutral)",Statement Opinion,Statement Opinion
"All right! But uh, listen, what do you say we crank it up a notch? (joy)",Agreement,Statement Opinion
I'm intrigued. (neutral),Statement Non Opinion,Acknowledge
"All right, all we need is a little lighter fluid. (neutral)",Statement Non Opinion,Statement Non Opinion
"Okay, but be careful okay, because I wanna get our security deposit back. (joy)",Agreement,Statement Opinion
"Yeah, I think we said good-bye to that when we invented hammer darts. (joy)",Statement Non Opinion,Statement Opinion
Do you even remember which part of the wall is not spackle? (neutral),Question,Question
"Uh yeah, right here. (neutral)",Answer,Answer
"Hey, Rach. How was it with your friends? Okay! How would you like some Tiki Death Punch? (joy)",Question,Greeting
What's that? (neutral),Question,Question
"Weeeell, it's rum, and- (neutral)",Answer,Statement Non Opinion
I'm sure they'll be here soon. (neutral),Statement Non Opinion,Statement Opinion
"Yeah, honey, they wouldn't miss this. (neutral)",Statement Non Opinion,Agreement
Relax. You're only at nine centimeters. And the baby's at zero station. (neutral),Statement Non Opinion,Command
You are really frightening me. (fear),Statement Non Opinion,Statement Non Opinion
"Somebody wanna help me, tryin' to rip out my heart. Uh, that's great. Anybody seen a nipple? (fear)",Question,Statement Non Opinion
"All right, ten centimeters, here we go. (neutral)",Statement Opinion,Statement Non Opinion
"All right, honey, time to start pushing. (neutral)",Command,Command
But they're not here yet! (fear),Statement Non Opinion,Statement Non Opinion
"I'm sorry, I can't tell the baby to wait for them. (neutral)",Disagreement,Apology
"Oh, god. (fear)",Others,Acknowledge
"Here we go. Mona umm, I think it's time we-we had a conversation about-about where things are with us. (joy)",Statement Non Opinion,Statement Opinion
"Yeah, I-I think I suggested that. (neutral)",Statement Non Opinion,Acknowledge
"Aw, we-we are so... So umm, well I-I-I like you and I-I love umm, y'know hanging out with you. (joy)",Statement Non Opinion,Statement Opinion
And I mean-I'm having a lot of fun. (joy),Statement Non Opinion,Statement Opinion
Okay. (neutral),Others,Backchannel
"I mean, there's no point in spending time with someone if-if it's just fun. (neutral)",Statement Opinion,Statement Non Opinion
"It's gotta be, it's gotta be going somewhere right? (joy)",Others,Question
So where-where is it going? (neutral),Question,Question
Ah! (surprise),Backchannel,Others
That's-that's the real question. (neutral),Statement Non Opinion,Statement Non Opinion
And-and the answer is...is it's going somewhere...fun. (joy),Statement Non Opinion,Statement Opinion
"Now I-I know what you're thinking, fun was fine for you like ten years ago y'know, but you're-you're not getting any younger. (neutral)",Statement Non Opinion,Statement Non Opinion
"No I mean--No not you, not you, you--you (fear)",Others,Apology
"I'm sorry, so umm, so where are we? (sadness)",Question,Question
Y'know what? (neutral),Question,Statement Non Opinion
I am going to take you out to dinner tonight. (joy),Statement Non Opinion,Command
I found this place that makes the greatest mozzarella sticks and jalepino poppers . (joy),Statement Non Opinion,Statement Opinion
No? (anger),Others,Question
Really? (surprise),Question,Question
They taste so good. (joy),Statement Non Opinion,Statement Opinion
Drum roll. (neutral),Others,Command
"Okay. Okay. All right. Help! Am I a Mark, or a John? (neutral)",Question,Question
"Nah, you're not tall enough to be a Mark, but you might make a good Barney. (neutral)",Answer,Statement Opinion
"All right look, am I serious, okay? Tomorrow at 3:30 I am going down to the courthouse. (neutral)",Others,Statement Non Opinion
You're actually going through with this? (surprise),Question,Question
"Hey, look, this name has been holding me back my entire life. (anger)",Statement Opinion,Statement Opinion
"Okay, it's probably why kids picked on me in school, and why I never do well with women... So, as of 4 o'clock tomorrow, I'm either gonna be Mark Johnson or John Markson. (neutral)",Statement Non Opinion,Statement Non Opinion
You got problems because of you! (anger),Statement Opinion,Statement Opinion
Not your name! (sadness),Others,Statement Opinion
"All right, this has got to stop! (anger)",Statement Non Opinion,Command
Chandler is a great name! (anger),Statement Opinion,Statement Opinion
"In fact--yes, I'm, I'm sorry. (sadness)",Apology,Apology
"I know you really wanted me to name the baby Joey, but eh, so, I'm-I'm, I'm gonna, I'm gonna name the baby Chandler. (neutral)",Statement Opinion,Statement Non Opinion
Damn! I thought that was going to be romantic as hell! (surprise),Statement Opinion,Statement Opinion
It was. (neutral),Agreement,Statement Non Opinion
"Look, I just saw my best friends brains smeared across the canvas, that's not gonna be me, not me. (sadness)",Statement Non Opinion,Statement Non Opinion
Wow! That was good. That was... Tweezers? (surprise),Question,Statement Opinion
No. (neutral),Answer,Disagreement
Whoa. That was really good. (surprise),Statement Opinion,Statement Opinion
"Thanks, any suggestions? (neutral)",Question,Question
You-you...you had sex with Ursula?! (surprise),Question,Question
"Uh, a little bit. She-she-she walked in and I thought she was you and I kissed her and (fear)",Answer,Answer
You didn't notice she was wearing different clothes?! (surprise),Question,Question
Well I was just so excited to see you. (sadness),Answer,Statement Opinion
Oh. Ew! Ew! Ew! Ugh! Y'know what? This is too weird. (disgust),Others,Statement Opinion
No-no it's not! (sadness),Disagreement,Disagreement
I don't want to lose you! (fear),Acknowledge,Statement Opinion
It's-it's like I was saying to Ursula when I was making love to her and I thought she was you--Yeah it is too weird. (sadness),Statement Non Opinion,Statement Opinion
So I guess this is it. (sadness),Statement Non Opinion,Statement Opinion
Yeah. Maybe it's for the best. You smell just like her. (sadness),Statement Opinion,Statement Opinion
"Yeah, so do you. (anger)",Agreement,Statement Opinion
Hey! (joy),Greeting,Greeting
Hi. (neutral),Greeting,Greeting
"So, did shopping make you feel any better about Ross? (neutral)",Question,Question
Manhattan does not have enough stores. (sadness),Answer,Statement Non Opinion
"Well, (neutral)",Others,Backchannel
You can? (surprise),Others,Question
Yeah. I just need you to bring me some photos of Ross. (neutral),Command,Statement Non Opinion
Um-hmm. (neutral),Backchannel,Acknowledge
And a small piece of chocolate. (neutral),Command,Statement Non Opinion
Okay. (neutral),Agreement,Acknowledge
"Okay, we have to talk. I'm just getting out of a very serious relationship (sadness)",Statement Opinion,Statement Non Opinion
"I know! And I'm just getting out of a marriage, I mean talk about meant to be! (fear)",Statement Non Opinion,Statement Opinion
Right! I just think that this is happening too soon. (joy),Statement Opinion,Agreement
"Oh, too soon, too schmoon. Face it honey, I am not letting you get away this time. (sadness)",Statement Non Opinion,Disagreement
"I hear ya. But! Unfortunately, my company is transferring me overseas! (disgust)",Statement Non Opinion,Statement Non Opinion
Oh no! Where to? Too Paris? (surprise),Question,Question
"No! No! Not, Paris. (neutral)",Answer,Statement Non Opinion
"Too London? No-no, Rome? Vienna? Ooh-ooh, Barcelona? (joy)",Question,Question
"Okay, could you just stop talking for a second? Yemen. That's right, yes, I'm being transferred to Yemen! (anger)",Answer,Command
When? (anger),Question,Question
I don't know exactly. (neutral),Answer,Statement Non Opinion
"Ugh, well I will just have to soak up every once of Chandler Bing until that moment comes. (sadness)",Statement Non Opinion,Statement Opinion
But I do know that it's some time tomorrow. (joy),Statement Non Opinion,Statement Non Opinion
"Ooh, this is it! Oh, that's him! That's him! (joy)",Others,Statement Opinion
Great! Go get him. (joy),Others,Command
"Wait a second, or maybe you can go in first. (neutral)",Statement Opinion,Statement Non Opinion
He's not really my type. (neutral),Disagreement,Statement Opinion
"No not you, Dr. Drake Remoray. You can ask him questions and see what's he like. People tell doctors everything. (neutral)",Statement Opinion,Statement Non Opinion
"But lately all the guys I meet seem really nice at first, then they turn out to be the biggest jerks. (sadness)",Statement Non Opinion,Statement Opinion
You do attract some stinkers. (sadness),Statement Non Opinion,Agreement
Chandler. (neutral),Greeting,Greeting
"Mrs. Tedlock. You're looking lovely today. And may I say, that is a (neutral)",Statement Non Opinion,Statement Opinion
"Yes. Well, Mr. Kostelick wants you to stop by his office at the end of the day. (neutral)",Statement Opinion,Command
"Oh, listen. (neutral)",Others,Acknowledge
"If this is about those prank memos, I had nothing to do with them. (neutral)",Statement Non Opinion,Statement Non Opinion
Really. (joy),Others,Backchannel
Nothing at all. (neutral),Others,Statement Non Opinion
Really. (joy),Agreement,Backchannel
Nothing. (neutral),Disagreement,Statement Non Opinion
"Y'know when we move in together, can I get a gumball machine? (neutral)",Question,Question
Of course! Joey wouldn't let you have one? (sadness),Answer,Answer
"No. When it comes to sweets, he's surprisingly strict. (sadness)",Statement Non Opinion,Statement Non Opinion
"Hey, have you figured out a way to tell him you're moving out? (neutral)",Question,Question
"No, no, I keep trying, y'know? (anger)",Answer,Answer
"I can get out, ""Joey, I have too..."" but then I lose my nerve and I always finish with, ""...go to the bathroom."" (sadness)",Statement Non Opinion,Statement Non Opinion
He may think I'm sick. (neutral),Statement Non Opinion,Statement Non Opinion
"Y'know, I really have to tell Rachel, but I... We just have to get it over with! (neutral)",Statement Non Opinion,Statement Opinion
"Y'know, the next time we see them we're just gonna tell them. (neutral)",Statement Opinion,Statement Opinion
That's it. (neutral),Agreement,Statement Non Opinion
"Oh, so that's this is gonna work now? You're just gonna order me around all the time? (joy)",Question,Question
Pretty much. (neutral),Answer,Statement Non Opinion
All right. (neutral),Agreement,Acknowledge
Hey Monica! (joy),Greeting,Greeting
Hi! (joy),Greeting,Greeting
"Hey man, you feeling any better? (neutral)",Question,Question
"Joey, we have something to tell you. (neutral)",Answer,Statement Non Opinion
Oh my God! You're pregnant! (surprise),Statement Non Opinion,Statement Opinion
"Yeah, if you get married in Vegas, you're only married in Vegas. (neutral)",Statement Non Opinion,Answer
What are you talking about? If you get married in Vegas you're married everywhere. (neutral),Others,Disagreement
Really?! (surprise),Question,Acknowledge
Yeah! (neutral),Answer,Agreement
Oh my God!--Eh! Well (surprise),Others,Acknowledge
"You see that guy? He's in classics now, but y'know as soon as we leave he's going straight to the porn. (disgust)",Statement Non Opinion,Statement Opinion
He's gonna go up to the counter with (neutral),Statement Non Opinion,Statement Non Opinion
Yeah. (neutral),Agreement,Acknowledge
I missed this. (joy),Statement Non Opinion,Statement Non Opinion
Me too. (anger),Statement Non Opinion,Agreement
"So, you wanna get a hamburger or something? (neutral)",Question,Question
Yes! Yes! Yes! Yes! Awww! (joy),Others,Agreement
"Hey, it's your Thanksgiving too, y'know, instead of watching football, you could help. (anger)",Statement Non Opinion,Command
We will. (neutral),Agreement,Acknowledge
"Okay, Rachel, you wanna put the marshmellows in concentric circles. (neutral)",Command,Command
"No Mon, (neutral)",Disagreement,Disagreement
Every year. (neutral),Others,Statement Non Opinion
Hey! Ross! (joy),Greeting,Greeting
Die Hard (neutral),Others,Statement Non Opinion
"Yep. Hey, what do you say we make it a double feature? (neutral)",Question,Agreement
What'd you rent? (neutral),Question,Question
Die Hard 2 (neutral),Answer,Statement Non Opinion
"Joey, this is (neutral)",Statement Non Opinion,Statement Non Opinion
"Oh, well we watch it a second time and its (neutral)",Statement Opinion,Statement Non Opinion
"Joey, we (neutral)",Statement Non Opinion,Statement Non Opinion
And? (neutral),Others,Question
And it'll be cool to see it again! Yeah! (joy),Statement Non Opinion,Statement Opinion
Die Hard (neutral),Statement Non Opinion,Statement Non Opinion
"Dude, you didn't say (neutral)",Question,Statement Non Opinion
"Yeah, I just got uh, got plans. (neutral)",Answer,Statement Non Opinion
"Well, John McClane had plans! (anger)",Statement Non Opinion,Statement Opinion
"No, see the thing is I want to get out of here before Joey gets all worked up and starts calling everybody bitch. (neutral)",Statement Non Opinion,Statement Non Opinion
What are you talking about? Bitch. (anger),Question,Question
I know you botched that operation on purpose. (joy),Statement Non Opinion,Statement Opinion
"I can't prove it yet, but when I do, you'll be going to jail for murder. (anger)",Statement Non Opinion,Statement Non Opinion
I don't care if you are my brother. (disgust),Statement Non Opinion,Disagreement
"Good for you! And hey, I thought your paper on punctuated equilibrium in the Devonian era was top notch! (joy)",Statement Opinion,Agreement
Stop going through my stuff ! (anger),Command,Command
Hey! (joy),Greeting,Greeting
Hey! (joy),Greeting,Greeting
"I just wanted to let you know I've changed my mind: I'm gonna do it, I'm gonna kiss Joey. (anger)",Statement Non Opinion,Statement Opinion
"No, you can't! Friends hooking up is a bad idea. (fear)",Disagreement,Disagreement
"Please, what about you and Chandler? (anger)",Question,Question
That's different! I was drunk and stupid! (anger),Answer,Statement Opinion
Well hello ! (anger),Others,Greeting
What about all the guys that you've got the phone numbers from? Why don't you just kiss one of them? (neutral),Question,Question
"I could, I could but I don't want to! I want to kiss Joey! (anger)",Answer,Statement Opinion
Alright . I think it's a big mistake but it's your decision. (neutral),Statement Opinion,Acknowledge
I'm gonna do it. (joy),Statement Non Opinion,Statement Non Opinion
And I can't stop you. (neutral),Statement Non Opinion,Statement Non Opinion
No. (neutral),Agreement,Statement Non Opinion
"Hey Rach, have you seen Charlie anywhere? (neutral)",Question,Question
I'm smarter than (neutral),Statement Non Opinion,Statement Non Opinion
"Oh, hey, Gunther, check this out. (joy)",Statement Non Opinion,Greeting
"Yeah, that-that Chandler cracks me up. (joy)",Others,Agreement
"Hey Ross, listen, you want anything to drink, 'cause I'm heading up there. (neutral)",Statement Non Opinion,Question
"Uh, yeah, I'll take a coffee. Thanks, man. (neutral)",Statement Non Opinion,Answer
Sure. Coffee? 'Cause I'm going up there. (joy),Others,Statement Non Opinion
No. (neutral),Disagreement,Answer
"No, thank you. (neutral)",Disagreement,Answer
"You guys need anything, 'cause I'm heading up there. (neutral)",Question,Question
I'd love an ice water. (neutral),Answer,Answer
You got it. (neutral),Statement Non Opinion,Acknowledge
"Joey, what are you doing? (surprise)",Question,Question
Just being friendly. (anger),Answer,Statement Non Opinion
"Joey, honey, I don't think you're supposed to go back there. (anger)",Statement Opinion,Statement Opinion
"Nah, it's okay. Right, Gunther? (neutral)",Others,Question
Don't wink at me. And put on your apron. (anger),Statement Non Opinion,Command
"Okay, but I don't see you asking any other paying customers to put on aprons. (sadness)",Statement Non Opinion,Disagreement
"Joey, do you work here? (surprise)",Question,Question
No. (neutral),Answer,Answer
"Hey, waiter. (neutral)",Others,Greeting
Yeah? (neutral),Agreement,Backchannel
"You've reached Monica and Chandler's, if you're listening to this message, we're probably screening. Yeah we are. (neutral)",Statement Non Opinion,Statement Non Opinion
"Hi, this is Heldi from the Morgan Chase museum. (neutral)",Statement Non Opinion,Greeting
I'm calling for Monica Geller. (neutral),Statement Non Opinion,Statement Non Opinion
"I want to let her know that there was a cancellation and if she's still interested in having the Bing-Geller wedding at our facility, it is available (neutral)",Statement Non Opinion,Statement Non Opinion
"This is Chandler Bing! This is Chandler Bing! Yes, the groom--No! Not the groom!! (surprise)",Others,Statement Opinion
Thank you. (neutral),Others,Acknowledge
Thanks. (neutral),Others,Acknowledge
I can't believe this! This is like the worst night ever! (anger),Statement Opinion,Statement Opinion
Y'know Monica you had a minor setback in your relationship with Chandler. Big deal! It's only Chandler. I am (neutral),Statement Non Opinion,Statement Opinion
"This is crazy! I mean, it's such a stupid argument. I don't even wanna see Richard again. (sadness)",Statement Opinion,Statement Opinion
So go fix it! (neutral),Command,Command
Go find Chandler! (neutral),Command,Command
He's probably up in your room! (sadness),Statement Non Opinion,Statement Non Opinion
Tell him that you're sorry and that you love him. (anger),Statement Non Opinion,Command
Y'know what? You're right Phoebe. You're right. Thank you! (joy),Agreement,Agreement
"Sure! Yeah! Las Vegas, number one! (joy)",Statement Non Opinion,Statement Opinion
Anybody lose this? (neutral),Question,Question
Comin' out. Place your bet. Dice are out. Double or nothin'! Pay the front line! (joy),Statement Non Opinion,Command
Hmm. (neutral),Backchannel,Backchannel
Do you remember where the duck food is? (neutral),Question,Question
"Yeah, it's in the guys' apartment under the sink. Why? (surprise)",Question,Answer
Because I'm going to London. (neutral),Answer,Statement Non Opinion
What?! What do you mean you're going to London? (surprise),Question,Question
"Yeah, I have to tell Ross that I love him. (neutral)",Answer,Statement Non Opinion
"Now honey, you take care, you don't have those babies until I get back. (neutral)",Command,Command
"I--Rachel, you can't go! Ross loves Emily! (fear)",Statement Non Opinion,Disagreement
"Yeah, I know, I know, I know he does. (fear)",Agreement,Acknowledge
But I have to tell him how I feel! (sadness),Statement Non Opinion,Statement Opinion
He deserves to have all the information and then he can make an informed decision. (neutral),Statement Non Opinion,Statement Opinion
That's not why you're going! (sadness),Statement Non Opinion,Disagreement
"You're going because you hope he's gonna say, ""Yeah, I love you too, Rach. (sadness)",Statement Opinion,Statement Opinion
"Forget that British chippy."" (sadness)",Command,Command
Ohh--Do you think he will?! (surprise),Question,Question
No! (sadness),Answer,Answer
Because he's in love with the British chippy! (sadness),Statement Opinion,Statement Opinion
"Look, Rachel, if you go, you're just gonna mess with his head and ruin his wedding! (anger)",Statement Non Opinion,Statement Opinion
"Y'know, it's too late! (anger)",Statement Non Opinion,Statement Opinion
You missed you're chance! (sadness),Statement Non Opinion,Statement Opinion
"I'm sorry, I know this must be really hard, it's over. (sadness)",Apology,Apology
"Y'know what? No. It's not over until someone says, ""I do."" (anger)",Statement Non Opinion,Disagreement
"I do! I do! I do! I do! Ugh, like I can really chase you. I'm carrying a litter. (joy)",Statement Non Opinion,Backchannel
So is everybody here? (neutral),Question,Question
I got here a little early myself. (neutral),Statement Non Opinion,Statement Non Opinion
Let us begin. (neutral),Statement Non Opinion,Command
"Now, the hydrosaurids have been unearthed in two main locations. (neutral)",Statement Non Opinion,Statement Non Opinion
Here. (neutral),Others,Statement Non Opinion
Here. (neutral),Others,Statement Non Opinion
Now as for the hydrosaurs (neutral),Statement Non Opinion,Statement Non Opinion
"Well, so anyway Beth, what I'm saying is I should've considered your feelings before I went home with you that night. (neutral)",Statement Non Opinion,Statement Non Opinion
"I've ah, I've recently learned what's it like to be on your side of it, and I'm sorry. (sadness)",Apology,Apology
"So, do you think you can forgive me? (sadness)",Question,Question
Great. (joy),Agreement,Acknowledge
Thanks. (joy),Others,Acknowledge
"Okay, bye. (neutral)",Greeting,Backchannel
"Hello, Jennifer? (neutral)",Greeting,Greeting
"Oh hi, Mrs. Loreo, is Jennifer there? (surprise)",Question,Greeting
"Oh, she's not home huh? (surprise)",Question,Question
"Well ah, actually I kinda need to talk to you too. (neutral)",Statement Non Opinion,Statement Non Opinion
Hey! (anger),Greeting,Greeting
Hi. (neutral),Greeting,Greeting
Are you all right? (neutral),Question,Question
Uhh... I think I just got engaged. (fear),Answer,Statement Non Opinion
Oh my God! He did it? (surprise),Question,Question
Well...did you know he was gonna ask me? (joy),Question,Question
Are you kidding? (surprise),Question,Question
I'm like the one who talked him into it. (joy),Statement Non Opinion,Statement Opinion
I like to think of myself as the puppet master of the group. (sadness),Statement Non Opinion,Statement Opinion
And you really think this is a good idea? (sadness),Question,Question
"I just talked him into it, don't tell me I have to do you too. The puppet master gets tired people. (neutral)",Answer,Statement Non Opinion
I just don't know! It just doesn't feel right. (sadness),Statement Opinion,Statement Non Opinion
"Why?! You two are so meant to be together, everybody thinks so. (surprise)",Statement Non Opinion,Question
Really?! Even Ross? (surprise),Question,Question
Especially Ross! (joy),Answer,Statement Opinion
"Oh uh, hey Pheebs. Uh y'know what? I'll-I'll come back later. (neutral)",Statement Non Opinion,Greeting
"Wow! Kind of uh, kind of a full house here. I'll guess just...I'll come back. (surprise)",Statement Non Opinion,Statement Non Opinion
"There he goes, your fiancée. (joy)",Statement Non Opinion,Statement Non Opinion
I guess so. (neutral),Statement Non Opinion,Acknowledge
Although he does play with himself in his sleep. (neutral),Statement Non Opinion,Statement Non Opinion
I can't say that I'm surprised. (neutral),Statement Non Opinion,Statement Non Opinion
"Oh, that is so unfortunate. (sadness)",Statement Opinion,Statement Opinion
What? (neutral),Question,Question
Cute naked guy is really starting to put on weight. (joy),Answer,Statement Opinion
"Okay, I'll be back in just a minute. Oh, Phoebe I'm sorry that I left lipstick marks on the phone. (neutral)",Apology,Apology
You didn't leave lipstick marks on the phone. (neutral),Statement Non Opinion,Statement Non Opinion
"Oh, then it must've been you. Bye. (neutral)",Statement Opinion,Statement Non Opinion
Bye-bye! That's why I moved out. (joy),Statement Opinion,Statement Opinion
"Hey, y'know while we're on that, when are you gonna tell my sister that you don't live here anymore. (neutral)",Question,Question
I think on some levels she already knows. (neutral),Answer,Statement Opinion
Night Mon. Night Julio. (neutral),Greeting,Greeting
Adiâˆšâ‰¥s. (neutral),Greeting,Greeting
"Look Julio, someone left their book here. (surprise)",Statement Non Opinion,Statement Non Opinion
"Ah actually, that is mine. (neutral)",Statement Non Opinion,Statement Non Opinion
"Oh yeah, what are you reading? (neutral)",Question,Question
"Flowers of Evil, by Beaudalire. Have you read it? (neutral)",Question,Statement Non Opinion
"Have I read it? No, are you enjoying it? (neutral)",Question,Question
"I thought I would, but the translation's no good. (neutral)",Answer,Statement Opinion
Your a poet and don't know it. (neutral),Statement Opinion,Statement Opinion
"Actually I ah, I am a poet. (neutral)",Agreement,Statement Non Opinion
"Oh, then you do know it. So um what kind of things do you write about? (neutral)",Question,Question
"Things that move me. The, the shadow of a tree, a child laughing, or this lip. (neutral)",Answer,Statement Opinion
Mine? Right here? (neutral),Question,Question
I can write an epic poem about this lip. (joy),Answer,Statement Opinion
"How would that go? Well, it didn't rhyme, but I liked it. (joy)",Statement Opinion,Statement Opinion
"Last stop, Montreal. This stop is Montreal. (neutral)",Statement Non Opinion,Statement Non Opinion
What? (surprise),Question,Question
"I made a bet with myself that you have beautiful eyes. Now that I see them, I win. (neutral)",Statement Non Opinion,Statement Opinion
What? (surprise),Question,Question
We're at my stop. But would you like to have coffee? (neutral),Question,Question
Are we really in Montreal?! (surprise),Question,Question
"Yes we are. So, coffee? (neutral)",Answer,Answer
"Coffee sounds great. Wait, so, so you live in Montreal? (neutral)",Question,Agreement
"Oh, no. But it's just a two hour ferry ride to Nova Scotia. (neutral)",Answer,Statement Non Opinion
"Okay, here's batch 22. (neutral)",Statement Non Opinion,Statement Non Opinion
"Oh, maybe these'll taste a little like your grandmother's. (anger)",Statement Non Opinion,Statement Opinion
"This has a little bit of orange peel, but no nutmeg. (neutral)",Statement Non Opinion,Statement Non Opinion
Let's give it a shot. (neutral),Statement Non Opinion,Agreement
"Oh, what was that for? Like a bake sale? (surprise)",Question,Question
"No, just a Friday night. (neutral)",Answer,Statement Non Opinion
Would she? (neutral),Question,Question
Would she? You ate my candy bar! (anger),Question,Disagreement
"Oh God, I hate my job, I hate it, I hate my job, I hate it. (disgust)",Statement Opinion,Statement Opinion
"I know honey, I'm sorry. (sadness)",Apology,Acknowledge
"Oh, I wanna quit, but then I think I should stick it out, then I think why would such a person stay in such a demeaning job, just because it's remotely related to the field they're interested in. (sadness)",Statement Non Opinion,Statement Opinion
"Gee, I don't know Rach. Order up!! I got a Yentel soup, a James Beans, and a Howdy hold the Dowdy! (joy)",Statement Non Opinion,Statement Non Opinion
"Oh honey, come on, I'm sorry, I didn't.... (sadness)",Apology,Apology
"I don't mind paying my dues, y'know, its just how much am I gonna learn about fashion by walking Mira, the arthritic seamstress, to the bathroom. (disgust)",Statement Non Opinion,Statement Opinion
Hi! Is my misery amusing to you? (anger),Question,Question
"I'm sorry, I wa, I wa, I was just ah.... (fear)",Answer,Apology
"It's not funny, this is actually my job. (anger)",Acknowledge,Statement Opinion
"Oh believe me, I-I-I've been there. I had to sort mannequin heads at that Mannequins Plus. (neutral)",Statement Non Opinion,Statement Non Opinion
"Oh well then, so I'm just going to go back to talking to my friend here. (joy)",Statement Non Opinion,Statement Non Opinion
And you can go back to enjoying your little hamburger. (joy),Statement Opinion,Statement Non Opinion
"Ah, just one other thing. (neutral)",Statement Non Opinion,Statement Non Opinion
Yes?! (joy),Agreement,Backchannel
"I ah, I work at (neutral)",Statement Non Opinion,Statement Non Opinion
Do you want my pickle? (neutral),Question,Question
Do you think they have yesterday's daily news? (neutral),Question,Question
Why? (surprise),Question,Question
"Just wanna check my horoscope, see if it was right. (neutral)",Answer,Statement Non Opinion
Oh my God. (surprise),Apology,Statement Non Opinion
Phoebe. (neutral),Greeting,Acknowledge
"Don't look now, but behind us is a guy who has the potential to break our hearts and plunge us into a pit of depression. (neutral)",Statement Opinion,Statement Opinion
"Where? Ooh, come to Momma. (joy)",Question,Statement Non Opinion
"He's coming. Be cool, be cool, be cool. (anger)",Answer,Command
We should do something. Whistle. (joy),Statement Opinion,Statement Opinion
We are not going to whistle. (anger),Disagreement,Disagreement
"Come on, do it. (neutral)",Others,Command
No! (anger),Disagreement,Disagreement
Do it! (joy),Command,Command
No! (anger),Disagreement,Disagreement
Do it do it do it! (joy),Command,Command
Woo-woo! (joy),Others,Statement Non Opinion
I can't believe you did that! (surprise),Acknowledge,Statement Non Opinion
"Hi! Umm, I'm Monica Geller, I'm the chef at Alessandro's. (neutral)",Greeting,Greeting
Still? (surprise),Question,Question
"I think the things that you said about me are really unfair, and I would like for you to give my bouillabaisse another chance. (neutral)",Answer,Statement Opinion
I don't see any reason why I would do that to myself again. (joy),Statement Non Opinion,Disagreement
"Either eat it, or be in it. (anger)",Statement Opinion,Command
"Spoon? So, what do you think? (joy)",Question,Question
"I'm torn, between my integrity and my desire to avoid a beating. But I must be honest, your soap is abysmal. (disgust)",Answer,Statement Opinion
Thata girl! Huh? We should get out of here.. there's a new class comin' in. (joy),Statement Non Opinion,Agreement
"Welcome to introduction to cooking. Now, before we start, can anyone tell me the difference between a hollandaise sauce and a bearnaise sauce? (neutral)",Question,Question
I can. (neutral),Answer,Answer
"Okay, go ahead. (neutral)",Agreement,Command
"Well umm, they both have a egg yolk and butter base, but a bearnaise has shallots, shirvel, and most importantly tarragon. (neutral)",Answer,Answer
"That's very good, what's your name? (neutral)",Question,Question
Monica. (neutral),Answer,Answer
"Monica, you go to the head of the class. (neutral)",Command,Command
Okay. (joy),Agreement,Acknowledge
"And there's a country called Argentinaaaa, it's a place I've never seeeeen. (neutral)",Statement Non Opinion,Statement Non Opinion
But I'm told for fifty pesos you can buy a human spleen. (neutral),Statement Non Opinion,Statement Non Opinion
Human spleeeen. (neutral),Others,Statement Non Opinion
Olé! (joy),Others,Statement Opinion
What are you doing here! (surprise),Question,Question
"Well, you said that you had customers lined up in the street, so I am here to entertain! (joy)",Answer,Answer
Great! (joy),Acknowledge,Agreement
Yeah! (joy),Agreement,Backchannel
"It really has been great too, you know, some of this people must have seen me play before because they were requesting a bunch of my songs! (joy)",Statement Non Opinion,Statement Opinion
"Yeah, ""You suck"" and ""shut up and go home"". (joy)",Statement Opinion,Statement Opinion
Listen Phoebe... (joy),Others,Greeting
Yeah. (neutral),Others,Backchannel
"You know how much I love listening to your music, you know, but... (neutral)",Statement Opinion,Statement Opinion
But what? (neutral),Question,Question
This is kind of a classy place. (neutral),Answer,Statement Non Opinion
"Ok, say no more. (neutral)",Acknowledge,Acknowledge
"I'm so bored! Stupid rain, we... we can't do anything. (sadness)",Statement Opinion,Statement Non Opinion
"Well, I've brought some books. We could read. (neutral)",Statement Non Opinion,Statement Opinion
"Hey, it hasn't come to that yet. (joy)",Statement Non Opinion,Disagreement
Hey hey hey! Don't mind if I do! (joy),Statement Non Opinion,Agreement
"I'm sorry sir, these are for the pharmaceutical convention (neutral)",Apology,Apology
"Hey Rach, do you feel like going to a convention? (neutral)",Question,Question
We can't. We're not pharmacists! (sadness),Answer,Statement Non Opinion
"I know we're not, but Frank Medeio and... Eva Trorro... womba... (neutral)",Statement Non Opinion,Statement Non Opinion
Kate Miller? (neutral),Question,Question
Kate Miller it is. (neutral),Answer,Agreement
And... that's the most sex I'm gonna have this weekend. (joy),Statement Non Opinion,Statement Opinion
In that case should I make sure it's on real good? (neutral),Others,Question
Thank you. (neutral),Acknowledge,Acknowledge
Oh my God! (surprise),Others,Statement Non Opinion
"We heard about your pants, I'm so sorry. (sadness)",Apology,Apology
This year was supposed to be great! (anger),Statement Opinion,Statement Opinion
"But, it's only the second day and I'm a loser with stupid leather pants that don't even fit! (disgust)",Statement Non Opinion,Statement Opinion
"No. No, you're not a loser. (sadness)",Statement Opinion,Agreement
Look at me! (anger),Others,Command
"Hey, hey, look. Look Ross, Ben drew a picture of you! Huh? You're-you're a cowboy! (joy)",Statement Non Opinion,Statement Opinion
"Oh, be-because of the leather pants. (sadness)",Statement Non Opinion,Statement Non Opinion
"See? Ben doesn't think you're a loser, he thinks you're a cowboy! Now that's something. (joy)",Statement Non Opinion,Statement Opinion
That really is something.. that's really cool. (joy),Others,Agreement
Howdy partner! (joy),Others,Greeting
Maybe I should get another pair! (joy),Statement Non Opinion,Statement Opinion
"Ooh, y'know, they-they had some with fringe all down the sides. (joy)",Statement Non Opinion,Statement Opinion
I'm gonna go kiss Ben goodnight. (joy),Statement Opinion,Statement Non Opinion
I can't believe he thinks I'm a cowboy. (joy),Statement Non Opinion,Statement Opinion
I would make a good cowboy. (joy),Statement Non Opinion,Statement Opinion
"Okay, now that everything's wrapped up here, I think I'm, I'm gonna go do my laundry. (neutral)",Statement Non Opinion,Statement Non Opinion
"Oh yeah, me too. Y'know if this shirt is dirty. Yep. (neutral)",Statement Non Opinion,Statement Non Opinion
"No you didn't. You said you would, but you never did! (anger)",Statement Non Opinion,Disagreement
Oh yeah! (surprise),Agreement,Acknowledge
Great nap. (neutral),Statement Non Opinion,Statement Non Opinion
It really was. (neutral),Agreement,Agreement
"Uh me? Gay? No! No. No, but I have a number of close friends who are. (joy)",Statement Non Opinion,Statement Opinion
"So, let's talk about women. I'm sure our female readers will be interested to know about your romantic life. (neutral)",Statement Opinion,Statement Non Opinion
"Oh-oh-oh-oh, how I do it is, I look a woman up and down and say, ""Hey, how you doin'?"" (neutral)",Question,Statement Non Opinion
"Oh, please! (disgust)",Others,Disagreement
"Hey, how you doin'? (neutral)",Question,Greeting
Hey Mikey (neutral),Greeting,Greeting
Hey P (neutral),Greeting,Greeting
What are you doing? (neutral),Question,Question
Setting rattraps (neutral),Answer,Answer
To kill Bob?? (surprise),Question,Question
"No, no, to test his neck strength. (neutral)",Answer,Answer
"No, Mike, I don't want to kill him! (anger)",Disagreement,Disagreement
"I thought we were just gonna capture him and, and you know, set him free in the country side where he can maybe meet a friendly possom and a wisecracking owl. (sadness)",Statement Opinion,Statement Opinion
"Ok, ok, I'll throw away the traps. (neutral)",Agreement,Agreement
"I'll find Bob, I'll get him. (neutral)",Statement Non Opinion,Statement Non Opinion
Bob? (fear),Others,Question
Bob! (sadness),Others,Statement Non Opinion
Robert! (anger),Others,Statement Non Opinion
"Oh wait, I think I hear him. (neutral)",Statement Non Opinion,Statement Non Opinion
Oh - Oh my god! (surprise),Others,Statement Non Opinion
Bob had babies! (surprise),Acknowledge,Statement Non Opinion
Bob's a mom! (surprise),Others,Statement Non Opinion
Better think of a new name for him. (neutral),Statement Non Opinion,Statement Opinion
"I don't know, I kinda like Bob for a girl. (neutral)",Statement Opinion,Statement Opinion
"I don't know, I mean I'm not sure ... (neutral)",Statement Non Opinion,Statement Opinion
"Oh my god, we killed Bob! (sadness)",Statement Non Opinion,Statement Non Opinion
"Maybe it wasn't Bob, maybe it was a mouse. (neutral)",Statement Opinion,Statement Opinion
Suzie (neutral),Statement Non Opinion,Statement Non Opinion
"Hmmm, soup! (joy)",Others,Statement Opinion
"Joey, Ross is gonna be here any second, would you mind watching Ben for me while I use the ladies' room? (neutral)",Question,Question
"Oh yeah, no problem. (neutral)",Answer,Agreement
Thanks. (neutral),Greeting,Acknowledge
"Hi Ben! So you wanna be an actor huh? I gotta tell ya, it's no picnic. There's tons of rejection. (sadness)",Statement Non Opinion,Statement Opinion
Joey! (surprise),Greeting,Greeting
What one? You wanted him to invite you to the party and he did it! (surprise),Statement Non Opinion,Statement Opinion
"Yeah, but he waited until the last minute! (anger)",Acknowledge,Disagreement
"So if I said yes, he would know I had nothing better to do than wait around for an invitation to his stupid party. (anger)",Statement Non Opinion,Statement Opinion
"I said, ""No!"" (anger)",Statement Non Opinion,Statement Non Opinion
Which puts (neutral),Statement Non Opinion,Statement Non Opinion
Great. So the ball is in his court? (anger),Question,Question
Ball? There is no ball. (anger),Disagreement,Disagreement
"Oh, hey Rach! I thought we said seven? (surprise)",Question,Greeting
"Yeah uh, y'know what uh, let's skip it. (neutral)",Others,Statement Non Opinion
What?! Why?! (surprise),Question,Question
"Umm, you-you and your sister seem to have umm, a very special bond, and (neutral)",Answer,Statement Non Opinion
Oh great! That (anger),Acknowledge,Statement Opinion
"Do-do you, do you have brothers? (neutral)",Question,Question
"No, I have two sisters. But one of them has a very masculine energy. (neutral)",Answer,Statement Non Opinion
Are you close with them? (neutral),Question,Question
"No-no, they're not very nice people. (neutral)",Answer,Statement Non Opinion
"Okay, listen, I really like you. (neutral)",Statement Non Opinion,Statement Opinion
Okay? (neutral),Agreement,Backchannel
I think this can go somewhere. (neutral),Statement Non Opinion,Statement Opinion
"So what if I'm close to my family, are you gonna let that stand in the way of us? (neutral)",Question,Question
"Well, uh, I-I don't know. See when-when you put it that way y'know it does sort of (neutral)",Answer,Statement Non Opinion
Danny! Hurry up! The bath is getting cold! (neutral),Statement Non Opinion,Command
What? (surprise),Question,Question
"Yeah, okay, I'll see you later. (neutral)",Others,Acknowledge
It's over. (sadness),Statement Non Opinion,Statement Non Opinion
"Oh, was it awful? (sadness)",Question,Question
"Well, it was loong. (sadness)",Answer,Statement Non Opinion
"I didn't even realise how late it was, until I noticed the 5 o'clock shadow on her head. (neutral)",Statement Non Opinion,Statement Non Opinion
"Anyway, she didn't want to stay. (sadness)",Statement Non Opinion,Statement Non Opinion
I called a cab. she just left. (neutral),Statement Non Opinion,Statement Non Opinion
I wrote you a letter. (neutral),Statement Non Opinion,Statement Non Opinion
Ohh! Thank you! I like mail. (joy),Acknowledge,Acknowledge
It's just some things I've been thinking about. (neutral),Statement Non Opinion,Statement Non Opinion
"Some things about us, and before we can even think about the two of us getting back together, I just need to know how you feel about this stuff. (neutral)",Statement Non Opinion,Statement Opinion
"Okay. Wow, it's-it's 5:30 in the morning. So, I'd better get cracking on this baby. (neutral)",Statement Non Opinion,Statement Non Opinion
"Well, I'll be waiting for you, just come up when you're done. (neutral)",Agreement,Statement Non Opinion
"Okay, I'll be up in, 18 pages. Front and back. Very exciting. (joy)",Agreement,Statement Non Opinion
The waiter carried the breadsticks in his pants! (anger),Statement Non Opinion,Statement Opinion
"Well, you said that we except the (neutral)",Statement Non Opinion,Statement Non Opinion
"All right, that I'll retract. (neutral)",Statement Non Opinion,Acknowledge
"But I stand by my review, I know food and that wasn't it. (disgust)",Statement Non Opinion,Statement Opinion
You're marinara sauce tasted like tomato juice! (disgust),Statement Opinion,Statement Opinion
You should serve it with vodka and a piece of celery. (disgust),Statement Non Opinion,Statement Opinion
"Hey! I'm proud of that sauce, it's delicious. (anger)",Statement Non Opinion,Statement Opinion
Oh my God! You own an Italian restaurant and you think that tastes good?! Where are you even from? (surprise),Question,Question
Lebanon. (neutral),Answer,Answer
"Hand me those tomatoes, I'm gonna show you what it should taste like! Come on, hand me them. (anger)",Statement Non Opinion,Command
How long is this gonna take? 'Cause I got another critic to go yell at. (neutral),Question,Question
"Okay, then what happened? (neutral)",Question,Question
Ohh. Uh-huh. Uh-huh. You'll get your turn! (anger),Others,Command
"Hey Pheebs, what's going on? (neutral)",Question,Greeting
Nothing! This is not over! (anger),Answer,Statement Non Opinion
No! No! No! (anger),Others,Disagreement
What?! (surprise),Question,Question
"I was up all night writing this really nasty letter to Emily! It was perfect and now it's all covered in-in... Actually, thanks! (sadness)",Answer,Statement Non Opinion
All right! Everybody ready to go to the movies? (neutral),Question,Question
"Uh actually, I think I'm gonna skip it. (sadness)",Answer,Statement Non Opinion
Really? (surprise),Question,Question
"Yeah, I'm gonna stay and read my book. I just wanna be alone right now. (sadness)",Answer,Statement Non Opinion
"Oh. Are you sure you don't want to come? Tom Hanks, Meg Ryan, they get mail and stuff. (neutral)",Question,Question
"That's okay, Joe. (neutral)",Answer,Acknowledge
"All right, let's go Pheebs. (neutral)",Statement Non Opinion,Command
Oh God! (surprise),Others,Backchannel
That was amazing. (joy),Statement Non Opinion,Statement Opinion
I know. (neutral),Agreement,Agreement
"Hey, do you realize we may have just changed our lives forever? (joy)",Question,Question
We may have just started a family. (joy),Answer,Statement Non Opinion
"Nine months from now we can be here, having our own baby. (joy)",Statement Opinion,Statement Non Opinion
"And if not, we got to do it on a bucket. (neutral)",Statement Non Opinion,Statement Non Opinion
Ross! You gotta stop! Okay?! You can't just stare through the peep hole for three hours! You're gonna get peep eye! (anger),Statement Non Opinion,Command
I knew it! (surprise),Statement Non Opinion,Statement Opinion
I knew it! (anger),Statement Non Opinion,Statement Opinion
I always knew she liked him! (anger),Statement Opinion,Statement Opinion
"Y'know, she'd say no, but here we are! (anger)",Statement Non Opinion,Statement Opinion
Right? (neutral),Statement Non Opinion,Question
"We just broke up, first thing she does! (anger)",Statement Non Opinion,Statement Opinion
You didn't just break up. (neutral),Statement Non Opinion,Statement Non Opinion
"Hey, it's been like three weeks! (anger)",Statement Non Opinion,Statement Opinion
You slept with somebody three hours after you thought you broke up. I mean bullets have left guns slower! (disgust),Statement Opinion,Statement Opinion
"Hey, so uh, y'know how there's something I wanted to talk to you about? (neutral)",Question,Greeting
Oh yeah! (joy),Answer,Backchannel
"Well, y'know how I'm trying to work things out with Emily. (joy)",Statement Non Opinion,Statement Non Opinion
"Well, there's this one thing... Okay, here goes. (neutral)",Statement Non Opinion,Statement Non Opinion
I made a promise that--Oh hey! (surprise),Others,Statement Non Opinion
What? (neutral),Question,Question
You're nose is bleeding! (surprise),Answer,Statement Non Opinion
Oh God. (sadness),Others,Acknowledge
No! (sadness),Statement Non Opinion,Disagreement
Oh not again! (anger),Statement Non Opinion,Statement Opinion
This-this happened when my grandfather died. (sadness),Statement Non Opinion,Statement Non Opinion
It's ugh! (disgust),Others,Statement Opinion
Sorry. (sadness),Apology,Apology
"Oh, okay, so I'm sorry, what-what were you-what did you want to tell me? (neutral)",Question,Apology
Umm (neutral),Backchannel,Backchannel
Sorry. Sorry. (sadness),Apology,Apology
"Okay, I uh, I can't see you anymore. (sadness)",Statement Non Opinion,Statement Non Opinion
"Yeah, I know. It's ridiculous! I can't see you either. (neutral)",Agreement,Agreement
Not yet! Not yet! Not yet! Not yet! Not yet! Not yet! Not yet! Not yet! (fear),Others,Statement Non Opinion
"Hello, Chip. (neutral)",Greeting,Greeting
"Hey, Rach! How ya doin'? (joy)",Question,Greeting
I'm great! I'm great. I've got a great job at (joy),Answer,Statement Opinion
"So ah, Monica ready yet? (neutral)",Question,Question
"She'll be out in a second. So, Chip, how's umm, Amy Welch? (neutral)",Answer,Question
"Amy Welch? Wow! I haven't seen her since... So, Monica about ready? (surprise)",Question,Question
"That's right, I love you! And-and I'm gonna play with you all the time. (joy)",Statement Non Opinion,Statement Opinion
How can you let him talk to your crotch like that? (surprise),Question,Question
He's talking to the baby. (neutral),Answer,Statement Non Opinion
Ohh! (surprise),Others,Backchannel
Okay! (surprise),Agreement,Backchannel
"Okay, cause when-when he said, ""I can't wait to hear your first words,"" I thought, ""There's a trick."" (surprise)",Statement Opinion,Statement Opinion
"Okay. Well, I gotta go you guys. I'll see you later. (neutral)",Statement Non Opinion,Statement Non Opinion
Okay. (neutral),Agreement,Acknowledge
"Oh my, oh my God! (surprise)",Others,Statement Non Opinion
"Aw, it's unbelievable! (surprise)",Statement Non Opinion,Statement Opinion
Wow! (surprise),Others,Backchannel
She is kicking so much! (surprise),Statement Non Opinion,Statement Non Opinion
"Oh, she's like umm...oh...who's that kind of annoying girl soccer player? (joy)",Question,Statement Opinion
Mia Hamm? (neutral),Answer,Question
Mia Hamm! (joy),Agreement,Acknowledge
Oh that's amazing. (joy),Statement Non Opinion,Agreement
Oh-oh!! One hand on the sheet Joe! (surprise),Statement Non Opinion,Command
Whoa-hey-oh! Sorry! (surprise),Apology,Apology
"Okay, what do you guys think? (neutral)",Question,Question
Dude! (surprise),Statement Non Opinion,Acknowledge
I have never known love like this. (sadness),Statement Opinion,Statement Opinion
You really like it? (surprise),Question,Question
Dude! How-how did you write this? (surprise),Question,Question
I stole Monica's and changed the name. (neutral),Answer,Statement Non Opinion
You can't (neutral),Disagreement,Disagreement
If he goes first he can! (joy),Statement Non Opinion,Statement Opinion
Yeah! (anger),Others,Acknowledge
"Anyway, I-I still think we should try to patch things up, y'know? (neutral)",Statement Non Opinion,Statement Opinion
"Like uh, maybe we could get him to get tickets to another Knicks game and invite him. (neutral)",Statement Opinion,Statement Non Opinion
Oh wow that's a great idea! And (joy),Statement Opinion,Agreement
Here you go. (neutral),Statement Non Opinion,Statement Non Opinion
"Hey-hey-hey-ho-ho, I got this one. (joy)",Statement Non Opinion,Statement Non Opinion
Here you go. (neutral),Statement Non Opinion,Statement Non Opinion
"Y'know I gotta tell ya, sometimes I just--I don't get Chandler. (neutral)",Statement Non Opinion,Statement Opinion
"Y'know, me and him do stuff all the time without you and you don't get all upset. (neutral)",Statement Non Opinion,Statement Non Opinion
All the time? (sadness),Question,Question
All the time! (anger),Answer,Disagreement
"Cassie, how you-how you doin' on that...hot dog. (neutral)",Question,Question
I'm all done. (neutral),Answer,Answer
Thank God. (joy),Others,Acknowledge
I guess the last time we really hung out was when our parents rented that beach house together. (neutral),Statement Non Opinion,Statement Non Opinion
Oh right. (neutral),Acknowledge,Acknowledge
Right. (neutral),Agreement,Acknowledge
"Ooh, remember the time I uh, I pinned you down and tickled you 'til you cried? (joy)",Statement Non Opinion,Statement Opinion
We're probably too old to do that now. (sadness),Statement Non Opinion,Statement Opinion
"I'll always remember that summer, because it's when I got all of these freckles. (joy)",Statement Opinion,Statement Opinion
Uh-huh! Uh-huh! And-and-and I'll always remember that summer because that's when I realized that we are related. (joy),Statement Opinion,Statement Opinion
"It took you that long to figure it out, huh? (surprise)",Question,Question
"Well I'm, I'm a little slow. Just as our children would be. (neutral)",Answer,Statement Opinion
Relax every muscle in your body. (neutral),Command,Command
Listen to the plinky-plunky music. (neutral),Command,Command
"Okay, now close you eyes, and think of a happy place. (neutral)",Command,Command
"Okay, tell me your happy place. (neutral)",Question,Question
"Richard's living room, drinking wine. (joy)",Answer,Statement Opinion
"All right. No, no, no, not a Richard thing, just put down the glass. And get out! (anger)",Disagreement,Command
"I'm sorry, but that's my happy place. (sadness)",Apology,Statement Opinion
"Well, okay, fine, use my happy place. (neutral)",Statement Opinion,Statement Non Opinion
"Okay, I'm just gonna, I have to ask that you don't move anything. (neutral)",Command,Command
"All right, I'll try not to. (neutral)",Agreement,Agreement
"Okay, all right, so, your in a meadow, millions of stars in the sky.... (neutral)",Statement Non Opinion,Statement Non Opinion
Do you think breaking up with him was a huge mistake? (sadness),Question,Question
"All right, there are no questions in the happy place. Okay, just, the warm breeze, and the moonlight flowing through the trees.... (joy)",Answer,Statement Non Opinion
"I'll bet he's totally over me, I'll bet he's fine. (sadness)",Disagreement,Statement Opinion
"All right, betting and wagering of any kind, are, I'm sure, not permitted in the happy place. (neutral)",Statement Non Opinion,Statement Non Opinion
Okay. (neutral),Agreement,Acknowledge
"Just-just, you know, the-the lovely waterfalls, and the, the trickling fountains. (joy)",Question,Statement Non Opinion
And the-the calming sounds of the babbling brook.... (neutral),Question,Statement Non Opinion
"Okay, this isn't working. I'm still awake and now I have to pee. (disgust)",Answer,Statement Opinion
"OK sweetie, I'll see you later. (neutral)",Statement Non Opinion,Acknowledge
See you later Rach. (neutral),Statement Non Opinion,Acknowledge
Bye-bye Julie. (neutral),Greeting,Greeting
Hey. (neutral),Greeting,Greeting
Hey. (neutral),Greeting,Greeting
"Hey, c'mon, cut it out. (joy)",Command,Command
Hey? (neutral),Question,Greeting
What? (neutral),Question,Question
Can I ask you somethin'? (neutral),Question,Question
"Hey Rach, wanna hear the new song I'm thinkin' of singing this afternoon? I wrote it this morning in the shower. (joy)",Statement Non Opinion,Greeting
Ok. (neutral),Agreement,Acknowledge
"Uh, Rachel, sweetheart, could I see ya for a minute? (neutral)",Question,Greeting
What's up? (neutral),Question,Question
F.Y.I.. (neutral),Statement Non Opinion,Statement Non Opinion
I've decided to pay a professional musician to play in here on Sunday afternoons. (neutral),Statement Non Opinion,Statement Non Opinion
Her name is Stephanie... something. (neutral),Statement Non Opinion,Statement Non Opinion
She's supposed to be very good. (neutral),Statement Opinion,Statement Opinion
But what about Phoebe? (surprise),Question,Question
"Rachel, it's not that your friend is bad, it's that she's so bad, she makes me want to put my finger through my eye into my brain and swirl it around. (disgust)",Answer,Statement Opinion
"Ok, ok, so you're not a fan, but I mean, come on, you cannot do this to her. (sadness)",Disagreement,Disagreement
Uh... (neutral),Others,Backchannel
"Oh, no no no no. Oh no no no no. I have to do this to her? (fear)",Question,Statement Opinion
"Ahh, no. (sadness)",Answer,Disagreement
Oh. (neutral),Others,Acknowledge
Are you jealous? (surprise),Question,Question
"Noo, I y'know I don't see why she has to play with you, that's all. (anger)",Answer,Statement Opinion
I mean doesn't she have any y'know other stripper moms friends of her own? (anger),Statement Non Opinion,Statement Opinion
You are totally jealous. (joy),Statement Opinion,Statement Opinion
I'm not jealous. (anger),Disagreement,Disagreement
"All right this is about, umm, people feeling certain things y'know about strippers. (neutral)",Statement Opinion,Statement Non Opinion
"And y'know, and um, I... (neutral)",Statement Non Opinion,Backchannel
"Honey, I love you too. (neutral)",Statement Non Opinion,Statement Opinion
"Ugh. Wait, wait, wait. (sadness)",Others,Acknowledge
What? (surprise),Question,Question
Huh. (surprise),Others,Acknowledge
"Well, there's a kiss that he won't forget for a couple of hours, y'know. (joy)",Statement Opinion,Statement Opinion
"Yeah. Either that, or you just turned him on and sent him off to a stripper. (neutral)",Agreement,Statement Opinion
I can't believe you came back. (surprise),Acknowledge,Statement Non Opinion
Don't say anything. (joy),Command,Command
"I don't wanna speak, I don't wanna think. (neutral)",Statement Non Opinion,Statement Non Opinion
"I just want you to take me and kiss me and make love to me right here, right now. (joy)",Statement Non Opinion,Statement Opinion
Rachel! Rachel! (joy),Others,Greeting
What? (neutral),Question,Question
You missed the exit! (surprise),Answer,Statement Non Opinion
"Oh, sorry. (neutral)",Apology,Apology
"My God, what were you thinking about? (surprise)",Question,Question
"Um, Barry. (neutral)",Answer,Answer
Awwwww (joy),Backchannel,Backchannel
"I just--I thought you guys were doing it, I didn't know you were in love! (surprise)",Statement Non Opinion,Statement Opinion
Dude! (joy),Greeting,Backchannel
And hats off to Phoebe. Quite a competitor. And might I say your breasts are still showing. (joy),Statement Non Opinion,Statement Opinion
God! (surprise),Backchannel,Backchannel
All right! So that's it! It's over! Everybody knows! (joy),Statement Non Opinion,Statement Opinion
"Well actually, Ross doesn't. (neutral)",Statement Non Opinion,Statement Non Opinion
"Yes, and we'd appreciate it if no one told him yet. (neutral)",Agreement,Command
Dear Mary-Angela. (neutral),Greeting,Greeting
Hi. (neutral),Greeting,Greeting
How?s it going. (neutral),Question,Question
This is the hardest letter I?ve ever had to write. (sadness),Statement Opinion,Statement Non Opinion
What the hell?s a matter with you? (disgust),Question,Question
How do you think Joey?s going to react when he finds out that you blew off his sister with a letter? (anger),Question,Question
"Well, that?s the part where you tell him that I moved to France. When actually I?ll be in Cuba. (neutral)",Statement Non Opinion,Statement Non Opinion
"All right, look, look, you?ve got to do this yourself, okay in person. (neutral)",Command,Command
At least you know her name. (neutral),Statement Non Opinion,Statement Non Opinion
"You just go to the house and you ask for Mary-Angela, okay, when which ever one she is comes to the door, you take her for a walk, you let her down easy. (neutral)",Statement Non Opinion,Command
What if Mary-Angela comes to the door and I ask for Mary-Angela? (fear),Question,Question
Where in Cuba? (sadness),Question,Question
Hey. (neutral),Greeting,Greeting
"You uh, you may have been right about Jill. (sadness)",Agreement,Statement Opinion
Oh! I knew it! What happened? (surprise),Question,Question
"Umm, she kissed me. (sadness)",Answer,Statement Non Opinion
What?! You kissed! (surprise),Question,Question
All right. (neutral),Agreement,Acknowledge
"Okay, here you go. I have two queens, what do you have? (neutral)",Question,Statement Non Opinion
A two and a five. (neutral),Answer,Statement Non Opinion
"Ho-ho, you win! 50 dollars! (joy)",Statement Non Opinion,Statement Opinion
Really?! (surprise),Backchannel,Question
"Oh yeah! Okay, let's play again. What do you got? (neutral)",Question,Statement Non Opinion
A four and a nine. (neutral),Answer,Statement Non Opinion
You're kidding right? (surprise),Question,Question
No. Why? (neutral),Answer,Answer
Well that's a full cup! (surprise),Answer,Statement Opinion
Damn! I am good at Cups! (joy),Statement Opinion,Statement Opinion
What? Why? Where are you? (surprise),Question,Question
I'm still on the set! (neutral),Answer,Statement Non Opinion
Joey! The wedding is in less than an hour! (anger),Statement Non Opinion,Statement Opinion
"I know! I'm sorry! The guy's drunk, they won't let me go until we get this. (sadness)",Apology,Apology
Oh my God! I'm gonna have to find another minister. (sadness),Statement Non Opinion,Statement Opinion
"No! No, I'm the minister! Alright, look-look, put 'em both on the phone, I'll marry them right now. (anger)",Disagreement,Command
"Ugh! Joey, I have to go. (sadness)",Statement Non Opinion,Statement Non Opinion
Hey! Don't you hang up on me! I'll marry you and me right now! I have the power! (anger),Statement Non Opinion,Command
Oh hey Joey! What's up? (joy),Greeting,Greeting
"I can't decide which route to take to Vegas. Hey, you've traveled a lot right? (neutral)",Question,Question
"Yeah, I've been around. (neutral)",Answer,Answer
"Okay, so-so which route should I take the northern route or the southern route? (neutral)",Question,Question
"Ooh, if you take the northern route there's a man in Illinois with a beard of bees. (neutral)",Answer,Statement Non Opinion
Great! Problem solved! (joy),Statement Non Opinion,Agreement
"Estelle, you gotta get me some work. I-I lost my health insurance. (sadness)",Command,Command
"All right, first thing we gotta do, damage control. (neutral)",Command,Statement Non Opinion
Why? (surprise),Question,Question
"Well, I think uhh, someone out there may have been bad mouthing you all over town. (sadness)",Answer,Statement Opinion
Bastard! (anger),Disagreement,Statement Opinion
You mean whenever Monica and Chandler where like y'know doing laundry or going grocery shopping or--Oh! (surprise),Statement Non Opinion,Statement Non Opinion
All that time Monica spent on the phone with sad Linda from camp! (surprise),Statement Non Opinion,Statement Non Opinion
"Uh-huh, doing it. Doing it. Phone doing it. (joy)",Others,Backchannel
"Oh, I can't believe it! (surprise)",Statement Non Opinion,Statement Opinion
I mean I think it's great! (joy),Statement Non Opinion,Statement Opinion
For him. (neutral),Others,Statement Non Opinion
She might be able to do better. (neutral),Statement Opinion,Statement Opinion
Hey guys! (neutral),Greeting,Greeting
Joey! Come here! Come here! (neutral),Command,Command
Phoebe just found out about Monica and Chandler. (neutral),Statement Non Opinion,Statement Non Opinion
You mean how they're friends and nothing more? (neutral),Question,Question
"No. Joey, she (neutral)",Answer,Statement Non Opinion
"Okay, so now they know that you know and they don't know that Rachel knows? (surprise)",Statement Non Opinion,Question
"Yes, but y'know what? (neutral)",Question,Acknowledge
It doesn't matter who knows what. (neutral),Answer,Statement Non Opinion
"Now, enough of us know that we can just tell them that we know! (neutral)",Statement Non Opinion,Statement Non Opinion
Then all the lying and the secrets would finally be over! (joy),Statement Non Opinion,Statement Opinion
"It's a tradition, like the parade. If the parade decided it was gay, moved out, and abandoned its entire family. (neutral)",Statement Non Opinion,Statement Non Opinion
"Y'know, you're friend's getting married, it's gotta change things. (neutral)",Statement Non Opinion,Statement Opinion
You really think it would be that different? (surprise),Question,Question
How could it not be? (surprise),Question,Question
"I mean pretty soon they're gonna be having kids, and then they're just gonna be hanging out with other couples who have kids. (sadness)",Answer,Statement Opinion
And then maybe they're gonna have to leave the city to be near a (sadness),Statement Non Opinion,Statement Opinion
"Well, things change. (neutral)",Agreement,Statement Non Opinion
I don't want them to move to a (sadness),Statement Non Opinion,Statement Opinion
It'll be okay Joe. (neutral),Statement Non Opinion,Statement Non Opinion
Its still there! (surprise),Question,Statement Non Opinion
Mrs. Braverman must be out. (neutral),Answer,Statement Non Opinion
She could be out of town. Maybe she'll be gone for months. (sadness),Statement Non Opinion,Statement Opinion
"By then, the cheesecake may have gone bad. We don't want her to come back to bad cheesecake. (fear)",Statement Non Opinion,Statement Opinion
No that could kill her. (fear),Statement Non Opinion,Statement Opinion
"Well, we don't want that. (neutral)",Statement Non Opinion,Agreement
"No, so we're protecting her. (neutral)",Statement Opinion,Statement Non Opinion
But we should take it. (neutral),Statement Non Opinion,Statement Opinion
But we should move quick. (fear),Statement Non Opinion,Statement Opinion
Why? (surprise),Question,Question
Because I think I just heard her moving around in there. (fear),Answer,Statement Opinion
Go! Go! Go! Go! Go! Go! Go! Go! Go! Go! (fear),Command,Command
"Hey, Kicky. What're you doing? (neutral)",Question,Greeting
Just trying to get comfortable. I can't sleep in my underwear. (neutral),Answer,Statement Non Opinion
"Well, you're gonna. (neutral)",Statement Non Opinion,Statement Non Opinion
"I've been thinking. Y'know, about how I'm always seeing girls on top of girls... (neutral)",Statement Opinion,Statement Non Opinion
"Are they end to end, or tall like pancakes? (neutral)",Question,Question
"Y'know what I mean, about how I'm always going out with all these women. (neutral)",Answer,Statement Non Opinion
"And I always figured, when the right one comes along, I'd be able to be a stand-up guy and go the distance, y'know? (sadness)",Question,Statement Opinion
"Now I'm looking at my dad, thinking... (neutral)",Answer,Statement Non Opinion
"Hey, you're not him. (neutral)",Statement Opinion,Statement Non Opinion
You're you. (neutral),Statement Opinion,Statement Non Opinion
"When they were all over you to go into your father's pipe-fitting business, did you cave? (neutral)",Question,Question
No. (neutral),Answer,Answer
No. (neutral),Answer,Acknowledge
You decided to go into the out-of-work actor business. (neutral),Statement Non Opinion,Statement Non Opinion
"Now that wasn't easy, but you did it! (neutral)",Acknowledge,Statement Opinion
"And I'd like to believe that when the right woman comes along, you will have the courage and the guts to say ""No thanks, I'm married."" (neutral)",Statement Opinion,Statement Opinion
You really think so? (joy),Question,Question
Yeah. I really do. (neutral),Answer,Answer
"Thanks, Chandler. (neutral)",Acknowledge,Acknowledge
Get off! (anger),Others,Command
Hi. (neutral),Greeting,Greeting
"Your Fettuccini Alfredo looks a little dry, did you use all your cheese? (neutral)",Question,Question
"When you say used, do you mean eat as a pre-cooking snack? (neutral)",Question,Question
And the cream? (neutral),Question,Question
Cheese makes me thirsty. (neutral),Answer,Statement Non Opinion
Okay. Let's move on. (neutral),Others,Command
All right. (neutral),Agreement,Acknowledge
Oh! Something smells good over at Monica's station! Oh my God! This is absolutely amazing! You've never made this before? (surprise),Question,Statement Opinion
Oh no! (surprise),Answer,Statement Non Opinion
I don't know anything about cooking. (neutral),Disagreement,Statement Non Opinion
"I had to ask someone what it's called when the, when the water makes those little bubbles. (neutral)",Statement Non Opinion,Statement Non Opinion
"Well, hats off to the chef. (joy)",Acknowledge,Statement Opinion
"I-I-I'm sorry, your-your mouth was full, I didn't hear what you said. Umm, hats off to who now? (neutral)",Question,Apology
The chef! (joy),Answer,Statement Opinion
That's right. (joy),Agreement,Agreement
"Hey, Pheebs. (neutral)",Greeting,Greeting
Hey. (neutral),Greeting,Greeting
How's it going? (neutral),Question,Question
Good. Oh oh! Roger's having a dinner thing and he wanted me to invite you guys. (joy),Answer,Statement Non Opinion
So what's going on? (neutral),Question,Question
"Nothing, um, it's just, um... It's Roger. (neutral)",Answer,Statement Non Opinion
"I dunno, there's just something about... (neutral)",Disagreement,Statement Non Opinion
Basically we just feel that he's... (neutral),Statement Non Opinion,Statement Non Opinion
We hate that guy. (disgust),Statement Opinion,Statement Opinion
Yeah. Hate him. (disgust),Disagreement,Agreement
"We're sorry, Pheebs, we're sorry. (sadness)",Apology,Apology
Uh-huh. (neutral),Others,Acknowledge
Okay. (neutral),Question,Acknowledge
"Okay, don't you think, maybe, though, it's just that he's so perceptive that it freaks you out? (neutral)",Statement Opinion,Question
"...No, we hate him. (disgust)",Disagreement,Disagreement
We're sorry. (sadness),Apology,Apology
Hey! (joy),Greeting,Greeting
Hey! (joy),Greeting,Greeting
What are you doing? (neutral),Question,Question
I'm sending back all this stuff that Chandler bought out of guilt. (neutral),Answer,Statement Non Opinion
Yes that was mine. (fear),Statement Non Opinion,Answer
Cause I figured you'd hooked up with some girl and she'd left it there. (neutral),Statement Non Opinion,Statement Non Opinion
Yes that would have made more sense. (sadness),Agreement,Agreement
"Y'know, I-I don't even feel like I know you anymore man! (anger)",Statement Opinion,Statement Opinion
"All right, look, I'm just gonna ask you this one time. (neutral)",Statement Non Opinion,Statement Non Opinion
"And whatever you say, I'll believe ya. (neutral)",Statement Non Opinion,Statement Non Opinion
"Were you, or were you not on a gay cruise? (anger)",Question,Question
"Oh hey! There's some kids playing in the street, you wanna go down there and give them a project, ruin their day? (anger)",Question,Command
"Hey, if they have a ball maybe you can stick razor blades in it and teach them a new game, Gonna Need Stitches Ball. (neutral)",Statement Opinion,Statement Non Opinion
She said what? (surprise),Question,Question
"She said, ""If I'm not gonna be happy getting married somewhere that we find in a day, well then we should just postpone it."" (neutral)",Answer,Statement Non Opinion
Postpone it? (joy),Others,Question
"Emily, do you think Monica realises how much our parents spent on this wedding? (anger)",Question,Question
"Do you my sister's teeny-tiny little brain comprehends that people took time out of their lives to fly thousands of miles to be here, huh? (anger)",Statement Non Opinion,Question
This isn't right. (neutral),Disagreement,Statement Non Opinion
"I realize that people are going to be disappointed. But, I'm sure they'll come back when we can do it right. (sadness)",Statement Non Opinion,Statement Opinion
I can't ask people to do that? Would you ask people to do that? (anger),Question,Question
Don't you point your pants at me! (anger),Statement Non Opinion,Command
We have no choice! (anger),Answer,Statement Non Opinion
"Anywhere that's half-decent would've be booked months ago, Ross don't you understand? (anger)",Question,Question
This is our wedding I'm talking about. (anger),Statement Non Opinion,Statement Non Opinion
The only thing I understand is postponing it is not an option. This is when we're getting married. (neutral),Statement Non Opinion,Statement Non Opinion
So what are you saying? It's now or never? (anger),Question,Question
No. I'm saying it's now. (neutral),Answer,Statement Non Opinion
Or? (anger),Question,Question
There's no 'or' in mind. What is wrong with these pants?!! (anger),Answer,Question
It's not the pants. (anger),Answer,Statement Non Opinion
It's you that is backwards. (anger),Statement Non Opinion,Statement Non Opinion
"And if, and if you don't understand how important this is to me, well then, perhaps we shouldn't get married at all! (anger)",Statement Opinion,Statement Opinion
"No, wait! Emily! No, wait, stop! Emily, please-- (sadness)",Command,Acknowledge
"Hi, honey. (neutral)",Greeting,Greeting
See you later. (neutral),Disagreement,Statement Non Opinion
"What? I-I bought groceries, I was gonna make you dinner! (joy)",Question,Statement Opinion
Well next time ask! Or at least wait for me to ask! (anger),Answer,Command
"Hi, this is Heldi from the Morgan Chase museum. I'm calling for Monica Geller. (neutral)",Statement Non Opinion,Greeting
Oh no! (surprise),Others,Acknowledge
"I want to let her know that there was a cancellation and if she's still interested in having the Bing-Geller wedding at our facility, it is available (neutral)",Statement Non Opinion,Statement Non Opinion
"Oh please, he didn't hear it! He didn't hear it!! (fear)",Statement Non Opinion,Acknowledge
This is Chandler Bing! This is Chandler Bing! (surprise),Statement Non Opinion,Statement Non Opinion
NOOOO!!!!!!!! (anger),Backchannel,Disagreement
Ma! What're you doing here? (surprise),Question,Question
I came to give you this and this. (neutral),Answer,Statement Non Opinion
Oww! Big ring! (surprise),Others,Statement Opinion
"Yeah, all the time. I want the baby to know my voice. (neutral)",Statement Non Opinion,Answer
"Do you uh, do you talk about me? (neutral)",Question,Question
"Yeah, yeah, all the time. (neutral)",Answer,Answer
Really? (surprise),Question,Question
"But um, we just refer to you as Bobo the Sperm Guy. (neutral)",Answer,Statement Non Opinion
Would you look at this dump? He hated us. This is his final revenge! (disgust),Statement Opinion,Statement Opinion
Have you ever seen so much crap? (disgust),Question,Question
"Actually, I think this apartment sullies the good name of crap (anger)",Answer,Statement Opinion
Check this out. Can I have this? (neutral),Question,Command
What? (neutral),Question,Question
"I'm at work, ordinary day, you know, chop chop chop, sauti, sauti, sauti. (neutral)",Answer,Statement Non Opinion
"All of a sudden, Leon, the manager, calls me into his office. (neutral)",Statement Non Opinion,Statement Non Opinion
"It turns out they fired the head lunch chef, and guess who got the job. (joy)",Question,Statement Opinion
"If it's not you, this is a horrible story. (sadness)",Answer,Statement Opinion
"Fortunately, it is me. (joy)",Statement Non Opinion,Statement Opinion
"And, they made me head of purchasing, thank you very much. (joy)",Statement Non Opinion,Statement Opinion
"Anyway, I just ran into Ross and Chandler downstairs, and they think we should go out and celebrate. (joy)",Statement Opinion,Statement Opinion
"Y'know, someplace nice. (neutral)",Question,Statement Non Opinion
"Yeah, someplace nice. (neutral)",Answer,Agreement
Yeah! (joy),Others,Acknowledge
How much do you think I can get for my kidney? (neutral),Question,Question
"So, what do you think? (neutral)",Question,Question
I think It's the most beautiful table I've ever seen. (joy),Answer,Statement Opinion
I know! (joy),Agreement,Agreement
"So how does this work, you going to balance the plates on these little guys' heads? (neutral)",Question,Question
"Who cares, we'll eat at the sink! Come on, let's play! (joy)",Command,Command
Heads up Ross! Score! You suck! (joy),Others,Statement Non Opinion
Thank you. Just make yourself comfortable. (neutral),Others,Command
Gotcha. (neutral),Backchannel,Acknowledge
This place is really my Grandmother's. (neutral),Statement Non Opinion,Statement Non Opinion
"I got it from her when she moved to Florida, otherwise I could never afford a place like this. (neutral)",Statement Non Opinion,Statement Non Opinion
"So if the landlord ever asks, I'm 87 year old woman, who's afraid of her VCR. (neutral)",Statement Non Opinion,Statement Non Opinion
So are you thirsty? (neutral),Question,Question
"Oh, you bet I am! (joy)",Answer,Agreement
"Okay, here's your penis! (surprise)",Statement Non Opinion,Statement Non Opinion
"Ohh, okay. (neutral)",Others,Acknowledge
"Oh my God, what a great surprise! This is such a beautiful house. (joy)",Statement Opinion,Statement Opinion
"Thank you, it's my mom's. So this is the kitchen. (neutral)",Statement Non Opinion,Answer
"Hey, ready for dinner? (neutral)",Question,Greeting
"Ooh, absolutely! (joy)",Agreement,Agreement
Great! How about you wanted to go the Italian place down on Bleaker Street right? (joy),Question,Question
"Ooh, I love that place! So, no. (neutral)",Answer,Disagreement
How about Mama Lisettie's? (neutral),Question,Question
Enh. Sure! (neutral),Answer,Agreement
I wonder how long that milk has been setting out. (disgust),Statement Non Opinion,Statement Non Opinion
"Oh, no-no, this place is totally healthy! (neutral)",Statement Non Opinion,Statement Opinion
That--this milk is mine. (neutral),Statement Non Opinion,Statement Non Opinion
"I bought this today, 'cause I was thirsty for milk, y'know. (neutral)",Statement Non Opinion,Statement Non Opinion
"Okay, let's go! (joy)",Command,Command
"Hey, buddy! Are you familiar with Section 11-B of the Health Code that requires all refuse material out the (anger)",Statement Non Opinion,Question
But then I'd have to go all the way around the dry cleaner place. (neutral),Statement Non Opinion,Statement Non Opinion
"Oh, so you're saying you'd choose convenience over health?! (disgust)",Question,Question
"Okay, stop! (anger)",Statement Non Opinion,Command
"Larry, okay, can't you just be Larry and not Larry the health inspector guy? (neutral)",Statement Non Opinion,Question
"Y'know I mean it was really exciting at first but now it's like, okay, so where are we gonna eat ever? (anger)",Statement Non Opinion,Statement Opinion
"Well, I suppose I could give him a warning. (neutral)",Statement Non Opinion,Statement Non Opinion
Thank you. (joy),Greeting,Acknowledge
Go! (neutral),Command,Command
Go! (anger),Command,Command
"Now, if after dinner you still really need to bust someone, I know a hot dog vendor who picks his nose. (disgust)",Statement Non Opinion,Statement Opinion
"No! No! Phoebe, come on! I don't want to switch! Please come on! I can throw wet paper towels here! (sadness)",Others,Disagreement
No but at Monica's you can eat cookies over the sink! (joy),Disagreement,Statement Opinion
I know. I'm sorry. (sadness),Apology,Apology
All right fine! This looks like so much fun. (neutral),Statement Non Opinion,Agreement
Yeah. (neutral),Agreement,Backchannel
"God, what a mess. (neutral)",Statement Non Opinion,Statement Non Opinion
"Tell us what happened, Brown Bird Ross. (neutral)",Question,Command
"Well, I lost. (sadness)",Answer,Statement Non Opinion
"Some little girl loaned her uniform to her nineteen year old sister, who went down to the U.S.S. (sadness)",Statement Non Opinion,Statement Non Opinion
"Nimitz, and sold over 2,000 boxes. (anger)",Statement Non Opinion,Statement Non Opinion
Hey! How'd the interview go? (joy),Question,Question
"Oh, I blew it. I wouldn't of even hired me. (sadness)",Answer,Statement Non Opinion
"Oh, come here sweetie, listen, you're gonna go on like a thousand interviews before you get a job. (sadness)",Statement Opinion,Statement Opinion
That's not how that was supposed to come out. (sadness),Disagreement,Apology
This is the worst Christmas ever. (sadness),Statement Opinion,Statement Opinion
"Y'know what Rach, maybe you should just, y'know stay here at the coffee house. (neutral)",Statement Opinion,Others
I can't! (anger),Disagreement,Statement Non Opinion
It's too late! (anger),Disagreement,Statement Non Opinion
Terry already hired that girl over there. (sadness),Statement Non Opinion,Statement Non Opinion
"Look at her, she's even got waitress experience. (sadness)",Others,Statement Non Opinion
Last night she was teaching everybody how to make napkin.... swans. (sadness),Statement Non Opinion,Statement Non Opinion
That word was swans. (neutral),Statement Non Opinion,Acknowledge
What do we got there? (surprise),Question,Question
"A piece of something: boxer shorts, greeting cards, and what looks like a half-charred picture--Wow, that guy's hairier than the Chief! (surprise)",Answer,Statement Non Opinion
"You know, it's a really funny story how this happened. (joy)",Statement Non Opinion,Statement Opinion
It's all right. (neutral),Statement Non Opinion,Acknowledge
It's all right. (neutral),Statement Non Opinion,Acknowledge
You don't have to explain. (neutral),Statement Non Opinion,Command
This isn't the first boyfriend bonfire that we've seen get out of control. (neutral),Statement Non Opinion,Statement Non Opinion
You're our third call tonight. (neutral),Statement Non Opinion,Statement Non Opinion
Really? (surprise),Question,Question
"Oh, sure, Valentine's is our busiest night of the year. (neutral)",Answer,Statement Non Opinion
"I'm so sorry, you guys. I didn't mean to bring you down. (sadness)",Apology,Apology
"No, you were right. I don't have a plan. (neutral)",Agreement,Agreement
Thank God. Food. (joy),Greeting,Statement Non Opinion
Phoebe? (neutral),Question,Question
What? (neutral),Answer,Question
Do you have a plan? (neutral),Question,Question
I don't even have a 'pl'. (joy),Answer,Statement Non Opinion
"No, no, that's not what we ordered... We ordered a fat-free crust with extra cheese. (sadness)",Statement Non Opinion,Disagreement
Wait! Did you say 'G.Stephanopoulos?' (surprise),Question,Question
"Wait, was this a-a small mediterranean guy with curiously intelligent good looks? (surprise)",Question,Question
Was he wearing a stunning blue suit? (joy),Question,Question
And-and a power tie? (joy),Question,Question
Oh God. (surprise),Others,Acknowledge
Are you nuts?! We've got George Stephanopoulos' pizza! (surprise),Statement Non Opinion,Question
"Uh, Pheebs? Who's George Snuffalopagus? (neutral)",Question,Question
Big Bird's friend. (neutral),Answer,Statement Non Opinion
I see pizza! (joy),Statement Non Opinion,Statement Non Opinion
"Oh, I wanna see! Lemme see! Lemme see! (joy)",Statement Non Opinion,Command
Hello? Who are we spying on? (sadness),Question,Question
"Hey, y'know what a really good rainy day game is? (neutral)",Question,Question
What?! (neutral),Question,Question
"I mean naked game. Strip poker, we should totally play strip poker. (joy)",Answer,Statement Opinion
"No, no! (disgust)",Disagreement,Disagreement
What are you crazy?! (disgust),Question,Question
"Come on! When you go away, you-you have to play, it's like a law! (sadness)",Answer,Statement Opinion
Allll done! (neutral),Statement Non Opinion,Statement Non Opinion
"Aww, thank you. (joy)",Greeting,Acknowledge
"Okay, who's next?! (neutral)",Question,Question
No-o-o! No way! (disgust),Disagreement,Disagreement
"Come on, please?! I'm boredddd! You let me do it once before. (neutral)",Statement Non Opinion,Command
"Yeah well, if ah, if that's the rule this weekend... No! (joy)",Agreement,Disagreement
It's beautiful! It's like the first bathroom floor there ever was. Whoa! Are you going in there for? (surprise),Question,Statement Opinion
"What, like a number? (neutral)",Question,Question
Hey! (joy),Greeting,Greeting
Hi! Bye! (neutral),Greeting,Greeting
"Okay, I'm done with my choices, these are final. (neutral)",Statement Non Opinion,Statement Non Opinion
"Well, it's about time. (anger)",Statement Non Opinion,Statement Opinion
"Ooh, very official. (neutral)",Statement Non Opinion,Statement Opinion
"Oh, yeah, well y'know Chandler printed it up on his computer. (neutral)",Statement Non Opinion,Statement Non Opinion
And who laminated it? (neutral),Question,Question
That would be me. (neutral),Answer,Statement Non Opinion
"All right let me see. Uma Thurman, Winona Ryder, Elizabeth Hurely, Michelle Pfieffer, and Dorothy Hammel? (neutral)",Statement Non Opinion,Question
"Hey, it's my list. (anger)",Statement Non Opinion,Statement Opinion
"Okay honey, you do realize she only spins like that on ice. (neutral)",Statement Opinion,Statement Opinion
"Okay, Phoebe, this Dr. Oberman. He has no strong feelings about Fonzie or any of the (neutral)",Statement Non Opinion,Statement Non Opinion
Hi! And you're going into what grade? (surprise),Question,Greeting
"Umm, I'm actually a first year resident, but I get that a lot, you see, I-I graduated early (joy)",Answer,Answer
"Uh-huh, me too. Ross, maybe I should've specified that I'd be needing a grown up doctor. (joy)",Statement Opinion,Statement Opinion
"Oh no, I'm fully qualified to (joy)",Statement Non Opinion,Statement Non Opinion
Shh! (anger),Backchannel,Command
"Doogie, shh! (anger)",Others,Command
Doesn't anybody understand that I'm gonna be having babies soon? (surprise),Question,Question
Huh? (surprise),Others,Question
Go! (anger),Command,Command
"Go little boy, go! (anger)",Command,Command
Oh cool! You made him cry! (joy),Statement Non Opinion,Statement Opinion
"Hey, there's uh, some people outside, askin' about candy. (neutral)",Statement Non Opinion,Greeting
"Well, they're just gonna have to wait aren't they? I've only got two hands!! (anger)",Statement Non Opinion,Statement Opinion
Need some help? (neutral),Question,Question
No! You don't know the system! There'll be nobody messing with the system! (anger),Answer,Disagreement
Your license please. (neutral),Others,Command
You don't-you don't want to hear about my dream Officer...Pretty? (neutral),Question,Question
It's Petty. I'll be right back with your ticket. (neutral),Answer,Statement Non Opinion
You have a son! (surprise),Statement Non Opinion,Statement Opinion
I know. I know. (neutral),Acknowledge,Acknowledge
"Uh, like, could these margaritas (neutral)",Question,Question
"Hello, Mr. Bing. (neutral)",Greeting,Greeting
Loved your Stevie Wonder last night. (joy),Statement Non Opinion,Statement Opinion
"Thanks. Listen, about the weekly numbers, I'm gonna need them on my desk (neutral)",Statement Non Opinion,Command
Sure. (neutral),Agreement,Agreement
No problem. (neutral),Statement Opinion,Acknowledge
"You have to give 'em something, you know. (joy)",Statement Opinion,Statement Opinion
"Okay, now that was Gerston, Santos, and who's the guy with the moustache? (neutral)",Question,Question
Petrie. (neutral),Answer,Answer
"Petrie, right, right. Okay, some people gonna be working (neutral)",Agreement,Statement Non Opinion
....right? (anger),Others,Question
Right? (anger),Others,Question
"I mean it's pretty unbelievable y'know, I mean they just took off, took off without even looking back. (anger)",Statement Non Opinion,Statement Opinion
"Y'know I don't, I don't need them, huh, I've got you guys now as friends, you and Susan. (anger)",Statement Non Opinion,Statement Opinion
"Ah, Susan will be so pleased. (joy)",Agreement,Statement Opinion
"717? Where's 717? Hey, you've have more of these for Susan right? (surprise)",Question,Question
"No. But it's okay, I'll just put out pickles or something. (neutral)",Answer,Statement Non Opinion
"Ross, thank God. (joy)",Greeting,Acknowledge
"Pheebs? What, why are you whispering? (surprise)",Question,Question
I ate a bug. (disgust),Answer,Statement Non Opinion
"Hey Rach, the tampons here are only a penny. Let's stock up. (joy)",Statement Non Opinion,Statement Opinion
"Listen Ross, we ran out of gas, and we don't know where we are, so we can't get a tow truck. (fear)",Statement Non Opinion,Statement Non Opinion
"Oh, now you want a favour? (joy)",Question,Statement Opinion
"Yes, please. (neutral)",Answer,Acknowledge
"Well, oh, I'm sorry your car broke down Pheebs, but I'm a little too busy with some of my real friends right now, but please call to let me know you got home safely okay? (anger)",Question,Statement Opinion
"Phoebe, hang on a second. Here, take my car, go pick up your friends. (neutral)",Command,Command
"No, I'm not gonna pick them up. (anger)",Disagreement,Statement Non Opinion
"Listen, we both know you're gonna do it 'cause you're not a jerk. (neutral)",Statement Opinion,Statement Opinion
"So you can either sulk here for a half hour and then go pick them up, or save us both time and sulk in the car. (anger)",Statement Non Opinion,Command
"No, Rachel doesn't want me to.... (anger)",Disagreement,Statement Non Opinion
"Look, I-I-I am sorry that Rachel dumped you 'cause she fell in love with that Mark guy, and you are the innocent victim in all of this, but don't punish your friends for what Rachel did to you. (neutral)",Statement Opinion,Statement Opinion
"Yeah, you're right. (neutral)",Agreement,Agreement
"God, I feel so guilty about Ross. (sadness)",Apology,Statement Opinion
"Oh, I know. (sadness)",Agreement,Agreement
I kinda feel like it's my fault. (sadness),Statement Non Opinion,Statement Opinion
Kind of? If you just kept this to yourself none of this would've happened. (anger),Statement Non Opinion,Disagreement
"Well, I'm keeping so many things to myself these days, something was bound to slip out! (anger)",Statement Non Opinion,Statement Opinion
"Well, I think it's very brave what you said. (anger)",Statement Non Opinion,Statement Opinion
"All right, I can't sit here anymore. I have to walk places. (neutral)",Statement Non Opinion,Statement Non Opinion
"Pheebs, what are you doing with the coat? How about the whole animal rights thing? (anger)",Question,Question
"Well, I've been reading up and for your information, minks are not very nice. (anger)",Answer,Statement Opinion
"Okay, I admit it! (anger)",Acknowledge,Acknowledge
I love this coat! (joy),Statement Non Opinion,Statement Opinion
"Okay, I--it's the best thing I've ever had wrapped around me, including Phil Huntley! (joy)",Statement Opinion,Statement Opinion
Remember Phil Huntley? (neutral),Question,Question
He was fine! (joy),Answer,Statement Opinion
So your dad dropped by. He's a pleasant man! (joy),Statement Non Opinion,Statement Opinion
Oh no (fear),Backchannel,Acknowledge
I'd better go. (She goes and sits down in the (neutral),Statement Opinion,Statement Non Opinion
"Ross I'm so sorry. Okay. I-I will promise I will straighten this out with him tomorrow in person, or via e-mail. (sadness)",Apology,Apology
I don't care about your dad! I care about Mona! She was there and now she's totally freaked out! (anger),Statement Non Opinion,Disagreement
"Oh okay, I'll fix that to. What's her e-mail address? (neutral)",Question,Agreement
Rachel! (anger),Others,Command
"All right, I promise. I'll fix this. I swear. I'll-I'll-I'll-I'll talk to her. (fear)",Statement Non Opinion,Acknowledge
Okay! (anger),Agreement,Acknowledge
Okay. (neutral),Agreement,Acknowledge
Thank you! (anger),Others,Acknowledge
That's it?! (anger),Others,Question
You call that a fight? (surprise),Question,Question
Come on! (anger),Statement Non Opinion,Command
"""We were on a break!"" (anger)",Statement Non Opinion,Statement Non Opinion
"""No we weren't!"" (anger)",Statement Non Opinion,Statement Non Opinion
What happened to you two? (surprise),Question,Question
"Hi, could we get two burritos to go, please? (neutral)",Question,Question
I'm sorry. (neutral),Apology,Apology
"But not that sorry, 'cause you don't have to live with it. (neutral)",Statement Non Opinion,Statement Non Opinion
"Um, we have a reservation under the name Chandler Bing. (neutral)",Statement Non Opinion,Statement Non Opinion
"Oh-kay, we'll have a table for you in about 45 minutes. (neutral)",Acknowledge,Statement Non Opinion
Forty-five minutes? We have tickets to the (surprise),Statement Non Opinion,Statement Non Opinion
"I'm sorry. Christmas is a very busy time, sir. (neutral)",Apology,Apology
Is this because of the burrito thing? (sadness),Question,Question
You need to give him money. (neutral),Answer,Command
Give him money? It was a joke! (surprise),Question,Statement Opinion
"No, to get a table! Places like this are always shakin' you down. Everybody wants to be paid off. (anger)",Answer,Statement Opinion
"Right, calm down, O'Mally. I'll slip him some money. (neutral)",Statement Non Opinion,Agreement
You've got to be smooth about it. (neutral),Statement Opinion,Command
"Hey, I can be smooth. (neutral)",Statement Non Opinion,Statement Opinion
"Listen, we're a little bit in a hurry, so, if you can get us a table a little quicker, I'd appreciate it. (neutral)",Command,Statement Non Opinion
"Of course, sir. (neutral)",Agreement,Acknowledge
Okay. (neutral),Agreement,Acknowledge
I'd better get back to my desk. (neutral),Statement Non Opinion,Statement Non Opinion
"Okay, you hard worker! I'll remember to put that in your evaluation. (joy)",Statement Opinion,Statement Opinion
My what? (surprise),Question,Question
"Well, you've been here for two months now and your boss is required to hand in a performance evaluation. (neutral)",Answer,Statement Non Opinion
"But y'know, there is one thing that I have yet to evaluate. (neutral)",Statement Non Opinion,Statement Non Opinion
Are you serious? (surprise),Question,Question
"No, I've just always wanted to do that. Can you help me clean this up? (neutral)",Answer,Command
I can blow dry it. (neutral),Statement Non Opinion,Statement Non Opinion
I can put gel on it. (neutral),Statement Non Opinion,Statement Non Opinion
"It doesn't matter, I still wind up with this little cowlicky thing on the middle part of my head. (neutral)",Statement Non Opinion,Statement Opinion
It's so annoying. (disgust),Statement Non Opinion,Statement Opinion
Does it bug you? (sadness),Question,Question
You bug me. (disgust),Answer,Statement Opinion
Is there any chance you didn't see that? (neutral),Question,Question
"Hey Joey, what 'cha doing? (neutral)",Question,Greeting
Sweepin'. Why? Turn you on? (neutral),Answer,Statement Non Opinion
No. (neutral),Disagreement,Statement Non Opinion
Huh. What if I was sweeping a chimney? (joy),Question,Question
"Joey, did (neutral)",Answer,Acknowledge
Where are you going? The vicar won't be home for hours. (joy),Question,Question
"Joey, where did you learn that word? (surprise)",Question,Question
"Where do you think, Zelda? (neutral)",Question,Question
You found my book?! (anger),Question,Question
Yeah I did! (joy),Answer,Answer
"Joey, what-what are you doing going into my bedroom?! (anger)",Question,Question
"Okay, look I'm sorry, I went in there to take a nap and I know I shouldn't have, but you got porn! (surprise)",Answer,Apology
"Hey-hey, y'know what? (anger)",Question,Acknowledge
There's nothing wrong with a woman enjoying a little...erotica. (neutral),Statement Non Opinion,Statement Opinion
"It's just a healthy expression of female sexuality, which by the way, you will never understand. (anger)",Statement Non Opinion,Statement Opinion
You got porn! (joy),Statement Non Opinion,Statement Non Opinion
"Well, I feel like a snack! (joy)",Statement Opinion,Statement Opinion
Do you want some shortbread? Eh that's Scottish like you are. (neutral),Question,Question
Oh no thanks. I don't like (neutral),Answer,Answer
What?! (surprise),Question,Backchannel
"Well it's just my entire family was run out of Scotland by...Vikings. Anyway, lots of bad memories. (sadness)",Answer,Statement Non Opinion
"Oh well, it sounds to me like your family is ready to uh, rediscover its Scottish roots. (neutral)",Statement Non Opinion,Statement Opinion
You can not play bagpipes at the wedding!! (anger),Others,Command
How did you know about that?! (surprise),Question,Question
Hi! (joy),Greeting,Greeting
Hi! (joy),Greeting,Greeting
Come in. (neutral),Command,Command
"Thanks for comin' back, umm, okay there have been a lot of people interested in the room, but I have narrowed it down and (neutral)",Statement Opinion,Statement Non Opinion
Great! (joy),Agreement,Acknowledge
"Okay now, before I make my final decision I uh, I just want to make sure our personalities match. (neutral)",Statement Opinion,Statement Non Opinion
"Okay, so I made up a little test. (neutral)",Statement Non Opinion,Statement Non Opinion
"Now, I'm gonna say a word and then you say the first thing that comes to mind. (neutral)",Command,Command
I can do that. (neutral),Statement Non Opinion,Agreement
Okay! Here we go. Pillow. (neutral),Question,Statement Non Opinion
Fight. (neutral),Answer,Statement Non Opinion
Very good! Okay. G. (joy),Question,Acknowledge
String? (neutral),Answer,Question
"Excellent! Okay umm, doggy. (joy)",Question,Acknowledge
Kitten? (neutral),Answer,Question
"Ooh, sorry! No-no-no, so close though, but--bye-bye! (sadness)",Disagreement,Apology
"Dad, please don't pick your teeth out here! (disgust)",Command,Command
"Alright, and if you're gonna put your feet up, why don't you sit on the- (disgust)",Statement Non Opinion,Statement Non Opinion
"Monica, leave him alone (anger)",Command,Command
Will you hurry up? (sadness),Question,Question
Did you not hear me before when I told you that all of Janine's friends are dancers?! (surprise),Question,Question
And that they're going to be drinking alot! (anger),Statement Opinion,Statement Non Opinion
"No, I did, but tell me again, because it's so romantic. (neutral)",Answer,Statement Opinion
Well you're whippin' so slow! Can't you do it any faster? (anger),Question,Command
Joey! (anger),Others,Acknowledge
Come on! (anger),Statement Non Opinion,Command
"I don't wanna make any mistakes, alright? (anger)",Question,Statement Opinion
"This is the only dessert and if I screw it up everybody's gonna be like “Oh, remember that Thanksgiving when Rachel screwed up the trifle?” (fear)",Statement Opinion,Statement Opinion
"So why don't you just let me worry about making the trifle and you just worry about eating it, alright? (neutral)",Question,Command
Oh I am! (joy),Answer,Agreement
"Ross, if you don't tell them, then I will! (anger)",Statement Non Opinion,Command
"Okay, fine! (anger)",Agreement,Agreement
Ross! Can I talk to you for a second? (neutral),Question,Question
"Oh, uh, can it wait a second Joey? I have to tell my parents something. No it can't? Okay. (neutral)",Answer,Question
You are so cute! How did you get to be so cute? (joy),Question,Statement Opinion
"Well, my Grandfather was Swedish and my Grandmother was actually a tiny little bunny. (joy)",Answer,Statement Non Opinion
"Okay, now you're even cuter!! (joy)",Statement Opinion,Statement Opinion
Y'know that is a popular opinion today I must say. (neutral),Statement Non Opinion,Statement Non Opinion
What? (surprise),Question,Question
"The weirdest thing happened at the coffee house, I think, I think Phoebe was hitting on me. (surprise)",Answer,Statement Non Opinion
What are you talking about? (surprise),Question,Question
I'm telling you I think Phoebe thinks I'm foxy. (joy),Answer,Statement Opinion
That's not possible! (joy),Disagreement,Statement Opinion
Ow! (surprise),Others,Others
"I'm sorry it's just, Phoebe just always thought you were, you were charming in a, in a sexless kind of way. (joy)",Apology,Apology
"Oh, y'know I-I can't hear that enough. (anger)",Statement Non Opinion,Statement Opinion
"I'm sorry, I think that you just misunderstood her. (sadness)",Apology,Apology
"No, I didn't misunderstand, okay? She was all over me! She touched my bicep for crying out loud! (anger)",Disagreement,Disagreement
This bicep? (surprise),Question,Question
Well it's not flexed right now! (anger),Answer,Statement Opinion
It's Phoebe. (neutral),Statement Non Opinion,Statement Non Opinion
"Umm, well I sorta have some bad news, can I come in? (sadness)",Question,Question
"Umm, well, umm Grandma died. (sadness)",Statement Non Opinion,Statement Non Opinion
"No, she just died today! Okay, umm, we're having a memorial service tomorrow. (sadness)",Statement Non Opinion,Statement Non Opinion
No you didn't! (joy),Statement Non Opinion,Disagreement
"Well, lots of people! Look, are you coming to memorial service or not? (anger)",Question,Question
"Fine. Okay, enjoy your concert. (disgust)",Statement Non Opinion,Statement Opinion
"anyway, his name is Allan and we've been going out for three years. (neutral)",Statement Non Opinion,Statement Non Opinion
He was my first client when I became a party planner. (neutral),Acknowledge,Statement Non Opinion
He was planning a party for his girlfriend at the time. (neutral),Statement Non Opinion,Statement Non Opinion
Oh well. (neutral),Others,Acknowledge
And he was Theta Beta Pi at Syracuse. (neutral),Statement Non Opinion,Statement Non Opinion
"Oh. Oh, that's great! (joy)",Agreement,Agreement
Really? Like how? (surprise),Question,Question
"Well y'know, we would umm, repeat everything the other said, or uh, we'd jump out of closets to scare each other, or switch the sugar for the salt so they'd put salt on their cereal. (neutral)",Answer,Statement Non Opinion
That's a good one. (joy),Agreement,Agreement
Yeah? You like that one? (surprise),Question,Question
"Yeah, you're funny. (joy)",Answer,Statement Opinion
I'm funny? (surprise),Question,Question
Oh thank God! (joy),Others,Statement Opinion
"Well hey, I've got a ton of these! (joy)",Statement Non Opinion,Statement Opinion
"Umm, oh here--Do you want a good one? (neutral)",Question,Question
"Umm, you uh, you take a quarter, take a quarter and, and you blacken the edge. (neutral)",Answer,Statement Non Opinion
Right? (neutral),Question,Backchannel
"And then you say to person, I bet you can't roll this quarter from your forehead to your chin without it leaving your face. (neutral)",Answer,Statement Non Opinion
"And then when they do it, they're left with a big black pencil line right down the center of their face. (neutral)",Statement Non Opinion,Statement Non Opinion
Can I do it to you? (neutral),Question,Question
"Yeah, I-I-I-I'm funny Ben, but I'm not stupid. Okay? (joy)",Answer,Statement Opinion
Chloe? Hi.. (neutral),Greeting,Greeting
Is this about me taking your watch? (sadness),Question,Question
You took my watch? (surprise),Question,Question
"I'm sorry, I do that. (sadness)",Answer,Apology
"Just you keep it, listen did you, did you tell anyone about us? (sadness)",Question,Command
"Oh no. I feel it isn't really anybody's business, y'know. (neutral)",Answer,Statement Opinion
"Oh, one other thing. Hoshi thinks that you being ringside may have affected my concentration. (neutral)",Statement Opinion,Statement Non Opinion
Yeah. That-that was the problem. (neutral),Agreement,Agreement
"Excuse me, Doug? Hey there sports fan!! (joy)",Others,Greeting
Bing! You got those numbers for me? (joy),Question,Question
So you still in touch with anyone from high school? (neutral),Question,Question
"Umm. Well, there's Rachel, and umm, I think that's it. How bout you? (neutral)",Question,Answer
"Oh yeah, I still hang with Simmons and Zana, y'know. (neutral)",Answer,Statement Non Opinion
I see Spindler a lot. (neutral),Statement Non Opinion,Statement Non Opinion
"Devane, Kelly, and I run into Goldie from time to time. (neutral)",Statement Non Opinion,Statement Non Opinion
"Stick, Brown, Sulkov, McGuire, J.T., Beardsley. (neutral)",Statement Non Opinion,Statement Non Opinion
Is that all? (neutral),Question,Question
"Ehh, y'know after high school, you just kinda lose touch. Oh yeah! I ran into Richard Dorfman. (joy)",Answer,Statement Non Opinion
"Ohh, how is he? (surprise)",Question,Question
"Not so good, Simmons and I gave him a wedgie. (neutral)",Answer,Statement Non Opinion
Isn't he an architect now? (neutral),Question,Question
"Yeah, they still wear underwear. (neutral)",Answer,Statement Non Opinion
So the Porsche guy took his car back. (neutral),Acknowledge,Statement Non Opinion
But you found the keys to his clothes? (neutral),Question,Question
"No. No, I just uh, I just loved the way it feels when everybody thinks I own a Porsche. (joy)",Answer,Statement Opinion
And people will think you own a Porsche because you're wearing the clothes? (surprise),Statement Opinion,Question
"Hey, Mon, I was just doing the dishes! (neutral)",Statement Non Opinion,Greeting
Hey! (joy),Greeting,Greeting
Oh! It's you. Hi. (surprise),Greeting,Greeting
What about me?! You-you just said I could! (anger),Statement Non Opinion,Disagreement
"I'm not even getting married! Okay, this is a question for science fiction writers! (neutral)",Statement Non Opinion,Statement Non Opinion
I can't believe you're not picking me. (anger),Statement Non Opinion,Statement Opinion
"Hey, how can it (neutral)",Question,Question
I'm not even... I'm not even (neutral),Statement Non Opinion,Statement Non Opinion
"Fine, y'know what, that's it. From now on, Joey, I want you to be my best man. (anger)",Statement Non Opinion,Command
Yes! Shame about you man. (joy),Statement Non Opinion,Acknowledge
Hey-hey! Stanley! Hey-hey! You're leading man is here! Let's get to work. (joy),Statement Non Opinion,Greeting
"Umm, slight change of plans. We've shut down. (sadness)",Statement Non Opinion,Statement Non Opinion
Wh-what?! Why?! (surprise),Question,Question
"It's a money thing, we don't have any. (sadness)",Answer,Statement Non Opinion
You're kidding right? (surprise),Question,Question
No. (neutral),Answer,Statement Non Opinion
What?! (surprise),Question,Question
"It-it's probably just temporary. We're hoping to get some more money soon, so if could just uh, hang out. (neutral)",Answer,Statement Non Opinion
"Uh, hang out?! How long? (sadness)",Question,Question
I don't know. (neutral),Answer,Statement Non Opinion
A week? (anger),Statement Non Opinion,Statement Non Opinion
Maybe two? (neutral),Statement Non Opinion,Statement Non Opinion
The money will turn up! (neutral),Statement Non Opinion,Statement Opinion
People will always wanna invest in movies! (neutral),Statement Non Opinion,Statement Opinion
"Hey, you're not rich are ya? (neutral)",Question,Question
No! (anger),Answer,Statement Non Opinion
"Eh, worth a shot. Look Joey, let me know where you're staying, okay? (neutral)",Statement Non Opinion,Command
"Hey pal, are you Joey Tribbiani? (neutral)",Question,Question
Yeah. (neutral),Answer,Answer
These got left for ya. (neutral),Statement Non Opinion,Statement Non Opinion
Thanks. Congratulations on your big break. (sadness),Greeting,Acknowledge
"Rachel, do you have any muffins left? (neutral)",Question,Question
"Yeah, I forget which ones. (neutral)",Answer,Answer
"Oh, you're busy, that's ok, I'll get it. Anybody else want one? (neutral)",Question,Statement Non Opinion
Hey. (neutral),Greeting,Greeting
Hey! (joy),Greeting,Greeting
So how was Joan? (neutral),Question,Question
I broke up with her. (neutral),Answer,Statement Non Opinion
"Don't tell me, because of the big nostril thing? (surprise)",Question,Question
"They were huge. When she sneezed, bats flew out of them. (disgust)",Answer,Statement Opinion
"Come on, they were not that huge. (neutral)",Disagreement,Disagreement
"I'm tellin' you, she leaned back; I could see her brain. (disgust)",Disagreement,Statement Opinion
How many perfectly fine women are you gonna reject over the most superficial insignificant things? (surprise),Question,Question
"Hold it, hold it. (neutral)",Others,Command
I gotta side with Chandler on this one. (neutral),Agreement,Agreement
"When I first moved to the city, I went out a couple of times with this girl, really hot, great kisser, but she had the biggest Adam's apple. (disgust)",Statement Opinion,Statement Opinion
It made me nuts. (disgust),Statement Opinion,Statement Opinion
You or me? (neutral),Question,Question
"I got it. Uh, Joey, women don't have Adam's apples. (neutral)",Statement Non Opinion,Statement Non Opinion
"You guys are messing with me, right? (surprise)",Question,Question
Yeah. (neutral),Answer,Acknowledge
"That was a good one. For a second there, I was like, ""whoa."" (joy)",Statement Non Opinion,Statement Opinion
