Text,DS_emotion
|Excuse me.|,Apology
|Do you have your forms?|,Question
|Yeah.|,Acknowledge
|Let me see them.|,Command
|Is there a problem?|,Question
|Who told you to get in this line?|,Question
|You did.|,"The dialogical act shown in the text ""You did."" is **Acknowledge**.",Acknowledge
|You were standing at the beginning and you directed me.|,Command
|Okay. But I didn't tell you to get in this line if you are filling out this particular form.|,The dialogical act shown in the text is **Disagreement**.,Disagreement
|Well what's the problem?  Let me change it.|,Question  
|Well what's the problem?  Let me change it.|,Command
|This form is a Z.X.four.|,Statement Non Opinion
"|You can't--  This is not the line for Z.X.four.  If you're going to fill out the Z.X.four, you need to have a different form of ID.|",Disagreement
|What?  I'm getting an ID.  This is why I'm here.  My wallet was stolen.|,The dialogical act shown in the text is: **Answer**,Answer
|No. I need another set of ID to prove this is actually you.|,Disagreement
|How am I supposed to get an ID without an ID?  How does a person get an ID in the first place?|,Question
|I don't know.  But I need an ID to pass this form along.  I can't just send it along without an ID.|,The dialogical act shown in the text is: **Statement Non Opinion**.,Statement Non Opinion
|I'm here to get an ID.|,Statement Non Opinion
"|No.  I need another ID, a separate one.|",Disagreement
|Like what?  Like a birth certificate?|,Question
"|A birth certificate, a passport...a student ID; didn't you go to school?  Anything?|",Question
|Who the hell has a birth certificate?|,Question
"|Yes but my wallet was stolen, I don't have anything.  I don't have any credit cards, I don't have my ID.  Don't you have things on file here?|",The dialogical act shown in the text is **Statement Non Opinion**.,Statement Non Opinion
"|Yeah.  We keep it on file, but we need an ID to access that file.|",Answer
|That's out of control.|,Statement Opinion
|I don't understand why this is so complicated for people when they get here.  It's just a simple form.  I just need an ID.|,Statement Opinion
|How long have you been working here?|,Question
|Actually too long.|,Statement Non Opinion
"|Clearly.  You know, do you have like a supervisor or something?|",The dialogical act shown in the text is: **Question**,Question
|Yeah.  Do you want to see my supervisor?  Huh? Yeah.  Do you want to see my supervisor?  Fine.  I'll be right back.|,The dialogical acts in the given text are as follows:
|Yeah.  Do you want to see my supervisor?  Huh? Yeah.  Do you want to see my supervisor?  Fine.  I'll be right back.|,
|Yeah.  Do you want to see my supervisor?  Huh? Yeah.  Do you want to see my supervisor?  Fine.  I'll be right back.|,"1. ""Yeah."" - **Acknowledge**  ",Acknowledge
|Yeah.  Do you want to see my supervisor?  Huh? Yeah.  Do you want to see my supervisor?  Fine.  I'll be right back.|,"2. ""Do you want to see my supervisor?"" - **Question**  ",Question
|Yeah.  Do you want to see my supervisor?  Huh? Yeah.  Do you want to see my supervisor?  Fine.  I'll be right back.|,"3. ""Huh?"" - **Question**  ",Question
|Yeah.  Do you want to see my supervisor?  Huh? Yeah.  Do you want to see my supervisor?  Fine.  I'll be right back.|,"4. ""Yeah."" - **Acknowledge**  ",Acknowledge
|Yeah.  Do you want to see my supervisor?  Huh? Yeah.  Do you want to see my supervisor?  Fine.  I'll be right back.|,"5. ""Do you want to see my supervisor?"" - **Question**  ",Question
|Yeah.  Do you want to see my supervisor?  Huh? Yeah.  Do you want to see my supervisor?  Fine.  I'll be right back.|,"6. ""Fine."" - **Agreement**  ",Agreement
|Yeah.  Do you want to see my supervisor?  Huh? Yeah.  Do you want to see my supervisor?  Fine.  I'll be right back.|,"7. ""I'll be right back."" - **Statement Non-Opinion**  ",Statement Non-Opinion
|Yeah.  Do you want to see my supervisor?  Huh? Yeah.  Do you want to see my supervisor?  Fine.  I'll be right back.|,
|Yeah.  Do you want to see my supervisor?  Huh? Yeah.  Do you want to see my supervisor?  Fine.  I'll be right back.|,"(Note: Since you asked for *one word* per segment, I listed them separately. If you meant a single label for the entire exchange, it is mixed—**Question** is the most prominent.)  ",Question
|Yeah.  Do you want to see my supervisor?  Huh? Yeah.  Do you want to see my supervisor?  Fine.  I'll be right back.|,
|Yeah.  Do you want to see my supervisor?  Huh? Yeah.  Do you want to see my supervisor?  Fine.  I'll be right back.|,"If you need a single overarching label, the most fitting would likely be:  "
|Yeah.  Do you want to see my supervisor?  Huh? Yeah.  Do you want to see my supervisor?  Fine.  I'll be right back.|,**Question** (since the key repeated line is interrogative).,Question
|That would - I would appreciate that.  Yeah.|,Acknowledge
|Did you get the mail? So you saw my letter?|,Question
|It's not fair.|,Disagreement
|Yeah.  I know.|,Acknowledge
"|I don't understand.  You've already done so much, I don't know why do you have to go back.|",Disagreement
|I don't know.  I put in that. request too. They didn't...|,Statement Non Opinion
"|I guess, you know, everybody has to make sacrifices.|",Statement Opinion
"|I don't know, it's just not fair.  I think you've already made your sacrifice.|",Disagreement
"|There's people that have given more though, you know?|",Statement Opinion
|I just don't see how they can make you leave when you have a new baby - we have a new kid.|,Statement Opinion
|I know.|,Acknowledge
|Then why is that fair?  Why--|,Question
"|There's babies over there, though, that need mothers.|",Statement Non Opinion
|I don't know how you can be okay with this?  I don't know why you're not-- you're fine with it.|,Disagreement
"|I'm not okay with it, but I don't-- it's not like I have a choice.  I don't see what crying about it is going to fix.|",Disagreement
|I'm just trying to think of another way.  I'm just trying to...|,Statement Opinion
"|Just, you know, kicking myself.|",Apology
|like you sign up because you need money and|,Statement Opinion
|things just aren't what they seem.|,Statement Opinion
|This is a stupid war.|,Statement Opinion
"|We're doing the right thing, though.|",Statement Opinion
|I know.|,Acknowledge
|I just don't see why it has to be you.|,Disagreement
"|If not me then, who?|",Question
|What am I going to do? Huh?|,Question
"|You'll videotape everything, yeah?|",Question
|Yeah.|,Acknowledge
"|Maybe you can send it to me, like stream it, yeah?|",Command
|Don't you guys have access to computers over there.|,Question
|Last month--  Yeah.|,Backchannel
|I just don't know how I'm going to do it without you.|,Statement Opinion
|I have to find sitters.|,Statement Non Opinion
|I can't raise a baby by myself.  How?|,The dialogical act shown in the text is **Question**.,Question
"|We've got friends, that's why we moved here, huh?  Because there is a day care down the street.|",Statement Opinion
|I know.|,Acknowledge
|And your mother is close by.|,Statement Non Opinion
|I'll send you lots of letters.|,Command
|And I want lots and lots and lots of pictures.|,Command
|It's just not fair.|,Statement Opinion
|So what's up?  What's new?|,Question
|Well Vegas was awesome.|,Statement Opinion
|Yeah.  I heard.|,"The dialogical act shown in the text ""Yeah. I heard."" is **Acknowledge**.",Acknowledge
"|And, um, I got married.|",Statement Non Opinion
|Shut up.  No- in Vegas?|,"The dialogical act shown in the text ""Shut up. No- in Vegas?"" is **Command**.",Command
|Yeah.  In the old town part.|,Acknowledge
|Who did you marry?|,Question
|Chuck. [LAUGHTER]|,"The dialogical act shown in the text ""Chuck. [LAUGHTER]"" is **Backchannel**.",Backchannel
|Did you propose to you?|,Question
|Um- Yes.  It was very romantic.|,Answer
|It was at the slot machines.|,Statement Non Opinion
|Oh.  The Wheel of Fortune slots?|,Acknowledge
"|Uhuh, uhuh.  He won big and he-and he realized that the only thing that would make it better was me as his bride.|",The dialogical act shown in the text is: **Backchannel**,Backchannel
|He turned to you and was like...|,Statement Non Opinion
|Hey.  Let's get married and I said okay.|,Greeting
|[LAUGHTER] That's really romantic.|,Opinion
"|Yeah.  Well.  You know, because he's leaving the next day.|",The dialogical act shown in the text is **Statement Opinion**.,Statement Opinion
|Yeah.|,Acknowledge
|But we're going to have a honeymoon cruise.|,Statement Non Opinion
"|Does that mean that you're going to get citizenship, too, in- in England or whatever?|",Question
|Oh.  I hadn't even thought about that.|,Acknowledge
|Yeah.  Think about that.|,Command
"|He's not going to be a citizen, though.|",Disagreement
|Yeah.  But he'll have like a long visa.  Can you go visit then for a long time?|,The dialogical act shown in the text is: **Question**,Question
|Oh.  Totally.|,"The dialogical act shown in the text ""Oh. Totally."" is **Agreement**.",Agreement
"|Oh, how are you going to do the long distance thing?  So wait, are you going to move there?|",The dialogical act shown in the text is **Question**.,Question
|I guess I'll-  I guess I'll have an internet husband.[LAUGHTER]|,Statement Opinion
|Like you need another one of those.[LAUGHTER]|,Statement Opinion
|I have an internet boyfriend.  I guess I'll have to juggle the two.  Is that cheating?  I don't know. Hmm.|,The dialogical act shown in the text is: **Question**,Question
|Is that your phone?|,Question
"|Yeah, so [LAUGHTER] He's calling me now|",The dialogical act shown in the text is: **Acknowledge**,Acknowledge
|He loves you.|,Statement Non Opinion
"|He likes to keep tabs, you know.|",Statement Opinion
|How much did he win at the slot?|,Question
"|Uh, I think seven hundred and fifty dollars.|",Statement Opinion
|Really? Penny slots?|,Disagreement
|Penny slots. That's what he plays.|,Statement Non Opinion
|Wow.|,"The dialogical act shown in the text ""Wow."" is: **Acknowledge**.",Acknowledge
|Yeah.|,Acknowledge
|I'm a big fan of the Wheel of Fortune quarters. But it just costs so much.  I don't know.|,Statement Opinion
|Oh.|,"The dialogical act shown in the text ""Oh."" is: "
|Oh.|,
|Oh.|,**Acknowledge**,Acknowledge
|Yeah.  We played Wheel of Fortune pennies.  It's like a giant thing with like-|,The dialogical act shown in the text is **Statement Non Opinion**.,Statement Non Opinion
"|But the pennies always get you because you end up spending like, you know, fifty bucks.|",Statement Opinion
|Fifty bucks. Mmhmm.|,"The dialogical act shown in the text ""Fifty bucks. Mmhmm."" is **Acknowledge**.",Acknowledge
"|like, wait, but it's just pennies.  You're like, wait a minute I'm on to you.|",The dialogical act shown in the text is **Disagreement**.,Disagreement
|Yeah.|,Acknowledge
|Well so now we're married. We have cat children.|,Statement Non Opinion
|Awesome.|,"The dialogical act shown in the text ""Awesome."" is:"
|Awesome.|,
|Awesome.|,**Acknowledge**,Acknowledge
|[LAUGHTER] Cat babies.|,Backchannel
"|We renamed Brenda, Lumber Janet.|",Statement Non Opinion
|That's fair enough.|,Agreement
|She needs a new name each state that we go into. [LAUGHTER]|,Statement Non Opinion
"|Have you tried, uh, Craig's List?|",Question
"|Uh, what?  Craig's List?  Oh the internet thing?|",The dialogical act shown in the text is **Question**.,Question
|Yeah.|,Acknowledge
|I don't know.  Isn't that-- that's all like escort services and things like that.|,Disagreement
|No.  There's regular jobs on there.|,Disagreement
"|I don't know.  I mean I've been looking for so long that I just figured that--  I mean, I think things like Monster are a lot more reliable than just some random free board.|",Statement Opinion
|Uh huh.|,Backchannel
|I'm just saying I have a friend that got a good job on it so I was just recommending it.|,Statement Opinion
|What kind of a job?|,Question
|He's like a manager for a theatre.|,Statement Non Opinion
|Really?|,Question
|He's like a house manager. Yeah.  It's a good job.|,The dialogical act shown in the text is: **Statement Opinion**.,Statement Opinion
|He just...|,"The dialogical act shown in the text ""He just..."" is **Statement Non Opinion**.",Statement Non Opinion
|you know what?  I heard about that job.  I applied for that.|,Question
|You did?|,Statement Non Opinion
|Yeah.  I saw a posting at the theatre.|,Acknowledge
|Yeah.|,Acknowledge
|He got it?|,Question
|You've been looking for a job for a long time; that was a long time ago.  Right?|,Question
|Yeah.|,Acknowledge
|Hmm.|,Backchannel
|What did he do?  What was so great?  I don't understand why they would pick him over me.|,Question
|I don't know.  He had a really good resume I guess and--|,Statement Opinion
|A resume?|,Question
|Yeah.  Do you have a resume?|,The dialogical act shown in the text is: **Question**,Question
|No.|,Disagreement
|It's kind of helpful when getting a job.|,Statement Opinion
|I just- I mean I call people up and I tell them what I'm good at.|,Statement Opinion
|Well maybe we should sit down some time and you can just tell me all the stuff that you have done and I'll write it out.|,Command
|Yeah.|,Acknowledge
|I don't like- I don't like sending things in the mail.  I don't want my information out there.|,Statement Opinion
"|No.  You can- or you can just bring it in person.  But they need, generally, something to see, you know, what kind of what that you've done, what kind of--|",Disagreement
|I'm there in front of them.  I'm telling them what I'm good at.|,Statement Non Opinion
"|Yeah.  But the piece of paper helps, too.|",Disagreement
|Why?  It's a piece of paper.|,Question
"|No.  But it has an outline, you know.|",Disagreement
"|I just don't want this paper trail, you know.  I just don't want things following me around, like-.|",Statement Opinion
"|I know.  Okay.  Well, um. Maybe--|",Acknowledge
"|It's just-- You know, I've had this problem before.  You're not the first person to tell me that I need a resume but...|",Statement Opinion
|Yeah.|,Acknowledge
"|Okay, yeah.  I would imagine.|","The dialogical act shown in the text ""Okay, yeah. I would imagine."" is **Acknowledge**.",Acknowledge
|..I just-..I just think it's kind of prejudiced and they are really discriminating against people who just aren't that way.|,Statement Opinion
"|Well, sometimes you have to do things that you don't necessarily like to do to have a job. But the job affords you money, you won't have to be taking the bus right now.|",Statement Opinion
"|That's baloney, that's baloney.|",Disagreement
|Please.|,Command
|maybe get a car.|,Command
"|I just, you know, think you should try a little harder maybe.|",Statement Opinion
|you think that you're better than me because I don't have a car?|,Disagreement
|I didn't say that.|,Disagreement
"|You know, you're riding the bus, too.|",Statement Opinion
"|I am riding the bus, but by choice.|",Statement Opinion
|Why?  What choice?|,Question
"|To save the environment, carpool.|",Command
|You're saving the environment. mmhmm|,"The dialogical act shown in the text ""You're saving the environment. mmhmm"" is **Acknowledge**.",Acknowledge
|Yes.  One less car at a time.|,Agreement
|Interesting.  That's fantastic.|,Backchannel
|Mmhmm.|,Backchannel
"|You know, you don't have to take out your frustration on me, you know, just because...|",Statement Opinion
|I'm not frustrated.|,Disagreement
|...you can't get a job and refuse to have a resume.|,Disagreement
|Who do you think you are?|,Question
|I don't think I'm anyone.|,Statement Opinion
|You are so high and mighty.  I just--|,Disagreement
|I- I-I didn't-- okay.|,Apology
|Oh.  I'm saving the environment. I'm riding this car because I- I want to.|,Statement Opinion
|What?  No.|,Disagreement
|What? Oh.  So now you're...|,"The dialogical act shown in the text ""What? Oh. So now you're..."" is **Acknowledge**.",Acknowledge
"|The bus, I'm riding the bus because I want to.|",Statement Opinion
|you know what?  You don't have to take your anger and your hurt out on me.|,Disagreement
|I can not-- you are not here by choice.  Nobody would ride this bus by choice.|,Disagreement
|Why not?|,Question
|Hi.|,Greeting
|Hi.  Thanks for waiting.|,Greeting
|Yeah. This is the fourth line that I have been in.|,Acknowledge
|Can I help you?|,Question
|Uh huh.|,Backchannel
|I need my bag.|,Command
|Okay.|,Acknowledge
"|I flew in over three hours ago, I've been in four different lines.|",Statement Non Opinion
|Okay.|,Acknowledge
|I waited the entire baggage- I waited for the whole baggage carousel four times.  They told me to go to the next one.  I waited through that for three planes and now I'm here.|,The dialogical act shown in the text is **Statement Non Opinion**.,Statement Non Opinion
|Okay.  Great.  I'm really sorry that you had to do that.  What's your last name?  Let's start there.|,The dialogical acts in the given text are as follows:
|Okay.  Great.  I'm really sorry that you had to do that.  What's your last name?  Let's start there.|,
|Okay.  Great.  I'm really sorry that you had to do that.  What's your last name?  Let's start there.|,"1. ""Okay."" - Acknowledge"
|Okay.  Great.  I'm really sorry that you had to do that.  What's your last name?  Let's start there.|,"2. ""Great."" - Agreement"
|Okay.  Great.  I'm really sorry that you had to do that.  What's your last name?  Let's start there.|,"3. ""I'm really sorry that you had to do that."" - Apology"
|Okay.  Great.  I'm really sorry that you had to do that.  What's your last name?  Let's start there.|,"4. ""What's your last name?"" - Question"
|Okay.  Great.  I'm really sorry that you had to do that.  What's your last name?  Let's start there.|,"5. ""Let's start there."" - Command"
|Nash.|,"The dialogical act shown in the text ""Nash."" is **Statement Non Opinion**.",Statement Non Opinion
|Okay.|,Acknowledge
|No G.|,"The dialogical act shown in the text ""No G."" is **Disagreement**.",Disagreement
|all right- okay.  And you lost your bag? Is that- that the issue?|,"The dialogical act shown in the text is ""Question."""
|Yes.|,"The dialogical act shown in the text ""Yes."" is **Agreement**.",Agreement
|Flight seven fourteen.|,Command
|Uh-huh.|,Backchannel
"|Am I going to be getting, like, free tickets, free mileage. When can I expect my bag here?|",Question
"|Yeah. Yeah, I don't see- I don't see any--|",Acknowledge
"|I don't see any record of it, and I-usually when I don't see a record of it, that means um-|",Statement Non Opinion
"|we've mistakenly lost your baggage.  We're very sorry.  On behalf of Jet Blue I would like to apologize for any inconvenience.  I am allowed to issue you a fifty dollar gift card which you can use any future flights you want to take with us.  I'm very sorry, once again...|",Apology
"|Oh, Are you kidding me?|",Disagreement
"|for such an inconvenience and your bag, but|",Apology
|Is this a joke?|,Question
|Yeah.|,Acknowledge
"|No, no.|",Disagreement
"|Are there candid cameras?  Is this that movie? There's that show, right?  Airplane, airline.|",Question
"|No, no.  This is real.|",Disagreement
|So you'll give me money and then I'll get my bag?|,Question
"|No.  I'm just giving you money, the bag is gone.  If it's not here, I'm really sorry there is nothing I can do because...|",Disagreement
|this is the only track record that we have and if it's not listed here then it's probably not anywhere.|,Statement Opinion
"|You're kidding me, this is a joke.|",Disagreement
"|Once again, I'm really- I'm really sorry.|",Apology
|Do you have any idea-- fifty dollars?  That's supposed to replace everything that I have?  Do you understand how much I have packed in there? Not only does it have sentimental value; it can't be replaced like that.  It was incredibly expensive.|,The dialogical act shown in the text is **Disagreement**.,Disagreement
|Yes.|,"The dialogical act shown in the text ""Yes."" is: **Agreement**.",Agreement
|I know.|,Acknowledge
|We flew in from Paris.  I've been shopping for three weeks.|,Statement Non Opinion
"|I'm very sorry.  But if you see the sign that's right behind me here, it spells it out really clearly that we are not held liable--|",Apology
|I don't care what you're freaking sign says.  Somebody- Somebody needs to replace everything I've got there and give me money for my inconvenience.|,Disagreement
|Okay. Calm-|,Acknowledge
"|Actually, we are not necessarily liable to give you- to even give you this fifty dollars so... it's actually- it's actually really|",The dialogical act shown in the text is **Disagreement**.,Disagreement
|Do you understand who my husband is?|,Question
"|If you're- if you're- if you're looking for a lawsuit, baby, you've found it.|",Statement Opinion
"|We are actually not even allowed--  you know, like we don't have to give you this fifty dollars.  We don't have to do that.|",Statement Opinion
|Oh-Oh.  It's a gift.  You're-You're helping me out here?|,The dialogical act shown in the text is: **Acknowledge**,Acknowledge
|It's a gift.|,Statement Non Opinion
"|You know, the airlines can not be held responsible for every bag of luggage that comes through here.|",Statement Opinion
|You are cruising for a bruising.  You are in so much trouble.|,Command
|With the amount of--|,Statement Non Opinion
|Who's in charge?  Who is the president of Jet Blue?|,Question
"|Um, actually, I don't know. I don't know. Oh really?|",The dialogical act shown in the text is: **Disagreement**,Disagreement
|Because I probably know him.|,Statement Opinion
|Yeah.|,Acknowledge
|Well then maybe you can just call him and he can give you more money.  But right now all I can do--|,Command
"|I don't want money, I want my clothes.|",Disagreement
"|Right now all I can do is just give you this fifty dollars, I'm really sorry.|",Apology
|What's your name?|,Question
|Oh.  My name is Sean. Hi.|,The dialogical act shown in the text is: **Greeting**.,Greeting
|Sean.  Great. Do you have a badge number or something?|,Question
"|Badge number?  Uh, no.  You can just take my employee number I guess.|",The dialogical act shown in the text is: **Answer**,Answer
|Okay.  I'll do that.|,Command
|Why?  Have I done something wrong?  Have I given you bad service?  I feel like I have done the best I could.|,Question
|I don't think you have done everything you could do because I don't have my bag here yet.|,Disagreement
"|If you want, you can write a letter.  I can give you the address. Yes.  An angry--|",The dialogical act shown in the text is: **Command**,Command
|A letter? I'll make a personal phone call.|,Command
"|Or you can make a phone call.  But I think a letter might be a little more-- in my impression, letters have more...|",The dialogical act shown in the text is: **Statement Opinion**,Statement Opinion
"|I'm sorry, Joy.|",Apology
|It's okay.|,Acknowledge
|Is there anything I can get you?  Do you want me to take care of anything for you or...?|,Question
"|No, no, no.|",Disagreement
|...pick up anything?|,Command
|No.|,Disagreement
|You know you are welcome to stay at my house if you want to just check out for a couple days and hang out.|,**Offer**,Offer
|That's sweet.|,Opinion
|Thank you.|,Acknowledge
|I went to see her headstone a week or two ago.|,Statement Non Opinion
"|I used to go to cemeteries a lot before she died.  I just, you know, I felt like they were urban oasis, you know, there is always this green in the city.|",Statement Opinion
|Hmm.|,Backchannel
|So I was like wandering around before.  It takes forever to find her headstone; I always lose it. You know.|,Statement Opinion
|So I was looking at this other one and there was like a piece of candy there and I thought that I would take the candy and put it on her headstone.  And-|,Statement Non Opinion
"|this woman came up and, you know, it was hers. It was her person that was there.|",Statement Non Opinion
|Oh.  She was there?|,Acknowledge
"|Yeah.  And she was like, that's pathetic, I hope you enjoy it.|",The dialogical act shown in the text is: **Statement Opinion**,Statement Opinion
"|And I, you know, I mean, I said I was sorry and I brought it back to her kind of and I like put it on the ground and she was like, no, it's fine.  She was like, I would rather have her back, honestly.|",The dialogical act shown in the text is: **Acknowledge**,Acknowledge
|Mmhmm.|,Backchannel
"|I don't know.  It just, like, I felt so bad because I shouldn't have done it.  I don't know.  Whatever.|",Apology
|Yeah.|,Acknowledge
|I don't know.|,Answer
|How long were you there for?|,Question
|At the cemetery?|,Question
|Mmhmm.|,Backchannel
|couple hours.|,"The dialogical act shown in the text ""couple hours"" is **Statement Non Opinion**.",Statement Non Opinion
"|I brought- I brought Chuck with me. He went to Redlands, yeah, for the day.  We ran through the sprinklers.|",Statement Non Opinion
|Oh really?|,Backchannel
|You ran through the sprinklers in the cemetery?|,Question
|It was hot.[LIPSMACK]|,Statement Non Opinion
|Is it a big cemetery?|,Question
|Yeah.  It's huge.  Redlands is an old city so they have lots and lots of stones.|,The dialogical act shown in the text is: **Statement Opinion**,Statement Opinion
"|Oh, so they're like really old too, really old ones?|",Question
|Yeah.|,"The dialogical act shown in the text ""Yeah."" is: "
|Yeah.|,
|Yeah.|,**Acknowledge**,Acknowledge
"|It's weird.  Whenever I go back to town, I think of her.  I mean, it's like ... I mean we grew up together and she died when we were twenty one.  And yeah.  She had cancer, she had two brain tumors.|",Statement Opinion
"|My best friend Heather.  She's got a- we have a- we built this like little--  There's a park, Prospect Park.  And there is like a garden section of it that we set up for her.|",Statement Non Opinion
|She used to have these poetry parties on Memorial Day.|,Statement Non Opinion
|Mmhmm.|,Backchannel
|Umm. Yeah.|,Backchannel
"|And the last time before she died, I remember she couldn't really stand, umm...|",The dialogical act shown in the text is: **Statement Non Opinion**,Statement Non Opinion
"|But I mean she could, but it was- so it was kind of sitting at her feet holding her up and she had these poems she had memorized.  And I remember looking up, she had curly red hair and there was this palm tree right behind her and it was like a crown growing right out of her head.  It was cool.|",Statement Opinion
|Mmhmm.|,Backchannel
"|Some, I guess.  She memorized this one, John Dunn, it's called, Death Be Not Proud. and-|",Statement Opinion
|So she wrote a lot of poetry?|,Question
"|There's another one, I can't remember.|",Statement Non Opinion
"|I remember, too, when we were--  she died at U.C.L.A.  She had brain surgery and there was not much hope to begin with, but I gave blood for her surgery, her mom and I before, so we dropped her off in the waiting room and then we were giving blood and came back.  And she, in her wheelchair, like can hardly do anything, reciting her poetry for these people like in the waiting room.  All she needs is a God damn audience.  You know?|",Statement Opinion
|Mmhmm.Mmhmm.Mmhmm.|,Backchannel
|Did you get the letter?|,Question
"|Yes.  There's a big envelope it says, you're in. I know.|",The dialogical act shown in the text is: **Acknowledge**,Acknowledge
|Yeah. That is so awesome.|,Agreement
|Oh my God. What are you going to do? [LAUGHTER]|,Question
|So I have to move back to the ghetto but...I know.|,The dialogical act shown in the text is **Statement Opinion**.,Statement Opinion
"|Oh-Yeah, I bet you're really excited. Oh.  That's what loans are for?  Right? Exactly.|",The dialogical act shown in the text is: **Backchannel**,Backchannel
"|I'm really excited.  Yeah. I don't know how I'm going to pay for anything, but... I also- Yeah.  Loans, too, yeah. I applied, though, for a bunch of grants and scholarships so I'm still waiting to hear on that.|",The dialogical act shown in the text is: **Statement Opinion**,Statement Opinion
"|Oh.  Good, good.  That's awesome. Are you going to stay around here?  Or are you going to like get a different neighborhood- you going to move to a different neighborhood?|",The dialogical act shown in the text is: **Question**.,Question
"|Oh- I know, I know, I know, I know.|",Acknowledge
"|I don't know.  I spend so much time commuting as it is, I'd rather.|",Statement Opinion
|This is so- I am so happy that you're going to stay.  You're not going to...We should totally throw a party.|,Statement Opinion
|I know. We should throw a party.|,The dialogical act shown in the text is **Agreement**.,Agreement
"|At Arapaho we could afford that. [GARBAGE]. Yeah.  So what are you doing this summer, though?  You're staying around, too, yeah?|",The dialogical act shown in the text is: **Question**,Question
|A rapper party ho. Yeah. Okay.|,The dialogical act shown in the text is: **Backchannel**,Backchannel
"|I am just- Yeah.  I'm sticking around, I'm just doing my thing.  I'm living here.  I'm so glad you're going to stay, I'm so glad you're going to be here. Yeah. Woo.|",The dialogical act shown in the text is: **Statement Opinion**,Statement Opinion
|It's a relief too. I mean I was thinking I was going to have to pack up all of my stuff but yeah. Hooray for U.S.C.|,Statement Opinion
|Yeah.  Big time.|,Agreement
|Mmhmm. Mmhmm. Yay. So what major?  What are you doing?|,The dialogical act shown in the text is: **Question**,Question
"|Umm. It's...It's uhh...It's Critical Studies. It's a really prestigious program, so they say.|",The dialogical act shown in the text is: **Statement Opinion**,Statement Opinion
"|Oh, okay.|","The dialogical act shown in the text ""Oh, okay."" is **Acknowledge**.",Acknowledge
|Ooh. Fancy.|,Backchannel
|Yeah.  I'm not sure.|,"The dialogical act shown in the text ""Yeah. I'm not sure."" is **Disagreement**.",Disagreement
|Is this a Masters or a P.h.D.?  Or can you...? Nice|,Question
|Umm...P.h.D. [LAUGHTER]|,Backchannel
"|That's good.  Don't you have to like teach a class, too, when you do that?|",The dialogical act shown in the text is: **Question**,Question
"|Um, yeah, yeah.  I'm a TA for two sessions. Mmhmm.|",The dialogical act shown in the text is: **Backchannel**,Backchannel
"|Teacher. Mrs. Nash, I have a question.|",Question
|So I get to mold young minds. Mrs.?  That's my mother.|,The dialogical act shown in the text is: **Question**,Question
|You have to get married.  Well you are married to Chuck.  You're Mrs. Nash.  Not to be confused with Mrs. Dash which is the popular seasoning.|,Command
"|I would be like- Oh. Right, right, right.|",Backchannel
"|Mrs. Nash.  That's so awesome, though.|",Opinion
"|Yeah. Yeah I'm excited. Hooray.  And then I'll be a millionaire once I graduate, you understand? Because that's the way it works.|",The dialogical act shown in the text is: **Statement Opinion**,Statement Opinion
|Yay...School's fun.|,Statement Opinion
"|Of course, right.  That's where the real money is, being a student.|",Agreement
|Yeah.  Totally. [LAUGHTER]|,Agreement
|That's how you get the big bucks.  Are you messing with the chair? Don't ruin it.|,The dialogical acts shown in the text are:  
|That's how you get the big bucks.  Are you messing with the chair? Don't ruin it.|,
|That's how you get the big bucks.  Are you messing with the chair? Don't ruin it.|,"1. ""That's how you get the big bucks."" – **Statement Opinion**  ",Statement Opinion
|That's how you get the big bucks.  Are you messing with the chair? Don't ruin it.|,"2. ""Are you messing with the chair?"" – **Question**  ",Question
|That's how you get the big bucks.  Are you messing with the chair? Don't ruin it.|,"3. ""Don't ruin it."" – **Command**  ",Command
|That's how you get the big bucks.  Are you messing with the chair? Don't ruin it.|,
|That's how you get the big bucks.  Are you messing with the chair? Don't ruin it.|,"(Since you asked for one word, the most prominent is **Command**, but the text contains multiple acts.)",Command
"|I know. I made such a mess of it, the entire time.  The last three things I've done, I've ruined everything, I think. Mm-hmm.  Yeah.|",The dialogical act shown in the text is: **Apology**,Apology
|What's he going to say?|,Question
|Maybe we should tell him before he sees it.|,Statement Opinion
|He saw it.|,Statement Non Opinion
|How could he see it?  I was the first one up; he was still in bed.|,Question
|He was out here when it broke.|,Statement Non Opinion
|When?|,Question
|Four o clock this morning.  I heard a crack and I woke up and looked out.  He was standing right over there when it cracked.|,Statement Non Opinion
|What was he doing out here at four o clock in the morning?|,Question
|I don't know.|,Acknowledge
"|He's dreaming of him again, walking around.|",Statement Non Opinion
|I guess he is.|,Statement Opinion
|It's getting to be just like after he died.  What's the meaning of that?|,Question
"|I don't know the meaning of it.  But I know one thing, Mom, you've made a terrible mistake with father.|",Disagreement
|What?|,Question
"|Being dishonest with him, you know.  This kind of thing always pays off and it's paying off.|",Statement Opinion
|What do you mean dishonest?|,Question
|You know Larry is not coming back and I know it.  Why do we allow him to go on thinking that we believe with him?|,The dialogical act shown in the text is **Question**.,Question
|What do you want to do?  Argue with him?|,Question
|I don't want to argue but it's time he realized that nobody believes Larry is alive.|,Disagreement
"|You know?  Why shouldn't he walk the nights thinking of him, dreaming of him?   Do we contradict him?  Do we say, we don't have any hope anymore?  That we haven't had any hope for years now?|",Question
|You can't say that to him.|,Disagreement
|We've got to say it to him.|,Command
|Where's the proof?  Do you have any proof?|,Question
"|For God's sake, three years?  Nobody comes back after three years; that's insane.|",Disagreement
"|To you it is, to me it is, but to your father, you can talk yourself until you are blue in the face.  But there is no grave and there is no body, so where are you?|",Disagreement
"|Sit down, Mom.  I want to talk to you.|",Command
"|It's that the trouble is those God damn newspapers.  Every month some new boy comes back and so the next one is going to be Larry, they just--|",Statement Opinion
"|All right, all right, all right.  You know why I asked Annie here, right?|",The dialogical act shown in the text is: **Question**,Question
|Why?|,Question
|You know.|,Backchannel
"|Well I got an idea, but what's your story?|",The dialogical act shown in the text is **Question**.,Question
|I'm going to ask her to marry me.|,Statement Non Opinion
"|Well that's only your business, Chris.|",Disagreement
|You know it's not just my business.|,Statement Opinion
|Well what do you want me to do?  You're old enough to know your own mind.|,Command
"|So all right then, I'll just go ahead with it?|",Agreement
|Well you want to make sure that your father is not going to --|,Command
|Then it's not just my business.|,Statement Opinion
|I'm just saying.|,Statement Opinion
"|You know sometimes you infuriate me.  you know that?  Isn't it your business if I tell father and he throws a fit about it?  God, you have such a talent for ignoring things.|",The dialogical act shown in the text is **Disagreement**.,Disagreement
|Oh.  I ignore what I got to ignore.  That girl is Larry's girl.|,Statement Opinion
|She's not Larry's girl.|,Statement Opinion
"|From your father's point of view, he is not dead and- Chris he still thinks he's still alive.  The girl is Larry's girl.|",Statement Opinion
"|Now you can go on from there if you know where to go, but I'm telling you, I don't know where to go.|",Statement Opinion
"|I don't know why it is, but every time I reach out for something I have to pull back because I am afraid other people will suffer. My whole bloody life, time after time.|",Statement Opinion
"|You're a considerate fellow, there's nothing wrong in that.|",Statement Opinion
|To hell with that.|,Disagreement
|I just don't see why.  Have you asked Annie yet?|,"The dialogical act shown in the text is ""Question."""
|I wanted to get this settled first.|,Statement Non Opinion
|Well how do you know she's going to marry you?  Maybe she feels the same way your father does.|,Question
"|Well if she does, then that's it.  That's the end of it.  From her letters, though, I think she's pretty much forgotten him.|",Statement Opinion
|And then we'll thrash it out with father.  Okay Mom?  Don't avoid me.|,The dialogical acts shown in the text are:  
|And then we'll thrash it out with father.  Okay Mom?  Don't avoid me.|,
|And then we'll thrash it out with father.  Okay Mom?  Don't avoid me.|,"1. ""And then we'll thrash it out with father."" → **Statement Non Opinion**  ",Statement Non Opinion
|And then we'll thrash it out with father.  Okay Mom?  Don't avoid me.|,"2. ""Okay Mom?"" → **Question**  ",Question
|And then we'll thrash it out with father.  Okay Mom?  Don't avoid me.|,"3. ""Don't avoid me."" → **Command**",Command
|The trouble is you don't see enough women.  You never did.|,Statement Opinion
|So what.  I'm not fast with women.|,Disagreement
|Why does it have to be Annie?|,Question
|Because it is.|,Answer
|Oh that's a great reason.  It's no reason at all.|,Disagreement
|I don't know.|,Answer
"|You haven't seen her since you went away to war, it's been five years.|",Statement Non Opinion
"|I can't help it, I know her best.  I was brought up next door to her, you know?  These years when I think of someone for my wife, I think of Annie.|",Statement Opinion
"|Mom, what do you want?  A diagram?|",Question
|I don't want a diagram.|,Disagreement
|He thinks he's coming back Chris.|,Statement Opinion
"|You marry that girl, you are pronouncing him dead...|",Command
|...and then what's that going to do to your father?  Do you know?  I don't.|,Question
"|All right, then, Mom. [BREATHING]|",Acknowledge
|Just give it some more thought.|,Command
"|I've given it three years of thought.  And I'd hope that if I waited, father would forget about Larry and then we could just have a regular wedding and everyone would be happy.|",Statement Opinion
"|But if I can't do that here, I may have to go somewhere else.|",Statement Opinion
|What the hell is this?|,Question
"|I'll get out.  I'll get married and I'll move somewhere else, maybe New York.|",Command
|Are you crazy?|,Question
"|I've been a good son for too long, a good sucker.|",Statement Opinion
|You have a business here.  What the hell is this?|,The dialogical act shown in the text is **Question**.,Question
|The business?  The business doesn't inspire me.|,Statement Opinion
|Oh.  Must you be inspired?|,"The dialogical act shown in the text ""Oh. Must you be inspired?"" is **Question**.",Question
"|Yes.  I like it for an hour a day.  I don't care if I have to grub for money all day long, when I come home I want it happy.|",The dialogical act shown in the text is **Statement Opinion**.,Statement Opinion
"|I want some kids, I want a family, I want somebody that I can give myself to and Annie is in the center of that.  Now it's just where to find it.|",Statement Opinion
|You mean to tell me that you would leave the business over this?|,Question
"|On this, I would.|",Agreement
|Well you don't want to think like that.|,Disagreement
|Then help me stay here.|,Command
"|All right.  But you don't want to think like that because what the hell are we working for, Chris?  It's all for you.  This whole shooting match is for you.|",The dialogical act shown in the text is **Statement Opinion**.,Statement Opinion
|I know that.  Then just help me stay here.|,Command
|Just don't think like that.|,Command
|Well I am thinking like that.|,Statement Opinion
"|I don't understand you, do I?|",Disagreement
|No.  You don't.  I'm a pretty tough guy.|,Disagreement
|I can see that.|,Acknowledge
|Why did he invite her here?|,Question
|Why does that bother you?|,Question
"|She's been in New York three and an half years, why all of a sudden?|",The dialogical act shown in the text is **Question**.,Question
|Well maybe...maybe he just wanted to see her.|,Statement Opinion
|Nobody comes seven hundred miles just to see.|,Statement Non Opinion
"|What do you mean?  You know he lived next door to the girl his whole life, why wouldn't he want to see her?|",Question
|[BREATHING] You don't look at me like that.  He didn't tell me anything more than he told you.|,Command
|He's not going to marry her.|,"The dialogical act shown in the text ""He's not going to marry her."" is **Statement Opinion**.",Statement Opinion
|How do you know he's even thinking about it?|,Question
|It's got that about it.|,Statement Opinion
|Oh.  So what.|,"The dialogical act shown in the text ""Oh. So what."" is **Disagreement**.",Disagreement
"|What is going on here, Joe?|",Question
|Now listen.|,Command
|She is not his girl.  She knows she's not.|,Disagreement
|You can't read her mind.|,Statement Non Opinion
"|Then why is she still single?  New York is full of men, why is she still single?  Probably a hundred people told her she's foolish, but she waited.|",Question
|How do you know why she waited?|,Question
"|Because she knows what I know, that's why.  She's faithful as a rock.  In my darkest moments, I think of her waiting and I know that I'm right.|",Statement Opinion
"|Hey look, it's a nice day, huh?  Why are we arguing?|",The text shows a **Question**.,Question
"|Nobody in this house dares take away her faith, Joe.  You know strangers might, but not his father, not his brother.|",Statement Opinion
|What do you want me to do? What do you want?|,Question
"|I want you to-- I want you to act like he is coming back, both of you.  Don't think I haven't noticed you since Chris invited her here.|",Command
|I won't stand for any nonsense.|,Command
|Kate.|,Statement Non Opinion
"|Because if he's not coming back, I'll kill myself.  Oh laugh, laugh all you like but why does this happen the very night he comes back.  She goes to sleep in his room and his memorial breaks in pieces.  Look at it, Joe, look.|",The dialogical act shown in the text is **Statement Opinion**.,Statement Opinion
|[BREATHING]|,Others
|Calm yourself.|,Command
"|Just believe with me, Joe. Only last week a man came back in Detroit missing longer than Larry.  Believe with me. You, above all, have got to believe. Just believe.|",Command
|Okay. Calm yourself.|,Command
"|I know. All right, all right. All right. Okay.  Calm yourself. What does that mean, me above all?|",The dialogical act shown in the text is: **Command**,Command
"|Look at you, you're shaking.|",Command
|I can't help it.|,Statement Non Opinion
"|What have I got to hide?  What the hell is the matter with you, Kate?|",The dialogical act shown in the text is: **Question**,Question
|You're the only one who still loves his parents.|,"The dialogical act shown in the text ""You're the only one who still loves his parents."" is **Statement Opinion**.",Statement Opinion
"|I know.  It kind of went out of style, didn't it?|",Acknowledge
|It's not so bad; it's a good thing.|,Statement Opinion
"|[BREATHING] You know, it's lovely here.  The air is sweet.|",Statement Opinion
|You're not sorry you came.|,"The dialogical act shown in the text ""You're not sorry you came."" is **Statement Opinion**.",Statement Opinion
"|I'm not sorry, no. But I'm...I can't stay.|",Disagreement
|Why not?|,Question
"|For one thing, your mother much as told me to go.|",Statement Opinion
|Well.|,"The dialogical act shown in the text ""Well."" is:"
|Well.|,
|Well.|,**Backchannel**,Backchannel
"|And then, you.  You've been kind of...|",Statement Non Opinion
|What?|,Question
|Sort of embarrassed ever since I got here.|,Statement Opinion
|Well I was kind of planning of sneaking up on you over the course of a week or so.  They just take it for granted that we're all set.|,Statement Opinion
|I knew they would.|,Statement Opinion
|You did?|,Acknowledge
"|Well sure, from your mother's point of view.  Why else would I come?|",The dialogical act shown in the text is: **Agreement**,Agreement
"|So would you want to?  I mean, I guess you have to know that's kind of why I asked you to come?|",Question
"|I, umm. I guess, I guess that's kind of why I came.|",Statement Opinion
|[BREATHING]|,Others
"|I love you. Annie, I love you.|",Statement Opinion
|[LAUGHTER]|,Backchannel
"|I don't really have any imagination, that's all I know how to say.|",Statement Opinion
|[LAUGHTER]|,Backchannel
"|Am I embarrassing you? Are you - See, I didn't want to do it here with this yard, on this porch.  I wanted it to be somewhere new, some place fresh for both of us.|",Question
|No. No|,Disagreement
"|You feel uncomfortable here, you feel that it's wrong here somehow.  I just...I don't...I didn't want...I didn't want to take you away from anything.|",Statement Opinion
"|Chris, I've been ready a long, long, time.|",Command
|And he's gone forever?  Are you sure?|,Question
|I almost got married two years ago.|,Statement Non Opinion
|Why didn't you?|,Question
|You started to write me.|,Statement Non Opinion
|You felt something that far back?|,Statement Non Opinion
|Every day since.|,Statement Non Opinion
|Why didn't you let me know?|,Question
"|I was waiting for you, Chris.  You sure can be ambiguous, you know.  And when you did finally write me,|",The dialogical act shown in the text is: **Statement Opinion**,Statement Opinion
|Give me a...|,Command
|Give me a kiss.|,Command
|God.  I kissed you Annie.|,Statement Non Opinion
|beating around the bush.|,Statement Non Opinion
"|I will never forgive you.  All I'd done was sit around wondering if I was crazy waiting so long, wondering if you were thinking about me.|",Disagreement
"|Oh Annie, we are going to live now.  I am going to make you so happy.|",Statement Opinion
|Not like that you're not.|,Disagreement
|I kissed you.|,Statement Non Opinion
"|Like Larry's brother.  Do it like you, Chris.|",Command
"|Chris, what is it?|",Question
"|Hey, let's drive some place.  Huh?  Let's get out of here.|",The dialogical acts in the given text are as follows:
"|Hey, let's drive some place.  Huh?  Let's get out of here.|",
"|Hey, let's drive some place.  Huh?  Let's get out of here.|","1. ""Hey, let's drive some place."" - **Command**",Command
"|Hey, let's drive some place.  Huh?  Let's get out of here.|","2. ""Huh?"" - **Question**",Question
"|Hey, let's drive some place.  Huh?  Let's get out of here.|","3. ""Let's get out of here."" - **Command**",Command
|No. What is it?  Is it your mother?|,"The dialogical act shown in the text ""No. What is it? Is it your mother?"" is **Question**.",Question
|No it's nothing like that. It's-|,Disagreement
"|Then what?  Chris.  Even in your letters, there was something ashamed.|",Question
|Yeah.  I suppose I have been. But it's going from me.|,The dialogical act shown in the text is: **Acknowledge**,Acknowledge
|You've got to tell me.|,Command
|I don't even know how to start.|,Statement Opinion
|It wouldn't work like this.|,Disagreement
"|It's just all mixed up with so many other things, you know?  You know overseas I was in command of a company?|",Statement Opinion
"|Yeah, sure.|",Agreement
|Well I lost them.|,Statement Non Opinion
|How many?|,Question
|Pretty much all.|,Statement Non Opinion
"|Aw, geez.|",Apology
|You can't just toss off a thing like that because they weren't just men. You know?|,Disagreement
"|Like for instance, there was this one time it had been raining for several days and this kid he just came up to me and he gave me his last pair of dry socks.  He just put them in my pocket.  That's a little thing, you know, but that's what kind of guys I had.|",Statement Opinion
"|They didn't die, they killed themselves for each other.  I mean that, exactly.  Just a little more selfish and they would all be here today.|",Statement Opinion
"|And I had this idea as I was watching them go down.  Everything was being destroyed, you know, but this one thing was being made.  It was kind of a monument, it's kind of responsibility, man for man.|",Statement Opinion
|Mmhmm.|,Backchannel
"|To bring that on to the earth again, you know, is like some kind of monument and I thought I would just make a difference to them.|",Statement Opinion
"|But then I came home and it was incredible, you know?  The whole thing was just kind of this random bus accident.  You know, I went back to the rat race again, I went to work.|",Statement Opinion
|Driving my new car and seeing a new refrigerator.|,Others
"|I mean...You can't take those things out of a war. when you drive that car and you see that new refrigerator, you have to know that it came out of the love that a man can have for another man.|",Statement Opinion
|And I didn't want any of it. I guess that included you.|,Statement Opinion
|Do you still feel that way?|,Question
|I just want you to know Annie.|,Statement Non Opinion
"|Because you mustn't feel that way.  Everything you have, you've earned - everything.  you understand me?|",Command
"|Even me.  And your money?  Chris, there's nothing wrong in your money.  Your father put hundreds of planes into the air, you should be proud of that.  A man should be paid for that.|",The dialogical acts in the given text are as follows:  
"|Even me.  And your money?  Chris, there's nothing wrong in your money.  Your father put hundreds of planes into the air, you should be proud of that.  A man should be paid for that.|",
"|Even me.  And your money?  Chris, there's nothing wrong in your money.  Your father put hundreds of planes into the air, you should be proud of that.  A man should be paid for that.|","- **""Even me.""** – Statement Non Opinion  ","""Even me."""
"|Even me.  And your money?  Chris, there's nothing wrong in your money.  Your father put hundreds of planes into the air, you should be proud of that.  A man should be paid for that.|","- **""And your money?""** – Question  ","""And your money?"""
"|Even me.  And your money?  Chris, there's nothing wrong in your money.  Your father put hundreds of planes into the air, you should be proud of that.  A man should be paid for that.|","- **""Chris, there's nothing wrong in your money.""** – Statement Opinion  ","""Chris, there's nothing wrong in your money."""
"|Even me.  And your money?  Chris, there's nothing wrong in your money.  Your father put hundreds of planes into the air, you should be proud of that.  A man should be paid for that.|","- **""Your father put hundreds of planes into the air, you should be proud of that.""** – Statement Opinion  ","""Your father put hundreds of planes into the air, you should be proud of that."""
"|Even me.  And your money?  Chris, there's nothing wrong in your money.  Your father put hundreds of planes into the air, you should be proud of that.  A man should be paid for that.|","- **""A man should be paid for that.""** – Statement Opinion","""A man should be paid for that."""
"|Annie, Annie.  I am going to make a fortune for you.|",Statement Opinion
|What would I do with a fortune?|,Question
"|What time is it?  I think it's supposed to run around midnight, right?  God, this is great, isn't it, Carla?  Look at this night we got here, huh.|",The dialogical acts in the given text are as follows:  
"|What time is it?  I think it's supposed to run around midnight, right?  God, this is great, isn't it, Carla?  Look at this night we got here, huh.|",
"|What time is it?  I think it's supposed to run around midnight, right?  God, this is great, isn't it, Carla?  Look at this night we got here, huh.|","1. ""What time is it?"" → **Question**  ",Question
"|What time is it?  I think it's supposed to run around midnight, right?  God, this is great, isn't it, Carla?  Look at this night we got here, huh.|","2. ""I think it's supposed to run around midnight, right?"" → **Statement Opinion** (with a tag question)  ",Statement Opinion
"|What time is it?  I think it's supposed to run around midnight, right?  God, this is great, isn't it, Carla?  Look at this night we got here, huh.|","3. ""God, this is great, isn't it, Carla?"" → **Statement Opinion** (seeking agreement)  ",Statement Opinion
"|What time is it?  I think it's supposed to run around midnight, right?  God, this is great, isn't it, Carla?  Look at this night we got here, huh.|","4. ""Look at this night we got here, huh."" → **Statement Opinion** (exclamatory, sharing excitement)  ",Statement Opinion
"|What time is it?  I think it's supposed to run around midnight, right?  God, this is great, isn't it, Carla?  Look at this night we got here, huh.|",
"|What time is it?  I think it's supposed to run around midnight, right?  God, this is great, isn't it, Carla?  Look at this night we got here, huh.|","If you need a single most dominant act, it would be **Statement Opinion**.",Statement Opinion
"|Actually I want to get a little further up the coast, get away from all like the lights and the people, but...  How are you doing?|",Question
|Fine.|,"The dialogical act shown in the text ""Fine."" is: **Acknowledge**",Acknowledge
"|Okay.  Is that, is that--|",Acknowledge
|No.  That's just foam.  I don't know.  I can't tell.|,Disagreement
|[BREATHING]|,Others
"|I don't know, probably if you can't tell, though, it's probably not them, right?  It's probably going to be like this unmistakable thing, right?|",Statement Opinion
|Oh no.  you know what I forgot?|,"The dialogical act shown in the text ""Oh no. you know what I forgot?"" is **Question**.",Question
|What?|,Question
"|My flashlight.  God, how could I be so stupid?  I can't believe I forgot my flashlight.|",Apology
|What flashlight?|,Question
"|The flashlight, the silver one.  There's only one, isn't there?|",Question
|That's not your flashlight.|,Disagreement
|Whose is it?|,Question
|It's ours; it's my flashlight too.|,Statement Opinion
"|Oh...well. Yeah, of course.|",Backchannel
|You keep saying my flashlight like it's just yours.|,Disagreement
|No.|,Disagreement
|How's that supposed to make me feel?|,Question
"|Of course, our flashlight.  What's yours is mine.  Me flashlight es su flashlight.|",Agreement
"|Naturally.  God, how could we not think to bring it?  I hope the moon stays out, though.|",The dialogical act shown in the text is: **Statement Opinion**,Statement Opinion
|Do they always run during a full moon?  I don't remember.  Was it full last year?|,Question
|Yeah.|,Acknowledge
"|Huh.  Are you cold?  Do you want my jacket?  No?  you know, we should have brought the blanket?  Our blanket.|",The dialogical act shown in the text is: **Question**,Question
"|Aw.  Do you know, I should have brought a six pack, too.  A six pack, that would be just the ticket right about now.  Huh?|",Statement Opinion
"|God, I'm so excited, I'm like a kid.  I can't believe I got out of the house with my fly zipped up.|",Statement Opinion
|[LAUGHTER]|,Backchannel
|I wonder if they can hear me talk or like feel the vibrations in the sand when we move around.|,Question
|I'm cold.|,Statement Non Opinion
|Do you want my jacket?|,Question
"|It's after eleven, let's go.|",Command
|What?  We just got here.  What's the point of coming all the way down here if we just turn around and go home?|,The dialogical act shown in the text is **Disagreement**.,Disagreement
|There is no point.|,Statement Non Opinion
|Right.|,Acknowledge
|That's my point.|,Statement Opinion
"|Wait, that's my point, too.|",Agreement
"|Well, then let's go.|",Command
"|No, no.  Okay.  That's not my point.  My point is there is no point in coming down here if we just turn around and go home.  Don't you want to see it?|",The dialogical act shown in the text is: **Disagreement**,Disagreement
|Not particularly.|,Disagreement
|Why not?|,Question
|I just don't.  It's stupid.|,Disagreement
"|Honey, this is like a natural phenomenon. I mean... People in Kansas would have to get plane reservations and get hotel rooms to see this.  It's just forty minutes away for us; it's too good to pass up.|",Statement Opinion
"|Pass what up?  I mean these fish swim out of the ocean, they flop around on the beach, they swim away and then they die.|",Question
|Yeah.  But this..this moment on the beach is like the highlight of their little lives.  All that flopping around is laying eggs or what to do - spawning or mating or whatever.|,Statement Opinion
|This is a big night for these little guys.  It's like life's last orgy.|,Statement Opinion
|I don't see why you're so excited; this isn't a freaking moon landing we are talking about.  It's fish.  It's a fish nobody even eats.|,Disagreement
|Yeah they do.|,Agreement
|Oh Augie|,Statement Non Opinion
"|okay... well, Whatever.  But it's a fish who do something no other fish do.  It's like those swallows returning to Capistrano or like those lemmings that throw themselves off the cliffs.|",Statement Opinion
"|There's like mystery here, there's magic.  It's like a little bit of the unexplainable.  I just can't see how you're not interested.|",Statement Opinion
|I'm just not.|,Statement Non Opinion
|For real?|,Question
|Yeah.|,Acknowledge
"|God, I don't get it.  you know the first time we came here, you said it was the best night of your life?|",The dialogical act shown in the text is **Statement Opinion**.,Statement Opinion
"|And last year, I remember distinctly you said, you were so excited to get here that you don't remember you stubbed your toe until we were in the car.|",Statement Non Opinion
"|Last time, you'll also remember, we got our shoes wet, I got sand in my panties, you got a sore throat and we got into a big fight and we did not see the grunions.|",Statement Non Opinion
|Ahh...we weren't in a good spot.|,Statement Opinion
|Hmm.  We didn't see them the year before either.|,Statement Non Opinion
"|We just weren't in a good spot.  I'm telling you, this is a much better spot.  I have instincts for these things.|",Statement Opinion
"|Look there, see?  What's that?  No, that's - that's just seaweed.|",The dialogical act shown in the text is: **Question**,Question
"|God, this is great.  Think about this.  I know you are not interested, but just think about this.|",Statement Opinion
"|Right now out there, there is this mass of silver fish and it's heading this way.  No one sent them an invitation, no one told them, no one even gave them a map.|",Statement Non Opinion
"|Just all at once, they turned and they formed this line as long as the California coast.  And some instinctual little firecracker went off in their bodies and they all just turned as one and started swimming.|",Statement Non Opinion
|They are swimming right now.  They are swimming as if that is the only thing that matters to them.|,Statement Non Opinion
|It's single mindedness with no mind.  It is urgency that is just pure urge.|,Statement Opinion
|And they are swimming right now to this very point where we stand for this huge celebration of sex and death.|,Statement Non Opinion
"|Oh look.  I'm giving myself goose bumps, my hairs are standing up on my arm.|",Statement Non Opinion
|That's the wind.|,Statement Non Opinion
|So what do you think?|,Question
|About what?|,Question
"|About all of that, about all I was talking about.|",Statement Non Opinion
"|Look at this, all of the hairs are standing up on my arm.|",Statement Non Opinion
|That's the wind.|,Statement Non Opinion
"|Well, so, what do you think?|",Question
|About what?|,Question
|About what I was saying.|,"The dialogical act shown in the text ""About what I was saying."" is **Acknowledge**.",Acknowledge
|I think it's ridiculous.|,Statement Opinion
|It certainly is not.  It's slightly exaggerated scientific fact.|,Disagreement
|It's PR! Somebody sold you a bunch of crap that there is this wonderful thing that is going to happen tonight on the beach.|,The dialogical act shown in the text is: **Statement Opinion**,Statement Opinion
"|Not just me, look at all of these people.|",Statement Opinion
"|Everybody's told the same story.  It keeps us coming back for more, it keeps us excited.  We keep thinking that life is going start at any minute if we can just find the right spot, get in on the action.|",Statement Opinion
"|Are we talking about the same thing, here?|",Question
"|I'm sorry, it's just fish to me.|",Apology
"|Carla, can I ask you something?  Now, don't take this the wrong way, but are you on your period?|",Question
"|Don't ask me that.  I hate it when you ask me that, you always ask me that.  It's insulting.|",Disagreement
"|Well then, what's bugging you?|",Question
|We just have different ideas of what this night is supposed to look like.|,Disagreement
"|There is nothing to it; we come down here, the fish arrive, they flop around, they do their fish thing.  We go ooh, ah, look at the fish and we go home.|",Statement Non Opinion
"|For God- Grow up, Augie.  The fish are not going to arrive.|",Command
|Why not?|,Question
|Because they never do.  Have they...Have they ever?|,Disagreement
|We've missed them twice.|,Statement Non Opinion
|Twice is every time we have tried; that's ever.|,Statement Non Opinion
|They'll show up this time.|,Statement Non Opinion
|No they won't.  It's like waiting for Santa Claus.|,Disagreement
|I feel like my whole life is going to be spent standing on this beach with my eyes wide open and my hands clasped expectantly waiting for fish to show up.  And the fish never show up.|,Statement Opinion
|I thought you wanted to see it.|,Statement Opinion
|You don't understand anything I am saying.|,Disagreement
|No. Of course not.|,Disagreement
"|I did want to see it, I still do, I always do.  I just...|",Statement Opinion
"|I feel like I'm always just standing here waiting.  I feel like this night is going to be the night, but it never is.|",Statement Opinion
"|It's just fish, it's nothing to get traumatized over.|",Statement Opinion
"|For God's sake, this is not about fish.|",The dialogical act shown in the text is **Disagreement**.,Disagreement
|Okay.  I'm trying to work this backwards and pinpoint the exact moment where we took a turn for the worst here.|,The dialogical act shown in the text is **Statement Opinion**.,Statement Opinion
"|Okay.  So you were fine during that phone call from Marge and then dinner was okay.  And doing the dishes was fine and then I was going to take a shower and you're watching the news and you said the grunions are running tonight, do you want to go?  And I said, sure great, let's go.|",The dialogical act shown in the text is: **Statement Non Opinion**,Statement Non Opinion
"|Okay.  So I am putting out the pets, getting the car out of the garage.|",Command
|Do you remember the first year we came here?  It was like four years after we got married.|,Question
"|We thought I was pregnant, we got a bottle of champagne, we had no glasses.  We took off our shoes and you asked me to dance.|",Statement Non Opinion
"|You whispered the sweetest, most intimate things to me right into my ear so I could feel them as much as hear them.  And I remember thinking, this is it.  You know, finally, I am as happy as I'm supposed to be.|",Statement Opinion
"|Wait a minute, I got it.|",Command
"|Drinking champagne from the bottle,|",Statement Non Opinion
"|It's when we were driving past that Knickerbocker Liquor Locker, you said, let's get some champagne.  I said no, time's a wasting or something like that.|",Statement Non Opinion
|dancing barefoot in the sand.|,Statement Non Opinion
"|That's what it is?  Right?  You want this to be like the other time, right?|",Question
|I'd rather not remember some things.  I'd rather not hope for some things.|,Statement Opinion
|Sure.  All right.  Okay.|,Backchannel
"|Listen, do you want to dance?|",Question
|No.|,Disagreement
|Do you want me to go get some champagne?|,Question
|No.|,Disagreement
|Do you want to take off your shoes?|,Question
"|No, no. Nothing.|",Disagreement
|Then what?|,Question
|Do you want to get married again?|,Question
|No.|,Disagreement
|What?  What?  Do you want a divorce?|,Question
|A vacation?|,Question
|No.|,Disagreement
|Like a new carpet?  A poodle?  A back rub?  Ice cream?  A suicide pact?  What do you want?  What the hell do you want?|,Question
|I just want something to turn out like I expected it to.|,Statement Opinion
"|Well welcome to the human race, huh?  Do you think I had some grand fantasy going that four years down the line we would come to this beach and be arguing over fish?  No.|",The dialogical act shown in the text is: **Statement Opinion**,Statement Opinion
|[BREATHING]|,Others
"|No I'm just like you.  I thought it was going to be all roses and peaches and the bills would just pay themselves.  And we'll have three, fat rosy cheeked children.  Huh, baby, the joke's on us.  Because you know what you get?|",Disagreement
|Do you know what you get?  You get this.|,Question
|This? What is this?  This is nothing.  This isn't even anything.|,Question
|Yes it is.|,Agreement
|Sure.  This is standing on the beach waiting.  This is fighting.|,The dialogical act shown in the text is: **Statement Non Opinion**,Statement Non Opinion
|Right|,"The dialogical act shown in the text ""Right"" is **Acknowledge**.",Acknowledge
"|I mean this is a lot of things, but it's just...|",Statement Opinion
|[BREATHING]|,Others
|Do you understand what I am saying?|,Question
|I'm doing the best I can.|,Statement Non Opinion
"|I know you are Augie, I know.|",Acknowledge
"|I know you meant this to be special, I know that you wanted it to be right, but I just can't help thinking that, I can't help wishing that I was somewhere else.|",Disagreement
"|Maybe if you were with someone else, too.|",Statement Opinion
|I didn't say that.|,Disagreement
|I just- I know I don't make you happy.|,Apology
"|Don't be ridiculous.  Anything that- anything I am doing, I'd rather be doing it with you.|",Disagreement
|Yeah?|,Backchannel
|Yeah.  Don't you know that?|,"The dialogical act shown in the text ""Yeah. Don't you know that?"" is **Question**.",Question
|For Heaven's sake Augie.|,"The dialogical act shown in the text ""For Heaven's sake Augie."" is **Command**.",Command
"|You're the one who probably wishes he was with somebody else.  Somebody who doesn't take things so seriously, who could enjoy herself.|",The dialogical act shown in the text is **Disagreement**.,Disagreement
"|You know, actually now that you mention it, no I don't.|",Disagreement
"|So maybe we are in the wrong spot, but we are with the right person.|",Statement Opinion
"|I don't know, it seemed like such a good spot to me.|",Disagreement
"|We have a great view of the moon from here, though, huh?|",Statement Opinion
"|Hmm.  I noticed that, it's pretty. Big old white moon.|",The dialogical act shown in the text is: **Statement Opinion**,Statement Opinion
|[BREATHING]|,Others
|And look what I got here.|,Command
"|Augie, you bought refreshments.|",Statement Non Opinion
|It's not champagne.|,Disagreement
|I guess we don't need glasses.|,Statement Opinion
|[BREATHING]|,Others
|Do you want to go home?  Are you cold?|,Question
|I'm beginning to think this might be the right spot after all.|,Statement Opinion
"|Augie, I'm sorry.|",Apology
"|Shh.  If we're very quiet, the fish might come.|",Command
|Or not.|,Disagreement
|Or not.|,Disagreement
|Good God.|,Statement Non Opinion
|Is it them?|,Question
|I wonder.|,Statement Opinion
|Freda is the only one who knows we are here.  She wouldn't ring up.|,Statement Non Opinion
|It must be them then.|,Statement Opinion
|It had to happen sooner or later.  What are we going to do?|,The dialogical acts in the text are:  
|It had to happen sooner or later.  What are we going to do?|,
|It had to happen sooner or later.  What are we going to do?|,"- ""It had to happen sooner or later."" → **Statement Opinion**  ",Statement Opinion
|It had to happen sooner or later.  What are we going to do?|,"- ""What are we going to do?"" → **Question**  ",Question
|It had to happen sooner or later.  What are we going to do?|,
|It had to happen sooner or later.  What are we going to do?|,"(Since you asked for one word, the most prominent is likely **Question**.)",Question
|[BREATHING]|,Others
"|We are okay, aren't we darling?|",Question
"|Now and always, sweet.|",Statement Non Opinion
|I don't care then.|,Disagreement
|It had to happen sooner or later.|,Statement Opinion
"|Hello?  Hello?  I'm sorry, what's that?|",Greeting
|No.  Wrong number. [LAUGHTER]|,Disagreement
|[LAUGHTER] That sent shivers up my spine.|,Backchannel
|What shall we do if they suddenly walk in on us.[LAUGHTER]|,Question
|We'll behave exquisitely.|,Command
|With perfect poise.|,"The dialogical act shown in the text ""With perfect poise."" is **Statement Non Opinion**.",Statement Non Opinion
|I think I shall do a curtsy.|,Statement Opinion
"|It's strange; things that ought to matter dreadfully, they just don't matter at all when one's happy.  Do they?|",Statement Opinion
|Hmm.  The pity is that one can't stay happy.|,Statement Opinion
"|Darling, don't say that.|",Command
|It's true.  I think the whole thing's a cruel joke.|,The dialogical act shown in the text is: **Statement Opinion**,Statement Opinion
|What?  This beautiful and sacred thing - love?|,Question
|Yes.  Meaning just that.|,The dialogical act shown in the text is: **Acknowledge**,Acknowledge
"|Well what does it all mean?  That's what I ask myself in my quest for ultimate truth.  Dear God, what does it all mean?|",Question
|Don't laugh at me.  I'm being serious.|,Command
"|Oh darling, you mustn't be serious.  It's just what they want.|",Statement Opinion
|Who's they?|,Question
"|All of those futile moralists who make life unbearable.  You have to laugh at them, be flippant.|",Statement Opinion
"|You know, flippancy brings out the acid in their darned, light and sweetness.|",Statement Opinion
"|you know if I laugh at everything then I must laugh at us, too.|",Statement Opinion
|Oh of course.  We are figures of fun.  All right.|,Agreement
"|How long with it last, this ludicrous overbearing love of ours?|",Question
|Who knows?|,Question
|Shall we always want to bicker and fight?|,Question
|Oh no.  That fire will fade along with our passion.|,Apology
"|Oh dear, should we like that?|",Statement Opinion
|Well it depends on how well we've played.|,Statement Opinion
|What happens if one of us dies?  Does the other one still laugh?|,Question
|Yes.  Yes with all of his might.|,Agreement
"|Well that's serious enough, isn't it?|",Statement Opinion
"|No, no, no, no. no.  Death is a very laughable thing.  It's a cunning little mystery, it's all done with mirrors.|",Disagreement
|I think you are talking nonsense.|,Disagreement
"|Oh.  So is everyone, in the long run.|",The dialogical act shown in the text is **Statement Opinion**.,Statement Opinion
"|Let's be superficial, and just pity those poor philosophers, huh?  Let's blow trumpets and squeakers and enjoy the party for as long as we can, you know, like small, idiotic school children.|",Command
|[LAUGHTER]|,Backchannel
|Oh Come and kiss me darling before your body rots and worms pop out of your eye sockets.|,Command
"|Oh Elliott, worms don't pop.|",Statement Non Opinion
"|Oh See, I don't care what you do, see.  You can paint yourself green and run naked through the Place Vendome and run off with all of the men of the world.  I shan't say a word, just as long as you love me best.|",Statement Opinion
"|Aw.  Thank you, darling.  The same applies to you too, except that if you so much as look at another woman I'll kill you.|",The dialogical act shown in the text is: **Statement Opinion**,Statement Opinion
|Do you remember that awful scene we had in Venice?|,Question
|Which particular one?|,Question
|The one where you put that tiny painted wooden snake in my bed.|,The dialogical act shown in the text is: **Statement Non Opinion**.,Statement Non Opinion
"|Oh Charles, that was his name.  He did wiggle so beautifully.|",The dialogical act shown in the text is **Statement Opinion**.,Statement Opinion
|[GARBAGE]|,Others
|It was a terrible thing.  I hated it.|,Statement Opinion
|I know you did.  You threw him out the window into the Grand Canal.  I'll never forgive you for that.|,Disagreement
|How long did that row last?|,Question
|It went on intermittently for days.|,Statement Non Opinion
|Uh huh.|,Backchannel
|But the worst one was in Cannes when your curling irons burnt a hole in my new dressing gown.|,Statement Non Opinion
"|Oh And it burnt my comb, too, and all of those towels in the bathroom.|",Statement Non Opinion
"|That was a rouser, wasn't it?|",Question
|[LAUGHTER] That was the first time you hit me.|,The dialogical act shown in the text is **Statement Non Opinion**.,Statement Non Opinion
|I did not hit you very hard.|,"The dialogical act shown in the text ""I did not hit you very hard."" is **Statement Non Opinion**.",Statement Non Opinion
"|The manager came in, he found us rolling about the floor, biting and scratching like panthers. [LAUGHTER]  How utterly, utterly ridiculous.|",Statement Non Opinion
|[LAUGHTER] I'll never forget his face. [LAUGHTER]|,Statement Opinion
|[LAUGHTER] We were very much younger then.|,The dialogical act shown in the text is **Statement Non Opinion**.,Statement Non Opinion
|[LAUGHTER] And very much sillier.|,The dialogical act shown in the text is **Statement Opinion**.,Statement Opinion
|However I believe the real cause of that row was Peter Burden.|,Statement Opinion
|Oh.  You knew there was nothing in that.|,"The dialogical act shown in the text ""Oh. You knew there was nothing in that."" is **Acknowledge**.",Acknowledge
|We were very much younger then.|,Statement Non Opinion
|And very much sillier.|,"The dialogical act shown in the text ""And very much sillier."" is **Statement Opinion**.",Statement Opinion
|However I believe the real cause of that row was Peter Burden.|,Statement Opinion
|Oh.  You knew there was nothing in that.|,"The dialogical act shown in the text ""Oh. You knew there was nothing in that."" is **Acknowledge**.",Acknowledge
|I knew nothing of the sort.  You took presents from him.|,Disagreement
"|Presents?  It was only a trivial, little brooch.|",Question
"|It was bristling with diamonds.  In the worst possible taste, too.|",Statement Opinion
"|It was not.  I still have it, and I wear it often.  It is very pretty.|",The dialogical act shown in the text is: **Statement Opinion**,Statement Opinion
|You went out of your way to torture me over Peter Burden.|,The dialogical act shown in the text is **Accusation**. ,Accusation
|You went out of your way to torture me over Peter Burden.|,
|You went out of your way to torture me over Peter Burden.|,"(Note: Since ""Accusation"" isn't one of the provided options, the closest alternative from the given list would be **Statement Opinion**, as it expresses a subjective judgment.)",Statement Opinion
|I did not.  You worked that whole thing up in your jealous imagination.|,Disagreement
"|Well, you let him kiss you, huh?  You said you did.|",Question
"|Well, what of it?|",Question
|What of it?|,Question
|It gave him a lot of pleasure and it didn't hurt me.|,Statement Opinion
|What about me?|,Question
"|If you hadn't been so suspicious and nosey, you never would have known a thing about it.|",Disagreement
"|That's a nice point of view, I must say.|",Statement Opinion
|Oh dear.  I'm bored with this conversation.|,Statement Opinion
|So am I.  I'm bored stiff. [GARBAGE]  Do you want some brandy?|,Agreement
|No.  Thank you.|,Disagreement
"|I'll have a little, I think.|",Statement Opinion
"|I don't know why you'd want any, you've already had three glasses.|",Disagreement
"|No particular reason.  Anyhow, they are very small ones.|",The dialogical act shown in the text is **Statement Non Opinion**.,Statement Non Opinion
|I just think it's silly to go on and on and on about such a thing.|,Statement Opinion
"|You can hardly call three glasses of liquor a whole evening long, going on and on and on.|",The dialogical act shown in the text is **Disagreement**.,Disagreement
|It's become a habit with you.|,Statement Non Opinion
|Oh.  Don't be so grand.  Just because you don't happen to want one at the moment.|,The dialogical act shown in the text is **Disagreement**.,Disagreement
|Don't be stupid.|,Command
"|Really, Amanda.|","The dialogical act shown in the text ""Really, Amanda."" is **Disagreement**.",Disagreement
|What?|,Question
|Nothing.|,"The dialogical act shown in the text ""Nothing."" is: **Acknowledge**.",Acknowledge
"|you going out somewhere, dear?|",Question
|No.  I am just making myself fascinating for you.|,Disagreement
|That reply has broken my heart.|,"The dialogical act shown in the text ""That reply has broken my heart"" is **Statement Opinion**.",Statement Opinion
|Oh.  It's a woman's duty to allure the man.|,Statement Opinion
"|Well as a matter of fact, yes, that's perfectly true.|",Agreement
|No it isn't.|,Disagreement
|Yes it is.|,Agreement
|You shut up.|,Command
"|Oh really.  It's a pity you didn't have any brandy, it would have made you a little less disagreeable.|",The dialogical act shown in the text is **Disagreement**.,Disagreement
|It's funny it hasn't worked such wonders for you.|,Statement Opinion
"|Snap, snap, snap.  You know you are like a little adder.|",The dialogical act shown in the text is **Statement Opinion**.,Statement Opinion
"|Adders don't snap, they sting.|",Statement Non Opinion
|Nonsense.  They have a bag of venom behind their fangs and they snap. They snap.|,Disagreement
|They sting. I don't care.  Do you understand?  I don't care if they bark and they roll about like hoops.|,The dialogical act shown in the text is: **Statement Opinion**,Statement Opinion
|Did you see much of Peter Burden after our divorce?|,Question
"|Yes I did, quite a lot.|",Agreement
"|And I suppose you let him kiss you a good deal more than, too. Yes.  I suppose you guys had a riotous time, huh?  All out, no restraint at all.  Well, you never really had much anyhow.|",The dialogical acts shown in the text are:
"|And I suppose you let him kiss you a good deal more than, too. Yes.  I suppose you guys had a riotous time, huh?  All out, no restraint at all.  Well, you never really had much anyhow.|",
"|And I suppose you let him kiss you a good deal more than, too. Yes.  I suppose you guys had a riotous time, huh?  All out, no restraint at all.  Well, you never really had much anyhow.|","1. ""And I suppose you let him kiss you a good deal more than, too."" - **Statement Opinion**  ",Statement Opinion
"|And I suppose you let him kiss you a good deal more than, too. Yes.  I suppose you guys had a riotous time, huh?  All out, no restraint at all.  Well, you never really had much anyhow.|","2. ""Yes."" - **Acknowledge**  ",Acknowledge
"|And I suppose you let him kiss you a good deal more than, too. Yes.  I suppose you guys had a riotous time, huh?  All out, no restraint at all.  Well, you never really had much anyhow.|","3. ""I suppose you guys had a riotous time, huh?"" - **Question**  ",Question
"|And I suppose you let him kiss you a good deal more than, too. Yes.  I suppose you guys had a riotous time, huh?  All out, no restraint at all.  Well, you never really had much anyhow.|","4. ""All out, no restraint at all."" - **Statement Opinion**  ",Statement Opinion
"|And I suppose you let him kiss you a good deal more than, too. Yes.  I suppose you guys had a riotous time, huh?  All out, no restraint at all.  Well, you never really had much anyhow.|","5. ""Well, you never really had much anyhow."" - **Statement Opinion**",Statement Opinion
|Mind your own business.|,Command
"|You're quite insufferable, I expect it's because you are drunk.|",The dialogical act shown in the text is **Statement Opinion**.,Statement Opinion
|I think I am not in the least bit drunk.|,Statement Opinion
|You've always had a weak head.|,Statement Opinion
|I think I mentioned once before that I've had three minute liquor glasses the whole evening long.  A child of two cannot get drunk on that.|,Statement Opinion
"|On the contrary, a child of two can get violently drunk on only one glass of brandy.|",Disagreement
"|That's very interesting Amanda. How about a child of four?  Or a child of six?  Or a child of nine? We can get a good little conversation going on about this, you know, intemperate tots.|",Question
|Oh shut up.|,Command
|Shut up.|,Command
"|Not very funny, darling.  Why don't you have some more brandy.|",Disagreement
|[LAUGHTER] That's a very good idea.  I think I will.|,Agreement
"|Look, you better turn that off. I don't want to wake up the people upstairs.|",Command
|Why?|,Question
|There are no people upstairs; it's a photographer's studio.|,Statement Non Opinion
|Well then you'll wake up the people downstairs.|,Command
|They are away in Tunis.|,Statement Non Opinion
|This is no time of year for Tunis.|,Statement Opinion
"|Turn it on again, please.|",Command
|I will do no such thing.|,Disagreement
|Fine if you insist on being boorish and idiotic.|,Disagreement
"|Will you turn that off, it's driving me mad.|",Command
"|You are far too temperamental, try to control yourself.|",Command
|Turn it off.|,Command
"|I won't.  Let go, let go of me. Listen, listen?  I'm sick and tired of listening to you, you sadistic bully.|",The dialogical act shown in the text is **Disagreement**.,Disagreement
"|Amanda, listen, listen.|",Command
|Oh.  That's very amusing indeed.|,Statement Opinion
"|Oh shut up.  Let go.  I hate you, I hate you.  Do you hear?  You are a conceited and overbearing and utterly impossible.|",Disagreement
"|You are a vile, ill-tempered, loose living, wicked little beast and I never want to see you again as long as I live.|",Disagreement
|This is the end.  Do you hear me?  Finally and forever.|,The dialogical act shown in the text is **Command**.,Command
|You're not going like this.|,Command
|Oh.  Yes I am.|,Acknowledge
|You're not.|,Disagreement
"|Yes I am.   Stop it. Stop it.  Let go of me. Oh.  You're a cruel fiend.  I loathe and I hate you. Marry you again?  Never, never, never. I hope you die in torment, you brute beast cad.|",The dialogical acts shown in the text are:
"|Yes I am.   Stop it. Stop it.  Let go of me. Oh.  You're a cruel fiend.  I loathe and I hate you. Marry you again?  Never, never, never. I hope you die in torment, you brute beast cad.|",
"|Yes I am.   Stop it. Stop it.  Let go of me. Oh.  You're a cruel fiend.  I loathe and I hate you. Marry you again?  Never, never, never. I hope you die in torment, you brute beast cad.|","- ""Yes I am."" → **Answer**  ",Answer
"|Yes I am.   Stop it. Stop it.  Let go of me. Oh.  You're a cruel fiend.  I loathe and I hate you. Marry you again?  Never, never, never. I hope you die in torment, you brute beast cad.|","- ""Stop it. Stop it."" → **Command**  ",Command
"|Yes I am.   Stop it. Stop it.  Let go of me. Oh.  You're a cruel fiend.  I loathe and I hate you. Marry you again?  Never, never, never. I hope you die in torment, you brute beast cad.|","- ""Let go of me."" → **Command**  ",Command
"|Yes I am.   Stop it. Stop it.  Let go of me. Oh.  You're a cruel fiend.  I loathe and I hate you. Marry you again?  Never, never, never. I hope you die in torment, you brute beast cad.|","- ""Oh."" → **Backchannel**  ",Backchannel
"|Yes I am.   Stop it. Stop it.  Let go of me. Oh.  You're a cruel fiend.  I loathe and I hate you. Marry you again?  Never, never, never. I hope you die in torment, you brute beast cad.|","- ""You're a cruel fiend."" → **Statement Opinion**  ",Statement Opinion
"|Yes I am.   Stop it. Stop it.  Let go of me. Oh.  You're a cruel fiend.  I loathe and I hate you. Marry you again?  Never, never, never. I hope you die in torment, you brute beast cad.|","- ""I loathe and I hate you."" → **Statement Opinion**  ",Statement Opinion
"|Yes I am.   Stop it. Stop it.  Let go of me. Oh.  You're a cruel fiend.  I loathe and I hate you. Marry you again?  Never, never, never. I hope you die in torment, you brute beast cad.|","- ""Marry you again?"" → **Question**  ",Question
"|Yes I am.   Stop it. Stop it.  Let go of me. Oh.  You're a cruel fiend.  I loathe and I hate you. Marry you again?  Never, never, never. I hope you die in torment, you brute beast cad.|","- ""Never, never, never."" → **Disagreement**  ",Disagreement
"|Yes I am.   Stop it. Stop it.  Let go of me. Oh.  You're a cruel fiend.  I loathe and I hate you. Marry you again?  Never, never, never. I hope you die in torment, you brute beast cad.|","- ""I hope you die in torment, you brute beast cad."" → **Statement Opinion**  ",Statement Opinion
"|Yes I am.   Stop it. Stop it.  Let go of me. Oh.  You're a cruel fiend.  I loathe and I hate you. Marry you again?  Never, never, never. I hope you die in torment, you brute beast cad.|",
"|Yes I am.   Stop it. Stop it.  Let go of me. Oh.  You're a cruel fiend.  I loathe and I hate you. Marry you again?  Never, never, never. I hope you die in torment, you brute beast cad.|","(Since you asked for *one word*, the most dominant act here is **Statement Opinion**.)",Statement Opinion
"|Shut up. Shut up. God, I wouldn't marry you again if you came crawling back to me on a bended knee.  You are a vile, ill-tempered, mean little wench and I never want to see you again as long as I live.|",Disagreement
|Next.|,Command
"|Yes, me. Okay, okay here we go.|",The dialogical act shown in the text is: **Acknowledge**,Acknowledge
|My window is open.|,Statement Non Opinion
"|Okay, so filled out all these forms  --|",Acknowledge
|This is... Your last- Your first name is Jones?|,Question
|and I have This form of ID here so...|,The dialogical act shown in the text is **Statement Non Opinion**.,Statement Non Opinion
"|Yes, Jones.|",Agreement
|That's just strange I figured you filled in wrong sections.|,The dialogical act shown in the text is: **Statement Opinion**,Statement Opinion
|Well...|,"The dialogical act shown in the text ""Well..."" is **Backchannel**.",Backchannel
|What are you... what's...What are you applying for?|,Question
|I'm just applying for another ID.|,Statement Non Opinion
|Another ID?|,Command
"|Yes.  I'm supposed to have three forms of ID for this.  It's a long story, I'm supposed to have three forms of ID for this other job I really don't get into but I need another...|",The dialogical act shown in the text is **Statement Opinion**.,Statement Opinion
|Fine.  So I need ID.|,Command
"|I have it right here, yes.|",Answer
"|No, I need your ID to give you a second ID.|",Disagreement
|It's really simple if you have a problem with it... Maybe you should--|,Command
|But that's...|,Disagreement
"|That's why I'm here, that's why I was waiting in this line.  I need to get another form of ID.|",Statement Opinion
"|Well, do you have your passport?|",Question
"|No, I don't have a passport.|",Disagreement
|You have a birth certificate?|,Question
"|I don't where it is though, I don't have with me.  Can I get it from somewhere?  I mean...|",The dialogical act shown in the text is: **Question**,Question
|What do you expect me to do?|,Question
|I probably have to go wait another line to get my birth certificate don't I?|,Statement Opinion
|Probably.|,Statement Opinion
|You're very helpful.  What's your name?|,Question
|Joy.|,"The dialogical act shown in the text ""Joy."" is:"
|Joy.|,
|Joy.|,**Statement Non Opinion**,Statement Non Opinion
"|Hi, Joy.|",Greeting
|Hi.   You know...|,Greeting
|So can you help me or not?|,Question
|I am..I don't..I don't understand what you want.  A driver's license or a California ID.|,The dialogical act shown in the text is: **Question**,Question
|Okay. [BREATHING]|,Acknowledge
|I need California ID.|,Command
|Okay.|,Acknowledge
|On top of these other two forms of ID which I already have.|,Statement Non Opinion
"|What... well, do you have a driver's license?|",Question
"|No, I don't have driver's license.|",Disagreement
|Then how am I supposed to give you a California ID?|,Question
|Did you even look at the form?  I filled it out all these questions--|,Question
|Don't raise your voice with me.|,Command
|Did you even look at the form?  I've already answered these question.|,Question
|Don't talk to me like I'm a child.|,Command
|Okay.|,Acknowledge
|Do you know how long I've been working here? How long have you lived in California?|,Question
|If it makes you stop acting like a child.|,"The dialogical act shown in the text ""If it makes you stop acting like a child."" is **Command**.",Command
|I have been to California my whole--|,Statement Non Opinion
"|Maybe you never been to the D.M.V. before, maybe you should get back in line.  You know what?  sit in line again and if you get my number ask for different one.|",The dialogical act shown in the text is **Command**.,Command
|I am not...I'm not getting to back that line.|,Disagreement
"|Okay, okay let's keep our voices down, okay?  I didn't come here to get in yelling match.|",Command
|I'm perfectly calm.|,Statement Opinion
"|I did not come in here to get in a yelling match with you, all right?|",Disagreement
|Uh huh.  I didn't come here get in yelling match either.|,"The dialogical act shown in the text is ""Disagreement."""
|Just try and help me.|,Command
|They don't pay me enough to deal people like you.|,Statement Opinion
"|People like me, what is that supposed to mean?  You know, this is ridiculous.  Is there like a manager here, is there someone else that I can talk to?|",The dialogical act shown in the text is **Question**.,Question
|Why?|,Question
|Why?|,Question
|Yeah.|,"The dialogical act shown in the text ""Yeah."" is: "
|Yeah.|,
|Yeah.|,**Acknowledge**,Acknowledge
"|So you're not going to send me a thank you card, is that a problem? Is your are not going...|",Question
"|Why, because I'm sick of talking to you.|",Disagreement
"|Cause you're obviously not talking to me, you're just yelling at me, berating me and telling me I can't fill out forms right.|",Disagreement
"|Oh, dear. Oh, boo-foo-woo, foo-foo.|","The dialogical act shown in the text is ""Backchannel."""
"|Oh, no honey. And you're going to miss the Christmas card too. It's a shame. It's going to be a good, nice picture.|",The dialogical act shown in the text is **Statement Opinion**.,Statement Opinion
|Sit back down.|,Command
"|Hey, Joy come in here.|",Command
|What's happening?|,Question
|I have to go back.|,Statement Non Opinion
|I just got a letter I have to go back.|,Statement Non Opinion
|When?|,Question
|First thing tomorrow morning.|,Command
|Are you kidding me?|,Disagreement
|How...|,Question
"|I don't understand, I don't underst--|",Disagreement
|How can they do that?|,Question
|They can do it.|,Statement Opinion
|They said you're home for at least four years.|,Statement Non Opinion
"|I guess they can do it,|",Statement Opinion
"|The National Guard is I guess really spread thin and then everyone has to go.  We all have to go back, my whole companies going back.|",Statement Opinion
|[BREATHING]|,Others
|That's not fair.|,Disagreement
|I can't believe it. I just got back.|,"The dialogical act shown in the text ""I can't believe it. I just got back."" is **Statement Opinion**.",Statement Opinion
"|So yeah, we leave tomorrow...|",Acknowledge
|[BREATHING]|,Others
|...we're all shipping out.|,Statement Non Opinion
|I just got I feel like I'm in shock actually.|,Statement Opinion
|I don't even know what to tell you.|,Disagreement
|I don't know.|,Answer
|What about the birthday party?|,Question
|I guess you're just going to have to have it without me.|,Statement Opinion
"|Hey listen, it's going to be okay though, all right?|",Command
|You're going to be fine.|,Statement Non Opinion
|Me?  I'm not worried about me.|,Statement Opinion
"|I'm going to be fine too, okay?|",Statement Opinion
|How do you know?|,Question
|I know I have a good... I have a really good group of guys with me.|,Statement Opinion
|We're going to be okay.|,Statement Non Opinion
|You're going with the same ones?|,"The dialogical act shown in the text ""You're going with the same ones?"" is **Question**.",Question
|Do promise me you're going to take a lot of pictures.|,Command
"|Always, I always do.|","The dialogical act shown in the text ""Always, I always do."" is **Agreement**.",Agreement
|I know.|,Acknowledge
|It's not the same though.|,Disagreement
|I just wish there was something I could do.|,Statement Opinion
|We could hide away.|,Statement Opinion
|Run away?|,Command
|Mm hmm.  We'll build a bunker and never come out.|,The dialogical act shown in the text is **Statement Non Opinion**.,Statement Non Opinion
"|I really don't want to go, I don't want to go...|",Statement Opinion
|[LAUGHTER] Mmm.|,Backchannel
|I'm scared.|,Statement Opinion
|Don't say that.|,Command
|I'll send you a letter every single day.|,Command
|I love you.|,Statement Opinion
|I love you too.|,Agreement
|The craziest thing just happened to me.|,Statement Opinion
|What?|,Question
|This girl; she just offered me fifty thousand dollars to marry her.|,Statement Non Opinion
|[BREATHING]|,Others
|Yeah.|,Acknowledge
|Why?|,Question
"|Well, she's not a citizen so she wants to get a visa.|",Statement Opinion
|Is she on the run?|,Question
"|No, no, no, no, no, no she just... she's not a citizen but she wants her visa, yeah. She's going to pay me fifty thousand dollars to marry her and stay married to her for two years.|",Disagreement
"|Oh, she just needs to marry you.|","The dialogical act shown in the text ""Oh, she just needs to marry you."" is **Statement Opinion**.",Statement Opinion
|That's incredible. That's awesome. Where's she from?  Maybe you can get a dual citizenship.|,The dialogical act shown in the text is: **Question**,Question
|That's like twenty five thousand dollar a year for doing nothing. Isn't that awesome?|,Statement Opinion
"|She's actually from England, I think.  Well she- she spoke English but she had an accent. I didn't even ask.|",Statement Opinion
|That's so cool. Uh huh.|,"The dialogical acts shown in the text ""That's so cool. Uh huh."" are:  "
|That's so cool. Uh huh.|,
|That's so cool. Uh huh.|,"- ""That's so cool."" → **Statement Opinion**  ",Statement Opinion
|That's so cool. Uh huh.|,"- ""Uh huh."" → **Backchannel**",Backchannel
|[LAUGHTER] Why did she pick you? Where were you?|,Question
"|Fifty thousand dollars. Fifty thousand dollars. I was just out... I just... she's - well, she's a friend of friend but like...|",Statement Non Opinion
|You were at a party? And she's like hey. You seem unattached she's like.|,Question
"|Yeah.  Can you believe that? Yeah, she's like hey, I'm like sure I'll do it, I don't care. Yeah. I'm like fifty thousand dollars, I'd totally do it for fifty thousand dollars. But the only thing is that's kind of like illegal. So like I could go to jail probably for a long if I get caught, but...|",The dialogical act shown in the text is: **Statement Opinion**,Statement Opinion
|That's unbelievable... Yeah.|,"The dialogical act shown in the text ""That's unbelievable... Yeah."" is **Acknowledge**.",Acknowledge
|Well I've known people who have done this before. Yeah.  You just- it's really fun actually 'cause you have like a fake engagement party and all your friends come over and like...|,Statement Opinion
|Have you?|,Question
|It's like I'm really going to get married. We'll have like the whole thing.|,Statement Opinion
"|Oh, good. [LAUGHTER]|",Acknowledge
"|Yeah. Yeah. And then yeah, and then you know like you could like you could do like like sock her for a lot of money|",The dialogical act shown in the text is: **Backchannel**,Backchannel
|I know. What do you think I should-|,Acknowledge
"|Like make her rent the apartment that you two have to live together in, you know. And you won't pay any rent or you pay like, a hundred bucks a month or something.|",Command
|Oh good idea.|,Agreement
|Yeah.  Make her like open the bank account and stuff too.|,Command
|Yeah.|,Acknowledge
|It's a good idea.|,Agreement
"|Dude, you lucked out.|",Statement Opinion
|I know.  Also I get to like plan the wedding now too. That will be fun.|,Statement Opinion
"|Yeah.  My colors are blush and beige what is it, do you know?|",The text shows a mix of dialogical acts. Here's the breakdown:
"|Yeah.  My colors are blush and beige what is it, do you know?|",
"|Yeah.  My colors are blush and beige what is it, do you know?|","- ""Yeah."" → **Acknowledge**",Acknowledge
"|Yeah.  My colors are blush and beige what is it, do you know?|","- ""My colors are blush and beige what is it, do you know?"" → **Question**  ",Question
"|Yeah.  My colors are blush and beige what is it, do you know?|",
"|Yeah.  My colors are blush and beige what is it, do you know?|","If forced to choose **one word**, the dominant act is **Question** (as it drives the interaction forward).",one word
"|Something blue, something new, something... no I don't know. [LAUGHTER] So yeah, wonder if she's going to pay me up front but do you think it's bad though, do you think they're going to like track the money or something?|",The dialogical act shown in the text is: **Question**,Question
|Oh I don't know. [LAUGHTER]|,Disagreement
|I don't know get it in cash.|,Disagreement
|Just cash hardcore.|,Command
|Yeah.|,Acknowledge
|What should we do?  Where should we get married? We should have party.|,The dialogical act shown in the text is: **Question**,Question
|How exciting. You should have a wedding on the beach.|,Opinion
"|Yeah, like a big like- A wedding on the beach, that would be nice.|",Statement Opinion
"|Yeah, at night.|",Acknowledge
|And then we can honeymoon.  I want to go tropical though like Bahamas- --or like Tahiti or something. I just want to like beach and like drink.|,Statement Opinion
"|Oh yeah, absolutely, absolutely.|",Agreement
|How exciting.  You should make her bring all your friends too.|,The dialogical act shown in the text is **Command**.,Command
|I'll make her pay for that.  I hear she's like totally wealthy. She's like royalty- --or something like and- --whatever like removed or something but yeah.|,The dialogical act shown in the text is **Statement Opinion**.,Statement Opinion
|[GARBAGE] She's got to be loaded.  fifty thousand dollars.  That's incredible.|,Statement Opinion
|Incredible.|,Statement Opinion
|I'm going to marry a blue blood. [LAUGHTER]|,Statement Opinion
"|you're a lucky, lucky, lucky man.|","The dialogical act shown in the text ""you're a lucky, lucky, lucky man"" is **Statement Opinion**.",Statement Opinion
|Will you help me plan?|,Question
"|Oh, totally. Yeah.|",Agreement
|Good.|,Acknowledge
|You seem kind of down.|,Statement Opinion
|I'm just mad.|,Statement Opinion
|How come?|,Question
|It's--I've been trying to find this job I can't get any job.|,Statement Opinion
|It's not fair.|,Disagreement
|What do you mean?|,Question
"|I mean I've been looking for a job for like three years and I can't get a job.  I mean like, it's America, right?  I should be able to get a job.|",Statement Opinion
|There's a lot of people looking for jobs.|,Statement Non Opinion
"|I guess.  But three years?  I mean, I like--I went to college even, I mean I didn't finish but I went for like a little bit.  It's not fair, I don't know.|",The dialogical act shown in the text is **Statement Opinion**.,Statement Opinion
"|I don't know, I mean, I just don't think...|",Statement Opinion
"|I mean I've been sending out my resumes and doing everything I can do but nothing is happening.  You know, it's like I can't and I can't keep living on loans anymore like this.  I'm going to--I mean eventually I'm going to have to pay it back. I'm just kind of freaking out, I don't know.|",Statement Opinion
|Did you ever think it might be your attitude that's...|,Question
"|What's my--like what do you mean ""my attitude""?|",Question
"|I don't know just sometimes you get kind of... No, I'm not saying that.  I just--|",Disagreement
|Do I have an attitude problem?|,Question
"|No, well maybe it's because I'm like frustrated 'cause I can't get a job, you know.|",Disagreement
|...has anyone ever just said anything like that to you before?|,Question
"|Like it's really hard to like shake that off when you go into like audition a room or whatever, you know what I mean?|",Statement Opinion
"|Right, sure.|",Acknowledge
"|But I mean you kind of got to, you got to fake it 'til you feel it, right?|",Statement Opinion
"|I guess I just getting really hard to fake, you know.|",Statement Opinion
|I'm just saying that if I was looking to hire somebody in the--or kind of... No. No. No.|,Statement Opinion
"|Are you hiring? Wait, do you know of a job? Seriously, do you know, like do you know of anything though?  Like, oh please, do you know of anything?|",Question
|No.  I'm just saying though that if I was a person who was hiring somebody I-- --would not hire someone who was angry or upset.|,Disagreement
|Yeah.|,Acknowledge
|I come across angry?|,"The dialogical act shown in the text ""I come across angry?"" is **Question**.",Question
|No.|,Disagreement
|What?|,Question
"|Well, you know a little.  If you were to listen to--|",The dialogical act shown in the text is: **Statement Opinion**,Statement Opinion
"|Okay.  You're my friend you can tell me stuff.  You can tell me honestly stuff, okay?  Please.|",The dialogical act shown in the text is **Command**.,Command
|I just don't want you to fly off the handle.|,Statement Opinion
"|Okay, I'm not flying off the handle I don't think I'm flying off the handle here at all.|",Statement Opinion
|You kind of have a short fuse.|,Statement Opinion
|I have a short fuse?|,Statement Opinion
|Yeah.|,Acknowledge
"|Okay. Okay no, no, no, no okay no, I need to hear this more. Come on, bring it.|",The dialogical act shown in the text is **Command**.,Command
"|Like this, right now we're trying have a conversation.|",Statement Opinion
|We're trying to have a conversation and you seem extremely hostile. You keep cutting me off.|,The dialogical act shown in the text is **Disagreement**.,Disagreement
"|Well, it's 'cause I can't get a job, okay?|",Answer
|I'm not always right I'm just--|,"The dialogical act shown in the text ""I'm not always right I'm just--"" is **Statement Opinion**.",Statement Opinion
|I can't finish the sentence with you without you jumping in...|,The dialogical act shown in the text is **Disagreement**.,Disagreement
|...and you're always right.|,Disagreement
|fine okay.|,"The dialogical act shown in the text ""fine okay"" is **Acknowledge**.",Acknowledge
|You have an excuse for everything.|,Disagreement
|[BREATHING]|,Others
|I'm just saying that maybe you should take in some information before you produce more of your own.|,The dialogical act shown in the text is **Opinion**.,Opinion
|I'm like a sponge I'm like soaked up with all this information for like three years I'm just dying for a job to like put it in to.|,Statement Opinion
|[BREATHING]|,Others
|That's -.|,"The dialogical act shown in the text ""That's -"" is: **Statement Non Opinion**.",Statement Non Opinion
"|You know, and like I don't think it's that much to ask. I know.|",Statement Opinion
"|Well, what kind of field are you looking to go into?|",Question
|That's it.|,"The dialogical act shown in the text ""That's it."" is **Acknowledge**.",Acknowledge
|Can I help you?|,Question
"|Yes, please help me.  Where is my bag?|",The text shows two dialogical acts:  
"|Yes, please help me.  Where is my bag?|",
"|Yes, please help me.  Where is my bag?|","1. ""Yes, please help me."" - **Agreement** (or **Acknowledge** if accepting assistance)  ",Agreement
"|Yes, please help me.  Where is my bag?|","2. ""Where is my bag?"" - **Question**  ",Question
"|Yes, please help me.  Where is my bag?|",
"|Yes, please help me.  Where is my bag?|","If forced to choose **one word**, the dominant act is **Question**.",one word
|I need a little more information.|,Question
"|Where is my bag?  Come on, I've been here for four hours.|",Question  
"|Where is my bag?  Come on, I've been here for four hours.|",Command
|What- What flight did you come in on?|,Question
"|Okay, I'm coming in from Atlanta.|",Statement Non Opinion
|Georgia?|,Question
"|Yes, Georgia.  Good for you I need my bag.  Can you...|",The dialogical act shown in the text is: **Acknowledge**,Acknowledge
"|There's no need for you to raise your voice, sir.|",Disagreement
|I've been college educated.|,Statement Non Opinion
|I speak your language.|,Statement Non Opinion
|Are you insinuating that I don't have a college education and that- for some reason that makes you a better person than I am?|,Question
"|Listen, shut your smug mouth, okay?  I don't need that.|",Command
|I'm just saying you don't need to talk to me like I-|,The dialogical act shown in the text is: **Statement Opinion**,Statement Opinion
|I've been sitting here for four hours.|,Statement Non Opinion
|I'm not a child.|,Disagreement
|I've been here for sixteen.|,Statement Non Opinion
|You people have just been tossing me around like a used hanky.|,The dialogical act shown in the text is: **Statement Opinion**,Statement Opinion
|I come here every single day.|,Statement Non Opinion
|You work here.|,Command
"|Details, Details.  Well, anyhow can I--|",The dialogical act shown in the text is **Backchannel**.,Backchannel
|so you flew in from Atlanta...|,Question
|My bag from Atlanta.|,Statement Non Opinion
|Four...Four hours ago.|,Answer
|It's a little black bag with wheels.|,Statement Non Opinion
|Do you have any i-?|,Question
|That you wouldn't let me put in the overhead compartment.  You said I had to check it.|,The dialogical act shown in the text is **Statement Non Opinion**.,Statement Non Opinion
|I wouldn't let you?   I was not in Atlanta. I was not in Atlanta.|,Disagreement
|It's a tiny little bag.|,Statement Non Opinion
|I had nothing to do with the boarding attendance.  I'm sorry that your seat was wherever it was.|,The dialogical act shown in the text is: **Apology**,Apology
"|It was right in the middle of five different people.  I had a huge fat lady next me, a crying kid on left I went like can I please get a Bloody Mary, please? Will you bring a Bloody Mary?|",The dialogical act shown in the text is: **Question**,Question
"|I have some unfortunate news, uh, that your bag isn't going to be--|",Apology
| --arriving any time soon.|,Command
"|Just had a really, really stressful day, okay?  And I need my bag; can you please help me get my bag?|",The dialogical act shown in the text is: **Statement Opinion**.,Statement Opinion
|I'm really sorry to tell you this but...|,Apology
|Okay.|,Acknowledge
|It's not.  I can offer you fifty dollars and a reimbursement gift cards for our airline...|,Disagreement
|...and your future...|,Statement Non Opinion
"|I'm sorry, wait a minute.  Are you saying I'm not going to get my bag at all?|",The dialogical act shown in the text is: **Question**,Question
|No.|,"The dialogical act shown in the text ""No."" is **Disagreement**.",Disagreement
|It's gone.|,Statement Non Opinion
|Yes.|,Answer
|Where is it?  Where did it go?|,Question
|We've actually...|,Statement Non Opinion
|You mean did someone steal it? Do people steal bags?|,Question
|They do as matter of fact.  We don't like to publicize it because|,The dialogical act shown in the text is: **Statement Opinion**,Statement Opinion
|people wouldn't Fly our airline.|,Statement Opinion
|Probably people that work for your company huh?|,Statement Opinion
|Do you know what was in that little bag that I could have just easily put in overhead compartment but no I had to check?|,Question
|What was that?|,Question
|My computer which has all of my data which I'm collecting right now.|,Statement Non Opinion
|That's unfortunate.|,Acknowledge
|Yeah it's really unfortunate you know why because I'm going to get fired if I don't get that.  So I need to have that back.|,The dialogical act shown in the text is **Statement Opinion**.,Statement Opinion
|That's too bad.|,Acknowledge
"|Fifty dollars is not going to cover me for my job, okay?|",Disagreement
|I wish I could give it to you.|,Statement Opinion
|Well you need to find it. Can I just go back there and look through the bags?  Can I just go back there and just go through maybe I'll find it.|,The text contains multiple dialogical acts. Here's the breakdown:
|Well you need to find it. Can I just go back there and look through the bags?  Can I just go back there and just go through maybe I'll find it.|,
|Well you need to find it. Can I just go back there and look through the bags?  Can I just go back there and just go through maybe I'll find it.|,"- ""Well you need to find it."" - Command"
|Well you need to find it. Can I just go back there and look through the bags?  Can I just go back there and just go through maybe I'll find it.|,"- ""Can I just go back there and look through the bags?"" - Question"
|Well you need to find it. Can I just go back there and look through the bags?  Can I just go back there and just go through maybe I'll find it.|,"- ""Can I just go back there and just go through maybe I'll find it."" - Question"
|Well you need to find it. Can I just go back there and look through the bags?  Can I just go back there and just go through maybe I'll find it.|,
|Well you need to find it. Can I just go back there and look through the bags?  Can I just go back there and just go through maybe I'll find it.|,"Since you asked for one word, I'll choose the most prominent one: **Question**",Question
|I wish I-|,Statement Opinion
|That's not - no.|,Disagreement
|No.|,Disagreement
|It'll be a lot more than what you're doing sitting here and just give me lip service.  I'd like to go back at least do some aggressive searching for my stuff.|,The dialogical act shown in the text is **Command**.,Command
|We have plenty of aggressive searching going on it's not there.  Someone's taken it.|,Statement Opinion
"|Sure, yeah right you have plenty of aggressive searching going on, aggressive searching, drinking coffee and smoking cigarettes.|",The dialogical act shown in the text is **Disagreement**.,Disagreement
|I know what you guys do when you're not working you're union people; you just sit around on your ass.|,The dialogical act shown in the text is: **Statement Opinion**,Statement Opinion
|You know I don't need to take this sort of abuse.|,Statement Opinion
"|Well, I don't need to take this kind of abuse either.  I just was trying get back to Atlanta. I just got home, I just want to get my bag and get my stuff. And keep my job.|",Disagreement
|That's fantastic.|,Agreement
|Then why don't you take your fifty dollars. Get yourself a taxi and go shopping tomorrow.|,Command
|[BREATHING]|,Others
|Thank you very much.|,Acknowledge
|You okay?|,Question
"|Yeah, I'm just-- yeah|",The dialogical act shown in the text is: **Backchannel**,Backchannel
"|Just kind of feel numb, you know.|",Statement Opinion
|What's happened?|,Question
|You didn't even hear?|,Disagreement
|[BREATHING] Umm.|,Backchannel
|God I've told this story so many times. Umm.|,The dialogical act shown in the text is **Statement Opinion**.,Statement Opinion
|You don't have to if you don't want to.|,Statement Opinion
|I just...I just basically lost someone that was really close to me.|,Statement Opinion
"|And I've kind of been dealing with all of the...the stuff, you know the hospital and people work because...|",Statement Opinion
|I'm sorry to hear that.|,Apology
"|He kind of didn't have anyone to take care of that for him, so--|",Statement Opinion
|You've been taking care of it all?|,Statement Non Opinion
|Oh Jesus.|,"The dialogical act shown in the text ""Oh Jesus."" is **Acknowledge**.",Acknowledge
|It's just really...really messed up.|,Statement Opinion
|He sick for awhile?|,Question
|No.|,Disagreement
|Just like it.|,Opinion
|Was it an accident?|,Question
"|No, I mean it just came on really quick, you know I mean it was a [GARBAGE] it was a sickness but it just --|",Disagreement
|how was sick?|,Question
|What?|,Question
"|Well, I'm confused.  He was sick or it was an accident?|",Question
"|He was sick. He got sick. He got sick but it happened really, really fast, you know.|",Statement Non Opinion
|Oh. Really fast? Oh.|,"The dialogical act shown in the text is ""Backchannel."""
|It was kind of like boom... done|,Statement Non Opinion
|Yeah.|,Acknowledge
|It's just really weird because he was really young you know and it kind of like...|,Statement Opinion
|Yeah.|,Acknowledge
| --it just kind of freaks you out.|,Statement Opinion
"|Totally, yeah.|",Agreement
|So weird you know that like one days it's like you know sounds so stupid but like one day someone's here. And like next day you know they're not here and it just kind of makes you like think about like life and mortality and like that kind of stuff.  You just like used to take for granted--you know.|,Statement Opinion
|Mmhmm.|,Backchannel
|Lock|,Command
|Mmhmm.|,Backchannel
|The plans you make [GARBAGE].|,Disagreement
"|Exactly, you know, and like he had so many plans and he was going to do...|",Agreement
|It leaves a hole for you too.|,Statement Non Opinion
"|so many things, you know?|",Statement Opinion
"|It leaves a hole for you too, in your plans together.|",Statement Opinion
|What?|,Question
|Yeah.|,Acknowledge
|It gets better.|,Statement Non Opinion
"|He was a really, really good guy.|",Statement Opinion
|Mmhmm.|,Backchannel
|A lot of people loved him.|,Statement Opinion
|MMhmm.|,Backchannel
"|You know, it's like affecting a lot of people it's not just me, you know?|",Statement Opinion
|Mmhmm.|,Backchannel
|How long did you know each other?|,Question
|Umm...|,Backchannel
|For like eight years.|,Statement Non Opinion
|That's a long time.|,Acknowledge
|Yeah.|,Acknowledge
|It's good that you were there.|,Statement Opinion
"|Yeah, I'm glad I was there. Glad I- glad I got to be there.|",The dialogical act shown in the text is: **Acknowledge**,Acknowledge
"|So weird,|",Statement Opinion
|Yeah.|,Acknowledge
"|like I can't...it's like you know it's like ""pinch me"" it's like I can't believe like I'm dealing with this, you know.|",Statement Opinion
|Are there things you wish you'd done differently?|,Question
|Check this out.  You know how I've told you I've been really into like softball recently?|,Command
|Yeah.|,Acknowledge
"|Well, this is totally random, I got this full ride scholarship to go to U.S.C next year to play softball.|",Statement Opinion
|[LAUGHTER]. For softball? That's unbelievable. Is it slow pitch?|,The dialogical act shown in the text is **Question**.,Question
|For softball.  They're going to pay me to go to school. Isn't that awesome?|,Question
"|Yeah.  Well, I don't--well yeah I can pitch, I'm not like the pitcher though. I'm like the pinch hitter guy I mostly just hit.  But I guess I'm going to have to... Yeah, and then I play shortstop too but... It's so ex- The good news is I get to stay here.|",The dialogical act shown in the text is: **Statement Opinion**,Statement Opinion
|Uh huh.|,Backchannel
|Pinch hitting softball.|,"The dialogical act shown in the text ""Pinch hitting softball."" is **Statement Non Opinion**.",Statement Non Opinion
|That is incredible.|,Statement Opinion
|That's amazing. They pay for everything?|,Opinion
"|I know. For softball, yeah.|",Acknowledge
"|Your housing, books, everything? That is incredible.|",Question
"|Yeah, everything. Every like- free ride and I get to, you know, like be on like a Trojans sports team too. And it's like cool. Isn't it awesome?|",Statement Opinion
|That is incredible. Do you get like a per diem?|,"The text ""That is incredible. Do you get like a per diem?"" contains two dialogical acts:"
|That is incredible. Do you get like a per diem?|,
|That is incredible. Do you get like a per diem?|,"1. ""That is incredible."" - **Statement Opinion**",Statement Opinion
|That is incredible. Do you get like a per diem?|,"2. ""Do you get like a per diem?"" - **Question**  ",Question
|That is incredible. Do you get like a per diem?|,
|That is incredible. Do you get like a per diem?|,"If you strictly need one word, the dominant act is likely **Question** (as it drives the conversation forward). However, if combining is allowed, it would be **Statement Opinion + Question**.  ",Question
|That is incredible. Do you get like a per diem?|,
|That is incredible. Do you get like a per diem?|,For single-word strict classification: **Question**.,Question
"|I don't know. I should ask. Yeah, I will.|",The dialogical act shown in the text is: **Statement Opinion**,Statement Opinion
|You should...You should look into that.|,Command
"|That is amazing, congratulations. Good for you.|",Acknowledge
|Thank you.|,Acknowledge
|But I don't know I want to live in the housing that they give me though 'cause I think I want to you know like get like a nicer place.|,Statement Opinion
|Oh.|,"The dialogical act shown in the text ""Oh."" is **Acknowledge**.",Acknowledge
"|Yeah, that you probably. You should see one of these Victorian houses around by.|",The dialogical act shown in the text is: **Statement Opinion**,Statement Opinion
|Where should I move?|,Question
"|That's a really good idea. Or I could go to like Santa Monica. Go beach. Venice beach, yeah a little dirty though. I don't want to go to Venice beach. But - Malibu. All right.|",The dialogical act shown in the text is: **Statement Opinion**,Statement Opinion
|Oh. Venice beach.|,Acknowledge
"|Oh, you don't like that. You're west-sider?|",Disagreement
"|Okay. That would be way too much of a commute you can't do that. Especially- I know especially from--I don't know, what I was going to say, I don't know.|",The dialogical act shown in the text is **Statement Opinion**.,Statement Opinion
|Professional softball player Malibu. [LAUGHTER]|,Statement Non Opinion
|From where? Huh? Well I'm from San Francisco.|,The dialogical acts in the text are as follows:
|From where? Huh? Well I'm from San Francisco.|,
|From where? Huh? Well I'm from San Francisco.|,"1. ""From where?"" - **Question**  ",Question
|From where? Huh? Well I'm from San Francisco.|,"2. ""Huh?"" - **Question**  ",Question
|From where? Huh? Well I'm from San Francisco.|,"3. ""Well I'm from San Francisco."" - **Statement Non Opinion**",Statement Non Opinion
|I don't know. Commuting from what Malibu that would be ridiculous.|,Disagreement
"|Oh yeah, that would be.  Well, depends on what type of car you had, though too. I guess it would be worth it. helicopter. Yeah, helicopter.  There is a helipad there, right? Yeah, exactly.|",The dialogical act shown in the text is **Backchannel**.,Backchannel
|Oh yeah. He'd drop you right off at practice?|,The dialogical act shown in the text is: **Acknowledge**,Acknowledge
|Do you--are you one of those like four a clock in the morning practices?  Is it--that's more like swimming and- --ballet and things like that.|,Question
|Yeah. I think it's in the afternoon 'cause I mean can't be too early 'cause then you can't see the ball.|,The dialogical act shown in the text is: **Statement Opinion**,Statement Opinion
|They have those neon--softballs.  They're like day-glow you can see them anywhere.|,Statement Opinion
"|Yeah, but no. Well, they have a night games but you know there's more like night games they're not like morning games, you know. I guess it's kind of same thing.|",Disagreement
|I'm surprised you don't know that.|,Statement Opinion
|Oh. That is incredible. Is it--|,The dialogical act shown in the text is **Statement Opinion**.,Statement Opinion
"|do they have a--is it a co-ed softball team?  I mean... Really? You know, I didn't even know that they have that.|",Question
|No it's all boys. All boys' softball team.|,Disagreement
|They do it's--believe me it's huge.|,Opinion
|Who do you play? Like do--are you like... nationally ranked?|,Question
|I just got into it. I just kind of fell into it. Literally I was walking around and...|,Statement Non Opinion
|That is unbelievable.|,Statement Opinion
|It's pretty wild.|,Statement Opinion
|I would put that right up there with--ping-pong.|,Statement Opinion
"|Yeah, well I doubt [GARBAGE] ping pong [GARBAGE]|",Disagreement
|I mean not to denigrate what you are doing.  I think that's great.|,The dialogical act shown in the text is: **Agreement**,Agreement
|Oh you mean it's not really sport that what you're saying?|,Disagreement
"|No, no.  I love softball. I played softball all the time.|",Disagreement
|It's totally a sport. What are you talking about?|,Disagreement
"|What, just 'cause I don't play regular baseball doesn't mean I'm like any less of like a sports guy.|",Statement Opinion
|I am not saying you should be. I'm not no. I think it's great I think you should be incredibly proud yourself especially because you're going to U.S.C for free for doing it. For free.|,The dialogical act shown in the text is **Statement Opinion**.,Statement Opinion
|For free that's really what it's about. I mean who cares I mean if I have to play softball all the time?|,The dialogical act shown in the text is: **Statement Opinion**,Statement Opinion
|But they got to like drive around in a bus--that would suck.|,Statement Opinion
|Oh really? With the whole team?|,"The dialogical act shown in the text ""Oh really? With the whole team?"" is **Question**.",Question
|Yeah we have like away games and stuff.|,Acknowledge
|What are your teammates like? I'm sure you don't know yet? What kind of people play softball?|,Question
|They're nice.|,Statement Opinion
"|Like, you know like police officers, like--kind of heavyset guys. Mustaches, yeah. It's that kind of-|",Statement Opinion
|Oh really?|,Backchannel
|Cool. You don't seem like you'd fit in there.|,Statement Opinion
|That kind of...They're okay.  No I'm like- I'm kind of like the odd man out I'm like...|,Statement Opinion
"|Oh, cool.|",Backchannel
|But you know I'm like [GARBAGE].|,The dialogical act shown in the text is **Statement Opinion**.,Statement Opinion
|You're like the rookie? The new kid.|,Question
|Yeah.|,Acknowledge
|Just watch in five years you'll be like on the force. You carry around donuts in your back pocket... [LAUGHTER]|,Statement Opinion
|I'm going to have a mustache...On the force...|,Statement Non Opinion
|Pull over..|,Command
|What he's going to say?|,Question
|He saw it.|,Statement Non Opinion
|When?|,Question
|He was out here at four this morning.|,Statement Non Opinion
|How could he see it?  I was the first one up and he was still in bed.|,Question
|I was out here at four this morning I heard a crack and I looked out the window and he was standing right over there.|,Statement Non Opinion
|What was he doing here at four in the morning?|,Question
|I don't know.  But he went back in the kitchen and he cried.|,Statement Non Opinion
|Did you talk to him?|,Question
|No.  I figured I'd just let it wait.|,Disagreement
|Cried hard?|,Question
"|Yeah, I could hear him crying through the floorboards in my room.|",The dialogical act shown in the text is: **Acknowledge**,Acknowledge
|[BREATHING]|,Others
|What is he doing out here at that hour?|,Question
|I don't know.|,Answer
"|He's dreaming about him again, walking the streets.|",Statement Non Opinion
|I guess he is.|,Statement Opinion
|It's getting to be just like after he died.  What is the meaning of that?|,Statement Opinion
|I don't know the meaning of it.  But I know we've made terrible mistake with father.|,Statement Opinion
|What?|,Question
"|I mean, these kinds of things, man they always come back at you.  And this is definitely coming back to us.|",Statement Opinion
|What do you mean a mistake?|,Question
"|I just--why shouldn't he walk the nights waiting for him, huh?  Do we contradict him do we say we don't have any hope any more that he's not coming back?|",The dialogical act shown in the text is **Question**.,Question
"|What do you want to do, argue with him?|",Question
"|I don't want to argue with him, it's just for God's sake it's time he realized that no one believes with him any more.|",Disagreement
|You can't say that to him.|,Disagreement
|I got to.|,Command
"|What, can you prove it?  What proof do you have?  Can you prove it?|",Question
"|For God's sake, three years?  Nobody comes back after three years. It's insane.|",Statement Opinion
"|To you it is, to me it is.  But to your father?  You can talk yourself 'til you're blue in the face but there's was no grave and there is no body.  So where are you?|",The dialogical act shown in the text is **Disagreement**.,Disagreement
"|Okay, all right.  Mom, sit down.  I want to talk to you.|",Command
|The trouble is those god damn news papers.  Every month some boy comes back missing longer then Larry so--|,Statement Opinion
"|Yeah, okay all right, all right.  Listen, um, you know why I asked Annie here, right?|",The dialogical act shown in the text is: **Command**,Command
|Why?|,Question
|You know.|,Backchannel
"|Well, I've got an idea but what's the story?|",Question
|I'm going to ask her to marry me.|,Statement Non Opinion
"|Well, that's only your business, Chris.|",Statement Opinion
|You know it's not just my business.|,Statement Opinion
"|Well, what do you want me to do?  You're old enough known your own business.|",Command
|So it's okay then?  I'm just going to go ahead with it?|,Question
|You want to make sure that your father's not going to...|,Command
"|See.  Then it's not just my business. Sometimes you infuriate me, you know that?  You know it's just your business too if I tell father and he throws a fit about it, huh?|",The dialogical act shown in the text is **Disagreement**.,Disagreement
|I'm just saying.|,Statement Non Opinion
|I'm sorry.  I ignore what I've got to ignore. That girl is Larry's girl.|,Apology
|She is not Larry's girl.|,Disagreement
"|From father's point of view he is not dead and you have no right to take his girl.  I'm just saying that you can go on from there if you know where to go but I'm saying I don't know where to go.  See, I don't know.|",Statement Opinion
|I don't know why it is you know every time I reach out for something I have to pull back 'cause I'm afraid it's going to hurt somebody.  All my life...|,Statement Opinion
|You're a considerate fellow.  There's nothing wrong in that.|,Statement Opinion
|To hell with that.|,Disagreement
|Did you ask Annie yet?|,Question
"|No, I wanted to get this all sorted out first.|",Disagreement
"|Well, how do you know she's going to marry you?  Maybe she feels same way your father does.|",Question
"|Well, if she does then that's the end of it.  However from her letters I think she's pretty much forgotten him.|",Statement Opinion
"|The trouble is you don't see enough women, you never did.|",Statement Opinion
|So what?  I'm just--I'm not fast with women.|,Disagreement
|I don't see why it has to be Annie.|,Disagreement
|Because it is.|,Statement Non Opinion
"|That's a good answer but it doesn't answer anything.  You haven't seen her since you went away to war, it's been five years.|",Disagreement
"|I don't know, it I think of her, I grew up next to her.  She is what I think of when I think of a wife.|",Statement Opinion
"|He thinks he's coming back, Chris.  You marry that girl you're pronouncing him dead.|",Statement Opinion
"|Do you know what that'll do to you, to your father, do you know?  I don't.|",Question
|All right then.|,Acknowledge
|Give it some more thought.|,Command
|I've given it lots of thought.  And I keep coming back to the same thing.|,Statement Opinion
"|When I think of a family, when I think of my future I see Annie in the center of that and you know and if that can't happen here then I'll go somewhere else.|",Statement Opinion
|What the hell is this?|,Question
|I'll leave.  I'll get married and move somewhere else maybe New York.|,Command
|Are you crazy?|,Question
|I'll do it.|,Command
|You have a business here.  I said what the hell is this?|,Statement Non Opinion
|Business?  The business doesn't inspire me.|,Disagreement
"|Oh, must you be inspired.|","The dialogical act shown in the text ""Oh, must you be inspired."" is **Statement Opinion**.",Statement Opinion
"|Yes, yes I like it for one hour a day.  I don't care if I have to grub for money all day long when I come home I want it nice, I want a family, I want to kids and Annie is in the center of that.|",Opinion
|If that can't happen here...|,Statement Non Opinion
|You mean to tell me you would leave the business for this.|,The dialogical act shown in the text is **Question**.,Question
"|Yes, on this I would.|",Agreement
"|Well, you don't want to think like that.|",Disagreement
|Then help me stay here mom.|,Command
"|All right but you don't think like that because what the hell is this all for.  This is all for you, what are we working for Chris? The whole shooting match is for you.|",Disagreement
"|I know, I know.|",Acknowledge
|Then help me stay.|,Command
"|Well, you don't think like that.|",Disagreement
|I am thinking like that.|,Statement Opinion
"|I don't understand you, do I?|",Disagreement
"|No, you don't.  I'm a pretty tough guy.|",Disagreement
"|Well, I can see that.|",Acknowledge
|Why did he invite her here?|,Question
"|Well, maybe he wanted see her.|",Opinion
|It's been three and a half years.  Why all of a sudden?|,Question
"|Well uh, He grew up next door to the girl, why wouldn't he want to see her?|",Statement Opinion
|Don't look at me like that.  He didn't tell me anything he told you.|,Command
|He's not going to marry her.|,Disagreement
|How do you know he's even thinking about it?|,Question
|it's got that about it.|,"The dialogical act shown in the text ""it's got that about it"" is **Statement Opinion**.",Statement Opinion
|Oh so what?|,Disagreement
"|What is going on here, Joe?|",Question
"|Okay, now listen, kids...|",Command
|The girl is not Larry's.  If the girl is Larry's girl she's not his she know she's not.|,Statement Non Opinion
|Listen. Line. You can't read her mind.|,Command
|Then why is she still single?  New York is full of men probably a hundred people told her she is crazy but she is waited.|,The dialogical act shown in the text is **Question**.,Question
|And how do you know why she's waited.|,Question
|Because she knows what I know that's why.  She's faithful as a rock. in my darkest moments I think of her waiting and I know that I'm right.|,Statement Opinion
"|Okay, look it's a beautiful day.  Why are we arguing?|",The dialogical act shown in the text is **Question**.,Question
"|Nobody in this house dares take away her faith Joe.  Her- strangers might but not her father, not her brother.|",Statement Opinion
|What do you want me to do?  What do you want?|,Question
"|I want you to---act like he is coming back.  Don't think I haven't noticed you, both of you since Chris invited her here.  I won't stand for any nonsense.|",Command
|Kate...|,Statement Non Opinion
|Because if he's not coming back then I'll kill myself.|,Statement Opinion
|[BREATHING]|,Others
"|Oh, laugh at me, laugh all you like but why does this happen to very night she comes back?  She goes to sleep in his room and his memorial breaks in pieces.  Look at it, Joe look.|",The dialogical act shown in the text is **Statement Opinion**.,Statement Opinion
"|All right, calm yourself.|",Command
"|Believe with me Joe, you got to believe. Only last week a boy came back missing longer then Larry you read it yourself.|",Command
"|Okay, calm yourself. Alright.|",Command
|calm yourself.|,Command
|You above all have got to believe. Just don't stop believing.|,Command
|What does that mean? Me above all? What does that mean?|,Question
|Look at you. You're shaking.|,Command
|I can't help it.|,Statement Non Opinion
"|What the hell do you want from me, Kate?|",Question
|The only one I know still love his parents.|,"The dialogical act shown in the text is **""Statement Opinion""**.","""Statement Opinion"""
"|Yeah, that kind of went out of style didn't it?|",Agreement
|Oh it's not bad thing it's good thing.|,Agreement
"|You know it's nice here, the air is sweet.|",Statement Opinion
|You're not sorry you came?|,Disagreement
"|Not sorry, no.  I can't stay here.|",Disagreement
|Why not?|,Question
|For one thing your mother as much as told me to go.|,The dialogical act shown in the text is **Statement Opinion**.,Statement Opinion
|Well.|,"The dialogical act shown in the text ""Well."" is:  "
|Well.|,
|Well.|,**Backchannel**,Backchannel
|[BREATHING] And then you've been kind of...|,Others
|What?|,Question
|You've been kind of embarrassed ever since I got here.|,Statement Opinion
"|I was kind of planning on sneaking up on you, you know over like a course of a week or so. They just take for granted that we're already set.|",The dialogical act shown in the text is: **Statement Opinion**,Statement Opinion
"|I knew they would, your mother anyway.|",Statement Opinion
|You did?|,Statement Non Opinion
|From her point of view why else would I come?|,Statement Opinion
|Yeah--|,Acknowledge
"|So then would you want to?  I mean I guess, you kind of have to know, maybe that's why I asked you to come.|",Question
|Well I guess that's why I came.|,Statement Opinion
"|Ann, I love you.  I love you.|",Statement Opinion
|I love you a great deal.|,Statement Opinion
|I'm sorry I don't really have much of an imagination.|,Apology
"|Chris,|","The word that best describes the dialogical act in the text ""Chris,"" is **Greeting**.",Greeting
"|I'm sorry I'm embarrassing you, aren't I?  See, I didn't want to do it here I didn't on this porch, with this ring--I didn't want to win you away from anything.|",Apology
"|I've been ready a long, long time.|",Statement Non Opinion
|So then he's gone.  You sure?|,The dialogical acts shown in the texts are:  
|So then he's gone.  You sure?|,
|So then he's gone.  You sure?|,"1. ""So then he's gone."" - **Statement Non Opinion**  ",Statement Non Opinion
|So then he's gone.  You sure?|,"2. ""You sure?"" - **Question**",Question
|I almost got married two years ago.|,Statement Non Opinion
|Why didn't you?|,Question
|You started to write me.|,Statement Non Opinion
|You felt something that far back?|,"The dialogical act shown in the text ""You felt something that far back?"" is **Question**.",Question
|Everyday since.|,"The dialogical act shown in the text ""Everyday since."" is **Statement Non Opinion**.",Statement Non Opinion
|why didn't you let me know?|,Question
"|Because I was waiting for you, Chris.  Till then you never wrote me and then when you did, well, you sure can be ambiguous you know.|",Statement Opinion
"|Oh Annie, why don't you go ahead and give me a kiss, come on just a...|",Command
|I kissed you.  I kissed Annie.|,Statement Non Opinion
|I'll never forgive you for waiting so long.  All I did was sit around and wonder if I was crazy for thinking about you.|,Disagreement
|I kissed you.|,Statement Non Opinion
"|Like Larry's brother.  Do what like you, Chris.|","The dialogical act shown in the text ""Like Larry's brother. Do what like you, Chris."" is **Command**.",Command
"|Chris, what's the matter?|",Question
|Do you want to go somewhere?  Let's go.|,Command
"|No, what is it?  Is your mother?|",Disagreement
"|No, no, it's nothing like that.|",Disagreement
"|Well, then what?  You know, even in your letter you seem kind of ashamed.|",Question
|I don't know it's--it's complicated. But it's going from me now.|,Disagreement
|You got to tell me.|,Command
|I don't know.|,Answer
|It's kind of all mixed up with all these other things.|,Statement Opinion
|Wouldn't work like this.|,Disagreement
|you know over seas I was in command of the company?|,Statement Non Opinion
"|Yeah, sure.|",Agreement
|Well I lost them.|,Statement Non Opinion
|How many?|,Question
|Pretty much all.|,Statement Non Opinion
|[BREATHING]. Geez.|,"The dialogical act shown in the text ""[BREATHING]. Geez."" is **Acknowledge**.",Acknowledge
"|Takes awhile to toss something like that off.  I mean they weren't just men, you know.|",Statement Opinion
"|For instance, there was this one time when this kid--it had been raining for like several days and he gave me his last pair of dry socks.|",Statement Non Opinion
|He just put it in my pocket that's the kind of guys I had.|,Statement Opinion
"|They didn't die they killed themselves for each other and I mean that exactly, you know a little more selfish and they'll all be here today...|",Statement Opinion
"|And I had this idea as I was watching them go down like everything was being destroyed, you know.  But I felt like this one new thing was being made, you know it's kind of like this.  This monument...|",Statement Opinion
"|You know, that they were bringing something on to this earth, a kind of sacrifice you know.|",Statement Opinion
"|I thought I would change everything you know, and I got back here and it was- it was like nothing had changed at all...|",Statement Opinion
|You know.  I went to work with dad and I started that whole rat race again...|,Statement Non Opinion
|And no one had changed it was just like sort of random bus accident to them.|,Statement Opinion
|Driving my new car and I felt guilty you know opening my bank book seeing a new refrigerator.|,Statement Opinion
|Cause you can take those things out of a war.  But you have to realize that those things came out of the love that a man can have for another man...|,Statement Opinion
|And if you can't see that then it's just loot and there's blood all over it.|,Statement Opinion
|I felt ashamed and I didn't want any part of it.  I guess I included you too.|,Statement Opinion
|Do you still feel that way?|,Question
|I want you to know Annie.|,Statement Non Opinion
"|Cause you mustn't feel that way.  Everything you have, you have a right to...|",Command
|Everything Chris do you understand that?  To me too...|,Question
|And your money there's nothing wrong in your money.  Your father put hundreds of planes into the air.  You should be proud of that a man should be paid for that.|,Statement Opinion
|Annie...|,"The dialogical act shown in the text ""Annie..."" is **Greeting**.",Greeting
|I'm going to make a fortune for you.|,Command
|What would I do with a fortune?|,Question
"|What time is it?  God, this is great, isn't it?  I can't believe it.|",Question  
"|What time is it?  God, this is great, isn't it?  I can't believe it.|",Statement Opinion  
"|What time is it?  God, this is great, isn't it?  I can't believe it.|",Statement Non Opinion
"|Of course I did want to a little further up the coast you know get away from all the lights and people and everything.  Is it midnight, do they always start at midnight?  Is that what it is midnight?  How you doing, huh? You okay?  That's good.|",Here is the breakdown of the dialogical acts in the provided text:  
"|Of course I did want to a little further up the coast you know get away from all the lights and people and everything.  Is it midnight, do they always start at midnight?  Is that what it is midnight?  How you doing, huh? You okay?  That's good.|",
"|Of course I did want to a little further up the coast you know get away from all the lights and people and everything.  Is it midnight, do they always start at midnight?  Is that what it is midnight?  How you doing, huh? You okay?  That's good.|","1. *""Of course I did want to a little further up the coast you know get away from all the lights and people and everything.""* → **Statement Opinion**  ",Statement Opinion
"|Of course I did want to a little further up the coast you know get away from all the lights and people and everything.  Is it midnight, do they always start at midnight?  Is that what it is midnight?  How you doing, huh? You okay?  That's good.|","2. *""Is it midnight, do they always start at midnight? Is that what it is midnight?""* → **Question**  ",Question
"|Of course I did want to a little further up the coast you know get away from all the lights and people and everything.  Is it midnight, do they always start at midnight?  Is that what it is midnight?  How you doing, huh? You okay?  That's good.|","3. *""How you doing, huh? You okay?""* → **Question**  ",Question
"|Of course I did want to a little further up the coast you know get away from all the lights and people and everything.  Is it midnight, do they always start at midnight?  Is that what it is midnight?  How you doing, huh? You okay?  That's good.|","4. *""That's good.""* → **Acknowledge**  ",Acknowledge
"|Of course I did want to a little further up the coast you know get away from all the lights and people and everything.  Is it midnight, do they always start at midnight?  Is that what it is midnight?  How you doing, huh? You okay?  That's good.|",
"|Of course I did want to a little further up the coast you know get away from all the lights and people and everything.  Is it midnight, do they always start at midnight?  Is that what it is midnight?  How you doing, huh? You okay?  That's good.|","If you need a single label for the entire passage, the most fitting would be **Others** (since it contains multiple dialogical acts). However, if selecting the most dominant one, it would likely be **Question** due to the repeated inquiries.  ",Others
"|Of course I did want to a little further up the coast you know get away from all the lights and people and everything.  Is it midnight, do they always start at midnight?  Is that what it is midnight?  How you doing, huh? You okay?  That's good.|",
"|Of course I did want to a little further up the coast you know get away from all the lights and people and everything.  Is it midnight, do they always start at midnight?  Is that what it is midnight?  How you doing, huh? You okay?  That's good.|","(But strictly following your instruction for *one word*, the best choice is **Question**.)",Question
|I'm fine.|,Answer
"|Look, there what's that, what's that?  Is it--|",Question
"|No, I think that's just foam.|",Disagreement
|Ugh...|,"The dialogical act shown in the text ""Ugh..."" is **Acknowledge**.",Acknowledge
"|Oh, no I can't tell though.  Although probably if you can't tell it probably isn't them right, yeah.  Probably going to be like unmistakable, right?|",Disagreement
"|Gosh, this is great, isn't it?  This is awesome.  Oh, no you know what I forgot?|",The dialogical act shown in the text is: **Statement Opinion**,Statement Opinion
|My flashlight.  How could I forget my flashlight?  God--|,The dialogical act shown in the text is: **Question**,Question
|What flashlight?|,Question
|Flashlight the silver one.  There's only one isn't there?|,Command
|That's not your flashlight.|,Disagreement
|Whose is it?|,Question
"|It's ours; it's my flashlight, too.|",Statement Opinion
"|Oh, well, yeah of course.|",Agreement
"|You keep saying ""my flashlight"" like somehow it's just yours. How's that supposed to make me feel?|",Disagreement
"|Of course, our flashlight.  What's your is mine, mi flashlight es su flashlight.|",Agreement
"|Gosh, I should have brought it. I can't believe I forgot that.|",Apology
"|It's a nice moon though, should stay full.  Do they always run during a full moon?  I can't remember was it full last year?|",The dialogical act shown in the text is: **Question**,Question
|Yeah.|,Acknowledge
|Are you all right?  Are you okay?  You cold?  Do you want to my jacket? My jacket? No?|,Question
|No.|,Disagreement
"|You know what we should've brought a blanket too.  Man, our blanket, our blanket.  Wish I had six-pack too, a six-pack would be just the ticket right about now, huh, six-pack.|",Statement Opinion
|What's wrong?  Are you okay?  Huh?  You cold?|,Question
|I'm fine.|,Answer
"|Oh yeah, I'm so excited right now I'm like a kid.|",The dialogical act shown in the text is: **Statement Opinion**,Statement Opinion
|I can't believe I got out of the house without my fly zipped up even.|,The dialogical act shown in the text is: **Statement Opinion**.,Statement Opinion
|I wonder if they can hear me talk|,"The dialogical act shown in the text ""I wonder if they can hear me talk"" is **Question**.",Question
"|I wonder if they can hear me talking, you know.|",Statement Opinion
|Like feel the vibrations in the sand when we move around.|,Command
|I'm cold.|,Statement Non Opinion
|Do you want my jacket?|,Question
"|It's after eleven, let's go home.|",Command
|What are you kidding?  We just got here.  We don't want to turn around and go home now.  What's the point coming all the way down here?|,Disagreement
|There is no point.|,Statement Non Opinion
|Right.|,Acknowledge
|That's my point.|,Agreement
|That's my point too.|,Agreement
|Then let's go.|,Command
"|No, wait no, no that's not my point.  My point is there is no point and coming all the way down here if we just turn around and go home.|",Disagreement
|Don't you want to see it?|,Question
|Not particularly.|,Disagreement
|Why not?|,Question
"|I just don't, it's stupid.|",Disagreement
|It's not stupid.  It's a natural phenomenon.|,Disagreement
|People in Kansas would have to get plane tickets and make hotel reservations to see this.  It's only forty minutes away; it's just too good to pass up.|,Statement Opinion
"|Pass what up?  These little fish swim out of the ocean, they flop around on the sand then they swim back and then they die.|",Question
|Yeah but that like flopping around is what to do it's like spawning or mating or something.  This is like the highlight of their little fish lives.  It's like life's last orgy.|,Statement Opinion
"|I don't know what you're so excited about.  This isn't a moon landing we're talking about, it's fish, it's a fish nobody even eats.|",Disagreement
"|Yeah, they do.|",Agreement
"|Oh, Augie.|","The dialogical act shown in the text ""Oh, Augie."" is **Acknowledge**.",Acknowledge
"|Well, okay whatever, okay but it's a fish who do something that like no other fish do, you know, it's like those swallows that return to Capistrano or those like those lemmings that jumped off the cliffs, you know.|",Statement Opinion
"|It's like a little bit of the unexplainable, a little magic, a little mystery.  I just don't see how you can not be interested in this.|",Statement Opinion
|I'm not.|,Disagreement
|For real?|,Question
|Yes.|,"The dialogical act shown in the text ""Yes."" is **Agreement**.",Agreement
|All right.|,Acknowledge
"|I don't get it though, I mean the first time we came here you said it was like the best night of your life...|",Disagreement
|And last year I remember like distinctively you were so excited to get here that you didn't realize you stubbed your toe until we were in a car.|,Statement Non Opinion
"|Last year, you'll also remember we got--our shoes got wet, I got sand in my panties, you got a sore throat, we got into a big fight and we did not see the grunions.|",Statement Non Opinion
|We just weren't in a good spot though.|,Statement Opinion
|We didn't see them the year before either.|,Statement Non Opinion
|We just weren't in a good spot I'm telling you this is a much better spot.|,The dialogical act shown in the text is **Statement Opinion**.,Statement Opinion
"|Come on, trust me I got instincts for these things, okay?  So just--just think about it all right?  Okay, I know you're not interested, think about it...|",The dialogical act shown in the text is **Command**.,Command
"|Out there, there's like this big mass of silver fish they're heading this way...|",Statement Non Opinion
"|They don't know why, we don't know why.  No one like sent them an invitation or gave them a map or direction...|",Statement Opinion
|They just all turned at once and they just form this line as long as the California coast.  And they just started swimming...|,Statement Non Opinion
|Like some little time release fire cracker went off inside their little tiny bodies.  And they all turned as one...|,Statement Non Opinion
"|And form the line and started swimming, swimming that would bring them to this point here...|",Statement Non Opinion
|It's like urgency that's pure urge you know.  It's single-mindedness with no mind.|,Statement Opinion
"|It's crazy.  Look at this, I'm giving myself goose bumps, the hairs are standing up on my arm.|",Statement Opinion
|That's the wind.|,Statement Non Opinion
|They're out there swimming right now...|,Statement Non Opinion
|...to this spot for this massive celebration of like sex and death...|,The dialogical act shown in the text is **Statement Opinion**.,Statement Opinion
"|Look at this, my hairs are standing up my arm. I'm giving myself goose bumps.|",Statement Non Opinion
|That's the wind.|,Statement Non Opinion
"|Well, so?  What do you think?|",Question
|About what?|,Question
|About what I was saying.|,Backchannel
|I think it's ridiculous.|,Statement Opinion
|It certainly is not.  It's like slightly exaggerated scientific fact.|,Disagreement
|It's a PR.|,Statement Non Opinion
|Somebody sold you a bill of goods that something amazing is going to happen on the beach.|,Statement Opinion
"|It's not just me, okay?  Look at like all the people.|",Disagreement
|They're all told the same thing.|,Statement Non Opinion
"|Everybody is believes that it keeps them excited, you know it keeps them coming back for more.|",Statement Opinion
"|Everybody keeps thinking that they can just find the right spot, you know they'll get it on the action.|",Statement Opinion
|Their life will start then.|,Statement Non Opinion
|Are we talking about the same thing?|,Question
|I'm sorry it still just fish to me.|,Apology
|Can I ask you a question?  Are you on your period?|,Question
"|Why do you ask me that?  God damn it, I told you not to ask me that I hate it when you ask me that. It's insulting.|",Disagreement
"|Okay, well then what's bugging you?|",Question
"|I just, we just have different ideas of what this evening is supposed to look like.|",Disagreement
"|Is not supposed to like anything.  We come down here, we look at the fish, they arrive, we go woo-ah fish.|",Disagreement
"|Oh. Grow up Augie, the fish are not going to come.|",Command
|And then we go home and they go home.|,The dialogical act shown in the text is: **Statement Non Opinion**.,Statement Non Opinion
|Why not?|,Question
"|Because they never do.  Do they, have they ever?|",Disagreement
|We missed them twice.|,Statement Non Opinion
|Twice is every year we've tried that's ever.|,The dialogical act shown in the text is: **Statement Non Opinion**.,Statement Non Opinion
"|Okay we'll see them this year, this is a much better spot. Trust me.|",The dialogical act shown in the text is: **Statement Opinion**,Statement Opinion
|No we won't.  It's pointless it's like a waiting up to see Santa Claus.|,Disagreement
"|I feel like my whole life is going to be spent here on the beach with my eyes wide open and my hands clasped expectantly, waiting for fish to show up and the fish never show.|",Statement Opinion
"|Okay, I'm trying to work this backwards|",Command
|You don't understand anything I'm saying.|,Disagreement
|and figure out where we took a turn to the worst thing.|,Command
|Of course not.|,Disagreement
"|I did want to see it I still do, I always do.  I keep thinking that this time will be the time but it just never is.|",Statement Opinion
"|Okay.  I'm trying to work this backwards here and I'm trying to figure out the exact moment that you took a turn for the worst here, now.|",The dialogical act shown in the text is **Statement Opinion**.,Statement Opinion
"|you were fine during the phone call from Marge, dinner was okay, doing the dishes was fine.|",The dialogical act shown in the text is: **Statement Non Opinion**.,Statement Non Opinion
"|Let's see, uh, I took a shower and, um, you were watching the news and you said the ""the Grunions are running tonight,"" and I said ""okay great, let's go.""|",The dialogical act shown in the text is: **Statement Non Opinion**,Statement Non Opinion
|So I'm putting the animals out we're getting the car to the garage and--|,Statement Non Opinion
|Do you remember the first year we came here? It's about four years ago right after we got married.|,Question
|We thought I was pregnant we had this bottle of champagne but no glasses.  You asked me to dance so we took off our shoes.|,Statement Non Opinion
"|While we were dancing you said the softest most intimate things to me, right into my ears so I could feel them much as hear them.|",Statement Non Opinion
"|And I remember thinking this is it. finally, finally I'm as happy as I'm supposed to be.|",Statement Opinion
"|Wait a minute, I've got it.|",Command
"|Dancing on the beach barefoot, drinking champagne from the bottle.|",Statement Non Opinion
"|It was when we were driving passed that knickerbocker liquor locker and you would said, no you said ""let's get some champagne"" and I said ""no time to wasting"" or something like that.  That's what it is, right?|",Question
"|You want this to be like the other times, right?|",Question
|I'd rather not remember some things.  I'd rather not hope for some things.|,Statement Opinion
"|Oh right sure, of course.|",Backchannel
|Do you want to dance?|,Question
|No.|,Disagreement
|You want me to go get some champagne?|,Question
|No.|,Disagreement
|Do you want to take off our shoes?|,Question
|No.|,"The dialogical act shown in the text ""No."" is **Disagreement**.",Disagreement
|What? Huh?|,Question
|You want to get married again?|,Question
|What?  What?  You want to divorce?|,The dialogical act shown in the text is **Question**.,Question
|No.|,Disagreement
|A vacation?|,Question
|No.|,Disagreement
"|A new carpet, a poodle, a suicide pact, ice cream, a back rub, what?  What?  What the hell do you want?|",Question
|I want something to turn out the way that it's supposed to.|,Statement Opinion
"|Well, welcome to the human race.|",Greeting
|You think nothing turns out how it's supposed to.  You think I had some grand idea going that four years down the line.  We would come to this beach and argue over fish?  No.|,Statement Opinion
"|You think there would be times when you'd look at me like I was used Kleenex and then I'd look at you and think ""Holy hell when is the next flight to Alaska.""|",Opinion
"|No, no I'm just like you, I thought it was going to be all rosy cheeks and the bills would pay themselves and fish will always come and--|",Disagreement
|No.  You know what you get?  You know what you get?  You get this.|,Disagreement
|This what?  What is this?  This isn't even anything.|,Question
"|Yeah, it is.|",Agreement
"|Oh, sure this is standing on the beach, this is waiting, fighting.|",The dialogical act shown in the text is: **Statement Opinion**,Statement Opinion
|Right.|,"The dialogical act shown in the text ""Right."" is: "
|Right.|,
|Right.|,**Acknowledge**,Acknowledge
|This isn't anything like I thought anything would be.|,Disagreement
|I know me neither.|,"The dialogical act shown in the text ""I know me neither"" is **Agreement**.",Agreement
|This is just this.  I mean it includes a lot and everything but it's--do you understand what I'm saying?|,The dialogical act shown in the text is **Question**.,Question
|I'm doing the best I can.|,Statement Non Opinion
"|I know that Augie, I really do.|",Acknowledge
"|I just can't help wishing that I was somebody, somewhere else.|",Statement Opinion
|Maybe if you were with somebody else too?|,Opinion
|I didn't say that.|,Disagreement
"|No, I know but--I know I don't make you happy.|",Disagreement
|Are you kidding me?  For heaven sake Augie anything I'm doing I'd rather be doing it with you.|,The dialogical act shown in the text is **Disagreement**.,Disagreement
|Yeah?|,Backchannel
"|Yes, don't be ridiculous.  Don't you know that?|",The dialogical act shown in the text is **Command**.,Command
"|You are the one who probably wishes he was with somebody else, someone who didn't take everything so seriously, someone who would enjoy yourself.|",The dialogical act shown in the text is **Statement Opinion**.,Statement Opinion
"|Actually, you know what?  Now you mentioned that--no I don't.|",Disagreement
|So maybe we're in the wrong spot.  But we're with the right person.|,Statement Opinion
"|I don't know, just seemed like such a good spot to me.|",Statement Opinion
|We do have really good view of the moon from here though.|,Statement Opinion
|Oh I saw that.  Pretty isn't it. Big ol' white moon.|,Statement Opinion
|Look what we got here.|,Statement Non Opinion
"|Augie, you brought refreshments.|",Statement Non Opinion
|It's not champagne.|,Disagreement
|I guess we don't need glasses.|,Statement Opinion
"|Are you cold, huh?  Do you want to go home?|",Question
|I'm beginning to think you might be right.  I think this might be the spot after all.|,Agreement
"|Augie, I'm sorry.|",Apology
|Shh...|,Command
"|If we are really quiet, the fish might come.|",Statement Non Opinion
|Or not.|,Disagreement
|Or not.|,Disagreement
|Good God.|,Statement Non Opinion
|Do you think it's them?|,Question
|I wonder.|,Statement Opinion
|Freda is the only one who knows we are here. She wouldn't ring up.|,Statement Opinion
|Must be them then.|,"The dialogical act shown in the text ""Must be them then."" is **Statement Opinion**.",Statement Opinion
|What we're going to do?|,Question
"|We're okay, right darling?  Whatever happens, we're okay?|",Question
|Now and always sweet.|,Statement Opinion
|I don't care then.|,Disagreement
|It had to happen sooner or later.|,Statement Opinion
|Yes... Hello?  Hello?  I'm sorry what's that?|,The dialogical act shown in the text is: **Greeting**,Greeting
"|No, it's a wrong number.|",Disagreement
"|Oh, oh, that sent shivers on my spine.|",Statement Opinion
|[BREATHING] [LAUGHTER]|,Backchannel
|Oh...|,Backchannel
|[BREATHING]|,Others
|[BREATHING]|,Others
|What shall we do if they suddenly walk in on us?|,Question
|Oh. Behave exquisitely...|,Command
|With perfect poise...|,Statement Non Opinion
|[LAUGHTER] I think I shall do a court curtsey.|,Statement Opinion
|Ah...|,"The dialogical act shown in the text ""Ah..."" is:"
|Ah...|,
|Ah...|,Backchannel
|[LAUGHTER]|,Backchannel
|Ah...Strange...|,Statement Opinion
|Mmm...|,Backchannel
"|Things that just ought to matter dreadfully, you know they just don't matter at all when one is happy, do they?|",Statement Opinion
|The pity is that one can't stay happy.|,Statement Opinion
"|Darling, don't say that.|",Command
|It's true.  I think the whole things a very poor joke.|,"The dialogical act shown in the text is ""Statement Opinion."""
"|What, this sacred and beautiful thing, love?|",Question
"|Oh, yes meaning just that.|",Agreement
"|Oh, dear god what is that all mean, dear god?|",The dialogical act shown in the text is **Question**.,Question
|[LAUGHTER] Don't laugh at me I'm being serious.|,Command
"|You mustn't be so serious, darling, it just what they want.|",Command
|Oh whose they?|,Question
"|Oh you know all those superficial philosophers. We must laugh at them, be flippant.|",Statement Opinion
|Flippancy brings out the acid in their darn sweetness and light.|,Statement Opinion
"|Mmhmm If I must laugh at everything, I must laugh at us too.|",The dialogical act shown in the text is: **Statement Opinion**,Statement Opinion
|Oh yes.  .|,Agreement
"|How long will it last, this ludicrous, overbearing love of ours?|",Question
|We are figures of fun all right|,"The dialogical act shown in the text ""We are figures of fun all right"" is **Statement Opinion**.",Statement Opinion
|Ahh...who knows.|,Statement Non Opinion
|Shall we always want to bicker and fight?|,Question
"|No, that will fade...Along with our passion...|",Disagreement
"|Oh, will we like that?|",Question
|Well it depends on how well we've played.|,Statement Opinion
|If one of us dies...|,Statement Non Opinion
|does the one that's left still laugh?|,Question
"|Yes, yes with the all his might.|",Agreement
"|Well, that's serious enough isn't it?|",Statement Opinion
"|No, no, no, no death is very laughable it's a cunning little mystery, you know.  It's all done with mirrors.|",Disagreement
|I think you're talking nonsense.|,Disagreement
"|Ah so is everyone in the long run, huh?|",Statement Opinion
|Hmm.|,Backchannel
"|Let's pity the poor philosophers, huh?  Let's enjoy the party for as long as we can, okay?  Let's blow trumpets and squeakers and sit like small idiotic school children. [LAUGHTER]|",Statement Opinion
|Ah.|,Acknowledge
"|Come here darling, kiss me|",Command
"|Oh, Elliot.  Worms don't pop.|","The dialogical act shown in the text ""Oh, Elliot. Worms don't pop."" is **Statement Non Opinion**.",Statement Non Opinion
|before your body rots and worms pop out of your eye sockets.|,Command
"|See, you know I don't care what you do.  You could paint yourself green and run naked to the Place Vendome.|",The dialogical act shown in the text is **Statement Opinion**.,Statement Opinion
"|Oh, thank you darling.|",Answer
|You could run off with all the men in a world. I won't say a word.  Just as long as you love me best.|,Statement Opinion
"|The same applies to you too, except you so much as look at another women I'll kill you.|",Command
|Do you remember that row we did have in Venice?|,Question
|Which particular one?|,Question
|The one when you put that little wooden painted snake in my bed?|,Question
"|Oh, Charles.  That was his name Charles. He did wriggle so beautifully.|",Statement Non Opinion
|It was a horrible thing I hated it.|,Statement Opinion
"|Oh I know you threw it out the window and into the Grand Canal.  Oh, I'll never forgive you for that.|",Statement Opinion
|Of course how long did that row last?|,Question
|It went on intermittently for days.|,Statement Non Opinion
|But you know it wasn't as bad as the one we had in Cannes...mmhmm...where your curling irons burnt a hole in my dressing gown.|,The dialogical act shown in the text is **Statement Opinion**.,Statement Opinion
|Cannes...mmhmm...|,Backchannel
|Oh it burnt my comb too and all those towels in the bathroom.|,Statement Non Opinion
|Oh that was a rouser wasn't it?|,Statement Opinion
|The manager came in he found us rolling about the floor.  [LAUGHTER]|,Statement Non Opinion
|I will never forget the look on his face.|,Statement Opinion
|Scratching and biting like panthers. [LAUGHTER] Oh...|,Statement Non Opinion
|oh...|,Backchannel
"|Utterly, utterly ridiculous.|",Disagreement
|oh...[LAUGHTER]|,Backchannel
|We were very much younger then.|,Statement Non Opinion
|Very much sillier.|,Disagreement
"|However, I do believe the real cause of that row was Peter Burden.|",Statement Opinion
|Oh you knew there was nothing in that.|,"The dialogical act shown in the text ""Oh you knew there was nothing in that."" is **Statement Opinion**.",Statement Opinion
|[LAUGHTER]|,Backchannel
"|[LAUGHTER] Utterly, utterly ridiculous.|",Disagreement
|We were very much younger then.|,Statement Non Opinion
|Very much sillier.|,Disagreement
|Mmhmm.|,Backchannel
"|However, I do believe the real cause of that row was Peter Burden.|",Statement Opinion
|Oh you knew there was nothing in that.|,The dialogical act shown in the text is **Disagreement**.,Disagreement
|I knew nothing of the sort. You took presents from him.|,Disagreement
|Presents? It was a trivial little broach.|,Question
|It was bristling with diamonds in the worst possible taste.|,Statement Opinion
|Not at all. It was very pretty. I still wear it often.|,Agreement
|You sent out of your way to torture me over Peter Burden.|,The dialogical act shown in the text is **Accusation**. ,Accusation
|You sent out of your way to torture me over Peter Burden.|,
|You sent out of your way to torture me over Peter Burden.|,"(Since ""Accusation"" isn't in your provided list, the closest alternative from your options would be **Statement Opinion**—as it expresses a negative judgment or accusation implicitly.) ",Statement Opinion
|You sent out of your way to torture me over Peter Burden.|,
|You sent out of your way to torture me over Peter Burden.|,If strictly constrained to your list: **Statement Opinion**.,Statement Opinion
|I did not you worked whole thing up in your jealous imagination.|,The dialogical act shown in the text is **Disagreement**.,Disagreement
"|Well, you let him kiss you.  You said you did.|",Statement Non Opinion
"|Well, what of it?|",Question
|What of it?|,Question
"|It gave him a lot, a great deal of pleasure and it didn't hurt me.|",Statement Opinion
|And what about me?|,Question
|If you hadn't been so suspicious and nosey you'd never known a thing about it.|,The dialogical act shown in the text is **Disagreement**.,Disagreement
|That's a nice point of view I must say.|,Opinion
|I'm bored with this conversation.|,Statement Opinion
|So am I.  I'm bored stiff.  You want some brandy?|,Agreement
"|No, thank you.|",Disagreement
"|I'll have a little, I think.|",Statement Opinion
|I don't see why you want any you already had two glasses.|,Disagreement
"|Oh, you know no particular reason besides they are very small glasses.|",The dialogical act shown in the text is **Statement Opinion**.,Statement Opinion
|I just think it's silly you know to go on and on and on about such a thing.|,Statement Opinion
|You can hardly call three glasses of liquor in a whole evening going on and on and on.|,Disagreement
"|I just, I just think it's becoming a habit with you.|",Statement Opinion
"|Hmm.  Well, you needn't be so grand just because you don't happen to want any at the moment, okay?|",Disagreement
|Do be quiet.|,Command
"|Really, Amanda.|","The dialogical act shown in the text ""Really, Amanda."" is **Disagreement**.",Disagreement
"|Don't be stupid, what?|",Command
|Nothing.|,"The dialogical act shown in the text ""Nothing."" is: **Acknowledge**.",Acknowledge
|Are you going out somewhere dear?|,Question
"|No, darling I'm just making myself fascinating for you.|",Disagreement
|That reply has broken my heart.|,Disagreement
|Well it's a woman's duty to allure the man. Watch me a minute will you?|,The dialogical act shown in the text is **Statement Opinion**.,Statement Opinion
|As matter the fact that's perfectly true.|,Agreement
"|Oh no, it isn't.|",Disagreement
"|Yes, it is.|",Agreement
"|Don't be stupid, shut up.|",Command
"|You know, it's a pity you didn't have any more brandy. It would have made you just a little less disagreeable.|",Statement Opinion
"|Oh, well that's funny.  It doesn't seem to have worked such wonders with you.|",Statement Opinion
"|You know what?  You snap, you snap, you snap you're like a little adder.|",The dialogical act shown in the text is: **Statement Opinion**,Statement Opinion
"|Adders don't snap, they sting.|",Statement Non Opinion
|Nonsense.  They have a bag of venom behind of fangs and they snap.|,Disagreement
|They sting.|,Statement Non Opinion
"|I don't care.  I don't care, do you understand?  I don't mind if they bark and they roll about like hoops.|",Disagreement
|Did you see much of Peter Burden after our divorce?|,Question
"|Yes, I did quite a lot.|",Answer
|I suppose you let him just kiss you or good deal more than too.|,The dialogical act shown in the text is: **Statement Opinion**,Statement Opinion
"|Oh, mind you own business.|",Command
"|I suppose you two had a riotous time, huh?  No restrain at all, very enjoyable, he never had much any how.|",Statement Opinion
"|You're quite insufferable, I expect it's because you're drunk.|",The dialogical act shown in the text is **Statement Opinion**.,Statement Opinion
|I am not in the least bit drunk.|,Disagreement
|You always had a weak head.|,"The dialogical act shown in the text ""You always had a weak head."" is **Statement Opinion**.",Statement Opinion
|I think I told you once before that I had three minute liquor glasses the whole evening long.  A Child of two cannot get drunk on that.|,Statement Opinion
"|On the contrary, a child two could get violently drunk on only one glass of brandy.|",Disagreement
"|Oh very, very interesting Amanda.  How about the child of uh... four, six or maybe nine---you know, we could work up a splendid little debate about it, you know?  Intemperate tots.|",The dialogical act shown in the text is: **Opinion**,Opinion
|Shut up.|,Command
|Not very funny darling.  Why don't you have some more brandy?|,Disagreement
|That's a very good idea I think I will.|,Agreement
|Would you uh...turn that off please? You're going to wake the people upstairs.|,Command
|Why?|,Question
|There are no people upstairs. It's a photographer's studio.|,Statement Non Opinion
|Well then you'll wake the people downstairs.|,Command
|They are away in Tunis.|,Statement Non Opinion
|This is no time a year for Tunis.|,Statement Opinion
"|Turn it on again, please.|",Command
|I will do no such thing.|,Disagreement
|Very well if you insist on being boorish and idiotic.|,The dialogical act shown in the text is **Disagreement**.,Disagreement
|Turn it off. It's driving me mad.|,Command
|I won't.|,Disagreement
|Turn it off.|,Command
|Stop it. No. Go away.|,Command
|Amanda listen. Listen.|,Command
"|listen Oh I'm sick and tired of listening to you, you damn sadistic bully.|",The dialogical act shown in the text is **Disagreement**.,Disagreement
|That's very amusing indeed.|,Statement Opinion
"|Oh you're cruel you're...you're...I hate you, I hate you. Go away. You're conceited. You're overbearing. You're utterly impossible.|",Disagreement
"|You...You're an evil minded, self-centered little wench and I never want to see you again.|",Disagreement
|This is the end do you hear me?  Finally and forever.|,Command
|You're not going like this.|,"The dialogical act shown in the text ""You're not going like this."" is **Command**.",Command
"|Oh yes I am...Oh yes I am. Let go of me. You let go. You...urgh...You're a cruel friend. I loathe and I hate you. Marry you again...Ha...Never, never, never, never. I hope you die in torment. You beast.|",The dialogical act shown in the text is **Disagreement**.,Disagreement
|No you're not.|,Disagreement
|Shut up. Shut up. I wouldn't marry you again if you came crawling back to me on a bended knee. You are an evil tempered little vampire and I never want to see you again as long as I live.|,The dialogical act shown in the text is **Disagreement**.,Disagreement
|Hi.|,Greeting
"|Okay.  Let me see here.  Um, we need--we need your original birth certificate.|",The dialogical act shown in the text is **Statement Non Opinion**.,Statement Non Opinion
|My--my original birth certificate?  But I don't carry that with me.|,Question
|Right.  Well.  We still need it.|,"The dialogical act shown in the text ""Right. Well. We still need it."" is **Acknowledge**.",Acknowledge
"|Well, I have my driver's license, does that work?|",Answer
"|No. no  Uh, no one told you that you needed your original birth certificate.|",Disagreement
|No it doesn't say it on the form.|,Disagreement
"|I mean it just says that you need some form of identification, but it doesn't say what kind of identification.|",Statement Opinion
|I mean if I had known--I would have brought it.|,The dialogical act shown in the text is **Apology**.,Apology
|um Sorry.|,Apology
"|Okay.  Um, I'm sorry but I--I can't help you.  You're gonna have to go back and uh...|",Apology
"|Look, I've been waiting in line for a really long time.  I mean, you've seen how long it is.|",Statement Opinion
|It's lunch hour.|,"The dialogical act shown in the text ""It's lunch hour."" is **Statement Non Opinion**.",Statement Non Opinion
|Right.  It's the D.M.V..|,"The dialogical act shown in the text ""Right. It's the D.M.V.."" is **Acknowledge**.",Acknowledge
"|I know, it gets long, but I can't do anything without your--do you have Social Security card, maybe?|",The dialogical act shown in the text is: **Question**,Question
"|Well, no.  I mean, I don't carry my original documents with me because if those things get destroyed, then what do you, you know what I mean, like if I loose my wallet or something, I'll never have them again.|",Disagreement
|I have my passport and I have my driver's license. And that's all I have.|,Statement Non Opinion
"|Alright, I don't know what to tell you right.|",Disagreement
"|I think you're just gonna--you're gonna have to get 'em and then you can back and then, we'll help you out.  Maybe, we can-|",Statement Opinion
"|But, isn't there anything you can do.  Can't you make an exception this one time?  My picture is on both of those identifications.  It's not like you don't know that it's me.|",Question
|I can't.|,Answer
|And I can give you my social--|,"The dialogical act shown in the text ""And I can give you my social--"" is **Offer**. ",Offer
|And I can give you my social--|,
|And I can give you my social--|,"(Since ""Offer"" wasn't in your original list, the closest alternative from your provided options would be **Statement Non Opinion**.)",Statement Non Opinion
"|I make an exception for you and I have to make an exception for everyone.  I mean, I-I've seen this before and I know it's frustrating, but there's nothing I can do. You just have to-|",Statement Opinion
"|Well, I can give you my Social Security Number.|",Statement Non Opinion
"|No, it's--|",Disagreement
|And I can tell you where I was born and what time and by who and what day.|,Statement Non Opinion
"|Okay.  But how do I--that's- that's not proof to me.  How do I know that, you know, that it's really you.  I need--|",The dialogical act shown in the text is **Disagreement**.,Disagreement
|I can't go--I have to go back to work.  I don't have time to go back to my house and get all of that stuff and then get back in line and wait for another forty five minutes.|,Statement Opinion
"|Well, the weekends are not as busy.  Maybe you can uh, come and try to get here early--|",Statement Opinion
"|Um, I have kids.  I have to take them places on the weekends.  I don't have time to come back here.  Please.  I really need you to help me.|",The dialogical act shown in the text is: **Command**,Command
|I can't.  There's nothing I can do.  I'm sorry.|,Apology
|Well.  [BREATHING] I just--I just don't.  I-I'm sorry that I'm standing here-- But I can't leave. I-|,Apology
|The line--|,Statement Non Opinion
"|I really need this done today.  As you can see, the deadline is almost up and I can't come back.|",Command
"|Ok, but you're right now you're holding up more people in line by standing here-- and letting|",Disagreement
"|Well, why didn't the D.M.V. put that you needed your birth certificate on the application then?|",Question
"|I--when you're going to the D.M.V., you usually need pretty professional identification--|",Statement Opinion
"|You know, Official documentation--|",Statement Non Opinion
"|Yeah, but your birth certificate--I mean, who carries around their birth certificate?  Nobody does that.|",Disagreement
"|No, but you come--you come to the D.M.V., it's something-- You should've- You should've figured--|",Disagreement
|With your driver's license and your passport.  Just like everybody else.|,Command
"|But, without your drive--where-where- what about your identification without your driver's license?  I mean, you need--you needed something before then?|",Question
"|Who--you always use your driver's license.  I mean, you're not coming to the D.M.V. if you're not over sixteen and that's when you get your driver's license so you're never gonna need it anyway.|",Question
"|All right.  Well, um, you know, I'd love to help you, but--nothing I can do.|",The dialogical act shown in the text is: **Apology**,Apology
"|So, if you wanna go get your birth certificate, um, maybe come back--I don't--maybe you can talk to the person in the--in the front of line maybe.  I don't know.|",Command
|Do you have a supervisor?|,Question
|I am the supervisor.  So--|,Statement Non Opinion
"|Well, thank you very much.  You've been very helpful.|",Acknowledge
|It's almost time for me to go.|,Statement Non Opinion
|I can't believe that--now--are you sure this is absolutely necessary?  Like--|,The dialogical act shown in the text is **Question**.,Question
"|There's nothing I can do.  I mean, the government you know--|",Statement Opinion
|What--what're we gonna do here?  I can't--I can't do this by myself.  I--|,Question
"|You're gonna have to.  I mean, you're a great father.  You can do it.  I know you can.|",Encouragement
"|But, I'm--I'm nothing--I'm nothing without you here.  Maybe we can--we can get out of this somehow.|",The dialogical act shown in the text is: **Statement Opinion**,Statement Opinion
|I don't think so.|,Disagreement
"|Well, come on.  You've gotta think of something.  A year--a year away, it's gonna tear us apart.  I don't even--I don't even wanna think about it.  I mean, I don't even know if I'll be able to get in touch with you or--|",Command
"|Well, we can do the best we can and-and, with um, you know like wireless internet these days--I think that we could-- Talk every once in awhile.|",Statement Opinion
|You could send me pictures.|,Command
|It's not going to be the same.|,Disagreement
"|What if--maybe--what if, uh, we went somewhere over there?  I don't--I don't know--I--I need to figure something out for this because--|",Question
"|Their not gonna let you.  You have to stay home and I have to go.  I mean, that's all--|",Disagreement
"|and--I mean, my daughter--I don't want to put her in danger.  You know?  She has to stay.|",Statement Opinion
|This is gonna be a--a crucial yet--she's--she's growing up.  She's gonna need you.|,Statement Opinion
|But she's--you're not gonna--you're not gonna be here for--for her first words.  For her first steps.  I mean--it's something that you're supposed to be here for that--|,The dialogical act shown in the text is: **Statement Opinion**,Statement Opinion
|You can just remember it for me.|,Command
|I don't know--I don't know--I don't know how--I don't know how this could even be possible for you--I--if I was--|,Disagreement
"|Well, I need--I need you to be able to do this for me 'cause I can't do anything about it.|",Command
"|I mean, it's just as hard for me, but--I know that we can do it, you know|",Statement Opinion
"|I mean, you just get to--go off and do your thing.  I mean, yeah, we're both--I don't know--it's bad for both of us, but--|",Statement Opinion
|...it would be so much better if we can--if we could stay together somehow.  You know--we could--we could do this together.|,Statement Opinion
|I don't want you in danger.  And I don't want her in danger.|,Statement Opinion
|I don't want you in danger.  Where are you going?  You're going over to war.|,The dialogical acts in the given text are:
|I don't want you in danger.  Where are you going?  You're going over to war.|,
|I don't want you in danger.  Where are you going?  You're going over to war.|,"1. ""I don't want you in danger."" - **Statement Opinion**  ",Statement Opinion
|I don't want you in danger.  Where are you going?  You're going over to war.|,"2. ""Where are you going?"" - **Question**  ",Question
|I don't want you in danger.  Where are you going?  You're going over to war.|,"3. ""You're going over to war."" - **Statement Non Opinion**",Statement Non Opinion
|I have no choice. There's nothing I can do.|,Statement Opinion
|All right.|,"The dialogical act shown in the text ""All right."" is **Acknowledge**.",Acknowledge
"|Oh my God.  Guess what, guess what, guess what, guess what, guess what, guess what?|",Question
|What?|,Question
"|Well, guess.  Guess, guess, guess, guess.|",Command
"|Um, you--|",Backchannel
|Don't look at my left hand.|,Command
|No.  Let me see.|,Disagreement
"|Oh, no way.|","The dialogical act shown in the text ""Oh, no way."" is **Disagreement**.",Disagreement
"|He proposed.  He proposed.  Well, and I said yes, of course. [LAUGHTER]|",Statement Non Opinion
|That is great.  You look radiant.  I should've guess.|,The dialogical act shown in the text is **Agreement**.,Agreement
|I'm so excited.|,Statement Opinion
"|Well, Tell me about him.  What happened.|",Command
"|Remember how we had that date?  And I was like, oh yeah, this is a date, whatever.|",Question
"|So after we sort of went out dinner and I was already like tired.  I wasn't all that excited and and so he's like let's go down to the beach and I was like no I don't want to the beach, like I'm tired. And he's like no, no we have to go.  And I was like okay, like that's a little weird.|",Statement Opinion
"|So, he--so we walked down to the pier and there's like these lights--like these little, like lights-- and we're like what's that? And he's like I don't know let's go find out.|",Statement Non Opinion
|So we walked down there and there's-[LAUGHTER]-And there's- this huge like ten foot heart in candles on the beach--|,Statement Non Opinion
|What?|,Question
"|like all they have And I was like, what's going on?  And he like takes my hand and pulls me into the middle and he's like--you know, get's on his knee and everything--And says will you marry me? And I flipped out.|",Question
|That--that is the most romantic thing I have ever heard.|,Statement Opinion
"|I know.  I was like, how did he get--like he must have called someone or had them set--like, I have no idea.|",Statement Opinion
"|Wow.  Yeah, 'cause yeah I don't know I'm sure if he--oh yeah he definitely had--would have had to have someone else--|",The dialogical act shown in the text is: **Backchannel**,Backchannel
|Cause- 'Cause he was with me. You didn't do it did you?|,Question
"|Yeah.  I mean candles wouldn't stay--No, I didn't--I didn't know anything about it.|",Disagreement
|You didn't know anything?|,Disagreement
|No. I'm just as happy as you are.  This is--|,Disagreement
"|I was just--it was so like I thought this might happen eventually, but like not yet, you know what I mean?  Like--|",Statement Opinion
"|So, I mean--it's good though.|",Statement Opinion
"|It is good.  It's totally good.  I mean, it like oh, you know.|",Statement Opinion
"|Yeah, I know.  Wow.  I'm shaking.  I can't even--|",The dialogical act shown in the text is: **Acknowledge**,Acknowledge
|I know. So we're gonna take it--Like we're not gonna get married right away--'Cause we want to like have plenty of time to plan everything out|,The dialogical act shown in the text is **Statement Opinion**.,Statement Opinion
"|...and, um, my parents want to like be part of it and help out and everything--So we want to give it lots of time to like--|",Statement Opinion
"|Oh. Do they--do they know yet? Have you told them? Oh, that's--|",The dialogical act shown in the text is: **Question**,Question
"|Yeah, yeah, I called them. I called them And, of course, they were so excited 'cause they love him. Like they always have.  Um--|",Acknowledge
|That's great.  Yeah.|,"The dialogical act shown in the text ""That's great. Yeah."" is **Agreement**.",Agreement
"|So, yeah, I mean, it'll be good.  We wanna like, uh, I think we're gonna have it in spring time, like early Spring--So it's no too hot yet.  And um--|",Statement Opinion
|Okay. You know--you know where?  Or--|,The dialogical act shown in the text is: **Question**,Question
"|I don't know.  I mean, I kinda like the idea of having something outside, but--Like--is a- Yeah,|",Disagreement
"|Uh, huh. I mean, you know, it's spring--It'll be--|",Backchannel
|Spring's nice though.|,Statement Opinion
"|Yeah, I don't know-[LAUGHTER]-I mean--I can't even--the whole idea of like living--spending my whole life with somebody--that's crazy|",The dialogical act shown in the text is **Statement Opinion**.,Statement Opinion
"|Yeah, that is--how long you guys been together now?|",The dialogical act shown in the text is **Question**.,Question
|Two and a half years. [LAUGHTER]|,Statement Non Opinion
|Okay.  All right.  So-[LAUGHTER]-quite a while.  I mean--That's-  That's good.  I'm so happy for you. [LAUGHTER]|,Acknowledge
|Thank you. Thank you so much.|,Acknowledge
"|Yeah, I'd love to be in that same situation some day, but, wow- so-|",Agreement
"|Oh, you will--You'll find just the right girl.  And she'll be perfect for you and everything will be great.|",Statement Opinion
|You guys are awesome together.  It's definitely a--definitely a good couple.  I can see it. I should've guessed--|,Statement Opinion
|You approve?  You approve?|,Question
"|Oh, I approve. I-[LAUGHTER]-I more than approve.|",Agreement
"|I mean, I'm surprised he didn't, ya know--go get a plane to fly over and shine--But candles on the beach, that's okay too I guess--|",Statement Opinion
"|Yeah, it's pretty good.|",Agreement
"|Well--can--I mean, let me know--I want- I want invitations and--|",The dialogical act shown in the text is: **Command**,Command
"|Of course, of course--you'll be able to be a part of it.  You can come help me pick my colors.|",Agreement
"|Oh, yes.  This is the whole [GARBAGE]|","The dialogical act shown in the text ""Oh, yes. This is the whole [GARBAGE]"" is **Agreement**.",Agreement
"|It's so girly.  I don't even know how to like--It's so weird, but it'll be fun.  My mom will love to be like--she'll get so into it, I'm sure.|",Statement Opinion
|She'll be like--flowers and the--|,Statement Non Opinion
"|It'll be good.  Wow, that's great.|",Agreement
"|Oh, thank you. [LAUGHTER]|",Acknowledge
"|So, uh, so how's it been going?  I mean, you have any needs or anything?|",Question
|I'm--every lead that I get ends up just being a dead end.  You know what I mean.  People are sick of me calling--|,Statement Opinion
"|No.  You can't think that way.  I mean it's good--it's good that you're--that you're calling, you know. you can't|",Disagreement
"|Yeah, but it--I mean it's the same response you get over and over again.  Like--|",Disagreement
"|Oh, we're not hiring at this time or thank you, we already have your information on file--We'll call you when we're ready.|",Answer
"|Yeah--I know what you mean.  I've gone through like similar stuff, but--|",Acknowledge
"|But, it's been so long, like--I mine as well just take a job at McDonald's.  Like, I don't--|",Statement Opinion
"|No, come on.  Don't [GARBAGE]|",Disagreement
"|I just--I can't do it anymore.  Like, it just takes it out of you--|",Statement Opinion
"|I know.  I know. It's hard, but you just--you gotta keep going.  I mean, you've been going at it for so long, you know.  Something is definitely going to come up.  I-I know it will, because you're a good worker--|","The dialogical act shown in the text is **Encouragement**. However, since ""Encouragement"" is not one of the provided options, the closest match would be **Acknowledge**. ",Encouragement
"|I know.  I know. It's hard, but you just--you gotta keep going.  I mean, you've been going at it for so long, you know.  Something is definitely going to come up.  I-I know it will, because you're a good worker--|",
"|I know.  I know. It's hard, but you just--you gotta keep going.  I mean, you've been going at it for so long, you know.  Something is definitely going to come up.  I-I know it will, because you're a good worker--|","But if we strictly adhere to the given choices, the most fitting single word would be **Statement Opinion**, as the speaker is expressing their belief and perspective on the situation. ",Statement Opinion
"|I know.  I know. It's hard, but you just--you gotta keep going.  I mean, you've been going at it for so long, you know.  Something is definitely going to come up.  I-I know it will, because you're a good worker--|",
"|I know.  I know. It's hard, but you just--you gotta keep going.  I mean, you've been going at it for so long, you know.  Something is definitely going to come up.  I-I know it will, because you're a good worker--|",Final answer: **Statement Opinion**.,Statement Opinion
|I just keep getting rejected.  I just keep getting rejected over and over and over again and it starts to make you feel like there must be something wrong with you that you can't get a job.|,Statement Opinion
"|No.  It's--I mean, it's competitive, you know.  That's-That's what it is.  that's what you gotta be is competitive.|",Disagreement
"|Yeah, but maybe--if just because it's competitive, like maybe I'm just not good enough.  Maybe the level is here and I'm here and there's just no way I'm ever gonna do that--|",Disagreement
"|There...There are plenty of people out there with--with like, good jobs, you know, that are a lot...|",Statement Opinion
|...dumber than you.  I mean they're a lot worse off than you.  You are much better off than like a lot of those people in there. I know|,Statement Opinion
"|I didn't have like one of those starts, you know, like a family member who was already in the business or something you know that could like give me a helping hand.|",Statement Opinion
"|I know.  It makes it harder.  I mean it's definitely who you know in a lot of cases, but--|",Acknowledge
"|It's just so frustrating.  Like, I just--I just don't wanna do it anymore.  You know?  I just don't wanna like hit the pavement every single day with my resumes and going out there all the time.  You know, it's just like--|",Statement Opinion
"|But you gotta.  Otherwise, what is--what's your other option?|",Command
|I feel so worthless.|,Statement Opinion
"|It's not worthless 'cause it's definitely gonna--it's definitely gonna pay off.  I know it.  I mean, I can--I've just--I've seen your work etiquette.  You know, you're a good worker and...|",Statement Opinion
|... and there's no reason that--that something won't come up like really soon.  All right?  So you just gotta--|,The dialogical act shown in the text is **Command**.,Command
|And what would make you say that?  There doesn't seem to be any indicators that anything's going to get better.|,Question
"|Because I know you.  You know, and maybe once you get to know some more people, like talking to them and everything, they'll get to know you too and they'll realize they should've hired you three years ago.  You know? but  And- and they'll finally come around and believe me--it'll--you gotta-|",The dialogical act shown in the text is **Statement Opinion**.,Statement Opinion
"|It's just really hard.  I feel like their starting to get like a personal prejudice against me.  You know what I mean?  Like it's like suddenly it starts to feel like it's just you that they say no to and it's not that they're not taking applications and it's not that they're not hiring people, it's just you particularly they have some particular reason for just hating you.  You know?|",Statement Opinion
"|Well maybe yeah, but maybe you get to that point where it's like you bug 'em and then they just don't wanna hear from you anymore, but you keep bugging them and bugging them and then it's gonna annoy them so much that they're gonna be like all right fine. you know|",The dialogical act shown in the text is **Statement Opinion**.,Statement Opinion
|Or they'll never talk to me again.|,The dialogical act shown in the text is: **Statement Non Opinion**.,Statement Non Opinion
"|Or, well, no.  Okay. you -[GARBAGE]|",Disagreement
"|I-I just I think maybe I should try something else.  I mean, I-I don't know.  All growing up this is the only thing that I ever wanted to do and yet I can't.  I'm not physically able apparently.  I mean--|",Statement Opinion
"|That obviously that's not true though.  I mean, you've done this before.  You've done all the work like this before, you know, and and you've gotten people saying oh, you're so good and like you know--|",Disagreement
"|I guess the money shouldn't matter to me, but--Somehow it does.  You know? It's not like I do it for the money, but|",Statement Opinion
|Right.|,Acknowledge
"|Well, you've gotta live.|",Statement Opinion
"|you have to--I mean, if you're hired by somebody, then you're not a professional, you're an amateur and that means that you're not good enough.|",Disagreement
"|I mean, it's just, it's really--I don't know, yeah, it's about their opinions and it's about, I don't know, just getting yourself out there and--|",Statement Opinion
"|I just wanna crawl in a hole, you know.  Like it just makes you not wanna even open your eyes in the morning.|",Statement Opinion
"|Well, come on, come on.  Thinking about it like this is definitely not gonna help either though.|",The dialogical act shown in the text is **Command**.,Command
|I don't know how to get out of it.  I don't know how to dig myself out of it.  It's the same hole that I've been digging and digging and digging.  I can't--|,Statement Opinion
|I don't know.|,Answer
"|Hi, um, excuse me, I believe that the airline lost my baggage.|",The dialogical act shown in the text is: **Apology**,Apology
"|Um, okay, it didn't--didn't come out on the carrousel--|",Backchannel
"|No, it didn't. um It didn't come out and I don't see it anywhere around here, so what can you do about that?|",Disagreement
"|Okay.  Um, well, unfortunately yeah there was a some- some problems with the--|",Acknowledge
|Some problems?  What is that supposed to mean?|,Question
"|Uh, well some-some of the bags were--were lost on the way over here. uh-|",Answer
|How do you lose a suitcase?  A huge suitcase?|,Question
"|You know, I mean, there's a lot of things that go on under the plane and sometimes, you know, that kind of things happen.|",Backchannel
"|Uh, But, we are willing to reimburse you for the bag and and for the contents--|",Apology
|How much?|,Question
"|Um, we'd be willing to give you uh fifty dollars for--|",The dialogical act shown in the text is: **Offer** ,Offer
"|Um, we'd be willing to give you uh fifty dollars for--|",
"|Um, we'd be willing to give you uh fifty dollars for--|","(Note: Since ""Offer"" wasn't listed in your original options, the closest alternative from your provided list would be **Statement Opinion**, as it implies a tentative proposal. However, if ""Offer"" were an option, it would be the most accurate.)",Statement Opinion
"|Fifty dollars?  For my suitcase?  I mean, the suitcase itself was like a hundred and fifty dollar just for the suitcase, but all the things inside, all my clothes, all my personal belongings, the sentimental value, not to mention, which is more-more than all of that together.|",Statement Opinion
"|Right.  Uh We realize, you know, that that it's a bad situation, but I'm sorry, there's nothing that we can really do.|",Apology
"|That's all, that's all, that's all you're going to do is just give me fifty dollars and say go have fun on your vacation without any of your stuff?|",The dialogical act shown in the text is **Disagreement**.,Disagreement
"|I think, um, maybe you can file a claim if you want and turn it in to our main office--|",Statement Opinion
"|Yes, yes, I would like to file a claim, but what are you gonna--I mean, is it just gonna show up magically out of nowhere?|",The dialogical act shown in the text is **Question**.,Question
"|Right.  No.  I mean they- they might--they might--if you-if you are argue the case more, maybe they'll reimburse you more, but, right now--|",The dialogical act shown in the text is: **Disagreement**,Disagreement
"|I need my stuff.  It's--I need my stuff.  I mean, uh...|",Command
|Haven't you ever lost baggage?  I mean isn't there anything else you do?|,Question
"|Yes, I know. I know-. It's It's frustrating.  Unfortunately though-- um|",Acknowledge
"|Because you don't seem to care very much, you know.|",Statement Opinion
"|By checking your bags, you--you, you know- admit to the liability that's- that's at risk--|",The dialogical act shown in the text is **Statement Opinion**.,Statement Opinion
|I didn't sign anything.|,Statement Non Opinion
"|Right, well, by checking in your bags, you agreed to, you know, at the will of the--|",Acknowledge
"|I didn't agree.  [GARBAGE] I paid the airline to take care of things for me.  When you pay for something, there should be some sort of guarantee that it's gonna come through.|",Disagreement
"|You paid for the flight and then your bags were checked at--it's a service that the airline provides for us.  So so, really, it's really the risk was taken and, I'm sorry, but there's really nothing else we can do.  So do you want--do you want the reimbursement?|",The dialogical act shown in the text is **Apology**.,Apology
"|[BREATHING] Well, sure, yeah, I guess I'll go buy dinner and then be--have nothing for the rest of my entire vacation.  I'm supposed to be here for three weeks.  What am I gonna do without anything for three weeks?|",The dialogical act shown in the text is **Statement Opinion**.,Statement Opinion
"|Well, there are-there are some shops here in- in the airport--|",Statement Non Opinion
|But fifty dollars isn't going to get me anything.|,Statement Opinion
"|No, um, like I said you can file a claim and, uh, maybe get reimbursed for more-- you|",Disagreement
|Isn't there anything else you can do?|,Question
|probably even talk to--|,"The dialogical act shown in the text ""probably even talk to--"" is: **Statement Opinion**.",Statement Opinion
"|I mean, is there somebody you can call?  Or the guy that put the stuff on the--on the plane.  I mean, are they--they must be really irresponsible to have just disappeared my baggage.  I mean, did it get stolen?|",Question
"|Right, that--that gets taken care of-- That gets taken care of.  We get we do, you know, we investigate those and just make sure that um- they're not doing their own thing with them so--uh|",The dialogical act shown in the text is **Acknowledge**.,Acknowledge
"|Yeah, I'm sure you -- You're like, hmm, do you take baggage?  No.  Oh, okay, thanks.  Great.  I mean how--|",The dialogical act shown in the text is: **Backchannel**,Backchannel
|but Unfortunately sometimes is--|,"The dialogical act shown in the text ""but Unfortunately sometimes is--"" is **Statement Opinion**.",Statement Opinion
"|Well, that's--that's what I'm saying--|",The dialogical act shown in the text is **Acknowledge**.,Acknowledge
|There needs to be better security here.|,Statement Opinion
"|Okay.  Well that that could be something that you put on on the claim--on on the complaint form if you want.  And provide us with your information while you're here and then, maybe, if it turns up, then we'll send it right over.|",The dialogical act shown in the text is **Command**.,Command
|It sounds like it's such a little like oh well no big deal whatever.  It's a big deal to me.|,Statement Opinion
"|All right, Miss, I-I know.  I realize this. But Like I said, there are several people that are in your same situation, so, um, it's not--it's not totally uncommon and I'm actually gonna have to ask you to move so I can help the next person.|",Command
"|Well, can I at least have my fifty dollars, please?|",Command
"|Yes, all right.  There you go, now you can file a claim over to the left--And they'll help you out.|",The dialogical act shown in the text is: **Command**,Command
|Thank you.|,Acknowledge
|Thank you very much.|,Acknowledge
"|Hey, a what's up?|",Greeting
"|Um, Johnny died yesterday.|",Acknowledge
"|Wow, that's horrible.|",Statement Opinion
|I'm sorry to hear about that.|,Apology
"|We knew that it was coming, but--|",Statement Opinion
|Yeah.|,Acknowledge
"|It seemed like he had a little bit longer.  Like just last week, he was doing was so well.|",Statement Opinion
"|I mean, you know, at least he's not in anymore pain now, right?|",Statement Opinion
|Yeah.|,Acknowledge
"|It's good, you know.  you know It hurts I know.  I know what it's like to lose someone like that.|",Statement Opinion
|I just don't want him to be gone.|,Statement Opinion
|It's okay.|,Acknowledge
"|Cause, you know, you've got all the times that you guys did spend together, you know and that's something good that you can look back on.|",Statement Opinion
|I mean--I don't know.|,Disagreement
|And his whole family was there.|,Statement Non Opinion
"|I mean, he was like really conscious right up until the end. you know|",Statement Opinion
"|Well, that's that's good, you know.  At least, I don't know.  I mean it's- it's better to go- to goout that way than...|",The dialogical act shown in the text is: **Statement Opinion**,Statement Opinion
"|.than you know, in pain and like this gradual, this horrible process.  I mean--|",The dialogical act shown in the text is: **Statement Opinion**,Statement Opinion
"|He was so young, you know.  And all the stories he used to tell me about...|",Statement Opinion
|...the way he wanted to live and he was gonna go to Africa and he was gonna--|,Statement Non Opinion
"|But look at the--he--look at the life he did get to lead.  I mean, for his age, he'd done so much and--|",Statement Opinion
|Nobody's ever gonna forget him.|,Statement Opinion
"|Yeah, exactly.  He's made a big impact on a lot of people. and|",Agreement
"|And you'll always have that and--you should feel, you know, happy for him that he got to do so much before--I mean, and even after he found out last year.  I mean--|",Statement Opinion
|He did a lot.  But--|,Statement Opinion
"|I know.  It doesn't bring him back, but--|",Acknowledge
"|But It's okay because now, you know, you'll just go on with your life and--|",The dialogical act shown in the text is: **Acknowledge**,Acknowledge
|I'm gonna forget him.|,Statement Opinion
"|No, you'll never forget him.|",Disagreement
|I won't be able to hear his voice or his--|,Statement Non Opinion
|I know. but you're not  I mean you're not going to forget him.  The pain will go away eventually and--or it will subside--|,The dialogical act shown in the text is: **Statement Opinion**,Statement Opinion
|You start to lose like that image after a while.|,Statement Opinion
"|That will be, It'll be--it'll be better that way. I mean Time will tell.  Time heals, you know, and it's good.  It's okay.  I mean, it wasn't anybody's fault or anything like that so .|",Statement Opinion
"|It's hard to lose someone that way, but he's he's better--he's better off now.|",Statement Opinion
|Thanks.|,Acknowledge
"|Oh, you got what?  Where?|",Question
|I got into U.S.C.|,Statement Non Opinion
"|Oh, no way.|","The dialogical act shown in the text ""Oh, no way."" is **Disagreement**.",Disagreement
"|Yeah, I'm so excited.  So I'm gonna say--|",The dialogical act shown in the text is **Statement Opinion**.,Statement Opinion
|Are you gonna go? you gonna-|,Question
"|Yeah, I think, I mean because where else would I gonna go?  Like the other places that I applied to I really didn't like that much anyway.|",Opinion
|So--|,"The dialogical act shown in the text ""So--"" is:"
|So--|,
|So--|,Backchannel
"|Wow, that's...|",Statement Opinion
"|...that's first choice, huh? That's so awesome and now look you're gonna be--you're gonna be here. you know|",The dialogical act shown in the text is: **Statement Opinion**,Statement Opinion
"|Yeah, I know.|",Acknowledge
|Absolutely. I'm so excited.|,Agreement
"|I know.  I know. And we'll all get to hang out.  And I'm--even though we'll be at like at different parts of the city, we can still, like...|",Acknowledge
"|...hang out and, like, have our different lives--And meet each other's friends and stuff.  So, I'm just so glad 'cause they have such a good school|",Statement Opinion
"|Yeah, no, definitely--It's gonna..|",The dialogical act shown in the text is: **Backchannel**,Backchannel
|Yeah.|,Acknowledge
"|and like-- The football team--And like all the-...you- what I mean, like...|",The dialogical act shown in the text is: **Backchannel**,Backchannel
|Yeah|,Acknowledge
|Fight on.|,Command
"|You can walk somewhere and be anywhere in the country and be like, oh, yeah, I am at U.S.C.|",Statement Opinion
"|And you know what, you know what I mean, like it's recognizable rather than just being like I went some random school. It's like people really know what you...|",Statement Opinion
|[LAUGHTER]|,Backchannel
|Wow. That's cool.|,Acknowledge
"|...like, they feel like--I feel like it's going to be so like accomplished.  Do you know what I mean?|",Question
|Like it has some prestige. so|,Statement Opinion
|Yeah. Hey. Prestigious school.|,"The text ""Yeah. Hey. Prestigious school."" contains multiple dialogical acts. Here's the breakdown:"
|Yeah. Hey. Prestigious school.|,
|Yeah. Hey. Prestigious school.|,"- ""Yeah."" → **Acknowledge**",Acknowledge
|Yeah. Hey. Prestigious school.|,"- ""Hey."" → **Greeting**",Greeting
|Yeah. Hey. Prestigious school.|,"- ""Prestigious school."" → **Statement Opinion**",Statement Opinion
|Yeah. Hey. Prestigious school.|,
|Yeah. Hey. Prestigious school.|,"If you need a single word for the entire text, the most prominent act is likely **Statement Opinion**. However, it's a mix. ",Statement Opinion
|Yeah. Hey. Prestigious school.|,
|Yeah. Hey. Prestigious school.|,If forced to choose one: **Statement Opinion**.,Statement Opinion
"|So, what, do you have to send in your deposit now?  Or what you-?|",Question
"|Yeah, I mean there's all the money stuff and my mom's helping me with the financial aid and stuff.  But, it'll be fine--|",Acknowledge
"|Like, now that I'm accepted, it's just, like, such a huge load off my mind.|",Statement Opinion
|That's great.|,Agreement
|I don't mind worrying about all the paperwork.  You know--|,Statement Opinion
|Yeah.|,Acknowledge
|So...|,Backchannel
"|Because, I don't have to like make that decision anymore.  I don't have to try and decide, like, what the bad school I'm going to go to is. you know|",Statement Opinion
"|Right.  Right.  Right. Oh, man, then you're going to have to do orientation, I guess.|",The dialogical act shown in the text is: **Backchannel**,Backchannel
"|I know. I know.  I think you go and you like stay for a couple of days and you meet people and--And they'll give you like a tour--And show you everything.  Oh, man, I'm just so--I'm so excited.|",The dialogical act shown in the text is **Statement Opinion**.,Statement Opinion
|That'll be awesome.|,Agreement
"|I mean because you went to the campus before, right?|",Question
"|Yeah, oh totally.  It's a beautiful campus.  It's gonna be really nice.  Um, and everyone is friendly and like there's ivy on all the walls.  Oh, it's just so--it's so like collegiate.|",The dialogical act shown in the text is: **Statement Opinion**,Statement Opinion
"|You know what I mean?  Like, it's like exactly what I want.|",Question
|So what're you--what're you gonna do there?  Have you decided?  Thought about it?|,Question
"|Well, you know, I've thought about it but they have so many things that I might--Like try some things out first...|",Statement Opinion
"|I know.  I mean, it's good all around.|",Agreement
"|...because also on the list of their, um, like G.E.'s or whatever, you have a lot of choices within every single one.  So you can, like, try things out and not just be like, oh, I have to take math, oh, I have to take this.  You know what I mean?|",Statement Opinion
"|So, um, so I don't know.|",Backchannel
|[LAUGHTER]|,Backchannel
|I mean I'm gonna take a bunch of stuff and see.|,Statement Opinion
|Oh man.|,"The dialogical act shown in the text ""Oh man."" is: "
|Oh man.|,
|Oh man.|,**Acknowledge**,Acknowledge
"|I- They have like--they just have so many like prestigious like this school is top ten and like the departments within it, you know what I mean.|",Statement Opinion
|I always see people walking around with like U.S.C stuff on--|,Statement Opinion
"|I know, I get to be one of those now--I'll like walk around and be like a U.S.C..  You know what I mean.|",Statement Opinion
|You know is like.|,Backchannel
|I know.|,Acknowledge
|Ahh. Yeah. [GARBAGE]|,Backchannel
"|You'll be like are you a fan or a student you know? Student. [LAUGHTER] Oh man, that's awesome.|",The dialogical act shown in the text is: **Answer**,Answer
|And you'll be like...|,Statement Non Opinion
"|Student. I'm a student. Yes I am, Thank you very much.|",The dialogical act shown in the text is: **Statement Non Opinion**,Statement Non Opinion
|[BREATHING]|,Others
|A U.S.C. graduate now. You're set.|,Statement Opinion
|I know.  I'm excited.|,Acknowledge
"|Well, that'll take a while. [GARBAGE]|",Statement Opinion
"|I know, that's a ways down the road. That's cool.|",Acknowledge
|That's going to be a lot of work.|,Statement Opinion
"|But, it'll be fine, I mean.  I'm so excited. It's going to be so fun.|",Statement Opinion
|In LA. Oh man.|,"The dialogical act shown in the text ""In LA. Oh man."" is **Statement Opinion**.",Statement Opinion
"|I know, and I mean the area's not great, but like the school makes up for it. It'll be fine. It'll be good.|",The dialogical act shown in the text is: **Statement Opinion**,Statement Opinion
|So much.|,Acknowledge
"|But it's LA, you know, everything.|",The dialogical act shown in the text is **Statement Opinion**.,Statement Opinion
|You're getting close to the beach.  I mean geez.|,The dialogical act shown in the text is **Statement Opinion**.,Statement Opinion
|I know. I know. So fun.  I can't wait.|,The dialogical act shown in the text is: **Acknowledge**,Acknowledge
"|Cool.  Well give me a call, you know when--You get in town. definitely Awesome.|",The dialogical act shown in the text is: **Agreement**,Agreement
|I will. I will. Thank you.|,"The dialogical act shown in the text ""I will. I will. Thank you."" is **Acknowledge**.",Acknowledge
|Thanks.|,Acknowledge
|Ok.  I've- I've just been talking to this machine for the past half hour and I can't-can't get anything done.  I've been trying to book this vacation this entire time.|,The dialogical act shown in the text is: **Statement Non Opinion**,Statement Non Opinion
"|All right, sir.|",Acknowledge
|Okay.|,Acknowledge
"|Um, how may I help you.  You're trying to book a specific flight?|",Question
"|Well, yeah, I mean I heard there was like these package deals and that maybe I could get a like a hotel or something like that. and-|",Statement Opinion
"|Oh, yeah, absolutely.  You know, and especially because you've been waiting so long and I know that, um, you've been having a difficult time.|",Agreement
"|I want to definitely give you our special package today, which um is usually only for valued customers who have a record of having previous,|",Command
"|um lots of purchases, but we're gonna go ahead and give that to you anyway. uh,  Just to make sure that you're happy with your service here.|",The dialogical act shown in the text is: **Acknowledge**,Acknowledge
|You- You can do that--You can do that now? I don't have to get like transferred through or anything like that.|,The dialogical act shown in the text is: **Question**,Question
|Is that all right?|,Question
"|I can do that right now for you. No, absolutely.  I can take care of you all the way through to the end.|",The dialogical act shown in the text is: **Agreement**,Agreement
|All I'm going to need is your credit card number but just give me one moment. So-|,Command
|[BREATHING] that's good.|,Acknowledge
"|um, you're scheduling a flight as well--And you would like to, um, we have a highly discounted hotel rate that goes along with that so that everything is all in one deal.  You're taken care of by the time that you get there.|",The dialogical act shown in the text is **Statement Non Opinion**.,Statement Non Opinion
"|All right.  I want to make sure it's like a nice hotel--I mean-mean I'm gonna be paying a lot of money for this so I don't wanna-I don't wanna, you know, I don't wanna to be a waste of time.|",Statement Opinion
|Absolutely. we we|,Agreement
"|Yes, I completely understand.  Actually, our-our airline only uses five star hotel and above.  Except we charge at a three star hotel rate because, as a corporation, we are able to get a deal from the hotels themselves.|",Agreement
"|So, you will absolutely be in a high rated great hotel and we can make sure that it's in a area of town that you like as well.|","The dialogical act shown in the text is **""Statement Opinion""**.","""Statement Opinion"""
|Okay. So--|,Acknowledge
|Yeah.|,"The dialogical act shown in the text ""Yeah."" is: "
|Yeah.|,
|Yeah.|,**Acknowledge**,Acknowledge
"|Well, you know, we wanted to--we wanted to go to Maui and--That was a|",Statement Non Opinion
|Okay.|,Acknowledge
"| --you know, the kids wanna go to the beach and stuff and so--um|",Statement Opinion
|Great.  How many seats?|,Question
"|Well, it's gonna be four of them.|",Statement Non Opinion
|Okay.  Great.  Four seats.  I'll book you for four seats.|,Acknowledge
|All right.  And can they like all get together?|,The dialogical act shown in the text is: **Question**,Question
"|Oh, yeah, absolutely.  Um- Would you like window seats or aisles?|","The dialogical act shown in the text is: **Agreement** (for ""Oh, yeah, absolutely."") and **Question** (for ""Um- Would you like window seats or aisles?"").  ",Agreement
"|Oh, yeah, absolutely.  Um- Would you like window seats or aisles?|",
"|Oh, yeah, absolutely.  Um- Would you like window seats or aisles?|","Since you asked for one word, the dominant act is **Question**.",Question
"|Um- You know, window is nice. I guess|",Statement Opinion
"|Okay, I can do um- a win- -two like a window and a aisle and a window and an aisle next to each other so that each of you can sit two by two. And switch around maybe?|","The dialogical act shown in the text is **""Statement Opinion""**.","""Statement Opinion"""
"|All right, Sure.  A yeah, that- that'd be good.|",The dialogical act shown in the text is: **Agreement**,Agreement
|Okay.  Great.  What time of the day would you like?|,The dialogical act shown in the text is: **Question**,Question
"|Uh, well, yeah, I think we were just--you know, whenever best available, I guess.  You know--|",Statement Opinion
|All right.  Great.  Well we have a very open flight that leaves at nine a.m. and fortunately uh the time change actually goes um backwards from that.|,The dialogical act shown in the text is: **Acknowledge**,Acknowledge
"|So, it's a five hour flight, but you'll arrive only at eleven a clock in the morning.  So that day, you can have plenty of time to get to your hotel--Rest up and then still have a nice afternoon your first afternoon in Maui.|",Statement Non Opinion
"|And, like, there's there's shuttles or something that I can get to the hotel.|",Statement Opinion
|Absolutely.  That actually goes in on the same package with our hotel.  You just give me your address.  We'll come and pick up a time that allows you to get to your flight with plenty of time to spare.|,Agreement
|And a there will also be a shuttle waiting for you to take you to the appropriate hotel.|,Command
"|Okay.  Wow.  Sounds good then, I guess.  Thank you very much. It's a lot better than talking to a machine.|",The dialogical act shown in the text is: **Acknowledge**,Acknowledge
|Yeah--I completely understand.  It's a difficult process sometimes and we want to make traveling as easy as possible.|,Acknowledge
|All right.  So we're confirmed then or do you--All right.|,Acknowledge
|Absolutely. Thank you so much for calling and we hope that you will come to us again.|,Agreement
|Okay.|,Acknowledge
|Thank you.|,Acknowledge
|What's he gonna say?  Maybe we ought to tell him before he sees it.|,Question
|He saw it.|,Statement Non Opinion
"|How could he see it?  I was the first one up, he was still in bed.|",Question
|He was out here when it broke.|,Statement Non Opinion
|When?|,Question
|About four this morning.  I heard it cracking and I woke up and looked out. He was standing right here when it cracked.|,Answer
|What was he doing out here at four in the morning?|,Question
"|I don't know.  When it cracked, he ran back in the house and cried in the kitchen.|",The dialogical act shown in the text is: **Statement Non Opinion**,Statement Non Opinion
|Did you talk to him?|,Question
|No.  I thought it was best to leave him alone.|,Disagreement
|He cried hard?|,Question
|What was he doing out here at that hour?|,Question
|He's dreaming about him again.  He's walking around at night.|,Statement Non Opinion
|He's getting just like after he died.  What is the meaning of that?|,The dialogical act shown in the text is **Question**.,Question
"|I don't know the meaning of it.  But, I know one thing Mom, we made a terrible mistake with Dad.|",Statement Opinion
|What?|,Question
"|Being dishonest with him.  I mean, that sort of thing always pays off and now it's paying off.|",Statement Opinion
|You know that Larry's not coming back and I know it.  Why do we allow him to go on thinking that we believe with him?|,The dialogical act shown in the text is **Question**.,Question
|What do you want to do argue with him?|,Question
"|No, I don't want to argue with him, but it's about time he realized that nobody believes Larry's alive anymore?|",Disagreement
|Why shouldn't he dream of him and walk the nights waiting for him?  Do we contradict him?  Do we say straight out that we don't have any hope anymore?  That we haven't had hope for years now?|,Question
|You can't say that to him.|,Disagreement
|We've got to say it to him.|,Command
|Can you prove it?  How can you prove it?|,Question
"|For God sakes, it's been three years.  Nobody comes back after three years.  It's insane.|",Statement Opinion
"|To you it is and to me, but not to him.  I mean, you can talk yourself blue in the face, but he--there's no body and no grave so where are you?|",Disagreement
"|Sit down, Mom.  I want to talk to you.|",Command
"|Trouble is the God damn newspapers.  Every month or so a boy turns up out of nowhere so, you know, the next one is gonna be Larry.|",Statement Opinion
|All right.  All right.  Listen to me.  You know why I brought Annie here don't you?|,Command
|Why?|,Question
|You know.|,Backchannel
"|I've got an idea, but what's the story?|",Statement Opinion
|I'm gonna ask her to marry me.|,Statement Non Opinion
"|Well, that's only your business, Chris.|",Statement Opinion
|You know it's not only my business.|,Statement Opinion
|What do you want me to do?  You're old enough to know your own mind.|,Command
|So it's all right then?|,Question
|I'll go ahead with it?|,Command
"|Well, you want to make sure that your father isn't going to--|",Statement Opinion
"|Well, then it isn't just my business--|",Statement Opinion
|I'm just saying that--|,Statement Opinion
"|Ah, sometimes you infuriate me.  You know that?  I mean, isn't it your business too if I tell Dad and flips--freaks out about it?  I mean, you have such a talent for ignoring things.|",The dialogical act shown in the text is **Statement Opinion**.,Statement Opinion
|I ignore what I gotta ignore.  The girl is Larry's girl.|,Statement Opinion
|She's not Larry's girl.|,Statement Non Opinion
"|From your father's point of view, he isn't dead.  And you've no right to take his girl.|",Statement Opinion
"|And you can go on from there if you know where to go, but I don't know where to go.  See, I don't know.  Now what can I do for you?|",The dialogical act shown in the text is **Statement Opinion**.,Statement Opinion
"|I don't know why, but, every time I reach out for something that I want, I have to pull back 'cause someone else will suffer.  My whole bloody life.  Time after time after time.|",Statement Opinion
|You're a considerate fellow.  There's nothing wrong with that.|,Statement Opinion
|To hell with that.|,Disagreement
|[BREATHING] Have you asked Annie yet?|,Question
|I wanted to get this settled first.|,Statement Non Opinion
"|Well, how do you know she'll marry you?  Maybe she feels the same way your father does.|",Question
"|Well, if she does, then that's the end of it.  But from her letters, I think she's forgotten him.  I'll find out.  And then we'll thrash it out with Dad, right?  Mom, don't avoid me.|",The dialogical act shown in the text is: **Statement Opinion**,Statement Opinion
"|Trouble is, you don't see enough women.|",Statement Opinion
|You never did.|,Disagreement
"|So what, I'm not fast with women.|",Statement Opinion
|I just don't see why it has to be Annie.|,Statement Opinion
|Because it is.|,Statement Non Opinion
"|Well, that's a good answer, but it doesn't answer anything.  I mean, you've been away for--at war.  It's been five years.|",Disagreement
"|I can't help it.  I know her best.  I mean, I grew up next door to her.|",Statement Opinion
"|These years when I think of a wife, I think of Annie.  What do you want, a diagram?|",Statement Opinion
"|I don't want a diagram.  Umm-- He thinks he's coming back, Chris.  You marry that girl and you're pronouncing him dead.|",Disagreement
"|I mean, what's gonna happen to your father?  Do you know?  I don't.|",Question
"|All right.  All right, then, Mom.|",Acknowledge
|I just--give it some more thought.|,Command
|I've given it three years of thought.  I thought that if I waited Dad would forget about Larry and we could have a regular wedding and everything happy.|,Statement Opinion
"|But if I can't--if that can't happen here, then I'll have to get out.|",Statement Opinion
|What the hell is this?|,Question
|I'll get out.  I'll get married and go live some place else.  Maybe New York.|,Command
|Are you crazy?|,Question
|I've been a good son too long.  A good sucker.  I'm through with it.|,Statement Opinion
|What about the business?  What the hell is this?|,Question
|The business?  The business doesn't inspire me.|,Statement Opinion
|Must you be inspired?|,Question
"|Yes.  I like it an hour a day.  If I'm gonna grub for my money all day long, at least in the evening I want it beautiful.|",The dialogical act shown in the text is: **Statement Opinion**,Statement Opinion
"|I want a family.  I want kids.  I want something that I can give myself to.  Annie's in the middle of that.  Now, where do I find it?|",Statement Opinion
"|Tell me, you'd leave the business?|",Command
"|Yes, on this I would.|",Agreement
"|Well, you don't want to think like that.|",Disagreement
|Then help me stay here.|,Command
"|All right, but just don't go thinkin' like that 'cause otherwise what did we work for?  I mean, the whole thing is for you, Chris.  The whole shootin' match is for you.|",The dialogical act shown in the text is **Statement Opinion**.,Statement Opinion
"|I know.  I know, Mom.  Just help me stay here.|",Acknowledge
"|All right.  Just-- just don't go thinkin' that way, you hear me?|",Command
|I am thinkin' that way.|,Statement Opinion
"|I don't understand you, do I?|",Disagreement
"|No, you don't.  I'm a pretty tough guy.|",Disagreement
|I can see that.|,Acknowledge
|She's been in New York for three and half years.  Why all of a sudden?|,"The dialogical act shown in the text is ""Question."""
"|Well, maybe he just wanted to see her again.|",Statement Opinion
|Nobody comes seven hundred miles just to see.|,Statement Non Opinion
|What do you mean?  He lived next door to the girl all his life.  Why wouldn't he want to see her again?|,Question
|Don't look at me like that.  He didn't tell me anymore than he told you.|,Command
|She's not-|,Disagreement
|How do you know he's even thinking of it?|,Question
|-he's not gonna marry her.|,Statement Opinion
|It's got that all about it.|,"The dialogical act shown in the text ""It's got that all about it."" is **Statement Opinion**.",Statement Opinion
"|Well, so what?|",Disagreement
"|What's going on here, Joe?|",Question
"|Now, listen Kate.|",Command
"|She's not his girl, Joe.  She knows she's not.|",Statement Opinion
|You can't read her mind.|,Statement Non Opinion
"|Well then why is she still single?  I mean, New York is full of men.  Why isn't she married?  Probably a hundred people told her she's crazy, but she's waited.|",Question
|How do you know why she's waited?|,Question
"|She knows what I know, that's why.  She's faithful as a rock.  In my worst moments I think of her waiting and I know again that I'm right.|",Statement Opinion
"|Look, it's a nice day.  What are we arguing for?|",The dialogical act shown in the text is **Question**.,Question
"|Nobody in this house dares take her faith away, Joe?  Strangers might, but not his father, not his brother.|",Statement Opinion
"|Well, what do you want me to do about it?|",Command
|I want you to act like he's coming back.  Both of you.  Don't you think I haven't noticed since she got here.  I won't stand for any nonsense.|,Command
|But Kate--|,Interjection
"|Because if he's not coming back, I'll kill myself.  I mean, laugh--laugh at me, but...|",Statement Opinion
|But why did that happen the very night she came here?  She sleeps in his room and his memorial breaks to pieces.  Just look.  Look at it.|,Question
|Calm yourself.|,Command
"|Believe with me, Joe.  I can't stand all alone.|",Command
|Calm yourself.|,Command
"|Last week, a man turned up in Detroit missing longer than Larry.  I mean, you read it yourself.|",Statement Non Opinion
|All right.  All right.  Calm yourself.|,Command
"|You, above all, have to believe.|",Statement Opinion
|What?- Why- Why me above all?|,Question
|Just--just don't stop believing.|,Command
|What does that mean?  Me above all?|,Question
|Look at you.  Look at you shaking.|,Command
|I can't help it.|,Statement Non Opinion
|What have I got to hide?  What the hell is the matter with you Kate?|,Question
|It's all right.  It's a good thing.|,Agreement
"|You know, it's lovely here, the air is sweet.|",Statement Opinion
|Why?|,Question
"|Well, for one thing, your mother as much as told me to go.|",Statement Opinion
|Oh.|,"The dialogical act shown in the text ""Oh."" is **Acknowledge**.",Acknowledge
"|You saw that.  I mean and then, well, you've been kind of, um--|",Statement Non Opinion
|What?|,Question
"|Well, kind of embarrassed ever since I got here.|",The dialogical act shown in the text is **Statement Opinion**.,Statement Opinion
"|The trouble is, I planned on sort of sneaking up on you over a period of a week or so.  But, they take it for granted that we're all set.|",Statement Opinion
"|I knew they would, your mother anyway.|",Statement Opinion
"|Well,|","The dialogical act shown in the text ""Well,"" is: "
"|Well,|",
"|Well,|",**Backchannel**,Backchannel
"|from her point of view, why else would I come?|",Statement Opinion
"|Oh.  Would you want to?  I guess you know, this is why I asked you to come.|",The dialogical act shown in the text is: **Question**,Question
|I--I guess this is why I came.|,Statement Opinion
"|Anne, I love you.  I love you a great deal.  I love you.|",Statement Opinion
|I have no imagination.  That's all I know to tell you.|,Statement Non Opinion
|I'm embarrassing you and I didn't want to tell it to you here.  I wanted some place we'd never been before.  A place where we'd be brand new to each other.|,Apology
"|You feel it's wrong here, don't you?  This yard, this chair.  I want you to be ready for me.  I don't want to have to win you away from anything.|",The dialogical act shown in the text is: **Question**,Question
"|Oh, Chris, I've been ready for a long, long time.|",Statement Opinion
|And he's gone forever.  You're sure?|,The dialogical acts shown in the texts are:  
|And he's gone forever.  You're sure?|,
|And he's gone forever.  You're sure?|,"- ""And he's gone forever."" → **Statement Non Opinion**  ",Statement Non Opinion
|And he's gone forever.  You're sure?|,"- ""You're sure?"" → **Question**",Question
|I almost got married two years ago.|,Statement Non Opinion
|Why didn't you?|,Question
|You started to write me and--|,The dialogical act shown in the text is: **Statement Non Opinion**,Statement Non Opinion
|You felt something that far back?|,"The dialogical act shown in the text ""You felt something that far back?"" is **Question**.",Question
|Every day since.|,Statement Non Opinion
"|Anne, why didn't you let me know?|",Question
"|Well, I was waiting for you.  I mean, till then you never wrote and when you did, I mean, what did you say?  You can sure be ambiguous sometimes.|",The dialogical act shown in the text is **Statement Opinion**.,Statement Opinion
"|Give me a kiss, Anne.  Give me a-|",Command
"|oh God, I kissed you.  I kissed Annie.  How long--how long I've been waiting to kiss you.|",The dialogical act shown in the text is **Statement Opinion**.,Statement Opinion
|I will never forgive you.  Why did you wait all these years?  All I did was sit and wonder if I was crazy for thinking of you.|,The dialogical acts shown in the text are:  
|I will never forgive you.  Why did you wait all these years?  All I did was sit and wonder if I was crazy for thinking of you.|,
|I will never forgive you.  Why did you wait all these years?  All I did was sit and wonder if I was crazy for thinking of you.|,"1. ""I will never forgive you."" - **Disagreement** (or **Statement Opinion**)  ",Disagreement
|I will never forgive you.  Why did you wait all these years?  All I did was sit and wonder if I was crazy for thinking of you.|,"2. ""Why did you wait all these years?"" - **Question**  ",Question
|I will never forgive you.  Why did you wait all these years?  All I did was sit and wonder if I was crazy for thinking of you.|,"3. ""All I did was sit and wonder if I was crazy for thinking of you."" - **Statement Opinion**  ",Statement Opinion
|I will never forgive you.  Why did you wait all these years?  All I did was sit and wonder if I was crazy for thinking of you.|,
|I will never forgive you.  Why did you wait all these years?  All I did was sit and wonder if I was crazy for thinking of you.|,"(Since you asked for *one word*, the most prominent act is likely **Disagreement** or **Statement Opinion**.)",Disagreement
"|Oh, Annie, we're gonna live now.  I'm gonna make you so happy.|",Statement Opinion
|Not like that you're not.|,Disagreement
|I kissed you.|,Statement Non Opinion
"|Like Larry's brother.  Do it like you, Chris.  What is it?|",The dialogical acts in the given text are as follows:  
"|Like Larry's brother.  Do it like you, Chris.  What is it?|",
"|Like Larry's brother.  Do it like you, Chris.  What is it?|","1. ""Like Larry's brother."" - **Statement Non Opinion**  ",Statement Non Opinion
"|Like Larry's brother.  Do it like you, Chris.  What is it?|","2. ""Do it like you, Chris."" - **Command**  ",Command
"|Like Larry's brother.  Do it like you, Chris.  What is it?|","3. ""What is it?"" - **Question**  ",Question
"|Like Larry's brother.  Do it like you, Chris.  What is it?|",
"|Like Larry's brother.  Do it like you, Chris.  What is it?|","(Since you asked for one word, the most prominent is likely **Command**.)",Command
|Let's drive someplace.  I want to be alone with you.|,Command
"|No.  What is it, your mother?|",Disagreement
|No.  Nothing like that.|,Disagreement
"|Then, what's wrong?  I mean, even in your letters there was some--something ashamed.|",Question
"|Yeah, I suppose I have been.  But it's going from me.|",Acknowledge
|You've gotta tell me.|,Command
|I don't know how to start.|,Statement Opinion
|It wouldn't work this way.|,Disagreement
"|It's all mixed up with so many other things.  You remember overseas, I was in command of a company?|",Statement Non Opinion
"|Yeah, sure.|",Agreement
"|Well, I lost them.|",Answer
|How many?|,Question
|Just about all.|,Statement Non Opinion
"|Oh, gee.|",Apology
|It takes some time for a guy to toss that off.  'Cause they weren't just men.|,Statement Opinion
"|For instance, one time, it had been raining several days and this kid came to me and gave me his last pair of dry socks.  I put them in pocket.  It's only a little thing, but that's the kind of guys I had.|",Statement Opinion
"|They didn't die, they killed themselves for each other.  I mean that exactly.  A little more selfish and they'd have been here today.|",Statement Opinion
"|I got this idea watching them go down.  Everything was being destroyed, see, but it seemed that there was one new thing being made.  A sort of responsibility.  Man for man.|",Statement Opinion
"|You know what I mean?  To show that, to bring that onto the Earth again, like some kind of monument and everyone would feel it standing behind him and it would make a difference to him.|",Question
|Then I came back and it was incredible.  There was no meaning in it here.  The whole thing to them seemed like sort of a bus accident.  I went to work with Dad and that rat race again.|,Statement Opinion
"|And I felt what you said, ashamed somehow 'cause nobody was changed at all.  It seemed to make suckers out of a lot of guys.  I felt wrong to be alive to open the new bank book, drive the new car, see the new refrigerator.|",Statement Opinion
"|I mean, you can take those things out of a war, but when you drive that car, you've gotta know that it came out of the love a man can have for a man.  You've gotta be a little better because of it.|",Statement Opinion
|Because otherwise all you have is really loot and there's blood on it.  And I didn't want to take any of it.  And I guess that included you.|,Statement Opinion
|You still feel that way?|,Question
|I want you now Annie.|,Command
"|Cause you mustn't feel that way.  Because you have a right to everything that you have.  Do you understand that?  Everything, Chris, and me too.|",The dialogical act shown in the text is **Command**.,Command
"|I mean, and your money, there's nothing wrong with your money.  I mean, your father put hundreds of planes in the air.  A man should be paid for that.|",Statement Opinion
"|I know Annie.  Annie, I'm gonna make a fortune for you.|",Statement Opinion
|What'll I do with a fortune?|,Question
|What time is it?  They're supposed to run around midnight.|,The dialogical act shown in the text is: **Answer**,Answer
"|This is great, isn't it?  Look at the night we've got here, couldn't be better.|",Statement Opinion
"|I would have liked to have gone a little further up the coast to get away from the lights and the people, but I was afraid we'd miss it.|",Statement Opinion
|How you doing?|,Question
|Fine.|,"The dialogical act shown in the text ""Fine."" is: **Acknowledge**.",Acknowledge
|Is that--no--is that just foam?  I can't even tell.|,Question
"|Well, I guess we can tell, it probably isn't right?  Probably be unmistakable don't you think?|",Statement Opinion
"|How you doing?  Aw, you know what I forgot?  I forgot to bring my flashlight.  Oh, how could I be so stupid?  I should've brought my flashlight.|",Question  
"|How you doing?  Aw, you know what I forgot?  I forgot to bring my flashlight.  Oh, how could I be so stupid?  I should've brought my flashlight.|",Statement Non Opinion  
"|How you doing?  Aw, you know what I forgot?  I forgot to bring my flashlight.  Oh, how could I be so stupid?  I should've brought my flashlight.|",Apology  
"|How you doing?  Aw, you know what I forgot?  I forgot to bring my flashlight.  Oh, how could I be so stupid?  I should've brought my flashlight.|",Statement Non Opinion  
"|How you doing?  Aw, you know what I forgot?  I forgot to bring my flashlight.  Oh, how could I be so stupid?  I should've brought my flashlight.|",Apology
|What flashlight?|,Question
"|You know, the flashlight, the silver one.  There's only one isn't there?|",Statement Non Opinion
|That's not your flashlight.|,Disagreement
|Who's is it?|,Question
|It's ours.  It's mine too.|,Agreement
"|Oh, well sure.|",Agreement
"|You kept saying my flashlight, if as if somehow it's just yours.  I mean is that supposed to make me feel?|",Disagreement
"|Right, of course.  Our flashlight.  Mine and yours.  I mean, me flashlight is su flashlight naturally.|",The dialogical act shown in the text is: **Acknowledge**,Acknowledge
|How could we forget to bring it?  I hope the moon stays out.|,Question
"|I wonder, do they always run during a full moon?  I can't remember if it was full last year.  Do you remember?|",Question
|Yeah.|,Acknowledge
"|You cold?  Do you want my jacket?  Oh, we should've brought the blanket.  Our blanket.|",The dialogical acts shown in the text are:  
"|You cold?  Do you want my jacket?  Oh, we should've brought the blanket.  Our blanket.|",
"|You cold?  Do you want my jacket?  Oh, we should've brought the blanket.  Our blanket.|","1. **Question** (""You cold?"")  ",Question
"|You cold?  Do you want my jacket?  Oh, we should've brought the blanket.  Our blanket.|","2. **Question** (""Do you want my jacket?"")  ",Question
"|You cold?  Do you want my jacket?  Oh, we should've brought the blanket.  Our blanket.|","3. **Statement Non Opinion** (""Oh, we should've brought the blanket."")  ",Statement Non Opinion
"|You cold?  Do you want my jacket?  Oh, we should've brought the blanket.  Our blanket.|","4. **Statement Non Opinion** (""Our blanket."")  ",Statement Non Opinion
"|You cold?  Do you want my jacket?  Oh, we should've brought the blanket.  Our blanket.|",
"|You cold?  Do you want my jacket?  Oh, we should've brought the blanket.  Our blanket.|","(Since you asked for *one word*, the first one is **Question**.)",Question
"|This is great, isn't it?  A six pack would be just the ticket right now.|",Statement Opinion
|I can't believe I forgot.  I'm like a kid.  It's amazing I got out of the house with my fly zipped.|,Apology
|You think they can hear us talk?  Or feel the vibrations in the sand when we move around?|,Question
|I'm cold.|,Statement Non Opinion
|Do you want my jacket?|,Question
"|It's after eleven, let's just go home.|",Command
|Are you kidding?  We'd miss it.  We just got here.  What's the point of coming down here if we just turn around and go home.|,Disagreement
|There is no point in coming down here.|,Statement Opinion
|Right.|,Acknowledge
|That's my point.|,Statement Opinion
|That's my point too.|,Agreement
"|So, let's go.|",Command
|No. No. That's not my point.  The point is there's no point in coming down if we just leave.  Don't you want to see it?|,Disagreement
|Not particularly.|,Disagreement
|Why not?|,Question
|I just don't.  It's stupid.|,Disagreement
"|Honey, this is a natural phenomenon.  I mean this only happens once a year, you know.|",Statement Opinion
"|Think about the people in Kansas, they had to get plane tickets and hotel reservations to see this.  We live forty minutes away.  It's too good to pass up.|",Statement Opinion
"|Pass up what?  These little fish swim onto the beach, they flop around, and swim away.  And then they die.|",Question
"|Yeah, but that moment on the beach, is the highlight of their little lives.  All that flopping is laying eggs or what do you--spawning or mating.  I mean,|",The dialogical act shown in the text is: **Statement Opinion**,Statement Opinion
|this is a big night for these guys.  Life's last orgy.|,Statement Opinion
"|What are you so excited about?  I mean, it's not a moon landing we're talking about here.  It's fish.  It's a fish nobody even eats.|",The dialogical act shown in the text is: **Disagreement**,Disagreement
|Yeah they do.|,Agreement
"|Ah, Augie.|","The dialogical act shown in the text ""Ah, Augie."" is **Acknowledge**.",Acknowledge
|Alright.  But it's fish that do something that none of the other fish do.  Like the swallows returning to Capistrano or the lemmings throwing themselves off the cliffs.|,The dialogical act shown in the text is **Statement Opinion**.,Statement Opinion
|There's--there's a bit of the magic--some unexplainable here.  I don't see how you can not be interested.|,Statement Opinion
|I'm just not.|,Statement Non Opinion
|For real?|,Question
|Yeah.|,Acknowledge
"|I don't get it.  The first time we came here, you said it was the best night of your life.|",Disagreement
"|And last year, I remember specifically you were so excited to go that you stubbed your toe rushing me out of the house and didn't even notice until we got in the car.|",Statement Non Opinion
"|Last year, you will also remember our shoes got wet, I got sand in my panties, you got a sore throat, we got in a big fight over nothing, and we didn't see the grunions.|",Statement Non Opinion
|We weren't in a good spot.|,Statement Non Opinion
|We didn't see them the first time either.|,Statement Non Opinion
"|We just weren't in a good spot.  This is a much better spot.  Believe me, I've got good instincts for these things.|",Statement Opinion
|There is that--no that's just seaweed isn't it?|,Question
"|Oh man, this is great, isn't it?  I wouldn't miss this for anything.  Here, think about this, all right, I know you're not interested, but think about this.|",Statement Opinion
"|Somewhere out there, this huge mass of silver fish swimming this way.|",Statement Non Opinion
"|They don't know why, we don't know why.  Nobody sent them an invitation or a map, it wasn't a decision, just-|",Statement Opinion
"|all as one, this time release instinctual little firecracker went off and they all turned and formed a line as long as the California coast and started swimming.  And they're swimming right now as if that's all that matters.|",Statement Non Opinion
|It's like single mindedness with no mind.  It's urgency that's pure urge.  They don't know what drives them.  They don't ask it a question or give it a name.|,Statement Opinion
"|They just turn as one and start the swim that brings them right here to where we stand, for a massive celebration of sex and death.|",Statement Non Opinion
"|Ah, God, I'm giving myself goose bumps.  Look, all my hairs are popped up.|",Statement Non Opinion
|That's the wind.|,Statement Non Opinion
"|Well, so what do you think?|",Question
|About what?|,Question
|What I was saying.|,Question
|It's ridiculous.|,Statement Opinion
"|Well, so what do you think?|",Question
|About what?|,Question
|What I was saying.|,Question
|It's ridiculous.|,Statement Opinion
|It certainly is not.  It's slightly exaggerated scientific fact.|,Disagreement
|It's PR.  Somebody sold you a bill of goods that this wonderful event is gonna take place on the beach.|,The dialogical act shown in the text is **Statement Opinion**.,Statement Opinion
"|Well, I'm not the only one.  Look at all these people.|",Disagreement
"|Sure, everybody's told the same story.  It keeps us all excited.  It keeps us coming back for more.  It keeps us thinking that life is gonna start any second now if we could just find the right spot and get in on the action.|",Statement Opinion
|Are we talking about the same thing?|,Question
"|Well, I'm sorry, but it's still just fish to me.|",Apology
"|Carla, can I ask you something?  Don't take this wrong, but are you having your period?|",Question
"|God damn it, Augie, don't ask me that.  I hate it when you ask me that.  You always ask me that.  It's insulting.|",Disagreement
"|Well, what's bugging you?|",Question
|We just have different ideas of what this evening is supposed to look like.|,Disagreement
"|There's nothing to it.  We come here, the grunion arrive, they do their little fish business, we go ooh, ah, look at the fish.  They go home. We go home.|",Statement Non Opinion
"|For heaven sake, we're not going to see the grunions.|",The dialogical act shown in the text is **Disagreement**.,Disagreement
|Why not?|,Question
"|We never do, do we?  I mean, have we ever?|",Question
|We've missed them twice.  That's not ever.|,Statement Non Opinion
|Twice is every time we've tried. That's ever.|,Statement Non Opinion
"|Well, we'll see them this year.|",Statement Non Opinion
"|No, we won't.  It's pointless.  It's like waiting up to see Santa Claus.|",Disagreement
"|I mean, I feel like my whole life is gonna be spent standing on the beach with my eyes wide open and my hands clasped expectantly waiting for the fish to show up.  And the fish won't show up.|",Statement Opinion
|I thought you wanted to see it.|,Statement Opinion
|You don't understand anything I'm saying.|,Disagreement
"|No, of course not.|",Disagreement
|I did want to see it.  I always do.  I keep thinking that this is gonna be the time and it never is.|,Statement Opinion
|It's just fish.  Nothing to get traumatized about.|,Statement Opinion
"|For heaven sake, this isn't about fish.|",Statement Opinion
"|All right.  Look, I've been trying to work this backwards, but I cannot seem to figure out the exact moment that we took a turn for the worst.|",Statement Opinion
"|I mean, you were-  you were fine during the phone call from Marge.  Dinner was okay.  Doing the dishes was no problem.  Let's see.  I took a shower.  You watched the news.|",The dialogical act shown in the text is **Statement Non Opinion**.,Statement Non Opinion
"|You said, ""Hey the grunion are running tonight.""  I said, ""Great, let's go.  I feel lucky.""|",Agreement
"|Okay, so I'm putting on my jacket, putting out the animals, getting the car out of the garage--|",The dialogical act shown in the text is: **Statement Non Opinion**,Statement Non Opinion
"|Do you remember the first time we came to see it?  It was about four years ago, right after we got married.|",Question
"|I thought I was pregnant, you had a bottle of champagne, but no glasses.  You asked me to dance, so we kicked off our shoes and you popped the cork.|",Statement Opinion
"|And while we were dancing, you said the softest, most intimate things to me right into my ear so that I could feel them as much as hear them.|",Statement Opinion
"|And I remember thinking, this is it.  You know, at last--at last I am as happy as I am supposed to be.|",Statement Opinion
|Wait a minute.  I've got it.|,Command
"|Just dancing barefoot in the sand, drinking champagne out of the bottle.|",Statement Non Opinion
"|It was in the car, right?  Driving past the Knickerbocker Liquor Locker, you said, ""let's get some champagne,"" and I said, ""time's a wasting"" or something like that, right?|",Question
"|Yeah, of course, I see it now.  You want this to be like that other time, right?  That's it, right?|",The dialogical act shown in the text is: **Agreement**,Agreement
|I'd rather not remember some things.  I would rather not hope for some things.|,Statement Opinion
"|Okay, yeah, sure, I see it now.  Listen, you wanna dance?|","The dialogical act shown in the text is: **Command** (specifically, ""Listen, you wanna dance?"" is a directive or command). The preceding phrases (""Okay, yeah, sure, I see it now"") are **Backchannel**. However, since the prompt asks for *one word* and the dominant new act is the command, the answer is:  ",Command
"|Okay, yeah, sure, I see it now.  Listen, you wanna dance?|",
"|Okay, yeah, sure, I see it now.  Listen, you wanna dance?|",**Command**,Command
|No.|,Disagreement
|You want me to go get some champagne?|,Question
|No.|,Disagreement
|Take off our shoes?|,Question
|No. No.|,Disagreement
"|Well, what?  You want me to breathe in your ear?|",Question
|No.|,Disagreement
|You wanna get married again?|,Question
|No.|,Disagreement
|What?  What?  You want a divorce?|,The dialogical act shown in the text is **Question**.,Question
|No.|,Disagreement
|A vacation?|,Question
|No.|,Disagreement.
"|A new carpet?  A poodle?  Ice cream?  Back rub?  A suicide pact?  What?  What?  Carla, what the hell do you want?|",Question
|I want something to turn out the way that it's supposed to.|,Statement Opinion
"|Well, welcome to the human race.  Do you think this is what I had in mind when I proposed?  That four years down the road, we'd be at the beach yelling at each other over fish?|",The dialogical acts in the given text are as follows:  
"|Well, welcome to the human race.  Do you think this is what I had in mind when I proposed?  That four years down the road, we'd be at the beach yelling at each other over fish?|",
"|Well, welcome to the human race.  Do you think this is what I had in mind when I proposed?  That four years down the road, we'd be at the beach yelling at each other over fish?|","1. **""Well, welcome to the human race.""** → **Greeting** (sarcastic)  ","""Well, welcome to the human race."""
"|Well, welcome to the human race.  Do you think this is what I had in mind when I proposed?  That four years down the road, we'd be at the beach yelling at each other over fish?|","2. **""Do you think this is what I had in mind when I proposed?""** → **Question** (rhetorical)  ","""Do you think this is what I had in mind when I proposed?"""
"|Well, welcome to the human race.  Do you think this is what I had in mind when I proposed?  That four years down the road, we'd be at the beach yelling at each other over fish?|","3. **""That four years down the road, we'd be at the beach yelling at each other over fish?""** → **Statement Opinion** (expressing frustration)  ","""That four years down the road, we'd be at the beach yelling at each other over fish?"""
"|Well, welcome to the human race.  Do you think this is what I had in mind when I proposed?  That four years down the road, we'd be at the beach yelling at each other over fish?|",
"|Well, welcome to the human race.  Do you think this is what I had in mind when I proposed?  That four years down the road, we'd be at the beach yelling at each other over fish?|","Since you asked for **one word**, the most dominant act is likely **Question** (as it drives the dialogue forward). However, if you need a single label for the entire utterance, it would be **Statement Opinion** (expressing dissatisfaction).  ",one word
"|Well, welcome to the human race.  Do you think this is what I had in mind when I proposed?  That four years down the road, we'd be at the beach yelling at each other over fish?|",
"|Well, welcome to the human race.  Do you think this is what I had in mind when I proposed?  That four years down the road, we'd be at the beach yelling at each other over fish?|",Which one do you prefer?
"|No.  You think I knew that there'd be times when you'd look at me like a used Kleenex?  Or that I'd look at you and think, holy hell, when's the next flight to Alaska?|",Disagreement
"|No, Carla, I'm just like you.  I thought it was gonna be all peaches and roses and sand in our toes and wind in our hair and the fish will always come and the bills will pay themselves and we'll have three fat rosy kids and ha, ha, baby, the joke's on us|",Disagreement
"|cause you know what you get, Carla?  You know what you get?  This.|",Question
|This.  What?  What is this?  This isn't even anything.|,The dialogical acts in the text are as follows:
|This.  What?  What is this?  This isn't even anything.|,
|This.  What?  What is this?  This isn't even anything.|,1. This. - **Statement Non Opinion**  ,Statement Non Opinion
|This.  What?  What is this?  This isn't even anything.|,2. What? - **Question**  ,Question
|This.  What?  What is this?  This isn't even anything.|,3. What is this? - **Question**  ,Question
|This.  What?  What is this?  This isn't even anything.|,4. This isn't even anything. - **Statement Opinion**,Statement Opinion
"|Yes, it is.|",Answer
"|Uh, right this is standing on the beach.  This is waiting.  This is fighting.|",Statement Non Opinion
|Right.|,Acknowledge
|Well.  This isn't anything like I thought anything would be like.|,Statement Opinion
"|I know, me neither.|",Agreement
"|I mean, this is just this.  It includes a lot and everything, but it isn't something else.  Do you have any idea what I'm trying to say?|",The dialogical act shown in the text is **Question**.,Question
|I'm doing the best I can.|,Statement Non Opinion
"|I know that, Augie.  Really, I do.|",Acknowledge
"|I know that you meant this to be special and nice and the sand and the moon and all, but I just couldn't help thinking about being somewhere else.|",Statement Opinion
|Maybe if you were with somebody else too.|,Statement Opinion
|I didn't say that.|,Disagreement
"|No, I know.  But still.  I know I don't make you happy.|",Disagreement
"|Oh, for heaven sake, whatever I'm doing, I'd rather be doing it with you.|",Statement Opinion
|Yeah?|,Backchannel
"|Oh, don't be ridiculous.  I mean, don't you know that?|",Disagreement
|You're the one who probably wishes you were with someone else.  Someone who--you'd rather enjoy yourself and didn't take everything so hard.|,Disagreement
"|Well, now that you mention it.  No, I don't.|",Acknowledge
"|Okay.  Fine so.  We're in the wrong spot, but we're with the right person.|",The dialogical act shown in the text is **Statement Opinion**.,Statement Opinion
"|I don't know.  It seemed like a pretty good spot to me.  I mean, look at the view you have of the moon from here.|",Statement Opinion
"|Yeah, I noticed that.  Looks pretty, doesn't it?  Big ol' white moon.|",The dialogical act shown in the text is: **Statement Opinion**,Statement Opinion
"|Well, look what we have here.|",Command
"|Augie, you brought refreshments.|",Statement Non Opinion
|It's not champagne.|,Disagreement
"|Well, then we don't need glasses.|",Disagreement
|You still cold?  Do you wanna go home?|,Question
|No.  I think you might be right.  Maybe this is the spot after all.|,Agreement
"|Augie, I'm sorry.|",Apology
|Shh.  If we're very quiet the fish might come.|,Command
|Or not.|,Disagreement
|Or not.|,Disagreement
|Good God.|,Statement Non Opinion
|Do you think it's them?|,Question
|I wonder.|,Statement Opinion
"|Well, nobody know we're here except Freda and she wouldn't ring up.|",Statement Opinion
"|Must be them, then.|","The dialogical act shown in the text ""Must be them, then."" is **Statement Opinion**.",Statement Opinion
|What're we gonna do?|,Question
"|We're all right, darling, aren't we?  Whatever happens.|",The dialogical act shown in the text is **Question**.,Question
"|Now and always, sweet.|",Statement Non Opinion
|I don't care then.|,Disagreement
|It was bound to come sooner or later.|,Statement Opinion
|Hello?  Hello?  What?  Wrong number.|,"Greeting, Greeting, Question, Statement Non Opinion"
"|Ah, it send shivers up my spine.|",Statement Opinion
|What do we do if they suddenly walk in on us?|,Question
|Behave exquisitely.|,Command
|With the most perfect poise?|,Statement Non Opinion
"|Oh, of course.  I shall probably do a court curtsy.|",Agreement
|Things that ought to matter dreadfully don't matter at all when one's happy.  Do they?|,The dialogical act shown in the text is: **Question**,Question
|What's so horrible is that one can't stay happy.|,Statement Opinion
"|Oh, darling, don't say that.|",The dialogical act shown in the text is **Command**.,Command
|It's true.  The whole business is a very poor joke.|,Disagreement
"|Meaning that sacred and beautiful thing, love?|",Statement Opinion
"|Yes, meaning just that.|",Agreement
"|Oh, what does it all mean?  That's what I ask myself in my ceaseless quest for ultimate truth.  Dear God, what does it all mean?|",Question
|Don't laugh at me.  I'm serious.|,Command
"|You mustn't be serious, my dear one.  That's just what they want.|",Command
|Who's they?|,Question
|All those futile moralists that try to make life unbearable.  Laugh at them.  Be flippant.  Laugh at everything.  All their sacred shibboleths.|,Command
|Flippancy brings out the acid in their damn sweetness and light.|,Statement Opinion
"|If I laugh at everything, then I must laugh at us too.|",Statement Opinion
"|Certainly, you must.  We're figures of fun, alright.|",The dialogical act shown in the text is **Statement Opinion**.,Statement Opinion
"|Well how long will it last us, this ludicrous overbearing love of ours.|",Question
|Who knows.|,Question
"|Well, shall we always want to bicker and fight?|",Question
"|No, that desire will fade.  Along with our passion.|",Disagreement
"|Oh, dear, shall we like that?|",Opinion
|Depends on how well we've played.|,Statement Non Opinion
"|Well, what happens if one of us dies?  I mean, does the one that's left still laugh?|",Question
|Yes.  Yes. With all his might.|,Acknowledge
"|That's serious enough, isn't it?|",Question
"|No. No, it isn't.  Death is very laughable.  Such a cunning little mystery.  All done with mirrors.|",Disagreement
"|Darling, I believe you're talking nonsense.|",Disagreement
|So is everyone else in the long run.|,"The dialogical act shown in the text ""So is everyone else in the long run."" is **Statement Opinion**.",Statement Opinion
"|Let's be superficial and pity the poor philosophers.  Let's blow our trumpets and squeakers and enjoy the party as much as we can.  Like quite idiotic, very small school children.  Let's savor the delight of the moment.|",Statement Opinion
"|Come and kiss me, darling, before your body rots and worms pop in and out of your eye sockets.|",Command
"|Elliott, worms don't pop.|",Statement Non Opinion
"|I don't care what you do.  See, you could paint yourself green and dance naked in the Place Vendome and rush off madly with all the men in the world and I shan't say a word.  As long as you love me best.|",Disagreement
"|Oh, thank you, dear.  The same applies to you except that if I catch so much as looking at another woman, I'll kill you.|",The dialogical act shown in the text is **Agreement**.,Agreement
|You remember that awful scene we had in Venice?|,Question
|Which particular one?|,Question
|The one when you bought that little painted wooden snake in the Piazza and put it on my bed.|,The dialogical act shown in the text is **Statement Non Opinion**.,Statement Non Opinion
|Charles.  That was his name.  Charles.  He did wriggle so beautifully.|,Statement Non Opinion
"|Ah, horrible thing.  I hated it.|",Disagreement
"|Yes, I know you did.  You threw it out of the window into the Grand Canal.  I don't think I'll ever forgive you for that.|",Disagreement
|How long did that row last?|,Question
|It went in intermittently for days.|,Statement Non Opinion
|The worst one was in Cannes when your curling iron burnt a hole in my new dressing gown.|,Statement Opinion
|It burned my comb too and all the towels in the bathroom.|,Statement Non Opinion
"|That was a rouser, wasn't it?|",Question
|That was the first time you ever hit me.|,Statement Non Opinion
|I didn't hit you very hard.|,Statement Non Opinion
"|The manager came in and found us rolling around on the floor, biting and scratching like panthers.|",The dialogical act shown in the text is: **Statement Non Opinion**.,Statement Non Opinion
"|Oh, I'll never forget his face.|",Statement Opinion
|It was ridiculous.  Completely ridiculous.|,Statement Opinion
|We were very much younger then.|,Statement Non Opinion
|and very much sillier|,"The dialogical act shown in the text ""and very much sillier"" is **Statement Opinion**.",Statement Opinion
"|As a matter of fact, the real cause of that row was Peter Burden.|",Statement Opinion
|I knew nothing of the sort.  You took presents from him.|,Disagreement
|Presents?  Just a trivial little broach.|,Question
"|Ah, yes, I remember it well.  Bristling with diamonds in the worst possible taste.|",Acknowledge
"|No, it wasn't.  It was very pretty.  I still have it and I wear it often.|",Disagreement
|You went out of your way to torture me over Peter Burden.|,The dialogical act shown in the text is **Accusation**. ,Accusation
|You went out of your way to torture me over Peter Burden.|,
|You went out of your way to torture me over Peter Burden.|,"(Since ""Accusation"" isn't explicitly listed in your provided categories, the closest fit from your options would be **Statement Opinion**, as it expresses a subjective judgment about someone's actions.) ",Statement Opinion
|You went out of your way to torture me over Peter Burden.|,
|You went out of your way to torture me over Peter Burden.|,"However, if strictly limited to your given choices: **Statement Opinion**.",Statement Opinion
"|No, I didn't.  You worked the whole thing up in your jealous imagination.|",Disagreement
"|You must admit, he was in love with you, wasn't he?|",Statement Opinion
"|Just a little perhaps, nothing serious.|","The dialogical act shown in the text ""Just a little perhaps, nothing serious."" is **Statement Non Opinion**.",Statement Non Opinion
|You let him kiss you.  You said you did.|,Command
"|Well, what of it?|",Question
|What of it?|,Question
|It didn't hurt him at all and I enjoyed it.|,Statement Opinion
"|Well, what about me?|",Question
"|Well, if you hadn't been so suspicious and nosey, you never would have known a thing about it.|",The dialogical act shown in the text is **Disagreement**.,Disagreement
"|Well, that's a nice point of view I must say.|",Opinion
|I'm bored with this conversation.|,Statement Opinion
"|Me, too.  Bored stiff.  You want some brandy?|",Agreement
"|No, thanks.|",Disagreement
|I think I'll have some.|,Statement Opinion
|Don't see why you want any.  You've already had two glasses.|,Disagreement
|No particular reason.  Anyhow they were very small ones.|,Statement Non Opinion
|Just seems so silly to go on and on and on with such a thing.|,Statement Opinion
|You can hardly call three liquor glasses in a whole evening going on and on and on.|,The dialogical act shown in the text is **Disagreement**.,Disagreement
"|Well, it's become a habit with you.|",Statement Opinion
"|You needn't be so grand, just because you don't happen to want any yourself at the moment.|",The dialogical act shown in the text is **Disagreement**.,Disagreement
|Don't be so stupid.|,Command
"|Really, Amanda.|","The dialogical act shown in the text ""Really, Amanda."" is **Disagreement**.",Disagreement
|What?|,Question
|Nothing.|,"The dialogical act shown in the text ""Nothing."" is: **Acknowledge**.",Acknowledge
|Going out somewhere dear?|,Question
"|No, just making myself fascinating for you.|",Disagreement
|That reply has broken my heart.|,Disagreement
"|A woman's job is to allure the man.  Watch me a minute, will you?|",The text contains two distinct dialogical acts:  
"|A woman's job is to allure the man.  Watch me a minute, will you?|",
"|A woman's job is to allure the man.  Watch me a minute, will you?|","1. *""A woman's job is to allure the man.""* – **Statement Opinion**  ",Statement Opinion
"|A woman's job is to allure the man.  Watch me a minute, will you?|","2. *""Watch me a minute, will you?""* – **Command**  ",Command
"|A woman's job is to allure the man.  Watch me a minute, will you?|",
"|A woman's job is to allure the man.  Watch me a minute, will you?|","Since you asked for a single word, the dominant act is **Command** (as it directs action). However, if treating the entire text as one unit, **Command** still prevails.",Command
"|As a matter of fact, that's perfectly true.|",Agreement
"|No, it isn't.|",Disagreement
"|Yes, it is.|",Agreement
"|Oh, be quiet.|",Command
"|Ah, it's a pity you didn't have any more brandy.  It might have made you a little less disagreeable.|",Statement Opinion
|Doesn't seem to have worked such wonders with you.|,Disagreement
"|Snap, snap, snap, like a little adder.|","The dialogical act shown in the text ""Snap, snap, snap, like a little adder."" is **Statement Non Opinion**.",Statement Non Opinion
"|Adders don't snap, they sting.|",Statement Non Opinion
|Nonsense.  They have a little bag of venom behind their fangs and they snap.|,Disagreement
|They sting.|,Statement Non Opinion
|They snap.|,Command
"|I don't care, do you understand?  I don't care.  I don't care if they bark or roll about like hoops.|",Disagreement
|Did you see much of Peter Burden after our divorce?|,Question
"|Yes, I did.  Quite a lot.|",Answer
"|Hmm, I imagine you let him kiss you a good deal more then.|",Statement Opinion
|Mind your own business.|,Command
"|Oh, must have had a riotous time. No restraint at all.  Very enjoyable and never had much anyhow.|",Statement Opinion
|You're quite insufferable|,"The dialogical act shown in the text ""You're quite insufferable"" is **Statement Opinion**.",Statement Opinion
|I'm not in the least drunk.|,Disagreement
|You've always had a weak head.|,"The dialogical act shown in the text ""You've always had a weak head."" is **Statement Opinion**.",Statement Opinion
"|On the contrary, a child of two could get violently drunk on only one glass of brandy.|",Disagreement
"|Oh, very interesting.  How about a child of four?  A child of six?  Or a child of nine?|",Question
|Shut up.|,Command
"|We could get a good debate going about this, don't you think?  Intemperate tots.|",The dialogical act shown in the text is **Question**.,Question
"|Not very funny, dear.  You'd better have some more brandy.|",Disagreement
|All right.  I will.|,Command
"|You better turn that off, I think.|",Command
|Why?|,Question
|Because it's late and it'll annoy the people upstairs.|,Answer
|There aren't any people upstairs.  It's a photographer's studio.|,Statement Non Opinion
|There are people downstairs I suppose?|,"The dialogical act shown in the text ""There are people downstairs I suppose?"" is **Question**.",Question
|They're away in Tunis.|,Statement Non Opinion
|This is no time of the year for Tunis.|,Statement Opinion
"|Turn it on again, please.|",Command
|I'll do no such thing.|,Disagreement
"|Very well, if you insist on being boorish and idiotic.|",Disagreement
|Turn it off.  It's driving me mad.|,Command
|You are far too temperamental.  Try to control yourself.|,Command
|Turn it off.|,Command
|Stop it.  Go away.  I hate you.|,Command
"|Amanda, listen. listen|",Command
"|Listen?  Listen, indeed.  I am sick and tired of listening to you, damn sadistic bully.|",The dialogical act shown in the text is **Disagreement**.,Disagreement
"|Very amusing, indeed.|",Statement Opinion
"|I hate you.  Stop it.  Stop it.  I hate you, do you hear?  You're conceited and overbearing and utterly impossible.|",The dialogical act shown in the text is **Disagreement**.,Disagreement
"|You're a vile, tempered, loose living, wicked little beast and I hope to never see you again as long as I live.|",Disagreement
|This is the end.  Finally and forever.  Do you hear me?  The end.|,The dialogical act shown in the text is **Command**.,Command
|You're not going like this.|,Command
"|Oh Yes, I am.|",Agreement
|You're not.|,Disagreement
|I am.  Let go of me.  You're a cruel fiend and I hate and loathe you.|,The dialogical act shown in the text is **Disagreement**.,Disagreement
|Shut up. Shut up.|,Command
|I wouldn't-- I wouldn't marry--|,Disagreement
|I wouldn't marry you if you came in crawling on your knees|,Disagreement
|Thank God I realized what you are-- I'd never marry you again ever in my life. You're a cruel fiend and I hate you. You're a beast. You're a beast--I hate you. Stop it.  Stop it.|,Disagreement
|You're a evil vampire and I hope to God I never see you again as long as I live.|,Disagreement
|All right. Finally. Here you go.|,The dialogical act shown in the text is: **Acknowledge**,Acknowledge
"|Hi, How can I help you?|",Greeting  
"|Hi, How can I help you?|",Question
"|Yea. I just want to get this done,|",Agreement
"|Sure, um|","The dialogical act shown in the text ""Sure, um"" is **Acknowledge**.",Acknowledge
|get my new license.|,Command
|do you have two forms of ID with you?|,Question
"|Um, no, I got my driver's license though.|",Disagreement
"|I actually need two forms of ID. I need either a passport or a birth certificate, or social security card. I'm sorry.|",The dialogical act shown in the text is: **Apology**.,Apology
"|Uh, sorry, I forgot them. I mean I've got to -|",Apology
|Well|,"The dialogical act shown in the text ""Well"" is:"
|Well|,
|Well|,Backchannel
|well is the dri-driver's license going to work?|,Question
|I- I can take your driver's license but I need another form of ID in order to process this paper work.|,Command
"|Okay, so what are you saying? What-|",Question
"|Um, that you would need to go home and get another form of ID and come back.|",Command
"|What? I- You telling me I waited in that huge line to go and sit down and get my number called, like after|",The dialogical act shown in the text is **Disagreement**.,Disagreement
"|Well, I'm sorry sir but|",Apology
|three hours and|,"The dialogical act shown in the text ""three hours and"" is **Statement Non Opinion**.",Statement Non Opinion
|you need to bring two forms of ID there is nothing we can do about it.|,Command
|Shouldn't they have like told us about that? I mean why - why would they make me go and wait three hours if I have got to go and do it again?|,Question
"|Well, it's actually-|","The dialogical act shown in the text ""Well, it's actually-"" is **Acknowledge**.",Acknowledge
"|It's standard that you bring a couple of forms of ID, I'm sorry.|",The dialogical act shown in the text is: **Apology**,Apology
"|It's standard? I mean I don't work at the D.M.V. how am I supposed to know that, like, I stand in line, I get my|",The dialogical act shown in the text is: **Statement Opinion**,Statement Opinion
"|Well, I'm sorry, sir, but we're not responsible.|",Apology
"|I filled out the application right, didn't I?|",Question
"|Yes, you did, thank you very much, but we're not responsible if you've forgotten something, and we need to have two forms of ID.|",The dialogical act shown in the text is **Acknowledge**.,Acknowledge
|Okay. What about - no -- how about you hold that and I'll - I'll go and I can come back-|,The dialogical act shown in the text is: **Command**,Command
"|I'm sorry, but there is a lot of people waiting so you're just going to have to get in line again.|",Apology
|I've been waiting for three hours.|,Statement Non Opinion
"|It just happens to people all the time, I'm sorry sir, but I can't make an exception for you.|",Apology
|This is ridiculous. Come on|,"The dialogical act shown in the text ""This is ridiculous. Come on"" is **Disagreement**.",Disagreement
"|I'm sorry, sir.|",Apology
"|I cannot go back in that line. I've got stuff I need to do, I mean-|",Disagreement
|there is nothing I can do.|,Statement Non Opinion
"|But my driver's license - I had to have my birth certificate to get my driver's license in the first place right, I mean this - here is my driver's license so|",Statement Non Opinion
"|I know sir, but we have to have two forms. There is nothing I can do about it, I'm sorry.|",The dialogical act shown in the text is: **Apology**,Apology
|That doesn't make any sense. Why?|,Disagreement
"|I'm sorry, sir. There is nothing I can do.|",Apology
|You- shouldn't you have like a sign or something maybe like up on the counter when you get the applica- maybe on the application|,The dialogical act shown in the text is **Question**.,Question
"|Well, if you had checked the web site it would have said.|",The dialogical act shown in the text is **Statement Opinion**.,Statement Opinion
|If you had checked the website it would have said that you needed two forms of identification.|,The dialogical act shown in the text is **Statement Non Opinion**.,Statement Non Opinion
"|What web- I didn't go to a website - why would I need to - it's the D.M.V.. You come to the D.M.V., you wait in line for three hours, and then you go home.|",The dialogical act shown in the text is **Statement Opinion**.,Statement Opinion
"|Well, maybe you should|",Command
|I waited in line now I'm ready to get my stuff and then go home.|,Statement Non Opinion
|Right. So maybe you should go home now and get your paperwork and come back.|,Command
"|I'm sorry sir but there's a lot of people waiting. So if you won't move out of the way, then I'm going to have to call security.|",Apology
"|God, oh my-|",Exclamation
|This is ridiculous.|,Statement Opinion
"|I'm sorry, sir, it's not my choice.|",Apology
"|I'm going to miss you too; I don't know what I'm going to do here without you. It's going to be so lonely, and so hard.|",Agreement
|I don't want to be a single mom.|,Statement Opinion
"|You won't be. I'll be back; I'll be back before you know it. All right, and|",The dialogical act shown in the text is **Command**.,Command
|but|,"The dialogical act shown in the text ""but"" is **Disagreement**.",Disagreement
|and|,"The dialogical act shown in the text ""and"" is **Backchannel**.",Backchannel
|It's dangerous; I mean how can you make sure that you'll|,The dialogical act shown in the text is: **Statement Opinion**,Statement Opinion
"|It's- It's dangerous anywhere, honey. I mean this is -this- I'm just going to go and we'll get it over with,|",The dialogical act shown in the text is **Statement Opinion**.,Statement Opinion
"|I'll come back we'll have, you know, some good benefits from being in the service and then we'll live - we'll live a happy life, then the rest of us, like the three of us.|",Statement Opinion
|I hope so.|,"The dialogical act shown in the text ""I hope so."" is **Acknowledge**.",Acknowledge
|A little family.|,Statement Non Opinion
|I hope so.|,"The dialogical act shown in the text ""I hope so."" is **Acknowledge**.",Acknowledge
|You gotta|,Command
|It's going to be really rough.|,Statement Opinion
"|You gotta take care of our baby for me, alright?|",Command
|I'll send you lots of pictures.|,Command
"|I hope so, because I'm not going to be able to survive without all that. I don't know what I'm going to do.|",Statement Opinion
|I've never been - I've never been away from you for two weeks let alone a year.|,Statement Opinion
"|Well, just promise me that you going to be safe.|",Command
"|I mean can't they put you in like, you know kitchen work or something where you won't get|",Question
"|No, it doesn't work that way|",Disagreement
"|but, I mean, I'm going to do whatever I can and get back here as fast as I can.|",Statement Opinion
|It doesn't make any sense; I don't know why we have to be at war in the first place.|,Statement Opinion
"|I know, but it's not our decision, I guess, you know, I mean|",The dialogical act shown in the text is: **Acknowledge**,Acknowledge
|there's people that thought it was the right thing to do so now we have to- we have to do what we have to do for our country|,Statement Opinion
"|and it'll work out you know, go there and do that. Yeah, I'll be back|",The dialogical act shown in the text is: **Command**,Command
"|Will you write me letters, paper ones?|",Question
"|Yeah, of course. I don't know if we'll have computers or anything like that you know, so probably my only option then.|",The dialogical act shown in the text is: **Statement Opinion**,Statement Opinion
"|Yeah, I'll write you every day 'cause you're the only thing that's going to be on my mind.|",Agreement
"|Our baby needs a dad; you can't leave. Okay, you can't disappear.|",The dialogical act shown in the text is: **Command**,Command
"|Our baby has a dad, alright. Daddy is going to be back soon.|",Statement Opinion
"|I want you to, you know, take lots of video; pictures and I can see you when I get back or while I'm there. I'm going to miss you.|",Command
|I'll miss you too.|,Answer
"|Oh, you're never going to believe it.|",Statement Opinion
|What? What? You look really happy what's going on?|,Question
"|Well, I finally did it|",Statement Non Opinion
|Finally did what?|,Question
|I-I asked her to marry me.|,Statement Non Opinion
"|You did? Oh, my Gosh, I'm so proud of you.|",The dialogical act shown in the text is: **Acknowledge**,Acknowledge
"|Yes, I know. [LAUGHTER]|",Acknowledge
"|Oh, my Gosh. Well, and did|",The dialogical act shown in the text is **Backchannel**.,Backchannel
"|I'm so nervous you know, I'm-|",Statement Opinion
|Did she say yes?|,Question
"|Yes, she said yes. [LAUGHTER] I know|",Acknowledge
|That's like the most definitive.|,Statement Opinion
"|Oh, my gosh, wait so when did you decide to do this, I mean,|",Question
|I would have thought you would have told me that you were planning on doing this.|,Statement Opinion
"|Yea, I guess so. Oh, my Gosh. Was she surprised?|",The dialogical acts in the text are:  
"|Yea, I guess so. Oh, my Gosh. Was she surprised?|",
"|Yea, I guess so. Oh, my Gosh. Was she surprised?|","1. ""Yea, I guess so."" → **Agreement**  ",Agreement
"|Yea, I guess so. Oh, my Gosh. Was she surprised?|","2. ""Oh, my Gosh."" → **Backchannel**  ",Backchannel
"|Yea, I guess so. Oh, my Gosh. Was she surprised?|","3. ""Was she surprised?"" → **Question**  ",Question
"|Yea, I guess so. Oh, my Gosh. Was she surprised?|",
"|Yea, I guess so. Oh, my Gosh. Was she surprised?|","(Since you asked for *one word*, the most prominent is likely **Question**.)",Question
"|Yes, yes. You know, she - she was like - I mean, she was happy, you know|",The dialogical act shown in the text is **Backchannel**.,Backchannel
|Yeah.|,Acknowledge
"|I - I think it was about time, I don't know, maybe. You know what, it's been it's been long enough now.|",Statement Opinion
|So what did you do?|,Question
"|Oh, well, it was -- you know, we were at this- at this concert and yeah|",The dialogical act shown in the text is **Backchannel**.,Backchannel
|so I-I talked to some of the crew before hand and-|,Statement Non Opinion
"|Oh, You did not.|","The dialogical act shown in the text ""Oh, You did not."" is **Disagreement**.",Disagreement
|I-I did.|,"The dialogical act shown in the text ""I-I did."" is **Acknowledge**.",Acknowledge
"|Oh, my Gosh. that's so cute|","The dialogical act shown in the text ""Oh, my Gosh. that's so cute"" is **Statement Opinion**.",Statement Opinion
"|So I got the band to do something, you know, like towards the end of the song I got to go up on stage and, uh|",Statement Non Opinion
"|That's so romantic. Oh, my Gosh. She must have died. That's like one of those things you write into a magazine about like my boyfriend did this. Oh my God.|",The dialogical act shown in the text is: **Statement Opinion**,Statement Opinion
"|I know, so|",Acknowledge
|I got to freak her out.|,Command
"|No, yes -- so|",Disagreement
|She must have flipped out.|,Statement Opinion
"|Yea, that way she was guaranteed that she could not say no.|",Agreement
|Right exactly because you can't say no in front of thousands of people. [LAUGHTER]|,Agreement
"|No, but it was good.|",Disagreement
|Did you bring her up on stage too?|,Question
"|Yes, yes. [LAUGHTER]|",Acknowledge
"|Oh, my Gosh, that's so cute.|",Opinion
"|I know it was, I don't know I was really nervous but I'm really - I'm really glad.|",The dialogical act shown in the text is: **Acknowledge**,Acknowledge
|Are your parents excited or...?|,Question
"|Oh yes, they - they you know they love her and so I mean...|",Backchannel
"|Yea, totally. So when is it going to happen?|",The dialogical act shown in the text is: **Question**,Question
"|Well, we're thinking uh - we're thinking winter time, you know, we're going to do it in the winter and then maybe, you know, maybe|",Statement Opinion
"|I don't know either do a honeymoon like in the snow or fly down to like Australia, Southern Hemisphere, [GARBAGE] so we'll decide with that.|",Statement Opinion
"|Ooh, that would be fun.|",Backchannel
"|Do you think you'll get a house or something, like you guys are looking to buy some place or|",Question
"|Yea, yea, I'm not too sure where yet I guess you know, I kind of got to figure some stuff out here first|",The dialogical act shown in the text is: **Statement Opinion**,Statement Opinion
|Yeah. [LAUGHTER]|,Acknowledge
|but like you know it's just - I guess we're just excited right now that we'll get to continue it together.|,Statement Opinion
"|Oh my Gosh. I cannot believe you're getting married, that is so cool.|",Statement Opinion
|I know.|,Acknowledge
"|Golly, it just makes me all like romantic inside, like I really want that to happen to me. [LAUGHTER]|",Statement Opinion
"|Oh, it will, obviously you know. But I know it's something - I don't know, you never really think about it happening, like before hand.|",Opinion
|Did you have a good ring? You better have had a good ring.|,Question
"|Sure. Oh, yes.|",Backchannel
|Good. The ring makes all the difference.|,Statement Opinion
|You know I had my mom come along maybe help me out a little bit because she's got good taste. but|,Statement Opinion
"|Oh, that's awesome.|","The dialogical act shown in the text ""Oh, that's awesome."" is: **Acknowledge**.",Acknowledge
"|Yes, well, Thanks, thanks. Thank you. yeah|",Acknowledge
"|Yay, well congratulations, that's so cool. [BREATHING] I can't wait.|",Agreement
|Hah.|,"The dialogical act shown in the text ""Hah."" is **Backchannel**.",Backchannel
|I don't know what I'm going to do about this; I mean|,Statement Opinion
"|I have got to get a job, you know? Like-|",Statement Opinion
"|You've been doing a lot of work for it, right?|",Question
"|Well, yea you know, I get my resumes and I mean I-|",The dialogical act shown in the text is: **Backchannel**,Backchannel
"|Right, so the fact you doing the best that you can is -|",Acknowledge
"|I go out all the places I can, every place that'll give an interview you know.|",Statement Non Opinion
"|you know you shouldn't give yourself a hard time for that, it's the best you can.|",The dialogical act shown in the text is **Agreement**.,Agreement
"|But it's been so long, like what - what am I - what am I waiting -- I should probably just do something else, or|",Statement Opinion
"|Well, but you care about what you do, right?|",Question
"|I don't know, I mean why - why|",Question
"|Yea, but it's - it's almost like it's not worth it you know, if I'm going to waste to have my life like trying to get a job, I mean once I actually do get the job it's like oh, retirement or something. I don't know, you know.|",Statement Opinion
"|I understand that it's so frustrating but I know that you're here because you really want it you know and, and uh|",Acknowledge
"|Well, and that's what I begin to question after a while is maybe I just don't want it, maybe it's not even worth it, you know, like|",Statement Opinion
"|I don't even know if it's going to be worth it because I can't break myself in, you know like I can't - can't even get a foot in the door you know.|",Statement Opinion
"|Well, I mean you're still here you've tried for this long so I think that says something all in itself.|",Statement Opinion
"|Yea, it says I'm stupid enough to be trying this long and not move on somewhere else.|",The dialogical act shown in the text is **Statement Opinion**.,Statement Opinion
|You are persistence. I mean that's important. that's|,The dialogical act shown in the text is **Statement Opinion**.,Statement Opinion
"|I mean, I can't- I can't be persistent forever, you know, you can't not have a job forever, you know, I've got- I've got to do something, I've got to make money and get food on the table.|",Statement Opinion
"|Well, you're talented so keep that in mind, you know, you shouldn't give yourself too hard of a time.|",Statement Opinion
"|I mean, maybe I'm not, you know. I don't have a job. Maybe - maybe I'm not as good as-as I thought I was and|",Statement Opinion
|I just got a whole skewed opinion on just how this is supposed to work out and|,Statement Opinion
|I'm sorry.|,Apology
"|I don't know, it's just not, I don't know - I don't know what to do really, you know, I'm just thinking|",Statement Opinion
"|maybe - maybe take up painting, I don't know, you know.|",Statement Opinion
"|Do something that I don't have to go out and do something, stay at home, I don't know.|",Command
|Seems like the only option at this point because obviously the outer world has just rejected me of all possible employment.|,Statement Opinion
"|That's- I mean. There are more factors then just whether you're good or not, you know what I mean like|",The dialogical act shown in the text is: **Statement Opinion**,Statement Opinion
"|and the fact that you know there is always different types of things and what kind of people they want in the office and whether it's male or female or you know what I mean, like things are out of your control.|",Statement Opinion
|So you should take that in consideration rather than giving yourself such a hard time.|,Command
"|I know, but I mean- if that's the - you know, I'm either like the worst at this or just the most unlucky person on the planet I mean this doesn't|",The dialogical act shown in the text is **Statement Opinion**.,Statement Opinion
"|It might be the latter I don't know because you're not the worst, I mean you're great, you very talented at what you do.|",Statement Opinion
|this doesn't happen to a normal person.|,Disagreement
"|You know and the fact you still here and still cooking, like it's good that you're thinking about it, that you're reconsidering.|",The dialogical act shown in the text is **Statement Opinion**.,Statement Opinion
"|But like, just because you're considering why it's been so difficult doesn't mean you should just stop.|",Statement Opinion
"|I mean, I don't know, I don't see - I don't see any other way - any other way around it right now.|",Statement Opinion
"|Maybe you should take a little break from it, but I don't think you should stop.|",Statement Opinion
|What am I going to do on a break?|,Question
"|Get out of town or something, I mean you need - you need to clear your head 'cause you seem like you're really frustrated about it. I mean you need to like, be excited about you're doing, rather than, you know upset.|",Command
|Right. Thanks for talking to me.|,Acknowledge
|It seems that uh- my-my bag didn't make it out on the carousel.|,Statement Opinion
"|Oh, did you check? Did you make sure as it went around the second time that it-|",Question
"|Actually I'm looking here at the information, the flight that you were on we had some trouble with some of the baggage, it looks like a few peoples' bags didn't make it through. Um, so-|",Statement Non Opinion
|Okay. So what-what do I have to get you know|,Question
"|Well, you can fill out this paperwork um- and if for some reason it shows up, we can bring it to you, but-|",The dialogical act shown in the text is **Command**.,Command
"|For some reason, so you think it won't show up?|",Question
"|Well, sometimes it's just late baggage or misplaced baggage and it comes out but it seems to be here and just I'm reading off of this that|",The dialogical act shown in the text is: **Statement Opinion**,Statement Opinion
|Uh- it didn't make it into the second plane so it looks like there - they don't actually know what happened to it.|,Statement Non Opinion
|What? What? How does that happen?|,Question
"|Um, well, sometimes there is just difficulties with loading on to the plane. Uh- There can be a theft or uh- some sort of you know mishap with a cart or something.|",Statement Opinion
|I really - I really need that bag.|,Statement Opinion
"|I- I- I understand, but um.|","The dialogical act shown in the text ""I- I- I understand, but um"" is **Acknowledge**.",Acknowledge
|there are- I have important things in that bag. I've got|,The dialogical act shown in the text is **Statement Opinion**.,Statement Opinion
|Okay|,Acknowledge
"|I mean -- I've been away for a while and- and now I've- I've gifts for- for you know friends and family I mean, I got stuff in the there|",Statement Opinion
|Right.|,Acknowledge
|It's worth a lot.|,Statement Opinion
"|I understand that. Um- So I'm going to put down here that you looking for your baggage, but we actually can't, uh this bag is likely not going to show up so what we're going to do-|",The dialogical act shown in the text is: **Statement Non Opinion**,Statement Non Opinion
"|Not going to show - well isn't like - wouldn't it just be at the airport, that, like, if it didn't get on the other plane|",The dialogical act shown in the text is: **Question**,Question
|can they check there?|,Question
"|Sometimes it gets stolen, sometimes it gets misplaced on another plane and|",The dialogical act shown in the text is: **Statement Non Opinion**.,Statement Non Opinion
|on another-|,"The dialogical act shown in the text ""on another-"" is **Others**.",Others
"|they - they, it gets shipped to somewhere else and then it's stuck somewhere and then we have no way of tracking that.|",Statement Non Opinion
|So we'll- what we'll do|,"The dialogical act shown in the text ""So we'll- what we'll do"" is **Question**.",Question
"|But we have the tags on. I mean like it wouldn't you know, if it got stuck somewhere it's like well this is nobodies bag I mean maybe you know look on the tag and|",The dialogical act shown in the text is **Statement Opinion**.,Statement Opinion
|see where it came from originally. I mean it seems like-|,Command
|Right. Like I said sometimes a theft and things happen like that but we are willing to reim-reimburse you.|,The dialogical act shown in the text is **Acknowledge**.,Acknowledge
|Theft?|,Question
"|Um, so.|",Backchannel
"|Theft? Don't you know like all these people that are work - you keep like an eye on them, how can they get away with-|",The dialogical act shown in the text is **Question**.,Question
"|We have very tight security but we -uh- there are times when we just can't uh make sure there aren't absolutely no human error, you know|",The dialogical act shown in the text is: **Statement Opinion**,Statement Opinion
|I'm sorry there is no guarantee on baggage.|,Apology
|This is unbelievable. I've got|,Statement Opinion
|you don't realize the stuff that I've got in that - I really need to get the suitcase okay|,Statement Opinion
"|I understand, so-|",Acknowledge
"|so if it's back there or something, if there is something you can do|",The dialogical act shown in the text is **Question**.,Question
"|I need you to tell me because I really need to get the bag, okay?|",Command
"|all right, We've already checked back here for your baggage|",Acknowledge
|and we will continue to look for it and because your paper-|,Command
|You've already checked? Can you check again? [garbage]|,Question
"|I've already looked, thank you very much and because we've filled out paperwork if it shows up we will send it to you but otherwise what we can do is reimburse you for fifty dollar.|",The dialogical act shown in the text is: **Answer**,Answer
|Fifty- fifty dollars? Come on you have got to be joking.|,Disagreement
"|Well, it's- it's just sort of help with the fact uh that you lost some of your possessions and we rather do that than-|",The dialogical act shown in the text is: **Statement Opinion**,Statement Opinion
"|Uh huh, yea, lost some of my possessions, yes, so if I lost maybe a shoe that was in the suitcase and like a carry-on|",The dialogical act shown in the text is **Backchannel**.,Backchannel
"|that might be like fifty dollars okay, but this - I- [garbage] I had like thousands of dollars worth of stuff in that suitcase.|",The dialogical act shown in the text is **Statement Opinion**.,Statement Opinion
|The airline can't afford to give you everything that is in that suitcase. and so-|,Statement Opinion
|The a- what? Talking about a core they can't afford it? I mean-|,The dialogical act shown in the text is: **Question**,Question
|Well because lots of people get their baggage lost and we don't want to have false claims or anything like that so we have|,The dialogical act shown in the text is **Statement Opinion**.,Statement Opinion
"|we can give you fifty dollar to sort of make up for it, to compensate, and we can definitely let you know if it shows up but likely, more than likely-|",Apology
|I mean you're not helping me here. What do I have to do here? Do I need to sue the airline company is that what I should do|,The dialogical act shown in the text is **Question**.,Question
|because this is ridiculous?|,Disagreement
|I'm sorry. I don't- I-|,Apology
|I don't believe you should sue the airline company but we do have a policy uh- in which we can reimburse you and that's all we can do and I'm sorry I've done everything I can-|,The dialogical act shown in the text is: **Apology**,Apology
|All right. I'm sick- I'm sick of this all right. I'm sick of you and keep your fifty dollar.|,The dialogical act shown in the text is **Disagreement**.,Disagreement
|There's other people waiting-|,Command
|Fine.|,"The dialogical act shown in the text ""Fine."" is: **Acknowledge**.",Acknowledge
"|Oh my God. Oh my God, I'm so sorry.|",Apology
"|yeah, I mean, you know, it was a -|",Backchannel
"|I mean at least she was home, she wasn't in the hospital anymore,|",Statement Opinion
"|Oh, man. I'm so sorry.|",Apology
"|She was with- yeah  She was with Gary, and he said that she was just sitting there and went to sleep, closed her eyes, and that was it.|",The dialogical act shown in the text is **Statement Non Opinion**.,Statement Non Opinion
"|It's going to be so rough, I'm sorry.|",Apology
|Yeah.|,Acknowledge
"|out to- out to dinner you know and do the troops to California, I mean.|",The dialogical act shown in the text is: **Statement Non Opinion**,Statement Non Opinion
|Totally.|,Agreement
"|It's just that- I don't know, it's sort it's sort- of a weird thing you know|",Statement Opinion
|Yeah|,Acknowledge
"|not being able to see anyone again, who knows where they really went, you know. I mean, I guess we can just hope that wherever they are now if it's anywhere that it's better I mean.|",Statement Opinion
"|Yes. Well, at least you have a lot of good memories.|",The dialogical act shown in the text is: **Acknowledge**,Acknowledge
|She was [garbage]|,"The dialogical act shown in the text ""She was [garbage]"" is **Statement Opinion**.",Statement Opinion
"|She really cared about you, you know.|",Statement Opinion
"|Yes, I mean she cared about all of us. She was great|",The dialogical act shown in the text is: **Statement Opinion**,Statement Opinion
|so loving everybody you know.|,Statement Opinion
|And she was|,Statement Non Opinion
"|Gosh, I just hate I just hate to see her go.|",Statement Opinion
|Yeah.|,Acknowledge
|We were all going take a trip to Europe you know.|,Statement Non Opinion
|Even if you still do she'll- she'll be there.|,The dialogical act shown in the text is **Statement Opinion**.,Statement Opinion
|Yes.  [BREATHING] God.|,The dialogical act shown in the text is: **Acknowledge**.,Acknowledge
|Are you going to be okay?|,Question
"|I just -- I just don't get it, like there is just nothing you can do about it you know, it's like just out of your control and it|",Statement Opinion
"|just makes it that much harder to deal 'cause as much as you want to, you know, make her better, see her not in any pain, it's like, just I don't know, just has a mind of its own.|",Statement Opinion
|Then she's gone.|,Statement Non Opinion
"|It's going to be okay, I promise.|",Statement Opinion
"|Well, you know I appreciate you coming over and talking to me, I mean it definitely helps|",The dialogical act shown in the text is: **Acknowledge**,Acknowledge
|Sure|,Agreement
|to talk to somebody but|,"The dialogical act shown in the text ""to talk to somebody but"" is **Question**.",Question
|you shouldn't be alone|,Disagreement
"|It's just going to take a while, I think.|",Statement Opinion
|Yes.|,Answer
|Ah.|,Acknowledge
|Thank you.|,Acknowledge
|Yes.|,"The dialogical act shown in the text ""Yes."" is **Agreement**.",Agreement
"|[BREATHING] So, you know I've been hearing back from some colleges.|",The dialogical act shown in the text is **Statement Opinion**.,Statement Opinion
"|Oh, yeah? Have you gotten letters yet?|",Question
|Yeah. And guess who accepted me?|,The dialogical act shown in the text is **Question**.,Question
"|Um, I don't know, where?|",Question
|U.S.C..|,"The text ""U.S.C.."" is most likely an abbreviation or reference (e.g., to the United States Code). It does not clearly fit into any of the provided dialogical act categories except **Statement Non Opinion**, as it appears to be a neutral reference or fact. ",Statement Non Opinion
|U.S.C..|,
|U.S.C..|,Final answer: **Statement Non Opinion**.,Statement Non Opinion
"|Oh, U.S.C.? Oh my Gosh, that's awesome, that was your top choice, right?|",The dialogical act shown in the text is: **Acknowledge**,Acknowledge
"|Oh my Gosh, that's so cool.|",Statement Opinion
"|God, I-I got this big packet you know, in the mail and it's like-|",Statement Non Opinion
"|yes, this is [LAUGHTER], it says U.S.C., like registrar, I mean like, I got-I got some like little letters before you know, it's like oh rejection|",The dialogical act shown in the text is: **Acknowledge**,Acknowledge
"|Oh my Gosh, that's so cool.|",Statement Opinion
"|but big packet, big packet is nice|",Statement Opinion
|big packet is gotta be the real thing. yeah|,The dialogical act shown in the text is **Agreement**.,Agreement
"|So it's like, yes, rip it open and there it is big - oh, yes.|",The dialogical act shown in the text is: **Backchannel**,Backchannel
|That's so cool.|,Acknowledge
"|Yeah. I know, I know.|",Acknowledge
|it was you know I wasn't too sure I mean you know it was kind of last minute for like the application|,Statement Opinion
|and everything like but|,"The dialogical act shown in the text ""and everything like but"" is **Backchannel**.",Backchannel
"|Yeah, totally.|",Agreement
"|it was good, yeah. I mean-|",Agreement
"|I know, I know, yea. It'll be interesting you know, I've never -- I mean getting out of Vegas and everything but LA|",The dialogical act shown in the text is: **Backchannel**,Backchannel
|I'm looking forward to it.|,Statement Opinion
|So can we hang out?|,Question
"|Hey, yes, you know that's - that's what I'm coming for.|",The dialogical act shown in the text is: **Acknowledge**,Acknowledge
|Yay.|,"The dialogical act shown in the text ""Yay."" is: **Acknowledge**",Acknowledge
|You're half the reason I'm going. [LAUGHTER]|,Statement Opinion
"|Oh, yay. Thank you. [LAUGHTER].|",Acknowledge
|No but that's an awesome school. That's so cool.|,The dialogical act shown in the text is **Agreement**.,Agreement
"|I know ahh- yeah-, I'm definitely looking forward to it, and I mean they had a great football season last year|",The dialogical act shown in the text is: **Agreement**,Agreement
"|Oh, totally totally.|",Agreement
"|You know what I mean, I bet the home games, are just like nuts you know.|",Statement Opinion
|you get to like be a part of that.|,"The dialogical act shown in the text ""you get to like be a part of that."" is **Statement Opinion**.",Statement Opinion
"|Like you get to be a part of that. Like the, like the- Like a cult.|",Statement Opinion
|What?|,Question
|[LAUGHTER] I know. I mean part of-|,Acknowledge
"|[LAUGHTER] like a- like a- [LAUGHTER] No, but I mean like everywhere you go people know who you are.|",Statement Opinion
|Yeah. Right. A cult. I'm looking forward to being in the cult.|,Disagreement
"|Right I know, like you, it won't hurt, I mean national champions last year, wow, you know|",The dialogical act shown in the text is: **Acknowledge**,Acknowledge
|Maybe we'll do it again this year.|,Statement Opinion
|So you know what you are going to do there?|,Question
"|What's that? ahh Well, you know I'm I'm thinking um I'm leaning towards like communications|","The dialogical act shown in the text is: **Question** (for ""What's that?"") followed by **Statement Opinion** (for ""I'm leaning towards like communications""). ",Question
"|What's that? ahh Well, you know I'm I'm thinking um I'm leaning towards like communications|",
"|What's that? ahh Well, you know I'm I'm thinking um I'm leaning towards like communications|","However, since you asked for one word, the primary act is: **Question**.",Question
"|I-I don't know. Kind of a broad,|",Answer
"|Okay. They have a lot of good schools, right?|",Question
"|yeah, I mean a lot-a lot  of good stuff oh, yeah, I mean it's- it's just a really good school; so really, whatever I pick I can't go wrong. I mean I'm just|",The dialogical act shown in the text is **Agreement**.,Agreement
"|I'm looking forward to getting there. I mean, God, the campus is cool, you know it's like all just very confined I mean just you know it's a college campus you know it's like|",Statement Opinion
"|Yes, it's intimate.|",Answer
"|It's college- oh my God it's college, [GARBAGE] so it's like crazy.|",Statement Opinion
|I know. It's so cool.|,Agreement
"|Oh man. So, I don't know you know, we'll see - we'll see how it goes and, yeah, I'm looking forward to it|",Statement Opinion
"|Fair for you, Wow, oh my Gosh.|",Backchannel
|I mean you got to - you got to show me the ropes 'cause I've never been there before so I mean you know your way around already and- [LAUGHTER]|,Command
|I will do the best I can.|,Answer
"|Well, there are all kinds of awesome secrets so you'll really enjoy it. It's really great. I'm so glad.|",Statement Opinion
"|Oh, alright.|",Acknowledge
"|I'm-I'm looking forward to that. [BREATHING] man, So yeah, I think I'm going to come out a little early so I mean I'll give you a call and we'll definitely-|",The dialogical act shown in the text is: **Statement Opinion**,Statement Opinion
|Yay|,Acknowledge
"|Okay. Yes, totally come visit|",The dialogical act shown in the text is **Agreement**.,Agreement
"|and we'll explore and you going to have such a good time, you're going to fit in so well, it's going to be awesome|",The dialogical act shown in the text is **Statement Opinion**.,Statement Opinion
"|[LAUGHTER] Thanks, yes, thanks, yes That'll be cool.|",Acknowledge
|So Congratulations. That's awesome.|,Acknowledge
|All right. Customer service this is Steve.|,Acknowledge
"|Hi. Thank you so much, you're a real person, right, you're not like a recording?|",The dialogical act shown in the text is: **Question**,Question
"|I'm a real person, yes.|",Statement Non Opinion
"|Okay. Before I get into it, um your menu or whatever like where you choose the different thing depending on the-|",The dialogical act shown in the text is **Statement Non Opinion**.,Statement Non Opinion
"|it leads you around in circles, you can't, there is no way to like get to a real person if you don't already know how to get to there.|",Statement Opinion
"|Right. No, yes I know. It is-It is a little frustrating.|",The dialogical act shown in the text is: **Statement Opinion**,Statement Opinion
"|So is there any way to like bypass that because that is so, like I've been going around in circles|",Question
"|like press nine, press zero, press back to the menu, like I can't get through to what I'm supposed to get through to.|",Command
"|pretend like your on a rotary phone, goes straight through to a person.|",Command
"|Okay. Oh, that would just make it so much better, 'cause I cannot handle it's just like oh, my God I can't sit here any longer and talk to this lady with this pleasant voice.|",The dialogical act shown in the text is **Statement Opinion**.,Statement Opinion
|I know they don't tell you that kind of thing.|,Acknowledge
"|Sorry. Okay. Um-, yes|",The dialogical acts shown in the text are:  
"|Sorry. Okay. Um-, yes|",
"|Sorry. Okay. Um-, yes|","- ""Sorry."" → **Apology**  ",Apology
"|Sorry. Okay. Um-, yes|","- ""Okay."" → **Acknowledge**  ",Acknowledge
"|Sorry. Okay. Um-, yes|","- ""Um-, yes"" → **Agreement**  ",Agreement
"|Sorry. Okay. Um-, yes|",
"|Sorry. Okay. Um-, yes|","(Since you asked for one word, the most prominent is likely **Apology**, but the text contains multiple acts.)",Apology
|Alright. Well you got me now.|,"The dialogical act shown in the text ""Alright. Well you got me now."" is **Acknowledge**.",Acknowledge
"|Thank you very much. Um  So I have a charge on my credit card that, um, isn't mine.|",The dialogical act shown in the text is: **Statement Non Opinion**,Statement Non Opinion
"|Uh, I don't know where it came from and it's actually quite large, and I don't have the money for it so|",Statement Opinion
|it really freaks me out when I got my bill because it was like I don't -- I didn't spend this. This is not my charge.|,Statement Opinion
"|Yea. All right. Well, let me-let me look it up here for a second. Uh, so i think|",The dialogical act shown in the text is: **Backchannel**,Backchannel
"|Okay, it was um- at the [GARBAGE] sorry, it was at a department store, I think it was Macy's or something|",The dialogical act shown in the text is: **Apology**,Apology
"|Okay, Alright, yeah. I- I see it on here.|",Backchannel
"|and it was like something like eight hundred dollars. I don't remember. It was just a lot and I have thing in front of me right now, but-|",Statement Non Opinion
"|All right. Well, you know that's, that's what we have all of our protection plans for and everything like that so I mean it's|",The dialogical act shown in the text is **Acknowledge**.,Acknowledge
|Okay. So is there something I can do to get rid of it?|,Question
|it- it'll work out fine.|,Statement Opinion
"|Yes, we'll get- we'll get rid of it right now. I mean just we're going to have to have you, um, submit something you know, we're going to have to have you mail something in for us, okay.|",The dialogical act shown in the text is **Command**.,Command
"|So- So you can um find that application. You have the Internet, you can go to our website.|",The dialogical act shown in the text is: **Command**,Command
"|Oh I can get the form right now? Oh, that'll be so much better.  Okay.|",The dialogical act shown in the text is: **Agreement**.,Agreement
|Yeah. Yeah. You get the form right now. and- yeah|,The dialogical act shown in the text is: **Command**,Command
"|We could mail it to you as well, but-|",Statement Non Opinion
| -But online is faster I can do that.|,The dialogical act shown in the text is **Statement Opinion**.,Statement Opinion
"|Right. You can go online, print it out, and just fill out the form and um- send it to us um- you know,  regarding the grievance and-|",Command
|and it'll get taken off um- no problem you know|,The dialogical act shown in the text is **Acknowledge**.,Acknowledge
|Okay.|,Acknowledge
|Cause I-I just don't know how someone could have gotten my charge information|,The dialogical act shown in the text is **Question**.,Question
|I mean I still have my card.|,Statement Non Opinion
|Right. I mean we might|,Acknowledge
|Okay.|,Acknowledge
|So is there any- I mean what if they spend something again?|,Question
"|Uh, I mean have you been shopping around on the Internet and stuff? I mean that you gave-|",Question
|I did buy one thing on ebay I don't know that might-|,Statement Non Opinion
"|Uh-ha, I mean usually sites are pretty well protected but sometimes I mean information gets out, so|",The dialogical act shown in the text is: **Statement Opinion**,Statement Opinion
|so it is a little a little hard in that situation if you want -- you know you can -um- we can- we can issue another credit card.|,The dialogical act shown in the text is: **Statement Opinion**,Statement Opinion
"|Oh, really?|",Backchannel
"|Yeah, yeah. Maybe we'll, uh-|",The dialogical act shown in the text is: **Backchannel**,Backchannel
"|Oh that'll be great 'cause I could just get a new number, would that be okay because that way I don't have to worry about it happening again?|",Question
|it's a different number and everything|,"The dialogical act shown in the text ""it's a different number and everything"" is **Statement Non Opinion**.",Statement Non Opinion
|Yeah. yeah.|,Backchannel
"|Yes, um but  for- for that- for that charge we will need you to send something in but we can get you processed immediately for this, for this, for this new card. It still goes to the same address, right?|",The dialogical act shown in the text is: **Answer**,Answer
"|Yes, absolutely.|",Agreement
|Okay. All right. Then we'll get it sent out there. And|,The dialogical act shown in the text is **Acknowledge**.,Acknowledge
|Great.|,"The dialogical act shown in the text ""Great."" is **Acknowledge**.",Acknowledge
|And you know just I mean be careful in the future if um|,Command
|Yeah.|,Acknowledge
|if you're ever online or anything like that I mean just make sure it's a secure site and|,Command
"|and never you know, give it to anyone out, never even give out your number to any like unreliable company that you haven't heard of or anything like that, all right? Because, um, we want to- we definitely want to help you out, but-|",Command
"|Right, right.|",Backchannel
"|Okay, great.|","The dialogical act shown in the text ""Okay, great."" is **Agreement**.",Agreement
"|Yeah, totally.|",Agreement
|you know it gets- it gets difficult you know so Alright.|,The dialogical act shown in the text is **Statement Opinion**.,Statement Opinion
|Well thank you so much. You've been very helpful. I really appreciate it.|,Acknowledge
"|Alright Yes, I'm sorry for all the inconvenience but we'll get it taken care of.|",The dialogical act shown in the text is **Apology**.,Apology
|[BREATHING] Thank you.|,Acknowledge
|Thank you very much bye.|,Acknowledge
|How could he see it? I was the first one up he was still in bed.|,Question
|He was out here when it broke.|,Statement Non Opinion
|When?|,Question
|About four this morning. I heard it cracking and I woke up and looked out. He was standing right here when it cracked.|,Statement Non Opinion
|What was he doing out here at four in the morning?|,Question
|I don't know. When it cracked he ran into the house and cried in the kitchen.|,The dialogical act shown in the text is **Statement Non Opinion**.,Statement Non Opinion
|So you talked to him?|,Question
|No. I figured it was best to leave him alone.|,Disagreement
|He cried hard?|,Question
|I could hear him right through the floor in my room.|,Statement Non Opinion
"|What was he doing out here at that hour? He's dreaming about him again, he's walking around at night.|",Question
|I guess he is.|,Statement Opinion
|He's getting just like after he died. What is the meaning of that?|,Question
"|I don't know the meaning of it, but I know one thing mom, we've made a terrible mistake with dad.|",Statement Opinion
|What?|,Question
|Being dishonest with him. I mean that sort of thing always pays off and now it's paying off.|,Statement Opinion
|What do you mean dishonest?|,Question
|You know that Larry is not coming back and I know it. Why do we allow him to go on thinking that we believe with him?|,The dialogical act shown in the text is **Question**.,Question
"|What do you want to do, argue with him?|",Question
"|No I don't want to argue with him, but it's about time he realized that nobody believes Larry is alive anymore.|",Disagreement
"|Why -- why shouldn't he dream of him? Walk around, waiting for him at night I mean do we contradict him, do we say straight out that we don't have any hope anymore that we haven't had hope for years now?|",Question
|You can't say that to him.|,Disagreement
|We've got to say it to him.|,Command
"|Can you prove it, how can you prove it?|",Question
"|For God sakes it's been three years, nobody comes back after three years, that's insane.|",The dialogical act shown in the text is: **Statement Opinion**,Statement Opinion
|To you it is and to me. You can talk yourself blue in the face but there is no body and no grave so where are you?|,Disagreement
|Sit down mom; I want to talk to you.|,Command
"|The trouble is the god damned newspapers, every month or so a boy turns up out of nowhere, so the next one is going to be Larry.|",The dialogical act shown in the text is: **Statement Opinion**,Statement Opinion
|All right. All right. Listen to me.|,Command
|You know why I brought Annie here don't you?|,Question
|You know.|,Backchannel
|I got an idea but what's the story?|,Question
|I'm going to ask her to marry me.|,Statement Non Opinion
"|Well that's only your business, Chris.|",Disagreement
|No it's not only my business.|,Disagreement
|What do you want me to do; you're old enough to know your own mind.|,Command
|So it's all right then I'll go ahead with it?|,Command
"|Well, you want to make sure that your father isn't-|",Statement Opinion
|See it isn't just my business-|,Statement Opinion
|I'm just saying|,"The dialogical act shown in the text ""I'm just saying"" is: **Statement Opinion**.",Statement Opinion
|Sometimes you infuriate me you know that. Isn't it your business to if I tell dad and he throws a fit about it? You have such a talent for ignoring things.|,The dialogical act shown in the text is **Statement Opinion**.,Statement Opinion
|I ignore what I got to ignore. The girl is Larry's girl.|,Statement Opinion
|She's not Larry's girl.|,Statement Opinion
|From father's point of you he isn't dead and you have no right to take his girl.|,Statement Opinion
"|You can go on from there if you know where to go but I don't know where to go, see I don't know. So what can I do for you?|",The dialogical act shown in the text is **Question**.,Question
"|I don't know why but every time I reach out for something that I really want, I have to pull back 'cause someone else will suffer. My whole bloody life, time after time after time.|",Statement Opinion
|You're a considerate fellow.  There's nothing wrong with that.|,Statement Opinion
|To hell with that.|,Disagreement
|Have you asked Annie yet?|,Question
|I wanted to get this settled first.|,Statement Non Opinion
|How do you know she'll marry you? Maybe she feels the same way your father does.|,Question
"|Well, if she does then that's the end of it. From her letters I think she's forgotten him.|",Statement Opinion
"|I don't know, I'll find out. Then we'll trash it out with dad, right? Mom, don't avoid me.|",The dialogical act shown in the text is: **Command**,Command
"|Trouble is you don't see enough women, you never did.|",Statement Opinion
|So what I'm not fast with women.|,Statement Opinion
|I just don't see why it has to be Annie.|,Statement Opinion
|Because it is.|,Answer
|That's a good answer but it doesn't answer anything. I mean you haven't seen her since you went away to war it's five years.|,Disagreement
"|I can't help it I know her best. I mean lived next door to her my whole life. These years when I think of a wife, I think of Annie.|",Opinion
"|What do you want, a diagram?|",Question
"|I don't want a diagram. He thinks he's coming back. Chris, you marry this girl you're pronouncing him dead.|",Disagreement
"|Do you know what's going to happen to your father because I don't, see?|",Question
|All right. All right. Mom.|,Acknowledge
|Just give it some more thought.|,Command
"|I've given it three years of thought. I thought that if I waited, dad would forget about Larry and we could have a regular wedding and everything happy.|",Statement Opinion
"|If I can't do that here well, then I'll have to get out.|",Statement Opinion
|What the hell is this?|,Question
"|I'll get out. I'll get married and go live some place else, maybe New York.|",Statement Non Opinion
"|What the hell is this, are you crazy?|",Disagreement
"|I've been a good son too long a good sucker, I'm through with it.|",Statement Opinion
|What about the business? What is this?|,Question
|The business?  The business doesn't inspire me.|,Statement Opinion
|Must you be inspired?|,Question
"|Yes, I like it and hour a day. If I'm going to grub for money all day long, at least in the evening I want it beautiful.|",Opinion
"|Tell me, you'd leave the business?|",Command
"|Yes, on this I would.|",Agreement
"|Well, you don't want to think like that.|",Disagreement
|Then help me stay here.|,Command
"|All right. But you don't want to be thinking like that 'cause otherwise what did we work for, I mean the whole thing is for you, Chris, the whole shooting match is for you.|",The dialogical act shown in the text is: **Statement Opinion**,Statement Opinion
|I know I know mom. All right. Just help me stay here.|,The dialogical act shown in the text is: **Acknowledge**,Acknowledge
|Just don't go thinking that way.|,Command
"|Well, I am thinking that way.|",Statement Opinion
"|I don't understand you, do I?|",Disagreement
"|No, you don't. I'm a pretty tough guy.|",Disagreement
"|Yea, I can see that.|",Acknowledge
|Why did he invite her here?|,Question
|Why does that bother you?|,Question
|She's been in New York three and half years why all of a sudden-|,Statement Opinion
"|Well, maybe he just wanted to see her again.|",Statement Opinion
|Nobody comes seven hundred miles just to see.|,Statement Non Opinion
"|What do you mean? He lived next door to the girl all his life, why wouldn't he want to see her again?|",Question
"|Don't look at me like that, he didn't tell me any more than he told you.|",Command
|He's not going to marry her.|,Disagreement
|How do you know he's even thinking of it?|,Question
|It's got that all about it.|,Statement Opinion
"|Well, so what?|",Disagreement
|What's going on here Joe?|,Question
"|All right. Now, listen kid-|",Command
|-She's not his girl Joe; she knows she's not.|,Statement Opinion
|You can't read her mind.|,Statement Non Opinion
"|Then why is she still single, I mean New York is full of men, why isn't she married? Probably a hundred people told her she's crazy but she's waited.|",Question
|How do you know why she has waited?|,Question
"|She knows what I know, that's why. She's faithful as a rock. In my worst moments I think of her waiting and I know again that I'm right.|",Statement Opinion
"|Look it's a nice day, what are we arguing for?|",Statement Opinion
"|Nobody in this house dares take her faith away Joe. Strangers might, but not his father, not his brother.|",Statement Opinion
|What do you want me to do about it?|,Question
"|I want you to act like he's coming back, both of you. Don't you think I haven't noticed since he invited her, I won't stand for any nonsense|",Command
|But Kate|,Statement Non Opinion
"|Because if he's not coming back, I'll kill myself. And laugh -- laugh at me but|",The dialogical act shown in the text is: **Statement Opinion**,Statement Opinion
"|why did that happen the very night she came back she sleeps in his room and suddenly his memorial breaks to pieces, just look at it, look.|",Question
|Calm yourself.|,Command
|I need you to believe with me; I can't stand all alone.|,The dialogical act shown in the text is **Command**.,Command
|Calm yourself.|,Command
"|Even last week there was a man who showed up in Detroit missing longer than Larry, you read it yourself.|",Statement Opinion
|All right. All right. Calm yourself.|,Command
|Just you above all need to believe.|,Statement Opinion
"|Wait, why my above all?|",Question
|Don't stop believing.|,Command
"|What does that mean, me above all?|",Question
|Look at you -- look at you shaking.|,Command
|I can't help it.|,Statement Non Opinion
"|What have I got to hide? What the hell is the matter with you, Kate?|",The dialogical act shown in the text is: **Question**,Question
|You're the only one I know who loves his parents.|,The dialogical act shown in the text is **Statement Opinion**.,Statement Opinion
"|I know, it went out of style, didn't it?|",Disagreement
|It's all right.  It's a good thing.|,Agreement
"|You know, it's lovely here, the air is sweet.|",Statement Opinion
|You're not sorry you came?|,Disagreement
"|No, not sorry.  But, um. But I'm not gonna stay.|",Disagreement
|Why?|,Question
"|For one thing, your mother as much as told me to go.|",Statement Opinion
|Oh.|,Acknowledge
"|You saw that.  I mean and then, well, you've been kind of, um--|",Statement Non Opinion
|What?|,Question
"|Well, kind of embarrassed ever since I got here.|",The dialogical act shown in the text is **Statement Opinion**.,Statement Opinion
"|The trouble is, I planned on sort of sneaking up on you on a period of a week or so.  But they take it for granted that we're all set.|",Statement Opinion
"|I knew they would, your mother anyway.|",Statement Opinion
|How'd you know?|,Question
"|Well, from her point of view, why else would I come?|",Statement Opinion
"|Oh.  Would you want to?  I guess you know, this is why I asked you to come.|",The dialogical act shown in the text is: **Question**,Question
|I guess this is why I came.|,Statement Opinion
"|Ann, I love you.  I love you a great deal.  I love you.|",Statement Opinion
|I have no imagination.  That's all I know to tell you.|,Statement Non Opinion
|I'm embarrassing you and I didn't want to tell it to you here.  I wanted some place we'd never been before.  A place where we'd be brand new to each other.|,Apology
"|You feel wrong here, don't you?  This yard, this chair.  I want you to be ready for me.  I don't want to have to win you away from anything.|",The dialogical act shown in the text is: **Question**,Question
"|Oh, Chris, I've been ready for a long, long time.|",Statement Opinion
|And he's gone forever.  You're sure?|,The dialogical acts in the given text are:
|And he's gone forever.  You're sure?|,
|And he's gone forever.  You're sure?|,"- ""And he's gone forever."" **Statement Non Opinion**",Statement Non Opinion
|And he's gone forever.  You're sure?|,"- ""You're sure?"" **Question**",Question
|I almost got married two years ago.|,Statement Non Opinion
|Why didn't you?|,Question
"|Well, you started to write me|",Statement Non Opinion
|You felt something that far back?|,Statement Non Opinion
|Every day since.|,Statement Non Opinion
"|Ann, why didn't you let me know?|",Question
"|Well, I was waiting for you.  I mean, till then you never wrote and when you did, what did you say?  I mean, you can sure be ambiguous sometimes, you know?|",Statement Opinion
"|Give me a kiss, Anne.  Give me a-|",Command
"|God, I kissed Annie.  How long--how long I've been waiting to kiss you.|",Statement Opinion
"|I'll never forgive you.  Why did you wait all these years?  I mean, all I did was sit and wonder if I was crazy for thinking of you.|",The dialogical acts in the given text are as follows:
"|I'll never forgive you.  Why did you wait all these years?  I mean, all I did was sit and wonder if I was crazy for thinking of you.|",
"|I'll never forgive you.  Why did you wait all these years?  I mean, all I did was sit and wonder if I was crazy for thinking of you.|","1. ""I'll never forgive you."" - **Statement Opinion**  ",Statement Opinion
"|I'll never forgive you.  Why did you wait all these years?  I mean, all I did was sit and wonder if I was crazy for thinking of you.|","2. ""Why did you wait all these years?"" - **Question**  ",Question
"|I'll never forgive you.  Why did you wait all these years?  I mean, all I did was sit and wonder if I was crazy for thinking of you.|","3. ""I mean, all I did was sit and wonder if I was crazy for thinking of you."" - **Statement Opinion**  ",Statement Opinion
"|I'll never forgive you.  Why did you wait all these years?  I mean, all I did was sit and wonder if I was crazy for thinking of you.|",
"|I'll never forgive you.  Why did you wait all these years?  I mean, all I did was sit and wonder if I was crazy for thinking of you.|","(Note: Since the request was for *one word*, the most dominant act is **Statement Opinion**, but the text contains multiple acts.)",Statement Opinion
"|Oh, Annie, we're gonna live now.  I'm gonna make you so happy.|",Statement Opinion
|Not like that you're not.|,Disagreement
|I kissed you.|,Statement Non Opinion
"|Like Larry's brother.  Do it like you, Chris.  What is it?|",The dialogical act shown in the text is: **Command**,Command
|Let's drive someplace.  I want to be alone with you.|,Command
"|No.  What is it, Chris. Your mother?|",The dialogical act shown in the text is: **Question**,Question
|No.  Nothing like that.|,Disagreement
"|Well, what's wrong?  I mean, even in your letters there was some--something ashamed.|",Question
"|Yeah, I suppose I have been.  But it's going from me.|",Acknowledge
|You've gotta tell me.|,Command
|I don't know how to start.|,Statement Opinion
|It wouldn't work this way.|,Disagreement
"|It's all mixed up with so many other things.  You remember overseas, I was in charge of a company?|",Statement Opinion
"|Yeah, sure.|",Agreement
"|Well, I lost them.|",Answer
|How many?|,Question
|Just about all.|,"The dialogical act shown in the text ""Just about all."" is **Answer**.",Answer
|gee.|,"The dialogical act shown in the text ""gee."" is **Acknowledge**.",Acknowledge
|It takes some time for a guy to toss that off.  'Cause they weren't just men.|,Statement Opinion
"|For instance, this one time, it had been raining several days and this kid came to me and gave me his last pair of dry socks.  I put them in pocket.  It's only a little thing, but those are the kind of guys I had.|",Statement Opinion
"|They didn't die, they killed themselves for each other.  I mean that exactly.  I mean, a little more selfish and they'd have been here today.|",Statement Opinion
"|To show that, to bring that onto the Earth again, like some kind of monument and everyone can feel it standing behind him and it would make a difference to him.|",Statement Non Opinion
"|Then I came back and it was incredible.  There was no meaning in it here. I mean, the whole thing to them seemed like it's sort of a bus accident.  I went to work with Dad and that rat race again.|",Statement Opinion
"|And I felt what you said, ashamed somehow 'cause nobody had changed at all.  It seemed to make suckers out of a lot of guys.  I felt wrong to be alive to open the new bank book, drive the new car, see the new refrigerator.|",Statement Opinion
"|I mean, you can take those things out of a war, but when you drive that car, you've gotta realize that it came out of the love a man can have for a man.  You've gotta be a little better because of it.|",Statement Opinion
|Otherwise all you have is really loot and there's blood on it.  And I didn't want to take any of that.  And I guess that included you.|,Statement Opinion
|Do you still feel that way?|,Question
|I want you now Annie.|,Command
"|Cause you mustn't feel that way.  Because you have a right to everything you have, Chris.  Everything, you understand that?  Me too.|",Command
"|I mean, and your money, there's- there's nothing wrong with your money.  I mean, your father put hundreds of planes in the air.  A man should be paid for that.|",Statement Opinion
|I know Annie.  I'm gonna make a fortune for you.|,Statement Opinion
|What'll I do with a fortune?|,Question
|What time is it? They're supposed to run around midnight.|,Question
"|God, this great, isn't it? Like look at the night we go here, it couldn't be better.|",Statement Opinion
"|I would have wanted to go a little further up the coast, get away from the lights and the people but I was afraid we'd miss it.|",Statement Opinion
|How you doing?|,Question
|Fine.|,"The dialogical act shown in the text ""Fine."" is: **Acknowledge**.",Acknowledge
"|Is that -- is that, no? Was that just foam? I can't even tell.|",Question
"|Although, I guess you can't tell it probably isn't them. Probably be unmistakable don't you think?|",Statement Opinion
|How you doing? You know what I forgot? I forgot to bring my flashlight. How - how could I forget to bring my flashlight? How could I be so stupid?|,Question
|What flashlight?|,Question
"|You know the flashlight, the silver one, there is only one, isn't there?|",Question
|That's not your flashlight.|,Disagreement
|Who's is it?|,Question
|It's ours; it's mine too.|,Agreement
"|Oh well, sure, yes.|",Backchannel
|But you kept saying my flashlight as if somehow it's just yours. I mean how is it supposed to make me feel?|,Disagreement
"|No. No. Of course our flashlight yours and mine. Mi flashlight, es su flashlight, naturally.|",Disagreement
|How could we forget to bring it?  I hope the moon stays out.|,Question
"|I wonder do they always run during a full moon? I can't remember if it was full last year, do you remember?|",Question
|Yea.|,Acknowledge
"|You cold, you want my jacket? We should've - we should've brought our blanket, our blanket, how could we forget to bring the blanket?|",Question
"|Oh, a six-pack, that's, should've brought a -- a six-pack be just the ticket right now. How could I forget,|",The dialogical act shown in the text is **Statement Opinion**.,Statement Opinion
"|oh man. Like a kid, it's amazing I got out of the house with my fly zipped.|",Statement Opinion
|You think they can hear us talk or feel the vibrations in the sand when we move around?|,Question
|I'm cold.|,Statement Non Opinion
|What you want my jacket?|,Question
|It's after eleven. Let's just go home.|,Command
"|Are you kidding, we'd miss it. We, we just got here. What's the point in coming down here if we just turn around and go home?|",Disagreement
|There is no point in coming down here.|,Statement Opinion
|Right.|,Acknowledge
|That's my point.|,Agreement
|That's my point too.|,Agreement
|So let's go.|,Command
|No. No. That's not my point. The point is there is no point in coming down here if we just leave. Don't you want to see it?|,Disagreement
|Not particularly.|,Disagreement
|Why not?|,Question
"|I don't, it's just stupid.|",Disagreement
"|Honey, this is a natural phenomenon. I mean it only happens once a year.|",Statement Opinion
"|Think about the people in Kansas, they- they'd have to get a plane ticket and hotel reservations to see this. We live forty minutes away it's too good to pass up.|",Statement Opinion
"|Pass up what? These little fish swim onto the beach flop around and swim away, and then they die.|",Question
"|Yea, but that moment on the beach is the highlight of their little lives. I mean all that flopping is laying eggs or what do you, mating or spotting or something like that.|",The dialogical act shown in the text is **Statement Opinion**.,Statement Opinion
"|This is a big night for these guys, life's last orgy.|",Statement Non Opinion
|What are you so excited about? I mean it's not a moon landing we're talking about here it's fish. It's a fish nobody even eats.|,The dialogical act shown in the text is **Disagreement**.,Disagreement
|Yes they do.|,Agreement
|Augie|,"The dialogical act shown in the text ""Augie"" is: **Greeting**.",Greeting
"|Okay. But it's fish that do something none of the other fish do. Like the swallows returning to Capistrano, or the Lemmings throwing themselves off the cliffs|",The dialogical act shown in the text is **Statement Opinion**.,Statement Opinion
"|you know there is like, there is a certain mystery here, a magic, a bit of the unexplainable. I don't see how you cannot be interested.|",Statement Opinion
|I'm just not.|,Statement Non Opinion
|For real?|,Question
|Yes.|,"The dialogical act shown in the text ""Yes."" is **Agreement**.",Agreement
|I don't get it. The first time we came here you said it was the best night of your life.|,Disagreement
"|And then last year I remember specifically you were so excited that you stubbed your toe on the way pushing me out of the house, and you didn't even notice until we got in the car.|",Statement Non Opinion
"|Last year you'll also remember our shoes got wet, I got sand in my panties, you got a sore throat, we got into a big fight over nothing, and we didn't see the Grunions.|",Statement Non Opinion
|We weren't in a good spot.|,Statement Non Opinion
|We didn't see them the first time either.|,Statement Non Opinion
|We just weren't in a good spot; this is a much better spot. I've got good instincts for these things.|,Statement Opinion
"|There is that, oh no that's just seaweed, isn't it?|",Question
"|This is, this is great, isn't it? I wouldn't miss this for anything. Now listen to this, I know you're not interested but just listen.|",The dialogical act shown in the text is: **Statement Opinion**,Statement Opinion
"|Out there somewhere there is this huge mass of silver fish headed this way,|",Statement Non Opinion
"|they don't why, we don't know why. They didn't take a vote or anything; they didn't get a map or an invitation.|",Statement Non Opinion
"|Just all as one. This little time sensitive firecracker, instinctual firecracker in their body just went off and all as one they turned and formed a line as long the California coast and started swimming. They're swimming right now as if that's the only thing that matters.|",Statement Non Opinion
"|It's single mindedness, with no mind, it's urgency that's pure urge, they don't know what drives them. They don't ask it a name or ask it a question,|",Statement Opinion
"|they just turn as one and start the swim and brings them right here to this spot where we stand, for a massive celebration of sex and death.|",The dialogical act shown in the text is **Statement Non Opinion**.,Statement Non Opinion
|Look at me; I'm giving myself goose bumps all my hairs are popping up.|,Command
|That's the wind.|,Statement Non Opinion
"|Well, so what do you think?|",Question
|About what?|,Question
|What I was saying.|,Question
|It's ridiculous.|,Statement Opinion
|So what do you think?|,Question
|About what?|,Question
|What I was saying.|,Question
|It's ridiculous.|,Statement Opinion
|Certainly it's not. Slightly exaggerated scientific fact.|,Disagreement
|It's PR. Someone sold you a bill of goods that this wonderful event is going to take place on the beach.|,The dialogical act shown in the text is **Statement Opinion**.,Statement Opinion
"|Well, I'm not the only one look at all these people.|",Disagreement
"|Yea, sure everyone was sold the same story. I mean it keeps us all excited, keeps us coming back for more, keeps us thinking that life is going to start any second now if we can just get in on the action and find the right spot.|",Statement Opinion
|Are we talking about the same thing?|,Question
|I'm sorry but it's still just fish to me.|,Apology
"|Carla, can I ask you something? Don't take this wrong but are you having your period?|",Question
|Goddamn it Augie don't ask me that. I hate it when you ask me that. You always ask me that. It's insulting.|,Disagreement
"|Well, what's bugging you?|",Question
|We just have different ideas of what this evening is supposed to look like.|,Disagreement
"|There is nothing to it, we come here, the Grunion arrive, then do their little fish business, we go oh ah look, they go home, we go home.|",Statement Non Opinion
|For heavens sake we are not going to see the Grunions.|,The dialogical act shown in the text is **Disagreement**.,Disagreement
|Why not?|,Question
"|We never do, do we? I mean have we ever?|",The dialogical act shown in the text is: **Question**,Question
|We've missed them twice; that's not ever.|,Statement Non Opinion
"|Twice is every time we've tried, that's ever.|",Statement Non Opinion
"|Well, we'll see them this year.|",Statement Non Opinion
"|No we won't; it's pointless. It's like waiting up to see Santa Claus,|",Disagreement
|I mean I feel like my whole life is going to be spent standing on the beach waiting for the fish to show up with my eyes open and my hands clasped expectantly and the fish won't show up.|,Statement Opinion
|I thought you wanted to see them.|,Statement Opinion
|You don't understand anything I'm saying.|,Disagreement
|No of course not.|,Disagreement
"|I did want to see them, I always do. I mean I keep thinking that this is going to be the time and it never is.|",Statement Opinion
"|It's just fish, I mean nothing to get traumatized over.|",Statement Opinion
|For heavens sake this isn't about fish.|,Disagreement
|All right. I've been trying to work this backwards but I cannot seem to pinpoint the moment that we took a turn for the worst.|,Statement Opinion
"|You were fine during the phone call from Marge, dinner was okay, doing the dishes was no problem, let's see, I took a shower, you watched the news, you said|",The dialogical act shown in the text is **Statement Non Opinion**.,Statement Non Opinion
"|the Grunion are running tonight, I said ""great, let's go, I feel lucky,""|",The dialogical act shown in the text is **Agreement**.,Agreement
"|okay so I'm getting on my jacket and putting out the animals, getting the car out of the garage-|",Statement Non Opinion
|Do you remember the first time we came to see it? It was about four years ago right after we got married.|,Question
"|We thought I was pregnant and we opened a bottle of champagne but no glasses, you asked me to dance, we kicked off our shoes and you popped the cork.|",The dialogical act shown in the text is **Statement Non Opinion**.,Statement Non Opinion
|And when we were dancing you said the softest most intimate things to me right into my ears so I could feel them as much as hear them|,Statement Non Opinion
"|and I remember thinking that this is it you know. At last, at last I am as happy as I am supposed to be|",Statement Opinion
|Wait a minute I've got it|,Command
"|Just dancing barefoot in the sand, drinking champagne out of the bottle.|",Statement Non Opinion
"|It was in the car, right? Driving past the Knickerbocker Liquor Locker you said, let's get some champagne and I said times are wasting or something like that, right?|",Question
"|Of course, I see it now; you want this to be like that other time, right? That's it, right?|",Agreement
|I'd rather not remember some things. I would rather not hope for some things.|,Statement Opinion
"|Yea. Okay, sure, no. I see. Listen, you want to dance?|",The dialogical act shown in the text is: **Backchannel**,Backchannel
|No.|,Disagreement.
|You want to go get some champagne?|,Question
|No.|,Disagreement
|Take off our shoes?|,Question
|No.|,Disagreement
"|What, you want me to breathe in your ear?|",Question
|No.|,Disagreement
|Get married again?|,Question
|No.|,Disagreement
|What? What? You want a divorce?|,The dialogical act shown in the text is: **Question**,Question
|No.|,Disagreement
|A vacation?|,Question
|No.|,Disagreement
"|A new carpet? A poodle, a ice cream, backrub, a suicide pact, what, what Carla, what the hell do you want?|",Question
|I want something to turn out the way that it supposed to.|,Statement Opinion
"|Well welcome to the human race, all right. Do you think this is what I had in mind when I proposed? You think I had this great fantasy going that four years down the road we'd come to the beach and yell at each other over fish?|",The dialogical act shown in the text is **Statement Opinion**.,Statement Opinion
"|You think I knew that there be times when you'd look at me like I'm a used Kleenex, or that I'd look at you and think holy hell when is the next flight to Alaska?|",Statement Opinion
"|No, no, just like you I thought it was going to be all like peaches and roses and sand in our toes, and wind in our hair, and the fish will always come and the bills will pay themselves and we'll have three, fat, rosy kids and ha-ha baby the joke is on us|",Disagreement
"|cause you know what you get Carla, you know what you get? This.|",The dialogical act shown in the text is **Question**.,Question
"|This? What, what is this? This isn't even anything.|",Question
"|Yes, it is.|",Agreement
"|I'm sure, this is standing on the beach, this is waiting, this is fighting.|",Statement Opinion
|Right.|,Acknowledge
"|Well, but this isn't anything like I thought anything would be like.|",Disagreement
"|No, I know. Me neither.|",Disagreement
|I mean it's -- this is just this. I mean it includes a lot and everything but isn't something else. Do you have any idea what I'm trying to say?|,Statement Opinion
|I'm doing the best I can.|,Statement Non Opinion
|I know that Augie. Really I do.|,Acknowledge
"|I know that you meant this to be special and nice, and there's the sand and the moon and everything but I just couldn't help thinking about being somewhere else.|",Statement Opinion
|Maybe if you were with somebody else too.|,Statement Opinion
|I didn't say that.|,Disagreement
"|No, I know. But still, I know I don't make you happy.|",Disagreement
"|For heavens sake, whatever I'm doing I'd rather be doing it with you.|",Statement Opinion
|Yeah?|,Backchannel
|Don't be ridiculous. I mean don't you know that?|,Disagreement
"|You're the one who probably wishes he was with someone else, someone who knew how to enjoy herself and didn't take everything so hard.|",The dialogical act shown in the text is **Disagreement**.,Disagreement
"|Now that you mention it. No, I don't.|","The dialogical act shown in the text ""Now that you mention it. No, I don't."" is **Disagreement**.",Disagreement
"|Okay.  Fine, so we're in the wrong spot but we're with the right person.|",The dialogical act shown in the text is **Agreement**.,Agreement
|I don't know it seemed like a pretty good spot to me. Look at the moon - view the moon view I got from here.|,Statement Opinion
"|Yes, I noticed that. It looks pretty on the water doesn't it? Big old white moon.|",The dialogical act shown in the text is: **Statement Opinion**,Statement Opinion
|What have we got here?|,Question
"|Augie, you brought refreshments.|",Statement Non Opinion
|It's not champagne.|,Disagreement
"|Well, I guess we don't need glasses.|",Statement Opinion
|You still cold? Do you want my jacket? Do you want to go home?|,Question
|No. No. I think you might be right. I think this may be the spot after all.|,Agreement
"|Augie, I'm sorry.|",Apology
"|Shh, if we're very quiet the fish might come.|",Command
|Or not.|,Disagreement
|Or not.|,Disagreement
|Hmm.|,Backchannel
|Good God.|,Statement Non Opinion
|Do you think it's them?|,Question
|I wonder.|,Statement Opinion
"|Well, nobody knows we're here except Freda and she wouldn't ring up.|",Statement Opinion
|Must be them then.|,"The dialogical act shown in the text ""Must be them then."" is **Statement Opinion**.",Statement Opinion
|What are we going to do?|,Question
"|We're all right darling, aren't we whatever happens?|",Statement Opinion
|Now and always sweet.|,Statement Opinion
|I don't care then.|,Disagreement
|It's bound to come sooner or later.|,Statement Opinion
|Hello? Hello? What? Wrong number.|,"The dialogical acts in the text ""Hello? Hello? What? Wrong number."" are as follows:"
|Hello? Hello? What? Wrong number.|,
|Hello? Hello? What? Wrong number.|,"1. ""Hello?"" - Greeting"
|Hello? Hello? What? Wrong number.|,"2. ""Hello?"" - Greeting"
|Hello? Hello? What? Wrong number.|,"3. ""What?"" - Question"
|Hello? Hello? What? Wrong number.|,"4. ""Wrong number."" - Statement Non Opinion"
|Oh. It sends shivers down my spine.|,Statement Opinion
|What do we do if they suddenly walk in on us?|,Question
|With the most perfect poise.|,Statement Non Opinion
"|Yes, I should probably to a court curtsey.|",Agreement
"|Things that ought to matter dreadfully don't matter at all when one's is happy, do they?|",Question
|What's so horrible is that one can't stay happy.|,Statement Opinion
|Oh darling don't say that.|,Apology
|It's true; the whole business is a very poor joke.|,Disagreement
|Meaning that sacred and beautiful thing love?|,Opinion
|Yes. Meaning just that.|,Agreement
|What does it all mean that's what I ask- that's what I ask myself in my ceaseless quest for ultimate truth?  Good God what does it all mean?|,Question
|Don't laugh at me. I'm serious.|,Command
"|You mustn't be serious my dear one, that's just what they want.|",Command
|Who's they?|,Question
"|All those futile moralists, who try to make life unbearable, laugh at them, be flippant. Laugh at everything all their sacred shibboleths|",Command
|flippancy brings out the acid in their damned sweetness in light.|,Statement Non Opinion
"|Well, if I laugh at everything then I must laugh at us too.|",Statement Opinion
"|Certainly you must, we figures of fun all right.|",The dialogical act shown in the text is **Statement Opinion**.,Statement Opinion
"|Well, shall we always want to bicker and fight?|",Question
"|No, that desire will fade along with our passion.|",Disagreement
"|Oh dear, should we like that?|",Opinion
|Depends on how well we play it.|,Answer
"|Well, what happens if one of us dies, does the one that's left still laugh?|",Question
"|Yes, yes, with all his might.|",Agreement
"|Well that's serious enough, isn't it?|",Statement Opinion
"|No, no it isn't, death is very laughable, such a cunning little mystery, all done with mirrors.|",Disagreement
"|Darling, I believe you're talking nonsense.|",Disagreement
|So is everyone else in the long run.|,"The dialogical act shown in the text ""So is everyone else in the long run."" is **Statement Opinion**.",Statement Opinion
"|Let's be superficial and pity the poor philosophers, let's blow our trumpets and squeakers and enjoy the party as much as we can. Like quite idiotic, very small, school children. Let's savor the delight of the moment.|",Command
|Come kiss me darling before your body rots and worms pop in and out of your eye sockets.|,Command
"|Elliot, worms don't pop.|",Statement Non Opinion
"|I don't care what you do see. You can paint yourself green and dance naked in the Place Vendome, and rush off madly with all the men in the world and I shan't say a word, as long as you love me best.|",Disagreement
"|Thank you dear, the same applies you, except that if I catch you so much as looking at another woman, I'll kill you.|",The dialogical act shown in the text is: **Agreement** (with an added humorous or exaggerated threat).,Agreement
|You remember that awful scene we had in Venice?|,Statement Opinion
|Which particular one?|,Question
"|The one when you bought that little, painted, wooden snake in the Piazza and put it on my bed.|",The dialogical act shown in the text is **Statement Non Opinion**.,Statement Non Opinion
"|Oh Charles, that was his name Charles. It did wiggle so beautifully.|",Statement Non Opinion
"|Horrible thing, I hated it.|",Statement Opinion
|I know you did. You threw it out of the window into the Grand Canal; I don't think I'll ever forgive you for that.|,Disagreement
|How long did that row last?|,Question
|It went on intermittently for days.|,Statement Non Opinion
|The worst one was in Cannes when your curling iron burned a hole in my new dressing gown.|,Statement Opinion
|It burned my comb too and all the towels in the bathroom.|,Statement Non Opinion
"|That was a rouser, wasn't it?|",Question
|That was the first time you ever hit me.|,Statement Non Opinion
|I didn't hit you very hard.|,Statement Non Opinion
|The manager came in and found us rolling around on the floor biting and scratching like panthers.|,The dialogical act shown in the text is: **Statement Non Opinion**.,Statement Non Opinion
|I'll never forget his face.|,Statement Opinion
"|Oh it was ridiculous, completely ridiculous.|",Statement Opinion
|We were very much younger then.|,Statement Non Opinion
|And very much sillier.|,"The dialogical act shown in the text ""And very much sillier."" is **Statement Opinion**.",Statement Opinion
|As a matter of fact the real cause of that row was Peter Burden.|,Statement Opinion
|You knew there was nothing in that.|,"The dialogical act shown in the text ""You knew there was nothing in that."" is **Statement Opinion**.",Statement Opinion
|I knew nothing of the sort. You took presents from him.|,Disagreement
"|Presents, just a trivial little broach.|","The dialogical act shown in the text ""Presents, just a trivial little broach."" is **Statement Non Opinion**.",Statement Non Opinion
"|Yes, I remember it well, bristling with diamonds in the worst possible taste.|",Statement Opinion
|No it wasn't. It was very pretty I still have it and I wear it often.|,Disagreement
|You went out of your way to torture me over Peter Burden.|,The dialogical act shown in the text is **Accusation**. ,Accusation
|You went out of your way to torture me over Peter Burden.|,
|You went out of your way to torture me over Peter Burden.|,"(Note: Since ""Accusation"" isn't explicitly listed in your provided categories, the closest option from your list would be **Statement Opinion**, as it expresses a negative judgment or belief about someone's actions.) ",Statement Opinion
|You went out of your way to torture me over Peter Burden.|,
|You went out of your way to torture me over Peter Burden.|,If constrained strictly to your given choices: **Statement Opinion**.,Statement Opinion
"|No I didn't, you worked the whole thing up in your jealous imagination.|",Disagreement
"|You must admit he was in love with you, wasn't he?|",Question
"|Just a little perhaps, nothing serious.|","The dialogical act shown in the text ""Just a little perhaps, nothing serious."" is **Statement Non Opinion**.",Statement Non Opinion
|You let him kiss you; you said you did.|,The dialogical act shown in the text is **Statement Non Opinion**.,Statement Non Opinion
|What of it?|,Question
|What of it?|,Question
"|It gave him a lot of pleasure, it didn't hurt me any.|",Statement Opinion
|What about me?|,Question
"|Well, if you hadn't been so nosey and suspicious you never wouldn't have known anything about it.|",Disagreement
|That's a nice point of view I must say.|,Agreement
|I'm bored of this conversation.|,Disagreement
"|Yes, me too, bored stiff. You want some Brandy?|",Agreement
|No thanks.|,Acknowledge
|I have a little I think.|,"The dialogical act shown in the text ""I have a little I think."" is **Statement Opinion**.",Statement Opinion
|I don't see why you want any you've already had two glasses.|,Disagreement
"|No particular reason. Anyhow, they are very small ones.|",The dialogical act shown in the text is **Statement Non Opinion**.,Statement Non Opinion
|It just seems so silly to go on and on and on with such a thing.|,Statement Opinion
|You can hardly call three liquor glasses in a whole evening going on and on and on.|,Statement Opinion
"|Well, it's become a habit with you.|",Statement Opinion
|You needn't be so grand just because don't happen want any yourself right now.|,Disagreement
|Don't be so stupid.|,Command
"|Really, Amanda.|","The dialogical act shown in the text ""Really, Amanda."" is **Disagreement**.",Disagreement
|What?|,Question
|Nothing.|,"The dialogical act shown in the text ""Nothing."" is: **Acknowledge**.",Acknowledge
|No I'm just making myself fascinating for you.|,Disagreement
"|Going out somewhere, dear?|",Question
|It's a woman's job to allure the man|,Statement Opinion
|That reply has broken my heart.|,"The dialogical act shown in the text ""That reply has broken my heart"" is **Statement Opinion**.",Statement Opinion
"|watch me a minute, will you?|",Command
"|As a matter of fact, that's perfectly true.|",Agreement
"|Oh, no it isn't.|",Disagreement
|Yes it is.|,Agreement
|Be quiet.|,Command
|It's a pity you didn't have any more Brandy it might have made you a little less disagreeable.|,Statement Opinion
|It doesn't seem to work such wonders with you.|,Statement Opinion
"|Snap, snap, snap, like a little adder.|","The dialogical act shown in the text ""Snap, snap, snap, like a little adder."" is **Statement Non Opinion**.",Statement Non Opinion
|Adders don't snap they sting.|,Statement Non Opinion
|Oh nonsense they have a little bag of venom behind their fangs and they snap.|,The dialogical act shown in the text is: **Statement Opinion**,Statement Opinion
|They sting.|,Statement Non Opinion
|They snap.|,"The dialogical act shown in the text ""They snap."" is **Statement Non Opinion**.",Statement Non Opinion
|I don't care. Do you understand? I don't care. I don't care if they bark or roll about like hoops.|,Disagreement
"|Tell me, did you see much of Peter Burden after our divorce?|",Question
"|Yes, I did quite a lot.|",Answer
|I imagine you let him kiss you good deal more then.|,The dialogical act shown in the text is: **Statement Opinion**.,Statement Opinion
|Mind your own business.|,Command
|What riotous time you must have had.|,"The dialogical act shown in the text ""What riotous time you must have had."" is **Statement Opinion**.",Statement Opinion
"|No restraint at all, very enjoyable, never had much anyhow.|",Statement Opinion
|You're quite insufferable. I expect it's because you're drunk.|,The dialogical act shown in the text is **Statement Opinion**.,Statement Opinion
|I am not in the least drunk.|,Disagreement
"|I imagine, as I may have already mentioned, I've had three minute liquor glasses of Brandy the whole evening long a child of two couldn't get drunk on that.|",Statement Opinion
|On the contrary a child of two could get violently drunk on only one glass of Brandy.|,Disagreement
"|Oh very interesting. How about a child of four, a child of six or a child of nine?|",The dialogical act shown in the text is **Question**.,Question
|Oh be quiet.|,Command
"|We can get a good little debate going about that, don't you think? Intemperate tots.|",Statement Opinion
"|Not very funny my dear, you better have some more Brandy.|",Command
|All right. I will.|,Command
|Better turn that off I think.|,Command
|Why?|,Question
|Because it's late and it'll annoy the people upstairs.|,Answer
|There aren't any people upstairs it's a photographer's studio.|,Statement Non Opinion
|There are people downstairs I suppose?|,"The dialogical act shown in the text ""There are people downstairs I suppose?"" is **Question**.",Question
|They're away in Tunis.|,Statement Non Opinion
|This is no time of the year for Tunis.|,Statement Opinion
"|Turn it on again, please.|",Command
|I'll do no such thing.|,Disagreement
"|Very well, if you insist on being boorish and idiotic.|",Disagreement
|Turn it off it's driving me mad.|,Command
|You are far too temperamental. Try to control yourself.|,Command
|Turn it off.|,Command
|Stop it. Stop it. I hate you.|,Command
"|Amanda, listen. Listen.|",Command
"|Listen indeed. I'm sick and tired of listening to you, damn sadistic bully.|",Disagreement
|Very amusing indeed.|,"The dialogical act shown in the text ""Very amusing indeed."" is **Acknowledge**.",Acknowledge
"|Stop it. Stop it. I hate you, do you hear? You're overbearing and conceited and utterly impossible.|",Command
"|You're a vile tempered, loose living, wicked little beast and I hope I never see you again as long as I live.|",Disagreement
"|This is the end, do you hear? The end finally and forever.|",Command
|You're not going like this.|,Command
|Oh yes I am.|,Agreement
|You're not.|,Disagreement
"|Yes, I am. Let go of me you're cruel fiend and I hate and loathe you. Thank God I realized who you really are before I would ever, ever marry you again. I would never marry you again. I'd rather die in torment.|",The dialogical act shown in the text is **Disagreement**.,Disagreement
|Shut up.|,Command
|Shut up.|,Command
|I wouldn't marry you again if you came to me on your bended knees. You're a evil minded little vampire. I hope to God I never see you again as long as I live.|,Disagreement
|You're a beast. I hate you. Stop it. Stop it.|,The dialogical act shown in the text is: **Command**,Command
"|God, finally I got to the line, the front of the line. I've been waiting there for like half an hour.|",Statement Opinion
|[BREATHING] It's so hot in here. Hoo.|,Statement Non Opinion
|Yeah.|,Acknowledge
"|Oh, um-|",Backchannel
|What's wrong?|,Question
"|You didn't fill this out right. All right. It says that you have to fill out the back sheet of this, but you filled out the yellow sheet of it.|",Disagreement
"|No, no, no, no, no, no. The lady over there, she told me to fill out the front and she said to wait in this line.|",Disagreement
|Who?|,Question
|I don't know. Some lady. Sonya or something.|,Statement Non Opinion
|She- she probably doesn't even work here.|,Statement Opinion
"|Excuse me? No, no. I waited in the line over there..|",Disagreement
|All right  Uh-|,Acknowledge
|and she told me to come over here and she said to fill out everything on the application and I did that.|,Command
|It's not right.|,Disagreement
"|Look, I-- No, no, no, I--you don't understand. I have to go back to work.|",Disagreement
|You just take--all right.|,"The dialogical act shown in the text ""You just take--all right."" is **Command**.",Command
"|Well, you didn't fill this paper at work out right and it's going to take another fifteen minutes to do it and look at how long the line we got here so just-|",The dialogical act shown in the text is **Complaint**. ,Complaint
"|Well, you didn't fill this paper at work out right and it's going to take another fifteen minutes to do it and look at how long the line we got here so just-|",
"|Well, you didn't fill this paper at work out right and it's going to take another fifteen minutes to do it and look at how long the line we got here so just-|","(Note: Since ""Complaint"" wasn't one of the original options provided, the closest alternative from the given choices would be **Statement Opinion**, as it expresses dissatisfaction or criticism.) ",Statement Opinion
"|Well, you didn't fill this paper at work out right and it's going to take another fifteen minutes to do it and look at how long the line we got here so just-|",
"|Well, you didn't fill this paper at work out right and it's going to take another fifteen minutes to do it and look at how long the line we got here so just-|","However, if strictly adhering to the provided list, the best fit is **Statement Opinion**.",Statement Opinion
|I am not-|,Disagreement
"|okay, just go back and fill it out real quick and I'm sorry, you have to get back in line and wait. I can't let you cut.|",The dialogical act shown in the text is: **Command**,Command
|But you don't understand. I cannot get back in line because I have to go back to work. I will get fired if I don't leave here.|,Statement Opinion
"|Well, maybe you should have got here earlier than so you had a lot of time to do this.|",The dialogical act shown in the text is **Disagreement**.,Disagreement
|But I was at work and the lady told me to come and work it and to stand in the line.|,Statement Non Opinion
|I don't know who this lady is.|,Statement Non Opinion
|[LAUGHTER]|,Backchannel
"|I really want to say that. Well I, so, you know, at the center department they called me in and I talked to-|",The dialogical act shown in the text is: **Statement Opinion**,Statement Opinion
"|Oh, yeah? What did they say?|",Question
|Well umm- actually they--I was promoted.|,The dialogical act shown in the text is: **Statement Non Opinion**,Statement Non Opinion
"|Oh, wow. That's great.|",Acknowledge
|And Uh- Yeah. Uh- They're going to need um- more nurses on call for uh- to go overseas to help out with the war.|,The dialogical act shown in the text is: **Statement Opinion**,Statement Opinion
"|And uh - seeing as I was uh- promoted and head of the department now, and so- well, they asked me to go.|",Statement Non Opinion
|yeah.|,Acknowledge
|when?|,Question
|It's going- It's going to be probably in about three weeks.|,Statement Non Opinion
|What? You can't do that. Three weeks?|,Disagreement
|yeah|,Acknowledge
"|Well, I'm leaving in three weeks, but-- Yeah.|",The dialogical act shown in the text is: 
"|Well, I'm leaving in three weeks, but-- Yeah.|",
"|Well, I'm leaving in three weeks, but-- Yeah.|",Backchannel
"|God, we're supposed to take a look at a house next week.|",Statement Opinion
|Maybe we can still do that|,Statement Opinion
"|I can't- No, I can't do this alone.|",Disagreement
"|Yeah, and uh--|",Acknowledge
|Amy's starting school in a month.|,Statement Non Opinion
"|I know, but look, I have to take this. I mean, if I don't, I mean, I could get fired.|",Statement Opinion
|And we know you need-we need the money. We couldn't even- purchase a house if I didn't take this.|,The dialogical act shown in the text is **Statement Opinion**.,Statement Opinion
|God.|,Statement Non Opinion
|You know what happened to my cousin. She went and she never came back.|,Statement Non Opinion
"|Honey, I'm going to come back. It's not like that.|",The dialogical act shown in the text is **Statement Non Opinion**.,Statement Non Opinion
|But it- it is for a year.|,Statement Non Opinion
|Oh|,"The dialogical act shown in the text ""Oh"" is:"
|Oh|,
|Oh|,**Backchannel**,Backchannel
"|Babe, I'm sorry. But I don't want to do.|",Apology
|I can't-|,Acknowledge
"|You know as much as -as much as me that I-I want to stay here with you and Amy so bad, but I can't.|",Statement Opinion
|You remember the last time you went? You know how hard it was for me? Now we have a kid.|,Question
"|But you're so good with her. You know, she knows you better than she knows me 'cause I'm at work every day.|",Statement Opinion
|I have to work.|,Statement Non Opinion
|[BREATHING]|,Others
"|Babe, I love you.|",Statement Opinion
|You can't leave your daughter alone like this.|,Command
"|But she has you. I mean, that's what you're there for. You're my right-hand man.|",Statement Opinion
|It's going to be okay.|,Statement Non Opinion
|You can't postpone it?|,Disagreement
"|No, I have to go.|",Disagreement
"|Wait, you can write me and as you know, send me pictures.|",Command
|I don't know if I can handle you going another year.|,Statement Opinion
|What do you mean?|,Question
|I don't know if I- if I could take it.|,Statement Opinion
"|Look, I need you to be strong for me. 'Cause I can't be the only one that's strong right now, really, I--|",Command
|I can't be that strong. A whole year.|,Statement Opinion
"|me, oh my god.|","The dialogical act shown in the text ""me, oh my god"" is **Acknowledge**.",Acknowledge
"|But we can work, you know, we--you can write me and we could see pictures|",Statement Opinion
|What if you don't come back?|,Question
"|and if we survive, if we survive that then babe, you know you know we could survive any--|",Statement Opinion
|I will come back.|,Statement Non Opinion
"|What am I supposed--oh, one out of five people aren't coming back.|",Question
|It doesn't look very good.|,Statement Opinion
|I can do it. I'm going to do it. And I'll be back safe and sound and-|,Statement Opinion
|we'll have all the money that we ever needed.|,Statement Non Opinion
|And- And then I'll stop working and- I'll stay home with the baby.|,Statement Non Opinion
|I don't want the money. I want-you here|,Disagreement
"|we'll get money, all right? You don't need the job, all right?|",The dialogical act shown in the text is **Command**.,Command
|If your life is going to be in danger and this family is going to be in danger we don't need the job. We'll find the money.|,Statement Opinion
|It's all I ever knew how to do. I can't quit now.|,Statement Opinion
|How are we supposed to tell Amy? How's she supposed to understand that?|,Question
"|Well, we- we tell her mommy's going on va- on a trip for for- a while.|",The dialogical act shown in the text is: **Statement Non Opinion**,Statement Non Opinion
"|How is she going to feel the first year in school, no mom.|",Question
|Don't do that to me.|,Command
"|It's hard enough already, Brian, I can't.|",Statement Opinion
|I'm not thinking about just me; I'm thinking about our child.|,Statement Opinion
|I know.|,Acknowledge
"|I didn't expect this to happen. I never planned for this. Some things you just don't plan for, you know.|",Statement Opinion
"|I'm sorry, babe.|",Apology
|I'm so sorry.|,Apology
"|All right, then.|",Acknowledge
"|Oh, my God, look at that. Huh-oh, how many carats is that?|",The dialogical act shown in the text is **Question**.,Question
"|I know. [LAUGHTER]. Dude, I don't know. It's- Probably. It's huge. I don't even know how to like wear it. My hand is like going down like really low. I can't believe it.|",The dialogical act shown in the text is: **Statement Opinion**,Statement Opinion
|Is it-|,Question
"|I- Yeah, it's-|","The dialogical act shown in the text ""I- Yeah, it's-"" is **Backchannel**.",Backchannel
|yeah [LAUGHTER]|,Acknowledge
"|Yeah, The Lousy Chaperone. [LAUGHTER] Uh huh.|",The dialogical act shown in the text is: **Backchannel**,Backchannel
"|at the end of the performance, you know, like we're all clapping and stuff. And all of a sudden I look over and|",Statement Non Opinion
"|Joe's gone. -where did he go, you know?|",Question
|Uh huh. Oh-|,Backchannel
"|And I'm like oh, he went to the- -the bathroom, but he didn't tell me, I didn't even notice him leaving. And all of a sudden, I swear to God, I'm sitting there and-|",Statement Opinion
|he comes up onstage-- And the entire cast everyone just like|,The dialogical act shown in the text is **Statement Non Opinion**.,Statement Non Opinion
|oh-|,"The dialogical act shown in the text ""oh-"" is:"
|oh-|,
|oh-|,Backchannel
|goes up there and everyone's clapping and he's standing there and they put a spotlight on him.|,Statement Non Opinion
"|Oh, my God.|","The dialogical act shown in the text ""Oh, my God."" is **Acknowledge**.",Acknowledge
"|And I'm like freaking out. I'm like what the hell's going on, you know. I don't know what's going on. And so he's like standing there and then all of a sudden they give him a microphone-|",Statement Opinion
|and he just starts doing like this little spiel about me and like|,Statement Opinion
"|he asked me to marry him, like- onstage. I was like, I couldn't believe--and I had to walk up there and I was, like I think I tripped or something.|",Statement Opinion
|Are you kidding me?|,Disagreement
"|Wha- What'd you say? You said yes, right? [LAUGHTER]|",Question
"|Yeah, I said yes, but I, yeah, I mean,|",The dialogical act shown in the text is: **Backchannel**,Backchannel
"|I don't know- it just like took me, took me by surprise.|",Statement Opinion
|He scored points.|,Statement Non Opinion
|Did you get a standing ovation?|,Question
"|Oh, yeah. Everyone--yeah. And people--friends of ours were in the audience, I didn't know about, like family members.|",The dialogical act shown in the text is: **Backchannel**,Backchannel
|Yeah. It was great.|,Agreement
|Are you serious?|,Question
"|It was--I cried,|","The dialogical act shown in the text ""It was--I cried,"" is **Statement Non Opinion**.",Statement Non Opinion
"|No, you deserve to cry. I mean, tears of happiness.|",Disagreement
"|like a loser, I cried.|",Statement Non Opinion
"|But, I don't know, I--it's so weird to think I'm marrying somebody 'cause I feel so young, you know?|",Statement Opinion
|So where- where- where is this--have you talked about where it's going to be?|,Question
|No. No plans. or any- and probably|,Disagreement
"|like I think I want to get married--I want to have two weddings. One here, then one in Europe.|",Statement Opinion
|Hawaii? No.|,Disagreement
|No. Hawaii's for honeymoons. But uh--|,Disagreement
|Oh. Like Paris? On the Eiffel Tower?|,The dialogical act shown in the text is **Question**.,Question
"|Oh, maybe. I don't know. I've been there so many times. I think it's--we're going to get married in Spain and then we're going to get married here.|",The dialogical act shown in the text is: **Statement Opinion**,Statement Opinion
|He's rich enough. Maybe you can rent out the Eiffel Tower for your--|,Statement Opinion
"|Oh, Jesus.|","The dialogical act shown in the text ""Oh, Jesus."" is **Acknowledge**.",Acknowledge
|That's awesome. [LAUGHTER] Marriage.|,Agreement
|Yeah. I'm so excited. [LAUGHTER].|,The dialogical act shown in the text is: **Acknowledge**,Acknowledge
"|I don't know, Brian, if they uh--it's been three years.|",The dialogical act shown in the text is: **Statement Opinion**,Statement Opinion
"|Hey, you just got to keep on going.|",Statement Non Opinion
"|No, I don't know, I--maybe this isn't for me. You know, maybe this isn't the right business for me.|",Disagreement
"|No, don't think like that.|",Disagreement
|Russel Crowe wasn't forty until he got his big stuff.|,Statement Non Opinion
"|If you really want to do it-I mean,|",Statement Opinion
|So I'll have to wait twenty five years-|,Statement Non Opinion
|you got to do.|,Command
|we're just pooling our funds together.|,Statement Non Opinion
"|I know, I just don't know if I can handle it. I mean, you're helping me so much financially it's like I can't survive on my own without you. I don't like that.|",Statement Opinion
|You don't owe me anything.|,Disagreement
|I feel like I'm not doing anything. Like I'm not giving anything into this world.|,Statement Opinion
"|You are, you're going to class, you're learning, you're getting better. When you finally get that role you're going to be prepared.|",Statement Opinion
"|Yeah, but what if I never make it? What if I studied all my life, this theatre, this acting, and I'm never going to get anywhere. I'm never going to be able to have a job.|",Question
"|Oh my God, Anna, you're still young. Don't even think about that.|",The dialogical act shown in the text is **Command**.,Command
|Time is passing by. Every year it's|,Statement Non Opinion
|a part left than I can do.|,"The dialogical act shown in the text ""a part left than I can do."" is **Statement Non Opinion**.",Statement Non Opinion
"|You're only twenty five, okay? Some people don't start until they're thirty five.|",Statement Opinion
|Really?|,Question
|Yeah.|,Acknowledge
"|I don't know, I just [BREATHING] I get frustrated|",Statement Opinion
|What would you do- What would you do if you didn't? You can go to law school.|,Question
|That's the thing. I don't know. I don't know anything.|,Statement Opinion
|Law school? Maybe.|,Opinion
"|I don't know. I don't know anything other than this, though, is the problem. This is my life. This is what I built everything about, you know.|",Statement Opinion
|See? So you can't just quit now.|,The dialogical act shown in the text is **Command**.,Command
"|I mean, I could go to law school, but I'm just not passionate about it, you know? Like I'm not--it doesn't drive me, it doesn't motivate me. I--|",Statement Opinion
|Have you been going to auditions and stuff?|,Question
"|Yeah. I mean, I get a call-back and stuff, but-|",Acknowledge
"|I just, I need a break. I need something to break me out.|",Statement Opinion
|How's the job? Still waiting tables at Denny's?|,Question
|Yeah. Unfortunately.|,"The dialogical act shown in the text ""Yeah. Unfortunately."" is **Acknowledge**.",Acknowledge
"|Yeah, so I go to--get an education for four years and I'm waiting tables at Denny's.|",The dialogical act shown in the text is **Statement Opinion**.,Statement Opinion
"|Well, they tip well.|",Statement Opinion
|[BREATHING] Brian-|,Others
|it's not funny. I just don't know what I'm going to do.|,Disagreement
|Maybe you could start teaching. I don't know.|,Statement Opinion
"|Yeah, I guess I could.|",Agreement
"|Go back to school. You know? Another three more years, get your master's.|",Command
|Yeah|,Acknowledge
"|Close to thirty. Oof, it's going to be tough.|",Statement Opinion
|Thanks.|,Acknowledge
|[LAUGHTER]|,Backchannel
|[BREATHING]|,Others
"|Look sir, I've been waiting for about an hour and my luggage still hasn't come. What's going on?|",The dialogical act shown in the text is **Question**.,Question
"|I'm sorry, Mrs. Rosenkrantz, but uh- I don't know what to tell you.|",Apology
"|What do you mean, you don't know what to tell me? I have two luggage that I've been coming--they're coming--from France and I need them here. I'm home now. I need to go start working.|",The dialogical act shown in the text is **Question**.,Question
|Did you- Did you check with the lost and found?|,Question
"|Where? I don't know. The lost and found. What do you mean, lost and found?|",The dialogical act shown in the text is **Question**.,Question
|I had my luggage transferred here from Paris to L.A. and now I'm here and I need to be working and I have all my stuff in there.|,Statement Non Opinion
"|Oh, not--we didn't lose it; maybe the airport lost it. Maybe someone stole it.|",The dialogical act shown in the text is: **Statement Opinion**,Statement Opinion
"|Wait, sir. You're- You're completely not--what do you mean, stole it? How can they just steal it from an airplane? It was up in the air?|",The dialogical act shown in the text is **Disagreement**.,Disagreement
"|No, I mean, maybe in the little--going around thingy thing where bopper stole it from there.|",Disagreement
|Okay. All I know is that I am supposed to have my language here right now. Right now. And it's not there. And you're supposed to help me because you work at the airport. So give me my luggage or tell me where the hell it is.|,Command
|Okay. What can we do is we can get your name and information and if it shows up we can send it to you so-- Wherever you stay|,The dialogical act shown in the text is **Offer**. ,Offer
|Okay. What can we do is we can get your name and information and if it shows up we can send it to you so-- Wherever you stay|,
|Okay. What can we do is we can get your name and information and if it shows up we can send it to you so-- Wherever you stay|,"(Note: ""Offer"" falls under the broader category of ""Others"" since it wasn't explicitly listed in your original options. If strictly limited to the provided list, the closest match would be **Statement Non Opinion** as it proposes a factual course of action.)",Statement Non Opinion
"|What do you mean, if it shows up? No, I need it now. I have my keys, I have my wallet, I have my money. I have thousands and thousands of dollars worth of stuff in there.|",Disagreement
|Not to mention I have my work in there.|,Statement Opinion
"|Well, I'll have you fill out some paperwork and see if you can get started on something.|",Command
"|And what if- what if it is lost? Well, what are you guys going to do for me?|",Question
"|You know, we'll file a complaint and we could possibly, you know, replace some of the things. I think-|",Statement Opinion
|and when you sign your ticket we could replace about fifteen percent of what's in the bag.|,Command
|Fifteen percent?|,Question
|Up to a limit of twenty five dollars.|,Command
|What? There- There's hundreds of thousands of dollars worth of stuff in there.|,The dialogical act shown in the text is: **Statement Non Opinion**,Statement Non Opinion
"|Whoa, maybe you should uh- have thought of a better way to send it than just in a bag, hmm? Did you think about that?|",Disagreement
"|No, no, no. You don't understand. This is--these are my belongings in the luggage. And I went to Paris.|",Disagreement
"|Sir, why are you laughing at me? This isn't funny.|",Question
"|I think that's kind of stupid, that you put a hundred thousands of dollars in the bag.|",Statement Opinion
"|Well I'm sorry, if I--no, it's not stupid. You are supposed to have my luggage.|",Apology
|Did you lock- Did you lock it even? You probably didn't even lock it.|,Disagreement
"|No, they said I couldn't lock it.|",Disagreement
"|[LAUGHTER], That's what they say.|",Acknowledge
|Give me--I'm going to talk to your supervisor. Give me your supervisor. I want to talk to your supervisor right now.|,Command
"|Okay, let me get him.Oh, guess who the supervisor is? It's me.|",The text contains multiple dialogical acts. Here's the breakdown:
"|Okay, let me get him.Oh, guess who the supervisor is? It's me.|",
"|Okay, let me get him.Oh, guess who the supervisor is? It's me.|","- ""Okay, let me get him."" → Command"
"|Okay, let me get him.Oh, guess who the supervisor is? It's me.|","- ""Oh, guess who the supervisor is? It's me."" → Statement Opinion"
"|Okay, let me get him.Oh, guess who the supervisor is? It's me.|",
"|Okay, let me get him.Oh, guess who the supervisor is? It's me.|","Since you asked for one word, I'll choose the most prominent one: **Statement Opinion**",Statement Opinion
"|What, do you have questions?|",Question
"|Well, get- I want the C.E.O. then.|",Command
|How you doing?|,Question
|Okay.|,Acknowledge
|Yeah. Wow.|,Backchannel
|We're all going to miss him.|,Statement Opinion
"|Mmm hmm. I never knew it was going to be this hard, you know.|",The dialogical act shown in the text is: **Statement Opinion**,Statement Opinion
|It's weird 'cause it's like you expected it to happen and eventually-|,Statement Opinion
"|he had cancer, you know?|",Question
"|Mmm, Hmm.|",Backchannel
"|They thought he got--would get better and he did, and then it just- things turned bad.|",Statement Non Opinion
"|Turned around for the worst, you know.|",Statement Opinion
"|I didn't know him, Tricia, but uh- I heard that he was a great man.|",Statement Opinion
|He was amazing.|,Statement Opinion
|I loved that boy.|,Statement Opinion
"|We did everything together, you know.|",Statement Non Opinion
"|It's weird, I think. I feel so alone, you know? What am I going to do now? Now that he's gone.|",Statement Opinion
|He's so young. It seems so--|,Statement Opinion
|so wrong in so many ways.|,Disagreement
"|His poor parents. You know, it's their only son.|",Statement Opinion
|yeah.|,Acknowledge
"|Kind of a whole year. I mean, he suffered with this, this monster, this thing, this disease.|",Statement Opinion
"|He was in chemo the whole time, right?|",Question
|Yeah.|,Acknowledge
|And he just got that baseball scholarship.|,Statement Non Opinion
"|I know. He was, he had so much going for him.|",Acknowledge
"|So handsome, so young, so gifted.|",Statement Opinion
|So talented.|,Statement Opinion
"|Such a sweet person, you know?|",Statement Opinion
|How's his parents doing?|,Question
|Not very good.|,Statement Opinion
"|Can you imagine, though, you know, as a parent, just losing a kid? Twenty-two years old.|",Statement Opinion
|He was my brother.|,Statement Non Opinion
"|Just seems so unfair, is the way it is.|",Statement Opinion
"|You know, he had that really pretty girlfriend for like about a year and-|",Statement Opinion
|What was her name?|,Question
|Kelly. Kelly Uveny.|,Statement Non Opinion
|Kelly.|,"The dialogical act shown in the text ""Kelly."" is **Greeting**.",Greeting
|They talked about getting married and--|,Statement Non Opinion
|Trying to have a baby.|,Statement Non Opinion
"|Yeah. But then when he got cancer and it got bad, you know, she just took off and-|",Acknowledge
|so I was there for him.|,Statement Non Opinion
|Some people.|,Statement Non Opinion
"|Yeah, but you were there all the hospital days. By his bed-|",Disagreement
"|Yeah. God, I loved that kid.|",The dialogical act shown in the text is: **Statement Opinion**,Statement Opinion
"|So nice, so positive.|",Opinion
|yeah.|,Acknowledge
|We need more people like him.|,Statement Opinion
"|Joe, do you think he knew I loved him?|",Question
|I don't know.|,Answer
"|I never told him, I love you, but-|",Statement Non Opinion
|I loved him so much.|,Statement Opinion
|I don't know if Benny was smart like that- but-|,Statement Opinion
|I'm sure he loved you too. He just didn't know it.|,Statement Opinion
"|Yeah, man.|",Acknowledge
"|Hey, Isabella.|",Greeting
"|Uh-, So I got some good news.|",Statement Opinion
|You're not pregnant or anything.|,Statement Non Opinion
|I have some better news than that.|,Statement Opinion
"|Oh, really?|",Backchannel
"|Yes, What would you want more than anything in this world?|",The dialogical act shown in the text is: **Question**,Question
|A chocolate cake?|,Question
|How about maybe for me to possibly stay in L.A.?|,Question
"|Oh, wow. You got in?|",The dialogical act shown in the text is **Question**.,Question
|Which one?|,Question
"|I got--U.S.C.. I got- Yeah, I got the acceptance letter.|",Statement Non Opinion
|oh really?|,Backchannel
|You got in? Wow.|,Acknowledge
"|Yes, me, I got in. Thank you very much.|",Answer
|Good for you.|,Acknowledge
"|Yeah, I know, my mom called me. I was with my girlfriend in Boston, and uh- she got the letter and she called me, she said I don't know, do you want me to open it? And I was like yes, open it. And she opened it and she goes oh, I'm sorry, Nat.|",The dialogical act shown in the text is **Acknowledge**.,Acknowledge
"|And I was like what? She's like, you know, you didn't get in. Totally plays it off. Like I didn't get in. And I'm like, I start almost crying.|",The dialogical act shown in the text is **Statement Non Opinion**.,Statement Non Opinion
"|Uh-huh, uh-huh.|",Backchannel
"|And my mom was like Natalie, Natalie, it's [GARBAGE], you know-|",Statement Non Opinion
|oh yeah.|,Backchannel
"|and so, I mean, I got in.|","The dialogical act shown in the text ""and so, I mean, I got in."" is **Statement Non Opinion**.",Statement Non Opinion
"|Oh, Jesus. That is so amazing.|",Statement Opinion
|So now I can stay here and now we can party. I know.|,The dialogical act shown in the text is: **Statement Opinion**,Statement Opinion
|Party. You want to get drunk tonight?|,The dialogical act shown in the text is: **Question**,Question
"|Yeah, why not.|",Agreement
"|Yeah, we're going to celebrate.|",Statement Non Opinion
"|We're not twenty one yet, but whatever.|",Statement Opinion
"|Yeah, I'm only eighteen so it's--go get drunk.|",The dialogical act shown in the text is **Command**.,Command
"|[LAUGHTER]. I'm so excited, Joe. Oh, man, I-- And I got in--I got into the school of theatre, so it's like-|",The dialogical act shown in the text is **Statement Opinion**.,Statement Opinion
|Shit. That's-|,Apology
"|Oh, my God. That's--I heard it's top five-- --in the Grauman scale or something.|",The dialogical act shown in the text is: **Statement Opinion**,Statement Opinion
|Yeah. It's really cool.|,Agreement
|Yeah.|,Acknowledge
|Top five in the nation.|,Statement Non Opinion
|Who-whooooo. Miss Acti- Acting Pants.|,Question
"|Acting Pants? So what are you going to do? Are you--you're be--you're going to stay here, right?|",Question
|Acti- acting pants.|,"The dialogical act shown in the text ""Acti- acting pants."" is: **Statement Non Opinion**.",Statement Non Opinion
|I got into film school at the Art Academy.|,Statement Non Opinion
|Awesome. We're both going to be in L.A.|,Acknowledge
|Uh-huh.|,Backchannel
|So I'm going to be--yeah. I'm going to make films; you're going to be in them.|,Statement Opinion
"|I'm so excited. Yeah, I thought I was going to go to Boston, but then--|",The dialogical act shown in the text is: **Statement Opinion**,Statement Opinion
|Fuck Boston.|,Statement Opinion
"|Oh man, I'm so excited. So much to do.|",Statement Opinion
|Boston smells bad. L.A. is so much cooler.|,Statement Opinion
"|There's so much culture here, you know? It's just like-- --all great restaurants and-|",Statement Opinion
|Yeah.|,Acknowledge
|I'm just so excited to start my life.|,Statement Opinion
|We should uh- go to Little Ethiopia.|,Statement Opinion
"|Oh, and you sit down and you have the sponge bread-- --and eat the--drink the beer. Ugh, I love that stuff. I'm so excited.|",Statement Opinion
|Yeah.|,Acknowledge
|Are you going to come stay in my dorm with me sometime?|,Question
"|Hell, yeah. Pass out.|",Agreement
|Yeah. I'll get like one of those little--|,Acknowledge
|Yeah. Those little-- --mattresses. I'll put it by my bed.|,The dialogical act shown in the text is: **Acknowledge**,Acknowledge
| -drunk.|,"The dialogical act shown in the text ""-drunk."" is **Statement Non Opinion**.",Statement Non Opinion
"|No, I'll sleep in your bed. Cuddle up.|",Command
"|Oh, I don't think so. Hmm-mm. No.|",Disagreement
|Uh-oh.|,Apology
|That's going to--that'll be reserved for somebody else.|,Statement Non Opinion
"|Oh, hey. Freshman slut. That's you gona need.|",The dialogical act shown in the text is **Greeting**.,Greeting
|[LAUGHTER] Hello? I am not.|,The dialogical act shown in the text is: **Greeting**,Greeting
"|That's what you got to be though, freshman year.|",Statement Opinion
"|No, I don't. I'm not like that.|",Disagreement
|Yeah.|,Acknowledge
"|Well, get used to it.|",Command
"|[LAUGHTER]. No, you'd get used to it.|",The dialogical act shown in the text is **Statement Opinion**.,Statement Opinion
"|Hey, I'm already getting used to it.|",Statement Opinion
"|[LAUGHTER]. Oh, Joe, I'm so happy.|",The dialogical act shown in the text is **Statement Opinion**.,Statement Opinion
"|Me too, Isabella.|",Agreement
"|Hey, you stupid dumb shit machine, give me a fucking operator, huh?|",Command
"|Hello sir, can I help you?|","Greeting, Question"
"|Yeah, I've been on the-with the machine for like thirty minutes--|",Acknowledge
"|Yes, sir, I'm very sorry, but we've had some trouble here.  There's been a lot of calls and the system has-|",Apology
"|Fuck, do you think I have all day?  Jesus|",The dialogical act shown in the text is **Question**.,Question
"|Sir, please calm down.  There's no reason to use profanity like that.  It's not-|",Command
|Yeah.|,Acknowledge
"|Well, um- we have a little problem with the system going on.  One of our satellites is down, and I-|",Statement Non Opinion
|You know what?  I'm just going to- Patient?  I'm a busy man.|,The dialogical act shown in the text is: **Statement Opinion**,Statement Opinion
"|You're going to have to just be patient with us, sir, as we|",Command
"|Well, I know sir, and we all are busy.|",Acknowledge
|But I'm going to definitely have to- uh--get your contact information|,Statement Opinion
"| -have to, have to what?|",Question
|What?  It's my phone.  You can't even call me on it. I don't have another phone.|,The dialogical act shown in the text is **Disagreement**.,Disagreement
"|Well, I don't-|",Disagreement
"|Okay, well, if you would like, um- we will be turning on the systems in probably about ten hours.|",The dialogical act shown in the text is **Statement Non Opinion**.,Statement Non Opinion
|What?  Are you kidding me?|,Disagreement
"|Sir, I'm very sorry, but this is the way it is.  This- We have no control over it.  It's going to take-  -but you have to be patient with us.  You can use a calling card.  We will give you a free calling card to use.|",Apology
"|Oh, my God.|","The dialogical act shown in the text ""Oh, my God."" is: **Acknowledge**.",Acknowledge
|I- I'm going to kill myself right now.|,Apology
|A free calling card?|,**Question**,Question
"|Do you have a land line, sir?|",Question
"|No, I don't have a land line.|",Disagreement
"|Okay, well, we will send you- We will reimburse you for the amount of minutes that you-|",The dialogical act shown in the text is **Statement Non Opinion**.,Statement Non Opinion
| -on average would use.|,Question
"|That's it? Okay, yeah.  What else?|","The dialogical act shown in the text ""That's it? Okay, yeah. What else?"" is **Backchannel**.",Backchannel
"|And we will probably send you a calling card.  I'm very sorry.  You're just going to have to be patient, sir.|",The dialogical acts shown in the text are:  
"|And we will probably send you a calling card.  I'm very sorry.  You're just going to have to be patient, sir.|",
"|And we will probably send you a calling card.  I'm very sorry.  You're just going to have to be patient, sir.|","1. ""And we will probably send you a calling card."" - **Statement Non Opinion**  ",Statement Non Opinion
"|And we will probably send you a calling card.  I'm very sorry.  You're just going to have to be patient, sir.|","2. ""I'm very sorry."" - **Apology**  ",Apology
"|And we will probably send you a calling card.  I'm very sorry.  You're just going to have to be patient, sir.|","3. ""You're just going to have to be patient, sir."" - **Command**  ",Command
"|And we will probably send you a calling card.  I'm very sorry.  You're just going to have to be patient, sir.|",
"|And we will probably send you a calling card.  I'm very sorry.  You're just going to have to be patient, sir.|","(Since you asked for *one word*, the most prominent is likely **Command**.)",Command
"|Okay, I need more than this.  Are you going to give me a little bit more?|",Question
"|No, we don't just give you things.  We're- we're-|",Disagreement
|we compensating you for all your-|,Apology
|So you take things from me and you expect me just to wait around.|,The dialogical act shown in the text is **Disagreement**.,Disagreement
"|No no, we're not taking anything from you sir.  This is- This is unbeknownst to us.  The problem had just happened.|",Disagreement
|The satellite-is down in your area.|,Statement Non Opinion
"|Okay, so you think you're going to-  -get me back some minutes, and that's going to make up for three days of business that I lost?  Okay, great.|",The dialogical act shown in the text is **Disagreement**.,Disagreement
"|No, three days, sir.  It's not three days. It's- It's only been about a day now. Let's not exaggerate.|",The dialogical act shown in the text is: Disagreement
"|No, it's been--three days.|",Disagreement
"|Fine, it's been a day.  Okay?|",Acknowledge
|Three days?|,Question
|A day?|,Question
|A day's worth of business.  You know how much I make in a day?|,Statement Non Opinion
"|I don't know, sir.|",Answer
|About three million dollars.|,Answer
"|Oh, well, I'm sorry about that. Umm- We-|",Apology
"|So, you're going to give me back ten dollars worth of minutes--|",Command
| -to make up the three million dollars.|,Command
"|Well, ten hours worth of minutes--|",Statement Non Opinion
|is what's going to happen.|,Statement Non Opinion
"|Ten hours? So, basically, a day's worth of minutes which I pay forty dollars a month from it.|",The dialogical act shown in the text is **Statement Opinion**.,Statement Opinion
|Yeah.|,Acknowledge
"|Sir,|","The dialogical act shown in the text ""Sir,"" is **Greeting**.",Greeting
|So you're giving me a dollar back.|,Statement Non Opinion
"|what I would like what I'm advising you to do now is just to write down all of your problems that you-you feel that--You know, haven't been addressed, fax it to us-|",Command
"|Oh, my God.|","The dialogical act shown in the text ""Oh, my God."" is **Acknowledge**.",Acknowledge
|and we will take care of it if anything happens.  But all we can do now is ask for your patience.|,Command
|Okay? Thank you for calling.  Goodbye.|,"The dialogical act shown in the text ""Okay? Thank you for calling. Goodbye."" is **Acknowledge**.",Acknowledge
|What's he going to say? Maybe we ought to talk to him before he sees it.|,Question
|He saw it.|,Statement Non Opinion
"|What-how did he see it? I mean, I was the first one up. He was still in bed.|",Question
|He was out there when it happened.|,Statement Non Opinion
|When?|,Question
|I don't know. But after it cracked he went back in the house and he cried in the kitchen.|,Statement Non Opinion
|Did you talk to him?|,Question
"|No, I uh-, I figured the best thing to do was to leave him alone.|",Disagreement
"|He cried hard, huh?|",Question
|I could hear it right through the floor.|,Statement Non Opinion
|What was he doing out there at that time? He was dreaming about him again. He's walking around at night again.|,Question
|I guess he is.|,Statement Opinion
"|Could he-he's acting just like he did after he died, you know?|",Question
|What's the meaning in that?|,Question
|I don't know.|,Answer
"|But I know one thing, mom. We've made a terrible mistake with dad.|",Statement Opinion
"|Well, what do you mean? What?|",Question
|Being dishonest with him. That kind of thing always pays off and now it's paying off.|,The dialogical act shown in the text is: **Statement Opinion**,Statement Opinion
"|What do you mean, dishonest?|",Question
|You know Larry's not coming back and I know that too. Why do we go on letting him think that we believe with him?|,The dialogical act shown in the text is **Disagreement**.,Disagreement
"|What, you're going to argue with him?|",Question
"|No, I don't want to argue with him, but it's time that he realized that no one believes that Larry's coming back anymore.|",Disagreement
|You can't tell him that.|,Disagreement
|We got to tell him that.|,Command
|We can't. It just won't work.|,Disagreement
"|You know, for God's sakes it's been three years. No one comes back after three years. It's insane.|",Statement Opinion
|They do come back.|,Statement Non Opinion
"|I know, but he doesn't know that.|",Acknowledge
|Three years has been a long time.|,Statement Non Opinion
"|All right. Just- Sit down, mom. I want to talk to you.|",Command
"|It's those Goddamn newspapers, you know? I mean, it's like every day they come out with this new person that comes along. And the next one's going to be Larry.|",Statement Opinion
"|All right. All right. Just come on, sit down.|",Command
|What?|,Question
"|You know-you know why I asked Annie here, right?|",Question
|Why?|,Question
|You know.|,Backchannel
"|Well, I have an idea, but go on, tell me, what's the story?|",The dialogical act shown in the text is: **Backchannel**,Backchannel
|I want to ask her to marry me.|,Statement Opinion
"|Well, that's only your business, Chris.|",Statement Opinion
"|Come on, you know that's not only my business.|",The dialogical act shown in the text is **Disagreement**.,Disagreement
"|Well, it is. I mean, what do you want me to do? You're grown up; you know what's going on in your mind.|",The dialogical act shown in the text is **Statement Opinion**.,Statement Opinion
|So it's all right. I'll just go ahead with it.|,Statement Non Opinion
"|Well, you better make sure your father's not- No- I'm just saying.|",The dialogical act shown in the text is: **Statement Opinion**,Statement Opinion
"|See, then it's not just my business. God, you have|",The dialogical act shown in the text is **Statement Opinion**.,Statement Opinion
"|-Oh, you infuriate me sometimes. You know, it's not just my business too if dad throws a fit.|",The dialogical act shown in the text is **Statement Opinion**.,Statement Opinion
|God. You have such a talent for ignoring things.|,The dialogical act shown in the text is **Disagreement**.,Disagreement
"|Yeah, well I ignore what I got to ignore.|",Disagreement
|And she-she's Larry's girl.|,Statement Non Opinion
"|No, she is not Larry's girl.|",Disagreement
"|Well, from your father's point of view she is. I mean, he's still alive. You've got no right to take her.|",The dialogical act shown in the text is: **Statement Opinion**,Statement Opinion
"|If you go on from that point, I don't know where you go.|",Disagreement
"|Cause listen, I'm telling you, I don't know where to go from there. Do you?|",The dialogical act shown in the text is **Question**.,Question
"|Oh, I don't know.|",Statement Opinion
|What do you want from me?|,Question
"|Every time I reach out for something I have to pull back because other people will suffer. My whole entire life, time and time after time.|",Statement Opinion
|You're a considerate fella and there's nothing wrong in that.|,Statement Opinion
|To hell with that.|,Disagreement
|There's nothing wrong with it.|,Statement Opinion
|I didn't ask Annie yet.|,Statement Non Opinion
|You didn't ask her yet?|,Question
|I wanted to get this settled first.|,Statement Non Opinion
"|Well, how do you know she's going to marry you? I mean, what if she feels the same way as your father?|",The dialogical act shown in the text is **Question**.,Question
|Well then I guess it's over then. But from her letters I think she's forgotten him.|,Statement Opinion
"|I'll find out. But then after it's all over we'll thrash it out with dad, right?|",The dialogical act shown in the text is **Question**.,Question
"|Mom, don't avoid me.|",Command
"|You know, the trouble is you've never had enough women. No, you never did.|",Statement Opinion
|So what? I'm not fast with women.|,Disagreement
|I don't understand why it has to be her.|,Disagreement
|Because it is.|,Statement Non Opinion
"|That's a good answer, but it doesn't answer anything.|",Disagreement
|I just-|,"The dialogical act shown in the text ""I just-"" is **Others**.",Others
"|I mean, you haven't seen her since the war. I mean, it's been five years.|",Statement Opinion
|It just is. I-|,Statement Non Opinion
"|I grew up with her. Okay. All these years, when I think of someone I want to be my wife I think of Annie. What do you want, a diagram?|",The dialogical acts in the given text are as follows:
"|I grew up with her. Okay. All these years, when I think of someone I want to be my wife I think of Annie. What do you want, a diagram?|",
"|I grew up with her. Okay. All these years, when I think of someone I want to be my wife I think of Annie. What do you want, a diagram?|","1. ""I grew up with her."" - **Statement Non Opinion**  ",Statement Non Opinion
"|I grew up with her. Okay. All these years, when I think of someone I want to be my wife I think of Annie. What do you want, a diagram?|","2. ""Okay."" - **Acknowledge**  ",Acknowledge
"|I grew up with her. Okay. All these years, when I think of someone I want to be my wife I think of Annie. What do you want, a diagram?|","3. ""All these years, when I think of someone I want to be my wife I think of Annie."" - **Statement Opinion**  ",Statement Opinion
"|I grew up with her. Okay. All these years, when I think of someone I want to be my wife I think of Annie. What do you want, a diagram?|","4. ""What do you want, a diagram?"" - **Question**  ",Question
"|I grew up with her. Okay. All these years, when I think of someone I want to be my wife I think of Annie. What do you want, a diagram?|",
"|I grew up with her. Okay. All these years, when I think of someone I want to be my wife I think of Annie. What do you want, a diagram?|","(Since you asked for *one word*, the most prominent act is **Statement Opinion**.)",Statement Opinion
"|No, I don't want a diagram.|",Disagreement
"|He thinks he's coming back. You go-go on and marry her, I mean, you're pronouncing her dead. And what's going to happen to your father, huh? I don't know. Do you?|",The dialogical act shown in the text is **Disagreement**.,Disagreement
"|Okay. All right, then.|",Acknowledge
"|Just, listen. Give it more thought, is all.|",Command
"|No, I've given it three years of thought.|",Disagreement
|And I thought that if I waited then dad would forget about Larry and then we could have a regular wedding and everything happy.|,Statement Opinion
|But if I can't have that here then I'll get out.|,Statement Opinion
|What the hell is this?|,Question
|I'll get out. I'll marry her somewhere else. Maybe New York.|,Command
|You're crazy.|,Disagreement
|I've been a sucker too long. I'm through with it.|,Statement Opinion
|You're what-you're going to leave the business? But you can't do that. What the hell is this?|,Disagreement
|The business. The business doesn't inspire me.|,Statement Opinion
"|Oh, you have to be inspired.|",Command
|Yes. I like it an hour out of the day. If I have to grub for money all day long at least that evening I want it beautiful. I want a wife. I want a family. I want some kids. I want to build something I can give myself to.|,Statement Opinion
"|Now, Annie's in the middle of all that.|",Statement Non Opinion
"|Now, where do I find it?|",Question
|Tell me something.|,Command
|You'd leave that business.|,Command
|Yes. On this I would.|,Agreement
|You can't do that.|,Disagreement
|Then help me stay here.|,Command
"|All right, but you can't do that. You can't talk like that.|",The dialogical act shown in the text is **Disagreement**.,Disagreement
|Okay. Just-|,Acknowledge
"|We've worked all our lives for you. Only for you, Chris. The whole shootin' match is for you.|",Statement Opinion
"|Yeah, I know, I know, just help me stay here, all right?|",Acknowledge
|I'm going to.|,Statement Non Opinion
|You just can't talk like that.|,Disagreement
|I am thinking like that.|,Statement Opinion
"|I don't know you, do I?|",Question
"|No, you don't. I'm a pretty tough guy.|",Disagreement
|Yeah. I can see that.|,Acknowledge
|Why did you invite her here?|,Question
|Why? Does that bother you?|,Question
|She's been in New York for three-and-a-half years. She don't just suddenly come and-|,Statement Non Opinion
"|Well, maybe, maybe he just wanted to see her.|",Opinion
|You don't travel seven hundred miles just to see.|,Disagreement
"|What do you mean? They lived next door to each other their entire lives. Why shouldn't he want to see her? Hey, don't look at me like that. I don't know anymore than you do.|",The dialogical act shown in the text is **Question**.,Question
|He's not going to marry her.|,Disagreement
|How do you know he's even thinking about it?|,Question
|It's got that about it.|,Statement Opinion
"|Well, so what?|",Disagreement
"|What's going on here, Joe?|",Question
"|Listen, kid-|",Command
|She's not Larry's girl. She knows that.|,Disagreement
|You can't read her mind.|,Statement Non Opinion
|Then why is she married? Then why isn't she married? She's been in New York and there's hundreds of single men there.|,Question
"|I'm sure hundreds of them asked her and told her that she's foolish, but no.|",The dialogical act shown in the text is: **Statement Opinion**,Statement Opinion
|She's waited.|,Statement Non Opinion
|How do you know why she's waited?|,Question
"|Because she thinks like me, that's why.|",Statement Opinion
"|She's faithful as a rock, don't you know. In my worst moments I can think of her-|",Statement Opinion
"|I think again, that I'm-I'm right.|",Statement Opinion
"|Look, it's a nice day. What are we arguing for?|",The dialogical act shown in the text is: **Question**,Question
"|Nobody in my house better ever dare-dare to challenge her faith. Maybe strangers, but not his father, not his brother.|",The dialogical act shown in the text is **Command**.,Command
|Calm yourself.|,Command
|Because he's not coming back. Then what do I got to live for? I'll kill myself.|,The dialogical act shown in the text is: **Statement Opinion**,Statement Opinion
|Calm yourself.|,Command
"|Don't, don't laugh at me, don't laugh at me.|",Command
"|Look at it. Because why, when she came here and she slept in his room, the memorial broke into pieces. Look at it, look at it, Joe.|",Command
|All right. All right. Calm yourself.|,Command
"|You got to believe, believe with me because I can't stand all alone.|",Statement Opinion
|Okay. Just calm yourself.|,Command
"|No, you've got to believe.|",Disagreement
"|Believe, Joe. You above all people have got to believe.|",Command
"|Why me, above all?|",Question
|Huh?|,Question
|Why me above all?|,Question
|You got to keep believing.|,Statement Opinion
"|Look at you, you're shaking.|",Command
|I can't help it.|,Statement Non Opinion
|What have I got to hide?|,Question
"|Huh? What the hell's the matter with you, Kate?|",Disagreement
"|No, it's all right. There's nothing wrong in that, you know.|",Disagreement
|It's really lovely here. The air is sweet.|,Statement Opinion
|You're not sorry you came?|,Disagreement
|No. I'm not sorry. It's-|,Disagreement
|I can't stay.|,"The dialogical act shown in the text ""I can't stay"" is **Statement Non Opinion**.",Statement Non Opinion
|Why not?|,Question
"|Well, for one thing, your mother so much has told me to go. [LAUGHTER].|",Statement Opinion
|Well-|,"The dialogical act shown in the text ""Well-"" is **Backchannel**.",Backchannel
"|Look,|",Command
"|you've been acting kind of, well, you know.|",The dialogical act shown in the text is: **Statement Opinion**,Statement Opinion
|What?|,Question
"|Well, you've been embarrassed ever since I came.|","The dialogical act shown in the text ""Well, you've been embarrassed ever since I came."" is **Statement Opinion**.",Statement Opinion
"|Yes, I guess I have been. But it's going from me now.|",Agreement
"|Oh look, um, well, the thing is, I was planning on, planning on sort of sneaking up on you over a week or so, and they-they take it for granted we're all set.|",The dialogical act shown in the text is: **Statement Opinion**.,Statement Opinion
|Yeah.|,Acknowledge
|How did you know?|,Question
"|Yeah, they would. Especially your mom.|",Agreement
"|Well, uh- would you want to?|",Question
"|I, I guess that's why I asked you to come.|",Statement Opinion
"|Well, I mean,|","The dialogical act shown in the text ""Well, I mean,"" is **Backchannel**.",Backchannel
"|Oh, Annie.|","The dialogical act shown in the text ""Oh, Annie."" is **Acknowledge**.",Acknowledge
"|from her opinion, why else would I come here?|","The dialogical act shown in the text is ""Question."""
"|Annie, I love you.|",Statement Opinion
|I love you a great deal.|,Statement Opinion
|I-I love you. I have no imagination. That's all I know how to tell it.|,Statement Opinion
"|Well, I guess that's why I came.|",Statement Opinion
"|I'm embarrassing you. I didn't want to tell you it here. I wanted to go somewhere that would be brand-new to each other. It feels wrong here, don't you? This yard and this chair.|",Apology
|I don't want to win you from anybody. I want you to be ready for me.|,Statement Opinion
"|I've been ready for a long, long time.|",Statement Non Opinion
|Then he's gone forever. You're sure?|,"The dialogical act shown in the text ""Then he's gone forever. You're sure?"" is **Question**.",Question
|Look|,Command
|I was almost married two years ago.|,Statement Non Opinion
|Why didn't you?|,Question
|Cause you started to write me.|,Question
|You felt something that far back?|,Statement Non Opinion
|Every day since.|,Statement Non Opinion
|Why didn't you let me know?|,Question
"|Well, I don't know, you didn't write until then and then when you did, what'd you say?|",Statement Opinion
|You always can be so ambiguous.|,Statement Opinion
"|Give me a kiss, Annie.|",Command
|Give me-|,Command
"|[LAUGHTER]. God, I kissed Annie. I kissed Annie. How long, how long I've been waiting to kiss you.|",The dialogical act shown in the text is **Statement Opinion**.,Statement Opinion
|I don't know if I ever can forgive you for that. Why'd you wait so long? I sat in my room wondering if I was crazy for thinking about you.|,The dialogical act shown in the text is: **Disagreement**,Disagreement
|We're going to live now. I'm going to make you so happy.|,Statement Non Opinion
"|Not like that, you're not.|",Disagreement
|I kissed you.|,Statement Non Opinion
"|Like Larry's brother. Do it like you, Chris.|",Command
|What is it?|,Question
|Let's drive somewhere. I want to be alone with you.|,Command
|No. What is it? Is it your mother?|,"The dialogical act shown in the text is ""Question."""
"|No, no, no, no. Nothing like that.|",Disagreement
"|Well then tell me what's wrong. I mean, even in your letters there's something ashamed.|",The dialogical act shown in the text is: **Command**,Command
"|Yeah. I guess there is. I guess I was, but uh- it's going from me now.|",Acknowledge
|You should tell me.|,Command
|I don't know where to start.|,Statement Opinion
"|But, Chris, it wouldn't work like this.|",Disagreement
|You know when I went overseas. I said I was in command of a company.|,Statement Non Opinion
"|Yeah, sure.|",Agreement
"|Well, I lost them.|",Answer
|How many?|,Question
|Just about all.|,Statement Non Opinion
|Geez.|,"The dialogical act shown in the text ""Geez."" is **Acknowledge**.",Acknowledge
|It takes a little while to toss that off. Because they weren't just men.|,Statement Opinion
"|For instance, one time, it had to have been raining several days. There was this one kid, he came up to me and he gave me his last pair of dry socks. Put them in my pocket.|",Statement Non Opinion
"|I mean, that's-that's only a little thing, but that's the kind of guys I had. They didn't just die. They killed themselves for each other. And I mean that exactly. A little more selfish and they'd still be here today.|",Statement Opinion
"|And I, and I thought something watching them go down.|",Statement Opinion
"|Everything was being destroyed, see, but there was one new thing that was being created. A kind of responsibility, man for man. You understand me?|",The dialogical act shown in the text is **Question**. ,Question
"|Everything was being destroyed, see, but there was one new thing that was being created. A kind of responsibility, man for man. You understand me?|",
"|Everything was being destroyed, see, but there was one new thing that was being created. A kind of responsibility, man for man. You understand me?|","The phrase ""You understand me?"" is a direct question seeking confirmation or acknowledgment from the listener."
|And to show that-to bring that onto the earth like some sort of monument standing right behind us where everyone could feel it and it would make a difference to him.|,Statement Non Opinion
|And I came back here and it was incredible. There was no meaning in that here. The whole thing to them was a bus accident.|,Statement Opinion
|And I went to work with dad and that rat race again. And I felt what you said-ashamed somehow. Because nobody was changed at all. It seemed to make a sucker out of a lot of guys.|,Statement Opinion
"|And I felt wrong to be alive. To drive the car, to see the new checkbook, to see the new refrigerator. I mean, you can take those things out of the war. But you got to know that when you drive that car that that came out of the love a man can have for another man. And you got to be a little bit better because of that.|",Statement Opinion
"|Otherwise, what you have here is loot; and there's blood on it.|",Statement Opinion
|And I didn't want to take any of it.|,Statement Non Opinion
|And I guess that included you.|,Statement Opinion
|And you still feel that way?|,Question
"|I want you now, Annie.|",Command
"|Because you can't feel that way, never again, Chris. You hear me? Never. I mean, the money and me too.|",Command
"|I mean, there's nothing wrong in that money, and your father put good planes up in the air and you should be proud of that. A man should be paid for that.|",Statement Opinion
"|Annie,|","The text ""Annie,"" is most likely a **Greeting**.",Greeting
"|Annie, I'm going to make a fortune for you.|",Command
|What am I going to do with a fortune?|,Question
"|Hey, what time is it? They're supposed to run around midnight, right? God, this is great, isn't it?|",Question
|Look at the night we got; couldn't be better.|,Statement Opinion
"|You know actually, I wanted to go a little further up the coast to get away from all the, the people and the lights, and uh- but I thought we'd miss it. Hey, how you doing?|",The dialogical act shown in the text is: **Greeting**,Greeting
|Fine.|,"The dialogical act shown in the text ""Fine."" is: **Acknowledge**.",Acknowledge
"|Oh, is that-is that-now, is that just foam, uhh, I can't even tell.|",Question
"|Oh, though if I can't tell it probably isn't them, right? It probably would be unmistakable, wouldn't you think? Hey, how you doing?|",The dialogical act shown in the text is: **Question**,Question
"|Oh, do you know what I forgot? I forgot my flashlight. How could I be so stupid. Oh, I-I should have brought my flashlight.|",The dialogical act shown in the text is: **Apology**,Apology
|What flashlight?|,Question
"|Uh- you know, the flashlight. The silver one. There's only one, isn't there?|",Question
|That's not your flashlight; it's ours. It's mine too.|,Disagreement
"|Oh, well, sure.|","The dialogical act shown in the text ""Oh, well, sure."" is **Agreement**.",Agreement
"|I don't understand why you're always saying oh, it's mine, it's mine. It's not like it's just your flashlight. I mean, how do you think that makes me feel?|",Disagreement
"|No, of course. Yours and mine. Our flashlight. Yours and mine. Mi flashlight is su flashlight. Naturally.|",Disagreement
|We should have brought our flashlight. I can't believe we forgot to bring it.|,Statement Opinion
|I hope the moon stays out.|,Statement Opinion
"|Hey, do they always run during a full moon? I can't remember if it was full last year. Do you remember?|",Question
|Yes.|,"The dialogical act shown in the text ""Yes."" is **Agreement**.",Agreement
|Are you cold? Do you want my jacket?|,Question
"|We should have brought the blanket. Oh, why didn't we bring the blanket? Our blanket.|","The dialogical act shown in the text is ""Statement Opinion."""
"|You know what would be good right now? A six-pack. Ah, I can't believe I forgot a six-pack. A six-pack would be just the ticket right about now.|",Statement Opinion
|I'm so stupid. I'm like a little kid. I-it's amazing I get out of the house with my fly zipped. Oh- [LAUGHTER].|,Apology
|I wonder if they can hear us talk. Or hear the vibrations in the sand when we move.|,Question
|I'm cold.|,Statement Non Opinion
|Do you want my jacket?|,Question
"|It's past eleven, let's go home.|",Command
|What? Are you kidding me? We just got here. We'd miss it. What's the point of coming down there if we just turn around and go home?|,Disagreement
|There is no point in coming down here.|,Statement Opinion
|Right.|,"The dialogical act shown in the text ""Right."" is **Acknowledge**.",Acknowledge
|That's my point.|,Agreement
"|Yeah, that's my point too.|",Agreement
"|Well, so let's go.|",Command
"|No. No, no, no, that's not my point. My point is there's no point in coming down here if we just turn around and leave.|",Disagreement
"|I mean, don't you want to see it?|",Question
|Not particularly.|,Disagreement
|Why not?|,Question
|I don't know. I just don't.|,Disagreement
"|Honey, this is a natural-this is a natural phenomenon. I mean, it only happens once a year. This is, this is a great opportunity. Think about the people in Kansas. They would have to get a plane ticket and hotel reservation to come and see this. We're only forty minutes away. This is too good to pass up.|",Statement Opinion
|Pass up what? A bunch of fish. They swim up to the beach and they flop around and they swim away and then they die.|,Question
|Yeah. But that moment on the beach is the highlight of their little lives. And all that flopping around is laying eggs or what you-spawning or mating or something like that.|,The dialogical act shown in the text is **Statement Opinion**.,Statement Opinion
"|I mean, this is the big night for these guys. Life's last orgy.|",Statement Opinion
"|I don't know why you're getting so excited. I mean, it's not like the landing of the moon or something. It's just fish. Fish that nobody eats.|",Disagreement
"|Yeah, they do.|",Agreement
"|Oh, God, Augie.|","The dialogical act shown in the text ""Oh, God, Augie."" is **Acknowledge**.",Acknowledge
"|What, okay, then it's fish that do something no other fish do. Like the swallows in Capistrano or the lemmings who throw themselves off the cliffs.|",Question
"|There's magic here and mystery and a little bit of the unexplainable. I mean, I don't see how you cannot be interested.|",Statement Opinion
"|I'm just not. I mean, I'm sorry, it just-they're still fish to me.|",The dialogical act shown in the text is **Apology**.,Apology
|For real?|,Question
|Yes.|,Answer
|I don't get it. The last time-the first time that we came to see it you said it was the best night of your life.|,Disagreement
|And then last year when we came to see it you ran out of the house so fast that you stubbed your toe. And you didn't even notice until you got in the car.|,Statement Non Opinion
"|Yes, and if you also remember, I got sand in my panties. We got into an argument about nothing. You got a sore throat and we never saw the grunions.|",The dialogical act shown in the text is **Statement Non Opinion**.,Statement Non Opinion
|We weren't in a good spot.|,Statement Non Opinion
"|No, for God's sakes, we've never seen the grunions. We're not going to see them.|",Disagreement
"|We just weren't in a good spot, all right? This is a much better spot. I have a good instinct for these things. Look, is that-|",Statement Opinion
"|no, that's just seaweed, isn't it? This is great, isn't it?|",Disagreement
"|I wouldn't miss this for anything. I mean, think about this. Okay, I know you're not interested, but just think about this for a minute.|",Statement Opinion
|Somewhere out there there's this huge silver mass of fish heading this way. They don't know why. And we don't know why. Just some little instinctual time-release firecracker went off-went off in their bodies.|,Statement Non Opinion
"|And they all, all as one, turned as one and formed this line as big as the California coast and started swimming this way. Swimming as if that's the only thing that matters.|",Statement Non Opinion
"|You know, they didn't ask it a question. They didn't, they didn't take a vote. They didn't have an invitation or a map; they just started swimming as one.|",Statement Non Opinion
"|its single-mindedness with one mind. Urgency that's pure urge. You know, they don't give it a name.|",Statement Opinion
"|They don't ask it a question. They just, they just, they don't know what drives them. They just turn as one and start the swim that brings them to here|",Statement Opinion
"|where we stand for a massive celebration of sex and death. Oh, God, I'm giving myself goosebumps. Look, I'm all-all my hairs on my arms is sticking up.|",Statement Opinion
"|Yeah, that's the wind.|",Acknowledge
|So what do you think?|,Question
|About what?|,Question
|About what I just said.|,Question
|It's ridiculous.|,Statement Opinion
|And you whispered so intimately in my ear so I could feel your words.|,Statement Non Opinion
"|Oh, that moment-that was it.|",Statement Opinion
"|I told myself finally, this is how happy I'm supposed to be.|",Statement Opinion
|Wait a minute. I got it.|,Command
|Dancing barefoot in the sand. Drinking out of a bottle of champagne.|,Statement Non Opinion
"|It was driving past the Knickerbocker Liquor Locker, right? You said let's get some champagne, and I said time's-a-wasting or something like that.|",Question
"|You want this to be like the other time, right? That's it. Right?|",Question
|I don't want to remember something.|,Statement Opinion
|Hope for some things.|,Statement Non Opinion
"|Right. I got it. Of course. Listen, do you want to dance?|","The dialogical act shown in the text is: **Question** (specifically, ""Listen, do you want to dance?""). ",Question
"|Right. I got it. Of course. Listen, do you want to dance?|",
"|Right. I got it. Of course. Listen, do you want to dance?|","However, the text also contains other acts like **Acknowledge** (""Right. I got it. Of course."") and **Command** (""Listen,""). If strictly one word is required for the entire utterance, the most prominent is **Question**. ",Acknowledge
"|Right. I got it. Of course. Listen, do you want to dance?|",
"|Right. I got it. Of course. Listen, do you want to dance?|","If the instruction demands labeling only the last part (the actual question), then **Question** stands. If the expectation is to account for the mixed nature, **Others** might be chosen due to the combination. Clarification on scope would help, but defaulting to the main intent: **Question**.",Question
|No.|,Disagreement
|Do you want me to get some champagne?|,Question
|No.|,"The dialogical act shown in the text ""No."" is **Disagreement**.",Disagreement
|Take off our shoes?|,Question
"|No, no.|",Disagreement
|What? What? Do you want me to breathe in your ear?|,Question
|No.|,Disagreement
|Do you want to get married again? What? What? Do you want to get a divorce?|,Question
|No.|,Disagreement
|No.|,Disagreement
|A vacation?|,Question
|No.|,Disagreement
|A new carpet? A poodle?|,Question
"|A-a back rub, some ice cream, a suicide pact. What the hell do you want, Carla?|",The dialogical act shown in the text is **Question**.,Question
|I want things to turn out the way that they're supposed to be.|,Statement Opinion
"|Jesus, welcome to the human race.|",Statement Non Opinion
|Did you think this is how I thought it was going to turn out? Do you think I had some great fantasy down the line? That four years down the line that we'd come to the beach and argue with each other over fish?|,Question
"|No, I was just like you. I thought it was going to be all peaches and roses and everything great. And the wind in our hair and the sand in our toes, and the fish will always come and the bills will pay themselves, and we'll have three big fat rosy kids. And oh God.|",Disagreement
"|You know what you get? The jokes on us, baby. Because do you know what you get? Huh? Carla? Do you know what you get? You get this.|",Question
|This what? What is this? This is nothing.|,The dialogical act shown in the text is: **Question**,Question
"|Yes, it is.|",Agreement
"|No, it's not. It's standing on the beach waiting and fighting.|",Disagreement
|Right.|,Acknowledge
|Things have never turned out anything the way that I thought they would be.|,Statement Opinion
"|No, I know. Me neither.|",Disagreement
"|I mean, this is, this is everything, and it's a lot, but|",Statement Opinion
|it's not something else. Do you know what I'm trying to say?|,Disagreement
"|Well, I'm doing the best I can.|",Statement Opinion
"|I know you are, Augie, and I know you wanted this evening to be nice, but I can't help thinking of being somewhere else.|",Statement Opinion
"|Yeah, maybe if you were with someone else too.|",The dialogical act shown in the text is **Agreement**.,Agreement
|I didn't say that.|,Disagreement
"|No, I know. But I know I don't make you happy.|",Disagreement
"|Augie, anything I do I'd rather be doing with you.|",Statement Opinion
|Yeah?|,Backchannel
"|God, don't you know that? I mean, you're the one that probably wants to be with somebody else. Somebody that didn't take herself so seriously, could enjoy herself more.|",The dialogical act shown in the text is **Disagreement**.,Disagreement
"|Actually now that you mention it, no, I don't.|",Disagreement
"|Well, I guess we're just in the wrong spart-spot with the right person.|",Opinion
"|Seemed like a pretty good spot to me. I mean, look at the view of the moon we've got from here.|",Statement Opinion
|I noticed that. It's beautiful.|,Acknowledge
|You can see right over the water.|,Statement Non Opinion
"|God, big old white moon.|",Statement Non Opinion
|Look what we got here.|,Statement Non Opinion
|You brought refreshments?|,Question
|It's not champagne.|,Disagreement
|At least we won't need glasses.|,"The dialogical act shown in the text ""At least we won't need glasses."" is **Statement Opinion**.",Statement Opinion
|Are you still cold? Do you want to go home?|,Question
|So I was thinking you might be right.|,Agreement
|Maybe this is the right place after all.|,Statement Opinion
"|I'm sorry, Augie.|",Apology
|Shh.|,Command
|If we're very quiet the fish might come.|,Statement Non Opinion
|Or not.|,Disagreement
|Or not.|,Disagreement
|Oh.|,Acknowledge
|[BREATHING]|,Others
|I wonder.|,Statement Opinion
"|I mean, nobody knows we're here except for Freda and she wouldn't ring up.|",Statement Opinion
"|We're all right, aren't we darling? Whatever happens.|",Question
"|Yes. Now and always, sweet.|",Agreement
"|Hello? Hello? What? Ugh, wrong number.|",The dialogical act shown in the text is: **Greeting**,Greeting
"|[LAUGHTER] God, it sent shivers up my spine.|",Statement Opinion
"|Ooh darling, don't say that.|",Apology
"|You mean that sacred and beautiful thing, love?|",Statement Opinion
|Don't laugh at me. I'm serious.|,Command
"|[LAUGHTER]. You mustn't be serious, my dear one, that's what they want.|",Opinion
"|Well, if I laugh at everything I'm going to have to laugh at us too.|",Statement Opinion
"|Ooh, certainly you must. We're figures of fun, all right.|",The dialogical act shown in the text is: **Statement Opinion**,Statement Opinion
|Shall we always want to bicker and fight?|,Question
|No. The fire will fade along with our passion.|,Disagreement
"|Well, what if happens if one of us is to die? Does the one that's left still laugh?|",Question
"|Yes, yes. Yes, he must with all his might.|",Agreement
"|Darling, I believe you're talking nonsense.|",Disagreement
|So is everyone else in the long run. Let's be superficial and pity the poor philosophers.|,The dialogical act shown in the text is **Statement Opinion**.,Statement Opinion
"|I don't care what you do, see? As long-you can paint yourself bright green all over and dance naked in the Place Vendome and rush off madly with all the men in the world and I shan't say a word as long as you love me best.|",Statement Opinion
"|Thank you, dear. The same applies to you. Except that if I ever so much as catch you looking at another woman I'll kill you.|",The dialogical act shown in the text is: **Statement Opinion**,Statement Opinion
|The one when you bought that little painted wooden snake in the Piazza and put it in my bed.|,Statement Non Opinion
|Oh Charles. That was his name. Charles. He did wiggle so beautifully.|,Statement Non Opinion
|How long did that row last?|,Question
|It went on intermittently for days.|,Statement Non Opinion
|yeah. And that was the first time you ever hit me.|,"The dialogical act shown in the text is ""Disagreement."""
"|That was a rouser, wasn't it?|",Question
|I know. Oh man. Couldn't believe it.|,The dialogical act shown in the text is: **Acknowledge**,Acknowledge
"|Oh, I will never forget his face. Ooh-rah [LAUGHTER].|",Statement Opinion
"|Oh, the real cause of that row was Peter Burden.|","The dialogical act shown in the text is ""Statement Opinion."""
"|As a matter of fact, the real cause of that row was Peter Burden.|",Statement Opinion
|Presents? It was only a small trivial little broach.|,The dialogical act shown in the text is **Statement Opinion**.,Statement Opinion
|You went out of your way to torture me over Peter Burden.|,The dialogical act shown in the text is **Accusation**. ,Accusation
|You went out of your way to torture me over Peter Burden.|,
|You went out of your way to torture me over Peter Burden.|,"However, since ""Accusation"" isn't one of the provided options, the closest alternative from the given list would be **Statement Opinion** (as it expresses a subjective judgment or strong personal claim). ",Statement Opinion
|You went out of your way to torture me over Peter Burden.|,
|You went out of your way to torture me over Peter Burden.|,If strictly limited to the exact choices:  
|You went out of your way to torture me over Peter Burden.|,**Statement Opinion**.,Statement Opinion
"|Just a little perhaps, but it was nothing serious.|",The dialogical act shown in the text is **Statement Non Opinion**.,Statement Non Opinion
|What of it?|,Question
"|Oh come on, it gave him a lot of pleasure and it didn't harm me.|",Disagreement
|What about me?|,Question
"|Well, if you hadn't been so suspicious and nosey you'd have never known anything about it.|",The dialogical act shown in the text is **Disagreement**.,Disagreement
|Are you bored with this conversation?|,Question
"|I definitely, most definitely am.|",Statement Opinion
|So am I. Bored stiff. Want some brandy?|,Agreement
"|No, thanks.|",Disagreement
"|No particular reason. Anyhow, they were very small ones.|",The dialogical act shown in the text is **Statement Non Opinion**.,Statement Non Opinion
|I don't see what's the point of going on and on about something like this.|,Statement Opinion
"|Oh, my-you can hardly call three minute liquor glasses in the evening going on and on and on.|",The dialogical act shown in the text is **Statement Opinion**.,Statement Opinion
|It's become a habit with you.|,Statement Opinion
"|Really, Amanda.|","The dialogical act shown in the text ""Really, Amanda."" is **Disagreement**.",Disagreement
|What?|,Question
|Nothing.|,"The dialogical act shown in the text ""Nothing."" is: **Acknowledge**.",Acknowledge
"|Going somewhere, dear?|",Question
"|It's a woman's job to allure the man. Watch me, won't you, a minute?|",The dialogical act shown in the text is **Command**.,Command
"|As a matter of fact, that's perfectly true.|",Agreement
"|No, it isn't.|",Disagreement
"|Yes, it is.|",Agreement
"|Well, it didn't seem to do such wonders with you, now did it?|",Disagreement
"|Oh, snap, snap, snap, like a little adder.|",The dialogical act shown in the text is **Statement Non Opinion**.,Statement Non Opinion
"|Adders don't snap, they sting.|",Statement Non Opinion
"|Yes, they do. They have a big bag of venom behind their fangs and they snap.|",Answer
"|I don't care. I don't care, do you understand? I don't care if they bark, if they roll over on the floor like hoops.|",Disagreement
"|Uhh,|",Backchannel
|did you see much of Peter Burden after our divorce?|,Question
"|Yes, I did, quite a lot actually.|",Agreement
|You had a riotous-must have had a riotous time. No restraint at all. Very enjoyable. You never had much anyhow.|,The dialogical act shown in the text is **Statement Opinion**.,Statement Opinion
|You are quite insufferable. I suppose it's because you're drunk.|,The dialogical act shown in the text is **Statement Opinion**.,Statement Opinion
|I'm not in the least bit drunk.|,Disagreement
|You've always had a weak head.|,Statement Opinion
"|Oh, very interesting indeed. How about a child of four or a child of six or a child of nine. We might have a splendid little debate about this intemperate tots.|",The dialogical act shown in the text is **Opinion**.,Opinion
|Do shut up. Shut up.|,Command
|I don't want to talk about this anymore.|,Disagreement
|You better turn that off.|,Command
|There aren't any people upstairs. It's a photographer's studio.|,Statement Non Opinion
"|Well, I suppose the people downstairs then.|",Statement Opinion
|They're away in Tunis.|,Statement Non Opinion
|This is no time of the year for Tunis.|,Statement Opinion
|Turn it on.|,Command
|No.|,Disagreement
|You've always had far too temperamental for yourself. You should try to control it.|,Command
|Turn it off.|,Command
"|Listen, indeed. No, no, no, no. I am sick and tired of listening to you, you sadistic bully.|",Disagreement
|Very amusing indeed.|,"The dialogical act shown in the text ""Very amusing indeed."" is **Acknowledge**.",Acknowledge
"|Stop it, stop it, I hate you, I loath you, you are overbearing and conceited and utterly impossible.|",Command
"|You know, you're a vile, ill-tempered, wicked little beast and I hope that I never see you again as long as I live.|",Disagreement
"|Oh, yes I am.|",Agreement
"|Yes I am. Let go of me. I hate you and I loath you. God, I can't believe I just finally realized how you are. I am never marry you. Never. Never, never, never. I would rather die in torment.|",The dialogical act shown in the text is **Disagreement**.,Disagreement
"|Oh, shut up. Shut up. Shut up.|",Command
"|I wouldn't marry you again if you came back crawling to me on your hands and knees because you're vile. You're a mean, evil-minded little vampire and I hope to God I never set eyes on you again.|",Disagreement
|Is that a demand sir?|,Question
|It's not a demand it's a request.  Will you just take it?  Come on.|,Command
|I must see it before I just take it.|,Command
|Oh.  Look at it.|,Backchannel
"|No, no, no, no, no.  You're going to have to go back over on the other side-- --second door, up the stairs...|",Disagreement
|Okay.|,Acknowledge
|Oh my God. Can you just transfer it yourself?|,The dialogical act shown in the text is **Command**.,Command
|No I can't just transfer it myself sir.  You got to do this.  Everyone else is doing the same thing.|,Disagreement
|You don't know! you can't write?  You don't know how to write?|,Disagreement
|I think you're being a little condescending.|,Statement Opinion
|You need to go back over there and fill it out again.|,Command
|The information is on there.  Here I'll just fill it out right here.|,Statement Non Opinion
"|No, no, no, because there are other people in line.  You have to go get a complete new application.|",Disagreement
"|This will take like a minute, okay? Jesus.|",The dialogical act shown in the text is **Statement Opinion**.,Statement Opinion
"|No, no, no. Sir,you need to get out of the line--|",Disagreement
"|Hey,uh-- Well that's too bad cause I'm getting my license right now.|",The dialogical act shown in the text is: **Statement Opinion**,Statement Opinion
"|You will get your license, sir, you have to go fill out-- --another copy...excuse me?|",The dialogical act shown in the text is: **Command**,Command
|Give me my--|,Command
"|Hey, no, give me that back.|",Command
|No.  Now I'm going to take this from you because you are obviously misleading|,Disagreement
|-- No.  I'm not waiting...I'm not coming back again.  I don't have time to come back five days.|,Disagreement
|I'll have a license.|,Command
|Well not from this department you won't.|,Disagreement
|Yes I will.  I'll have this [GARBAGE]|,Agreement
|Sir-|,Command
|just as I want.  Ugh.|,Disagreement
|Sir?  I'm going to ask you one more time and then I'm going to call my supervisor|,The dialogical act shown in the text is **Command**.,Command
|and I'll tell her how you've been behaving.|,Command
|Really?|,Question
|How would you like that hmm?|,Question
"|She's not actually in the building.  She's only on the phone. Sir, please leave this line immediately.|",The dialogical acts shown in the given text are:
"|She's not actually in the building.  She's only on the phone. Sir, please leave this line immediately.|",
"|She's not actually in the building.  She's only on the phone. Sir, please leave this line immediately.|","1. ""She's not actually in the building. She's only on the phone."" - **Statement Non Opinion**  ",Statement Non Opinion
"|She's not actually in the building.  She's only on the phone. Sir, please leave this line immediately.|","2. ""Sir, please leave this line immediately."" - **Command**",Command
"|Oh, okay.  Wow.|",Backchannel
|No.  I'm not going anywhere.  I'm staying here-- I am filling out right now okay just calm down. I'm filling out right now-- Just take the god damn piece of paper.|,Disagreement
|Okey This is a new one.  Take the new one.|,Command
|Do you own the D.M.V.?|,Question
|I'm sorry she's--these people they just want to get their license--|,Apology
"|No, You cannot get your license.  You filled out the wrong part of the form.|",Disagreement
|What are you talking about?  Just transfer it over.  I filled out the new one.|,The dialogical acts shown in the text are:  
|What are you talking about?  Just transfer it over.  I filled out the new one.|,
|What are you talking about?  Just transfer it over.  I filled out the new one.|,"1. **Question** (""What are you talking about?"")  ",Question
|What are you talking about?  Just transfer it over.  I filled out the new one.|,"2. **Command** (""Just transfer it over."")  ",Command
|What are you talking about?  Just transfer it over.  I filled out the new one.|,"3. **Statement Non-Opinion** (""I filled out the new one."")  ",Statement Non-Opinion
|What are you talking about?  Just transfer it over.  I filled out the new one.|,
|What are you talking about?  Just transfer it over.  I filled out the new one.|,"(Since you asked for one word, the most prominent is likely **Command**.)",Command
"|This entire time you're fighting with me sir, you could've finished the form and already been half way-- No.  Get out.|",Command
|Hey sweetie.|,Greeting
|Hey.|,Greeting
|Um.|,Backchannel
"|How's it- going?  Oh I'm so tired.  Oh, I just woke up. Mmm.|",Here’s the breakdown of the dialogical acts in the text:  
"|How's it- going?  Oh I'm so tired.  Oh, I just woke up. Mmm.|",
"|How's it- going?  Oh I'm so tired.  Oh, I just woke up. Mmm.|","1. **""How's it going?""** - Question  ","""How's it going?"""
"|How's it- going?  Oh I'm so tired.  Oh, I just woke up. Mmm.|","2. **""Oh I'm so tired.""** - Statement Opinion  ","""Oh I'm so tired."""
"|How's it- going?  Oh I'm so tired.  Oh, I just woke up. Mmm.|","3. **""Oh, I just woke up.""** - Statement Non Opinion  ","""Oh, I just woke up."""
"|How's it- going?  Oh I'm so tired.  Oh, I just woke up. Mmm.|","4. **""Mmm.""** - Backchannel","""Mmm."""
|What's going on?|,Question
"|Uh, -Um|",Backchannel
|Next week?|,Question
|Overseas?|,Question
|For--|,Question
|For how long this time?|,Question
|They said anywhere from two to three years.|,Answer
|What?  What do you mean two to three years?  Don't they know that you have a wife and an expectant child?|,The dialogical act shown in the text is **Disagreement**.,Disagreement
"|I don't want to go but,-|",Disagreement
|I don't care about the money.|,Disagreement
|but they said they'd increase my pay by triple-there promotion.|,Statement Non Opinion
|And you're leaving next week so you won't even be here for Anna's birth?|,Question
|No.|,Disagreement
|Do this whole thing by myself?|,Question
|It's not the same thing.  It's not like having you here.|,Disagreement
|I can't do this.|,Statement Non Opinion
"|You can do it.  Alright?  You can, you can be strong, you can be strong for both of us alright?|",The dialogical act shown in the text is: **Encouragement** (which falls under **Others**). ,Encouragement
"|You can do it.  Alright?  You can, you can be strong, you can be strong for both of us alright?|",
"|You can do it.  Alright?  You can, you can be strong, you can be strong for both of us alright?|","However, if strictly choosing from the provided options, the closest would be **Command** (as it is directive and urging action). ",Command
"|You can do it.  Alright?  You can, you can be strong, you can be strong for both of us alright?|",
"|You can do it.  Alright?  You can, you can be strong, you can be strong for both of us alright?|","But if allowed to specify, **Encouragement** is more accurate. ",Encouragement
"|You can do it.  Alright?  You can, you can be strong, you can be strong for both of us alright?|",
"|You can do it.  Alright?  You can, you can be strong, you can be strong for both of us alright?|",Would you like me to pick strictly from the given list? If so: **Command**.,Command
|I'm sick of being strong-- --for us.|,Statement Opinion
|I don't know what to do.|,Statement Opinion
|I don't want to - I don't- I don't want to go.|,Disagreement
|The last guy who said no was fired.|,Command
|I put in fifteen years in this job.|,Statement Non Opinion
|I know.|,Acknowledge
|I'm so close.  Five more years and I retire-|,Statement Opinion
|and we'll have that happy life.|,Statement Opinion
|Happiness for me is having you here with me|,Statement Opinion
|maybe get some vacation-- --once it quiets down there.|,Command
|A whole year? --We're not talking about like a couple months here.  I mean this is a whole year.|,Question
|I know.  I know.  But they really need some good guys there.|,The dialogical act shown in the text is: **Statement Opinion**,Statement Opinion
|What could happen in a year?|,Question
|And this isn't the first time you know?  I mean you always...sending you off to different places and...|,The dialogical act shown in the text is: **Statement Opinion**,Statement Opinion
|Well that's the kind of work I'm in honey.|,Statement Opinion
|You tell her-- [BREATHING]|,Command
|I'm done.  I can't honey.|,Statement Non Opinion
|What do you mean?|,Question
|It's over.|,Statement Non Opinion
|What?|,Question
|Honey I can't do it anymore.|,Statement Non Opinion
|What am I going to do?|,Question
"|Priorities honey, priorities.|",Command
|I want to--what am I going to do if I leave this job?|,Question
|You're smart.  You could go back to school--|,Statement Opinion
|finish your Master's that you were started never finished.|,Command
|Fine.  I'll see if I can talk to them.|,The dialogical act shown in the text is **Agreement**.,Agreement
|[LAUGHTER] Guess who just got hitched?|,Question
|Shut up. Oh my God.  Really? Just like that?  You just asked the question and what...how did you ask?|,"The dialogical act shown in the text is ""Disagreement."""
|This guy. Yeah.  Can you believe it? She said yes too. Yeah.  She said yes.|,The dialogical act shown in the text is: **Statement Opinion**,Statement Opinion
|Okay we were at Chuck E. Cheese.|,Statement Non Opinion
"|Chuck E. Cheese?  Ah, man that is so lame.|",Disagreement
|Are you serious [GARBAGE] man?|,Disagreement
|American Pie? Ah.|,Backchannel
"|oh, I don't remember.  Everybody Says I Love You with Drew Barrymore...no you haven't seen it?  Okay.|",The dialogical act shown in the text is: **Statement Opinion**,Statement Opinion
"|Barry what's this?  And I go, I don't know.  She goes--|",Question
|She calls you Barry?|,Question
|That's my name.|,Answer
"|Oh, okay.  Well I call you Joe cause you're middle name Joseph.|",The dialogical act shown in the text is: **Statement Opinion**,Statement Opinion
"|Barry Joe, B.J. [LAUGHTER] Oh you dirty, dirty girl. you're so dirty.|",The dialogical act shown in the text is: **Statement Opinion**,Statement Opinion
|[LAUGHTER] So nasty. No you... dirty me?|,The dialogical act shown in the text is **Disagreement**.,Disagreement
|Sara and I--|,Statement Non Opinion
|She actually asked if it was real?  I would've probably asked the same thing considering you were in Chuck E. Cheese.|,The dialogical act shown in the text is **Statement Opinion**.,Statement Opinion
"|Oh, man. How old are you? Five?|",The dialogical act shown in the text is **Question**.,Question
|She wanted...she always wants something spontaneous.|,The dialogical act shown in the text is: **Statement Opinion**.,Statement Opinion
"|Yeah.  That's, you know, okay.|",The dialogical act shown in the text is: **Acknowledge**,Acknowledge
"|I couldn't, I couldn't afford the Red Lobster. [LAUGHTER] What anyway?|",Apology
"|Oh god! You are damn cheap, cheap, cheap. Anyways, moving on. It's not like you're poor.  I mean your dad makes... okey|",The dialogical act shown in the text is **Disagreement**.,Disagreement
|So Okay then and.|,"The dialogical act shown in the text ""So Okay then and"" is **Backchannel**.",Backchannel
|You had the mouse?|,Question
|Isn't it a rat?  It's a rat.  Chuck E. Cheese?|,Question
|Okay. [LAUGHTER]|,Acknowledge
"|You're my guiding light, then they put on that song the I've had the time of my life, that song.|",Statement Opinion
|Oh my God.|,"The dialogical act shown in the text ""Oh my God."" is **Statement Opinion**.",Statement Opinion
"|Okay, that is really cheesy Joe.|",Disagreement
"|And I go, I want to spend the rest of my life with you.|",Statement Opinion
|Oh that's kind of sweet.|,Statement Opinion
"|You marry me. I man I Jane, you Tarzan.|",Command
"|No. Well that's what I said, spur of the moment--and she goes, she goes,|",The dialogical act shown in the text is **Disagreement**.,Disagreement
|Sure?  Who says sure?  You say yes...I don't like--|,Disagreement
"|Yeah, she goes--|",Acknowledge
|Cause she was a little confused at first but then she said yes.|,Statement Non Opinion
|How long have you guys been going out?|,Question
|About two and a half weeks.|,Answer
|What?|,Question
|Okay.  I haven't seen you in about two and a half years and I come back and you're getting engaged to somebody you only knew for|,Acknowledge
"|You got to meet her, she's wonderful.|",Statement Opinion
|What? Oh my god.|,"The dialogical act shown in the text ""What? Oh my god."" is **Acknowledge**.",Acknowledge
|She must be hot.|,Statement Opinion
"|Yeah, that's it.  She's hot and you are- getting married.|",The dialogical act shown in the text is: **Statement Opinion**,Statement Opinion
"|Yeah, she is good-looking.|",Agreement
|I cannot believe you.  Why do you want to get married?  You're a boy.  You're a little boy.|,Disagreement
|I'm twenty eight years old.|,Statement Non Opinion
|Oh man.|,"The dialogical act shown in the text ""Oh man."" is: **Acknowledge**",Acknowledge
|What?  Eighteen?|,Question
|She just...she just...we're in a good position too.  She just got promoted to assistant manager at Jack In The Box|,The dialogical act shown in the text is: **Statement Non Opinion**,Statement Non Opinion
| -and so... yeah.|,"The dialogical act shown in the text ""-and so... yeah."" is **Backchannel**.",Backchannel
|Wow. Very promising.  Yeah.  Very promising future and what are you doing?|,The dialogical acts in the text are as follows:  
|Wow. Very promising.  Yeah.  Very promising future and what are you doing?|,
|Wow. Very promising.  Yeah.  Very promising future and what are you doing?|,"- **""Wow. Very promising.""** → Statement Opinion  ","""Wow. Very promising."""
|Wow. Very promising.  Yeah.  Very promising future and what are you doing?|,"- **""Yeah.""** → Backchannel  ","""Yeah."""
|Wow. Very promising.  Yeah.  Very promising future and what are you doing?|,"- **""Very promising future""** → Statement Opinion  ","""Very promising future"""
|Wow. Very promising.  Yeah.  Very promising future and what are you doing?|,"- **""and what are you doing?""** → Question  ","""and what are you doing?"""
|Wow. Very promising.  Yeah.  Very promising future and what are you doing?|,
|Wow. Very promising.  Yeah.  Very promising future and what are you doing?|,"(Since you asked for *one word*, the most prominent act here is **Question**, but the text contains multiple dialogical acts.)",Question
|I'm still working at my parents' restaurant. Busing tables.|,Statement Non Opinion
|Alright. Yeah.  Have a kid.  Make a beautiful life.|,The dialogical act shown in the text is: **Command**,Command
|Oh that's great. My mom said we can move in with her again if we run out of money.|,Agreement
|What's going on man?  What's wrong?|,Question
|I'm just so tired all the time.|,Statement Opinion
"|Well have you been trying to get a job, look for a job or...?|",Question
|I've been looking for like eight months.|,Statement Non Opinion
|I know.  It- It's really tough out there.  It's really hard to find a job.|,Acknowledge
"|I'm tired of the same excuses.  No, no you're not qualified enough, wish you had more education.|",Disagreement
|Well what are you looking for?  I mean--|,Question
|Last time someone told me I was too qualified.|,Statement Non Opinion
"|Well, okay. Well that's--|","The dialogical act shown in the text ""Well, okay. Well that's--"" is **Acknowledge**.",Acknowledge
|Cause I went to Harvard.|,Answer
|You know what?  I've been working at temp jobs for the past six months.  You know how degrading it is?|,Statement Opinion
|Yeah.|,Acknowledge
|To be a receptionist?  Oh I spent forty thousand dollar a year for my college degree and I'm a receptionist.  God.|,Disagreement
|Yeah.|,Acknowledge
|I'm smarter than half the people I work for.|,Statement Opinion
"|Well, what do you...what would ideally like to do, you know?|",Question
|I don't know astronaut?  I don't know something crazy like that.|,Question
|Well what'd you major in?|,Question
|Biomedical Engineering.|,"The dialogical act shown in the text ""Biomedical Engineering."" is: **Statement Non Opinion**.",Statement Non Opinion
"|You-You can't be working as a restaurant manager, I mean, come on.|",Disagreement
"|You know if you need any help finding a place I can, I can talk to my work you know I work at that law firm downtown and I can ask if they're looking for anybody.|",Offer
|Oh yeah?  What kind of jobs they got?|,Question
|I am...just like a law clerk.|,Statement Non Opinion
|I don't want to be a law clerk.|,Disagreement
|Yeah.|,Acknowledge
"|Well, I'm moving up.  I mean it could be...|",Statement Opinion
"|To be a lawyer?  You go to law school now?  God this is, all these dead ends.|",Question
|And plus my car is breaking down-|,Statement Non Opinion
|-they're evicting me from my apartment.|,Statement Non Opinion
"|Well it doesn't make any sense though.  Like, with a Harvard degree you should be able to--|",Disagreement
|No. I got a sixteen hundred on my S.A.T..|,Disagreement
|Something-- How are you going...?|,Question
|I'm freaking----typing sixty words a minute.|,Statement Non Opinion
|How many words a minute?|,Question
"|Sixty words.  Sixty words a minute.  Hey how are you doing Mr. Smith?  Oh, you know, it's just like God, I just want to shoot you Mr. Smith.|",The dialogical act shown in the text is: **Statement Non Opinion**.,Statement Non Opinion
|Sixty words a minute.  That's a min...a word per min uh second.|,Statement Non Opinion
|Yeah.  It's alright.  But--|,Agreement
|You could be an amazing receptionist.|,Statement Opinion
|I'm not cut to be a receptionist.|,Statement Opinion
|No.|,Disagreement
|Oh I know.  But--|,Acknowledge
"|-it's going to get better I promise you. You just got to hang in there. Everyone, I mean, you know?|",Statement Opinion
|Yeah.|,Acknowledge
|Maybe I'll just kill myself.|,Statement Opinion
|What?  You can't...what?  Now come on.  Stop it.  Don't be talking like that.|,The dialogical act shown in the text is: **Command**,Command
|I was just joking...|,Apology
|I don't know.|,Answer
"|My, what I would do was just, you know, what about can you call Harvard and see...don't they have connections?  Don't they have like career center and you can find some stuff that's going on?|",Question
|Yeah.  I--they said Brian you're too smart.  You don't need us.|,The dialogical act shown in the text is: **Statement Opinion**,Statement Opinion
|Go out and take over the world by yourself and I'm like what?|,Command
|But you got to be real about it.  You have to...|,Command
|Yeah.  I got eighteen hundred on my S.A.T..|,Acknowledge
|Sixteen hundred.|,Answer
|Same difference.|,"The dialogical act shown in the text ""Same difference."" is **Acknowledge**.",Acknowledge
|Twenty-one hundred on my S.A.T..|,Statement Non Opinion
|Twenty-one hundred?|,Question
|But I'm doomed.  Yeah I got so good I was over twenty one hundred.  Now what am I doing?|,The dialogical act shown in the text is **Statement Opinion**.,Statement Opinion
"|Like, wow you're really smart we're going to give you an extra [GARBAGE].|",The dialogical act shown in the text is: **Statement Opinion**.,Statement Opinion
|Can I help you sir?|,Question
|Yes you can help me.  Where is my luggage?|,The text shows a **Question**.,Question
|Okay.  Sir?  Can you...if you just give me one moment and let me just check okay?|,The dialogical act shown in the text is: **Question**,Question
|Okay.  Check.|,Acknowledge
"|Alright.  And you're coming-- Wait, hold on sir.  You're coming from Baltimore into LAX right?|",The dialogical act shown in the text is: **Question**,Question
|Is it there?|,Question
|Yes.|,Answer
|Okay and this is direct flight?|,Question
|You don't know where we're at?|,Question
|God.|,"The dialogical act shown in the text ""God."" is:"
|God.|,
|God.|,Statement Non Opinion
"|and it's not here, they told me to go to this person, go to this person.  Now I'm at this person.|",Command
|You're at me and I'm going to try to help you out sir but you just have to cooperate with me--|,Command
|Okay.  What do you want?|,"The dialogical act shown in the text ""Okay. What do you want?"" is **Question**.",Question
|How many pieces of luggage do you have checked in?|,Question
|And what are you going to do about it?  You going to call someone?  You going to send me somewhere else?|,Question
|No.  I'm just going to check--|,Disagreement
|It's my mother's funeral tomorrow and the urn is in the suitcase.|,Statement Non Opinion
|I'm sorry sir.|,Apology
|Yeah.|,Acknowledge
|I'm very sorry but let's check on this immediately.  This is definitely an emergency.  It seems--|,Apology
|What am I going to do tomorrow without the urn?|,Question
|Sir it seems to me that your luggage is um- is not here|,The dialogical act shown in the text is: **Statement Opinion**,Statement Opinion
"|Sherlock Holmes.  God, where's my luggage?|",Question
"|Sir, Please please, I would ask you to just calm down for a second--|",Command
|Calm down?  It's my mother's funeral tomorrow.  I'm the one responsible for this.|,The dialogical act shown in the text is **Disagreement**.,Disagreement
"|Okay.  We will find your luggage.  Apparently because it somehow...what flight you were taking, you were on Delta?|",The dialogical act shown in the text is: **Answer**,Answer
|What is the matter with you?|,Question
"|Sir, I just...you need to calm down is what needs to happen right now.|",Command
|Don't yell at me.|,Command
"|Okay.  I'm not.  I'm sorry, I am being--|","The dialogical act shown in the text is ""Apology."""
"|calm.  Sir, okay basically what- what's going to happen here is you're going to give me your contact information and we will contact you--|",The dialogical act shown in the text is **Command**.,Command
|Oh my God.  I think a blood vessel burst in my head.|,Statement Opinion
"|Please, please|","The dialogical act shown in the text ""Please, please"" is **Command**.",Command
"|sir, listen to me.  Your luggage is still in Baltimore.|",Command
|What?  Are you kidding me?|,Disagreement
"|Yes.  Well, because--|","The dialogical act shown in the text ""Yes. Well, because--"" is **Acknowledge**.",Acknowledge
|Give- Give me your manager right now.|,Command
|I am the manager sir.|,Statement Non Opinion
|Whose daughter are you?|,Question
|Sir?|,Question
|Sir. Sir. Sir. Sir|,Command
|What is your name?|,Question
|My name is Brent Caption.|,Statement Non Opinion
|Now what are you going to do about it?|,Question
|Can I help you sir?|,Question
|Yeah.|,Acknowledge
|Baltimore.|,Statement Non Opinion
|Baltimore and this is a direct flight to LAX|,Statement Non Opinion
|Yes.|,"The dialogical act shown in the text ""Yes."" is **Agreement**.",Agreement
|Okay.  Let's look up here|,Command
|Now what are you going to do for me different? Hmm?|,Question
"|What I can do for you is uh we can uh report lost, lost property.|",Question
|You can report lost property?|,Command
|Yes.|,"The dialogical act shown in the text ""Yes."" is **Agreement**.",Agreement
"|Okay.  I'm leaving LA tomorrow for San Diego, driving there.  So, I'm going to leave without all my lost property?  That's what you want me to do? um|",The dialogical act shown in the text is: **Question**,Question
"|Well sir, if if...what I believe has happened is most of the flight was left--|",Statement Opinion
"|Like the luggage, the luggage on the flight.|",Statement Non Opinion
|Wow.  This is an incompetent airline isn't it?  Are you--?|,The dialogical act shown in the text is: **Statement Opinion**,Statement Opinion
|We- I mean-|,"The dialogical act shown in the text ""We- I mean-"" is **Backchannel**.",Backchannel
"|Well, we can give you um- hotel lodging for a night if that--|","The dialogical act shown in the text is: **Offer** (which falls under ""Others"" in the provided categories). ",Offer
"|Well, we can give you um- hotel lodging for a night if that--|",
"|Well, we can give you um- hotel lodging for a night if that--|","However, if strictly choosing from the given options without adding ""Offer,"" the closest match would be **Statement Non Opinion**.",Statement Non Opinion
|I'm going to San Diego tomorrow to stay with my family.  What do I need hotel lodging for hmmm?  Can you tell me that?|,The dialogical act shown in the text is: **Question**,Question
|For tonight- For tonight sir.  Would you need to stay somewhere tonight?|,Question
|Wow.  Thank you.  Holiday Inn.  Wow.  Thank...the flight cost five hundred dollars.|,The dialogical act shown in the text is: **Acknowledge**,Acknowledge
|Sir I understand that but just--|,The dialogical act shown in the text is **Acknowledge**.,Acknowledge
"|Okay, so you can put me in Holiday Inn for twenty dollar a night?|",Question
|Did you have your name tags on the luggage?|,Question
|Of course I had my name tags on the luggage.|,Statement Opinion
"|Okay.  So if you can just give me your name, your name and your address and your phone number I can contact you as soon as we find out more information.|",Command
|I need you to help me out here.  Can you get on the phone and get the luggage over on the fastest flight you can and then maybe I won't get you fired.|,Command
"|If not, I'm going to get your name, I'm going to talk to your boss, whoever...I'm never going to fly...my business is never going to fly Delta again.|",Command
|I work for IBM.|,Statement Non Opinion
"|Okay.  Sir?  I am sorry to tell you this but this does happen. Uh- This is not uh- really,|",The dialogical acts shown in the text are:  
"|Okay.  Sir?  I am sorry to tell you this but this does happen. Uh- This is not uh- really,|",
"|Okay.  Sir?  I am sorry to tell you this but this does happen. Uh- This is not uh- really,|","- **Acknowledge** (""Okay."")  ",Acknowledge
"|Okay.  Sir?  I am sorry to tell you this but this does happen. Uh- This is not uh- really,|","- **Question** (""Sir?"")  ",Question
"|Okay.  Sir?  I am sorry to tell you this but this does happen. Uh- This is not uh- really,|","- **Apology** (""I am sorry to tell you this..."")  ",Apology
"|Okay.  Sir?  I am sorry to tell you this but this does happen. Uh- This is not uh- really,|","- **Statement Non-Opinion** (""...but this does happen."")  ",Statement Non-Opinion
"|Okay.  Sir?  I am sorry to tell you this but this does happen. Uh- This is not uh- really,|","- **Backchannel** (""Uh-"")  ",Backchannel
"|Okay.  Sir?  I am sorry to tell you this but this does happen. Uh- This is not uh- really,|","- **Disagreement** (""This is not uh- really..."")  ",Disagreement
"|Okay.  Sir?  I am sorry to tell you this but this does happen. Uh- This is not uh- really,|",
"|Okay.  Sir?  I am sorry to tell you this but this does happen. Uh- This is not uh- really,|","(Since you asked for *one word*, the most prominent act here is likely **Apology**, but the text contains multiple dialogical acts.)",Apology
"|I mean, our airline's fault.  I don't know what happened, misplaced, something happened but we will get you--|",Apology
"|You misplace a lot of, eight pieces of luggage.|",Statement Non Opinion
|Are you kidding me?|,Disagreement
|Who are you going to fire because of that?|,Question
"|Well we have some people back there that need some firing so, but I would just really appreciate--|",Command
"|Wow.  This has never happened before.  I've not lost,|",Statement Opinion
|in all thousand flights I've been on probably I can't even count how many flights I've been on.  This has never happened before.|,Statement Opinion
|This is the worst customer service I've ever gotten before.|,Statement Opinion
|Okay.  Get on the phone and figure out where my luggage is and tell me when it's going to get there alright?|,Command
|We already have been confirmed that it will be arriving in--uh--in about two days.|,Statement Non Opinion
"|Uh, we can't--|","The dialogical act shown in the text ""Uh, we can't--"" is **Acknowledge**.",Acknowledge
|Can you get it to the San Diego airport?  You get someone to drive it to my place alright? Then I get a refund for some...I get a free flight alright? I get free whatever.|,Command
"|Yes sir, Yes.|",Acknowledge
|We can have them direct your luggage to San Diego.|,Command
|Okay.  And you're going to give me what for my inconvenience?|,The dialogical act shown in the text is **Question**.,Question
|Uh--|,Backchannel
|Some refreshments in the lobby?|,Question
|Some peanuts?  Wow.  That helps a lot.|,"The dialogical acts in the text ""Some peanuts? Wow. That helps a lot."" are:  "
|Some peanuts?  Wow.  That helps a lot.|,
|Some peanuts?  Wow.  That helps a lot.|,"- **Question** (""Some peanuts?"")  ",Question
|Some peanuts?  Wow.  That helps a lot.|,"- **Acknowledge** (""Wow."")  ",Acknowledge
|Some peanuts?  Wow.  That helps a lot.|,"- **Agreement** (""That helps a lot."")  ",Agreement
|Some peanuts?  Wow.  That helps a lot.|,
|Some peanuts?  Wow.  That helps a lot.|,"Since you asked for *one word*, the most prominent is likely **Agreement**. However, if you need a single label for the entire utterance, it would be best classified as **Others** due to the mix of acts.",Agreement
"|Thanks you, thank you I don't have my luggage so you gave me a Holiday Inn stay and peanuts.  Wow.  You know what?|",The dialogical act shown in the text is: **Acknowledge**,Acknowledge
|eh- we actually--|,"The dialogical act shown in the text ""eh- we actually--"" is **Backchannel**.",Backchannel
|I will never do business with Delta again.|,Disagreement
|How's it going?  How are you feeling?|,Question
|Hanging in there?|,Question
|Yeah.|,Acknowledge
|Yeah.|,Acknowledge
|You guys were real close huh?|,Question
|He was my only friend growing up.|,Statement Non Opinion
|no one else would talk to me but he would.|,The dialogical act shown in the text is **Statement Opinion**.,Statement Opinion
|He was supposed to be the best man at my wedding.|,Statement Non Opinion
|I'm so sorry.|,Apology
|Yeah.|,Acknowledge
|You know I was always the one to tell him to be more wild you know?|,Statement Opinion
|Yeah.|,Acknowledge
|And he just took it overboard.|,Statement Non Opinion
|What happened?  What went wrong?|,Question
|his girlfriend got killed too.|,Statement Non Opinion
|How are they?|,Question
|The mother and father died--|,Statement Non Opinion
"| -do I miss him or do I hate him, you know?|",Question
|Yeah.  Like I mean if you need anyone to talk to or anything I'm here for you okay?|,Acknowledge
|Thanks.|,Acknowledge
|We're all here for you.|,**Acknowledge**,Acknowledge
|I was supposed to see him last summer|,Statement Non Opinion
|then I got busy with work and stuff and three years go by|,Statement Non Opinion
|and then something like this happens you know?|,The dialogical act shown in the text is **Statement Opinion**.,Statement Opinion
|I mean I haven't even talked to him on the phone for the past three months.|,Statement Opinion
|He's supposed to be my best friend.|,Statement Opinion
|I know.|,Acknowledge
|just things happen in life and you just...there's just no explanation you know?  We just don't...|,Statement Opinion
|I'm so sorry.|,Apology
"|I mean he was...he wanted to help people in poor countries, that is his goal.  He didn't care about the money.  He just wanted to go and help people.|",Statement Opinion
|What the...what am I doing?|,Question
"|Well now you can follow his footsteps, you know?  Carry out what he wanted to do.|",Command
|I can't do that.|,Disagreement
|Well sure you could.|,Agreement
|You should've met him.|,"The dialogical act shown in the text ""You should've met him."" is **Statement Opinion**.",Statement Opinion
|He is the greatest...everyone liked him.|,Statement Opinion
|Yeah.|,Acknowledge
|I would've loved to.|,Statement Opinion
|Now I can't.|,Answer
|Hey.|,Greeting
|Hey.  How's it going?  I haven't seen you in awhile.|,Greeting  
|Hey.  How's it going?  I haven't seen you in awhile.|,Question  
|Hey.  How's it going?  I haven't seen you in awhile.|,Statement Non Opinion
|Pretty good Susanna.|,**Acknowledge**,Acknowledge
|Um--|,Backchannel
|Yeah.|,Acknowledge
|I got into the...|,Statement Non Opinion
|Yeah.|,Acknowledge
|No.  It's like it's harder than getting into Harvard.|,Disagreement
|I know.  Oh my God.  Oh my God Joe I am so happy for you.  Well you know what that means?|,The dialogical act shown in the text is: **Acknowledge**,Acknowledge
|What does that mean?|,Question
|You're going to be here and I'm going to be in LA so we can be together now.  I mean we can be in the same city.|,Statement Non Opinion
|Holy shit...|,"The dialogical act shown in the text ""Holy shit..."" is **Statement Opinion**.",Statement Opinion
|We can party.  We can have fun.|,Statement Non Opinion
|This will be like high school but even better.|,Statement Opinion
|I-I came home and my mom was like Joe uh-|,The dialogical act shown in the text is: **Statement Non Opinion**,Statement Non Opinion
"|I have some bad news.  I was like what?  She's like not really you got into U.S.C. and I was like, I was like oh my God.  I was about to tear my own hair out.|",Statement Non Opinion
|Oh man.|,"The dialogical act shown in the text ""Oh man."" is: **Acknowledge**.",Acknowledge
|Oh my God the first minute I got it I sent it back in.|,The dialogical act shown in the text is: **Statement Opinion**.,Statement Opinion
"|This is so great, you know, because I gone fit on downtown so I'm going to be like right here.  I think I'm going to be living at City Lights downtown.|",Statement Opinion
|This is so exciting.  This is like a new chapter in our lives.|,Statement Opinion
"|Yeah, it really is.|",Agreement
"|We're doing what we want to do, then four years later we're going to be working professionals, making money, sipping martinis every day.|",Statement Opinion
|God hopefully.|,"The dialogical act shown in the text ""God hopefully."" is **Statement Opinion**.",Statement Opinion
|Man I'm just so happy for you.  I just--|,The dialogical act shown in the text is: **Acknowledge**,Acknowledge
|Thank you|,Acknowledge
"|Well, I'm happy for you but I'm happy for me cause that means you're going to stay.|",Disagreement
|And tonight my parents want to take me out to sushi and they said I could bring you.|,Invitation
|Oh great. I would love to go.|,Statement Opinion
|Yeah.|,Acknowledge
|Yeah and they said get whatever you want and...|,Acknowledge
|Ah man.|,"The dialogical act shown in the text ""Ah man."" is **Acknowledge**.",Acknowledge
|This is going to be so great.  I have so many great ideas.|,Statement Opinion
|Yeah. Did you...I mean do send in like how long after you send in your application did you hear?|,The dialogical act shown in the text is: **Question**,Question
|You were like...|,Statement Non Opinion
|Hello.  This is Viacom Services.  How can I help you?|,Greeting
"|Hello?  God finally somebody, look, this is ridiculous.  I've been waiting online for like a half an hour now.|","The dialogical act shown in the text is: **Complaint** (which would fall under ""Statement Opinion"" or ""Others"" depending on the specific taxonomy you're using). ",Complaint
"|Hello?  God finally somebody, look, this is ridiculous.  I've been waiting online for like a half an hour now.|",
"|Hello?  God finally somebody, look, this is ridiculous.  I've been waiting online for like a half an hour now.|","However, if strictly limited to the provided options, the most fitting single-word choice would be: **Statement Opinion** (as it expresses frustration and a personal judgment). ",Statement Opinion
"|Hello?  God finally somebody, look, this is ridiculous.  I've been waiting online for like a half an hour now.|",
"|Hello?  God finally somebody, look, this is ridiculous.  I've been waiting online for like a half an hour now.|","If ""Complaint"" were an option, it would be the best pick. Since it's not, **Statement Opinion** captures the evaluative nature of the utterance.",Statement Opinion
"|I'm sorry ma'am, what can I help you with?|",Apology
"|Look my, my phone isn't working.  I don't understand what's going on.  I am trying to call out.  I'm not receiving any calls|",Statement Non Opinion
"|and I need assistance with my...not only is my work phone, it's my home phone and look,|",The dialogical act shown in the text is **Statement Opinion**.,Statement Opinion
|this is my business.  This is how I make money is through my phone.  It needs to be working.  Can you please help me?|,Question
|Okay.  Can you give me the last four digits of your social security number so I can verify who I'm speaking with?|,Question
|two two six six.|,Others
|Okay.  And your name is?|,Question
|Olivia.|,Statement Non Opinion
|Olivia. Um. Okay.  So how long has this problem been?|,Question
"|This has been going on for the past two weeks.  I called every single day.  Nobody is helping me.  You guys tell me the same thing over and over, call again, call again, call again--|",Statement Opinion
|Um- I think part of it has to do with the network being down.  It's been having some trouble the last few weeks--|,Statement Opinion
"|Okay.  Well that is, that is fine and all.  I don't care.  I really don't care because I want my phone to work that's all.|",The dialogical act shown in the text is **Disagreement**.,Disagreement
"|That is I am paying you guys for service and I'm not getting any service.  I get, I get just dropped calls all the time and now it's completely not working at all.  I can't even call out, nine one one probably wouldn't even work.|","The dialogical act shown in the text is: **Complaint** (which falls under ""Statement Opinion"").",Complaint
|Well you better.  You better give me a whole freaking new phone that's what you better do.|,Command
"|You sign the contract and then down the line the phone doesn't work and you're stuck, you can't go to a new...no.  No contracts for me.  You give me a new phone.|",Disagreement
"|Besides, it's sort of out of hands at the moment----The whole electrical power outage.|",Statement Opinion
|I want to talk to a supervisor|,Command
|I would like to talk to your supervisor.  Obviously you're incompetent and don't understand what I'm asking.|,Disagreement
"|Um- Let me connect you to my supervisor.  Actually, he's out right now so I'm supervisor until he comes back. Um-|",The dialogical act shown in the text is **Statement Non Opinion**.,Statement Non Opinion
|What?|,Question
"|So you could----speak with me some more, you could call back later on maybe.|",Command
|That's ridiculous.  You know?|,Disagreement
"|No I don't want to call back, you put me on hold for like hours and hours----and it's money, money, money, money and out of my pocket, out of my pocket--|",Disagreement
|I didn't put you on hold.|,Disagreement
|There are a lot of people calling us having problems.  Every phone company is having the same problems ma'am|,Statement Non Opinion
|Every phone...every single phone company?|,Question
"|I am a realtor and this is my business.  People are calling me all the time but you know, and I don't have a land line.  I can't afford to have a land line|",The dialogical act shown in the text is **Statement Opinion**.,Statement Opinion
|don't you-|,Question
|I'm really sorry ma'am.  There's not----a lot we can do for it.|,Apology
"|What I can do for you, if you want to make a call right now I could contact you through our computer.  I can call through my phone and you can speak through me.|",The dialogical act shown in the text is **Offer**. ,Offer
"|What I can do for you, if you want to make a call right now I could contact you through our computer.  I can call through my phone and you can speak through me.|",
"|What I can do for you, if you want to make a call right now I could contact you through our computer.  I can call through my phone and you can speak through me.|","(Note: Since ""Offer"" was not one of the provided options, the closest alternative from the given choices would be **Statement Non Opinion**.)",Statement Non Opinion
|What?  No.  That's way too complicated.  Look--|,The dialogical act shown in the text is: Disagreement
|you need to fix my phone.  I don't care what you have to do--|,Command
"|Well, okay I'm going to give you a free phone card that you can use at any payphone and that's on us. Okay?|",Command
"|Yeah yeah, woman going out in South Central on the payphone at night.  Oh that's real safe.|",The dialogical act shown in the text is: **Statement Opinion**,Statement Opinion
"|I'm, I'm sorry you chose to live there um--|",Apology
"|No, no, no.  I didn't choose to live here.  I work there.  Okay?  Yeah. work work work|",The dialogical act shown in the text is: **Disagreement**,Disagreement
|okay.|,Acknowledge
|Well I'm sure maybe there's a phone at work you could use.|,Statement Opinion
"|We can't call out.  We can't make out-- line.  I don't work, I work at another office.|",Disagreement
|A law firm.  Thank you very much.|,Acknowledge
|All right um--|,"The dialogical act shown in the text ""All right um--"" is **Backchannel**.",Backchannel
"|I work out of my home as a realtor and because I don't have a land line, I need a phone and because of now I don't have one I don't know what to do.  And you're not helping me at all.|",Statement Opinion
"|In fact, give me your name sir, what's your name again?|",Command
|My name is Sara.|,Statement Non Opinion
"|Sara Brown.  Sara Brown, um- yeah, I'm going to get off the phone with you. And then I'm going to call back and I'm going to give your supervisor your name because you're obviously incompetent to work here.|",Command
|Okay.|,Acknowledge
"|You know maam, we record this conversation so anything you say can be proven in a law of court so keep that in mind.|",Command
|Hello?|,Greeting
|Oh God I finally got...you know how long I've been waiting on line?  You put on hold for like five hours.  Geez.|,Statement Opinion
|I'm sorry ma'am.  What's the nature of your problem?  But first can I get you to tell me your first and last name?|,The dialogical acts shown in the text are:  
|I'm sorry ma'am.  What's the nature of your problem?  But first can I get you to tell me your first and last name?|,
|I'm sorry ma'am.  What's the nature of your problem?  But first can I get you to tell me your first and last name?|,"1. ""I'm sorry ma'am."" - **Apology**  ",Apology
|I'm sorry ma'am.  What's the nature of your problem?  But first can I get you to tell me your first and last name?|,"2. ""What's the nature of your problem?"" - **Question**  ",Question
|I'm sorry ma'am.  What's the nature of your problem?  But first can I get you to tell me your first and last name?|,"3. ""But first can I get you to tell me your first and last name?"" - **Command** (indirect request)  ",Command
|I'm sorry ma'am.  What's the nature of your problem?  But first can I get you to tell me your first and last name?|,
|I'm sorry ma'am.  What's the nature of your problem?  But first can I get you to tell me your first and last name?|,"Since you asked for **one word**, the most prominent act is likely **Question** (as it drives the conversation forward). However, if forced to pick just one for the entire utterance, the strongest overall intent is **Command** (since the speaker is primarily requesting information).  ",one word
|I'm sorry ma'am.  What's the nature of your problem?  But first can I get you to tell me your first and last name?|,
|I'm sorry ma'am.  What's the nature of your problem?  But first can I get you to tell me your first and last name?|,"(If strictly one label is required, I'd lean toward **Command**.)",Command
|Olivia Brown.|,"The text ""Olivia Brown."" is a **Statement Non Opinion**.",Statement Non Opinion
|Alright Ms. Brown what's the nature of your problem?|,Question
|Well my phone isn't working and it hasn't been working for the last five days.|,Statement Non Opinion
|Oh.  I'm sorry. Um- Did you drop it in water?|,"The dialogical act shown in the text is: **Apology** (for ""I'm sorry"") and **Question** (for ""Did you drop it in water?"").  ",Apology
|Oh.  I'm sorry. Um- Did you drop it in water?|,
|Oh.  I'm sorry. Um- Did you drop it in water?|,"However, since you asked for *one word*, the dominant act is **Apology**.",Apology
"|Yeah, yeah, yeah you better be sorry.|",The dialogical act shown in the text is **Disagreement**.,Disagreement
|No I did not drop my phone in water.  I'm not five years old and just dropped my phone anywhere I see it.  Okay this is my business.|,Disagreement
|Okay?  And it [GARBAGE]. My business is failing because my phone isn't working and I don't have a land line and I really can't handle this right now.|,The dialogical act shown in the text is: **Statement Opinion**,Statement Opinion
|Okay.|,Acknowledge
"|Um- well it's probably easy.  Can you any more symptoms either you're not receiving calls----ok, you're not receiving calls, not getting calls.|",The dialogical act shown in the text is: **Statement Opinion**,Statement Opinion
"|the symptoms- This [GARBAGE] a doctor's office. I'm not receiving calls...I can't receive- no, it's, it cuts me off--|",The dialogical act shown in the text is: **Statement Non Opinion**,Statement Non Opinion
|Is the phone turned on?|,Question
|Yes the phone turns on.  No I mean I'm using it not turning on the phone.  Of course it turns on.|,The dialogical acts in the given text are:
|Yes the phone turns on.  No I mean I'm using it not turning on the phone.  Of course it turns on.|,
|Yes the phone turns on.  No I mean I'm using it not turning on the phone.  Of course it turns on.|,"1. ""Yes the phone turns on."" - **Agreement**  ",Agreement
|Yes the phone turns on.  No I mean I'm using it not turning on the phone.  Of course it turns on.|,"2. ""No I mean I'm using it not turning on the phone."" - **Disagreement**  ",Disagreement
|Yes the phone turns on.  No I mean I'm using it not turning on the phone.  Of course it turns on.|,"3. ""Of course it turns on."" - **Statement Opinion**",Statement Opinion
|Alright.  Um- Well that could be the problem. cause--|,The dialogical act shown in the text is **Statement Opinion**.,Statement Opinion
|you might have an older phone where we would use sim cards but probably not.|,Statement Opinion
"|Okay no.  Sir, this is the deal.  My phone isn't working and I don't care what the problem is but it needs to work.  That's why I'm paying you guys to fix it.|",Disagreement
|Tell them my name.  My name is Brent Backersen.|,Command
"|Brent Backersen, I am writing this down, Brent Backersen.  Alright.|",The dialogical act shown in the text is: **Acknowledge**,Acknowledge
|Okay.  Tell them my - my ID number is two one three five.|,Command
|It will be free.  No contract okay?|,"The dialogical act shown in the text ""It will be free. No contract okay?"" is **Statement Non Opinion**.",Statement Non Opinion
|Really?  No contract?|,Disagreement
"|Go in there, yeah, go in there.  Tell them Brent Backersen sent you.|",Command
|I want the best freaking camera phone there is though.  I want the really good kind--|,Command
"|the top of the line camera phone, game boy, anything you want. For free. And palm pilot.|",The dialogical act shown in the text is **Statement Non Opinion**.,Statement Non Opinion
|And palm pilot.|,Statement Non Opinion
|And charger and accessories and I want a cover that's pink.|,Command
|They might only have orange.|,Statement Opinion
|no|,"The dialogical act shown in the text ""no"" is **Disagreement**.",Disagreement
"|Okay.  They can figure out pink for you.  So go in there and just tell them that and they'll hook you up with other goodies, stuff like that free service, no contract, no nothing.  Just for being a good customer|",Command
|and battling through with us.|,"The dialogical act shown in the text ""and battling through with us."" is **Acknowledge**.",Acknowledge
"|Alright. Well-  I guess - I guess that's okay but,|",Disagreement
|Okay.|,Acknowledge
|Alright?  Great.  Have a nice evening.|,"The dialogical acts in the text ""Alright? Great. Have a nice evening."" are:  "
|Alright?  Great.  Have a nice evening.|,
|Alright?  Great.  Have a nice evening.|,"- **Question** (""Alright?"")  ",Question
|Alright?  Great.  Have a nice evening.|,"- **Agreement** (""Great."")  ",Agreement
|Alright?  Great.  Have a nice evening.|,"- **Command** (""Have a nice evening."")  ",Command
|Alright?  Great.  Have a nice evening.|,
|Alright?  Great.  Have a nice evening.|,"Since you asked for *one word*, the most prominent act here is likely **Agreement** (""Great.""), as it carries the main affirmative response. However, if you strictly want the first act, it would be **Question**. Let me know if you'd prefer a different emphasis!",Agreement
|Alright Thanks.|,Acknowledge
|What's he going to say?  Maybe we ought to talk to him before he sees it.|,Question
|He was out there when it happened.|,Statement Non Opinion
|When?|,Question
|About four in the morning.  I heard a crack and I looked out and he was standing right there when it happened.|,Statement Non Opinion
|Well what was he doing out at four in the morning?|,Question
|No.  I figured the best thing to do was leave him alone.|,Disagreement
|He cried hard?|,Question
|I could hear it right through the floor.|,Statement Non Opinion
"|God, what was he doing out there anyway?|",Question
|Starting to dream about him again.  He's walking around at night again.|,Statement Non Opinion
|I guess he is.|,Statement Opinion
"|He's getting just like he did after he died, you know?  What, what, what's the meaning of this?|",Question
"|I don't know.  But I know one thing mom, we made a terrible mistake with dad.|",Disagreement
|What?|,Question
|Being dishonest with him.  That kind of thing always pays off and now it's paying off.|,Statement Opinion
|What do you mean dishonest?|,Question
|You know that Larry's not coming back and I know that too.  Why we both go on letting him think that we both believe with him.|,The dialogical act shown in the text is **Question**.,Question
"|Why shouldn't he walk around and dream at him at night.  Walk around.  Why shouldn't he walk around?  Why shouldn't he dream of him, walk around at night waiting for him?  Do we contradict him?  Do we say flat out that we don't have anymore hope?|",Question
|That we haven't had any hope for years now?|,Statement Opinion
|You can't say that to him.|,Disagreement
|Larry's been gone for three years.  For god sakes no one comes back after three years.  It's insane.|,Statement Opinion
"|Listen mom, just, sit down.  I want to talk to you.|",Command
|No.  It's his god damned newspapers is what it is.  Now every month there's a new boy comes home and Larry's going to be the next one.|,Disagreement
|Alright. Alright. Alright just listen.|,Command
"|You know why I asked Annie here, right?|",Question
|Well I have an idea but I don't know.  What's the story?|,The dialogical act shown in the text is **Question**.,Question
|I want to ask her to marry me.|,Statement Opinion
|Well that's your business Chris.|,Statement Non Opinion
|You know it's not just my business.|,Statement Opinion
"|Well what do you want me to do?  I mean, you're old enough to know your own mind.|",The dialogical act shown in the text is **Question**.,Question
|Okay.  So then it's alright.  I'll go ahead with it.|,The dialogical act shown in the text is **Agreement**.,Agreement
"|Well, I mean, you got to make sure your dad's not going--|",The dialogical act shown in the text is: **Statement Opinion**,Statement Opinion
|Oh see then it's just not my business. God you infuriate me sometimes.  Isn't my business too if dad throws a fit?  Huh?  God you have such a talent for ignoring things.|,The dialogical act shown in the text is **Disagreement**.,Disagreement
|Well I'm just saying--|,Statement Opinion
|You know I ignore what I got to ignore.|,Statement Opinion
|She's not...she's Larry's girl.|,Disagreement
|She's not Larry's girl.|,Statement Non Opinion
|From your father's point of view he is still alive and if you try and take her that's just not fair.  You can't do that.|,Statement Opinion
|I don't know why it is but every time I reach out for something I want I have to pull back|,Statement Opinion
"|And-And-And if you go on from there if you know already to go on from there, then you can.  But I'm telling you something that I don't know where to go.  You got it?  I mean, do you?|",The dialogical act shown in the text is **Question**.,Question
|Because other people will suffer.|,Statement Non Opinion
"|My whole entire, bloody life time and time again.|",The dialogical act shown in the text is **Statement Non Opinion**.,Statement Non Opinion
|Did you ask Annie yet?|,Question
|Then I guess that's the end of it.|,Statement Opinion
|But from her letters I think she's forgotten him.  I'll find out.|,Statement Opinion
"|And then we'll thrash it out with dad right?  Mom, don't avoid me.|","The dialogical act shown in the text is ""Question."""
"|Look, you never had seen many, many women.  You know?  I mean...|",Statement Opinion
|Because it is.|,Statement Non Opinion
"|Well that's a good answer but, it doesn't answer anything.  You haven't seen her since you left to go to the war and it's been five years.|",Disagreement
|It's just...that's just the way it is.  That's how I feel.  You know these years when I think of someone I want to marry I think of Annie.  What do you want a diagram?|,The dialogical act shown in the text is: **Statement Opinion**,Statement Opinion
|No I don't want a diagram.|,Disagreement
"|He thinks he's coming back. And you go off and marry that girl and you're just pronouncing him dead and what's going to happen to him?  I don't know.  Do you?  I mean, I don't know.|",The dialogical act shown in the text is **Question**.,Question
|Alright then.|,Acknowledge
"|Look, just give it some thought okay?|",Command
|I've given it three years of thought and I thought that if I waited then dad would forget about Larry and then we could have a regular wedding and everything happy.|,Statement Opinion
|But if I can't have that here I'll get out.|,The dialogical act shown in the text is **Statement Opinion**.,Statement Opinion
|What the hell is this?|,Question
|I'll get out.  I'll marry her somewhere else.  Maybe New York.|,Command
|Are you crazy?|,Question
|I've been a good son too long.  A good sucker and I'm through with it.|,Statement Opinion
|You're just going to leave the business?  You have a business here.  You can't do that.|,Disagreement
|The business doesn't inspire me.|,Statement Opinion
"|Oh, you have to be inspired.|",Command
|Yes.  I like it an hour out of the day.  If I have to grub for money all day long at least at evening I want it beautiful.  I want a family.  I want a wife.  I want some kids.  I want to build something I can give myself to.|,The dialogical act shown in the text is **Statement Opinion**.,Statement Opinion
|Yes.  On this I would.|,Agreement
|Alright but you can't talk like that you hear?|,Command
"|I mean what the hell have we worked for then?  I mean, it's all for you Chris.  The whole shooting match is for you.|",Statement Opinion
|I know.  Just you help me stay here.|,The dialogical act shown in the text is **Command**.,Command
|Alright but you don't talk like that you hear?  You don't.|,Command
|I am thinking like that.|,Statement Opinion
|I don't understand you do I?|,Disagreement
|No you don't.  I'm a pretty tough guy.|,Disagreement
|Yeah.  I can see that.|,Acknowledge
|Why did he invite her here?|,Question
|Why does that bother you?|,Question
|Well she's been away for three and a half years in New York and suddenly she just shows up.|,Statement Opinion
"|Well maybe, maybe he just wanted to see her.|",Statement Opinion
|Nobody travels seven hundred miles just see.|,Statement Non Opinion
|uh-uh What do you mean?  They grew up next to each other their entire lives.  Why shouldn't he want to see her?|,The dialogical acts in the text are as follows:
|uh-uh What do you mean?  They grew up next to each other their entire lives.  Why shouldn't he want to see her?|,
|uh-uh What do you mean?  They grew up next to each other their entire lives.  Why shouldn't he want to see her?|,"1. ""uh-uh"" - Backchannel"
|uh-uh What do you mean?  They grew up next to each other their entire lives.  Why shouldn't he want to see her?|,"2. ""What do you mean?"" - Question"
|uh-uh What do you mean?  They grew up next to each other their entire lives.  Why shouldn't he want to see her?|,"3. ""They grew up next to each other their entire lives."" - Statement Non Opinion"
|uh-uh What do you mean?  They grew up next to each other their entire lives.  Why shouldn't he want to see her?|,"4. ""Why shouldn't he want to see her?"" - Question"
|Hey don't look at me like that.  I don't know anymore than you.|,Command
|He's not going to marry her.|,Disagreement
|Who said he even thought about that?|,Question
|I see it.  It has the appearance of it.|,Acknowledge
"|Well, so what?|",Disagreement
|What's going on here Joe?|,Question
|Now listen kid...|,Command
|No.  She's not his girl Joe and she knows that.|,Disagreement
|You can't read her mind.|,Statement Non Opinion
"|Because she knows what I know, that's why.|",Statement Opinion
|it's like I know as long as she's waiting I'm right again.|,Statement Opinion
|Look at how nice the day is.  What are we arguing for?|,Statement Opinion
"|No.  Nobody in my house better dare and challenge her faith.  You know and maybe strangers but not his father, not his brother.|",Command
|What do you want me to do?  What do you want?|,Question
|I want-I want you to act like he's still alive.  I mean don't think I haven't seen the way that you've been since he invited her here.|,Command
|But Kate...|,Statement Non Opinion
|But I won't have any of this nonsense because you know what happens?  If he doesn't come back I'll kill myself.|,Command
"|Laugh, laugh at me but I will.  Because you know what happened when she came here?  When she came back she slept in his room, the memorial broke into pieces. Joe, look. Look at it. You got to believe with me.|",The dialogical act shown in the text is **Statement Opinion**.,Statement Opinion
"|Calm yourself, alright?|",Command
"|Look, it was just last week that Detroit, some boy came back he had been away longer than Larry, you can read it for yourself. You above all people have got to believe.|",Statement Opinion
"|Alright, alright, calm yourself okay?  Calm yourself. Wait, wait.  What do you mean, me above all?|",The dialogical act shown in the text is **Command**.,Command
"|Look, just keep believing okay?|",Command
"|Wait, what does that mean?  Me above all?|",Question
"|Look at you, you're shaking.|",Command
|I can't help it.|,Statement Non Opinion
|What do I got to hide?  Huh?  What the hell's the matter with you Kate?|,Question
|You're the only one I know that still loves his parents.|,Statement Opinion
|I know.  It sort of went out of style didn't it?|,Acknowledge
"|No.  It's alright.  It's a good thing, you know?|",Disagreement
|It's lovely here.|,Statement Opinion
|The air is so sweet.|,Statement Non Opinion
|You're not sorry you came?|,Disagreement
|No.  I'm not sorry.  But I'm not going to stay.|,Disagreement
|Well...|,"The dialogical act shown in the text ""Well..."" is **Backchannel**.",Backchannel
"|Look,|",Command
"|you saw the way that she acted and then well, I mean, you, you were acting kind of...|",Statement Opinion
|What?|,Question
"|Well, I don't know, embarrassed of her since I came.|",The dialogical act shown in the text is: **Statement Opinion**,Statement Opinion
|Well the trouble is I was planning on sneaking up on you over a week or so and they take it for granted that we're all set.|,The dialogical act shown in the text is: **Statement Opinion**.,Statement Opinion
"|Yeah.  I know they would, especially your mother.|",The dialogical act shown in the text is: **Agreement**,Agreement
|How did you know?|,Question
"|Well what other reason, from her point of view, would I be coming here?|",Statement Opinion
"|So, would you want to?|",Question
"|I mean, that's the reason why I asked you here.|",Statement Opinion
|I love you.|,Statement Opinion
|I guess that's why I came.|,Statement Opinion
|I don't...I have no imagination that's the only way I know how to tell it.|,Statement Opinion
|I'm embarrassing you.  I didn't want to tell you this here.  I wanted to drive someplace brand new where we'd be brand new to each other.  It feels wrong here don't you?|,Apology
"|This yard and this chair.  I don't want to win you from anything, I want you to be ready for me.|",Statement Opinion
"|Look, I've been ready for a long, long time now.|",Command
"|Then he's gone forever, you sure?|",The dialogical act shown in the text is **Question**.,Question
"|Look, I almost got married two years ago.|",Statement Non Opinion
|You felt something that far back.|,Statement Non Opinion
|Every day since.|,Statement Non Opinion
|Why didn't you let me know?|,Question
"|I was waiting for you Chris, I mean, till then you never wrote and then when you did what did you say?|",Statement Opinion
|You'd always be so ambiguous.|,"The dialogical act shown in the text ""You'd always be so ambiguous."" is **Statement Opinion**.",Statement Opinion
"|Give me a kiss Ann, just give me...|",Command
"|Oh God.  Annie, I kissed Annie.  I kissed Annie.|",The dialogical act shown in the text is: **Statement Non Opinion**,Statement Non Opinion
|I'll never forgive you for that.|,Disagreement
"|How long, how long I've been waiting to do that.|",The dialogical act shown in the text is **Statement Opinion**.,Statement Opinion
"|I mean,  Why did you wait all these years?  There I was sitting around and wondering if I was crazy for thinking about you.|",Question
|We're going to live now.  I'm going to make you so happy.|,Statement Non Opinion
|Not like that you're not.|,Disagreement
|I kissed you.|,Statement Non Opinion
|Like Larry's brother.  Do it like you Chris.|,Command
"|Nothing.  Hey, let's drive somewhere.  I want to be alone with you.|",The dialogical acts in the given text are as follows:  
"|Nothing.  Hey, let's drive somewhere.  I want to be alone with you.|",
"|Nothing.  Hey, let's drive somewhere.  I want to be alone with you.|","1. ""Nothing."" - **Statement Non Opinion**  ",Statement Non Opinion
"|Nothing.  Hey, let's drive somewhere.  I want to be alone with you.|","2. ""Hey, let's drive somewhere."" - **Command**  ",Command
"|Nothing.  Hey, let's drive somewhere.  I want to be alone with you.|","3. ""I want to be alone with you."" - **Statement Opinion**",Statement Opinion
|What is it?|,Question
"|No, what is it?  Your mother?|",Disagreement
"|No, nothing, nothing like that.|",Disagreement
"|Tell me what's wrong.  I mean, even in your letters you seemed ashamed.|",Command
"|Well, yes I guess I've been ashamed but, it's going from me.|",The dialogical act shown in the text is: **Statement Opinion**,Statement Opinion
|Okay.  It wouldn't work like this?|,Acknowledge
|You remember overseas I was in command of a company?|,Statement Non Opinion
"|Yeah, sure.|",Agreement
|Well I lost them.|,Statement Non Opinion
|How many?|,Question
|Just about all.|,"The dialogical act shown in the text ""Just about all."" is **Answer**.",Answer
|Geez.|,"The dialogical act shown in the text ""Geez."" is **Acknowledge**.",Acknowledge
|Takes a little while to toss that off cause they weren't just men.|,Statement Non Opinion
|A little more selfish and they'd still be here today.  And I got this idea watching them go down.  See everything was being destroyed but there was one new thing that was being created.|,Statement Opinion
"|It was a kind of responsibility, man for man.  You understand me?|",The dialogical act shown in the text is **Statement Opinion**.,Statement Opinion
|And to show that and to bring that onto the earth again like some sort of monument standing right behind all of us and we could feel it and it would make a difference to him.|,Statement Non Opinion
|And then I came here and it was incredible.  There was no meaning in it here.  The whole thing to them was a kind of bus accident.|,Statement Opinion
"|And I went to work with dad and that rat race again and I felt what you said, ashamed.  Somehow because nobody was changed at all.|",Statement Opinion
"|It seemed to make a sucker out of a lot of guys.  I felt wrong to be alive.  I felt wrong to have that new checkbook,|",Statement Opinion
"|open that new bank account, drive the new car and see the new refrigerator|",Command
"|cause you can take those things out of the war.  But you got to know, when you drive that car that it came out of the love that a man can have for a man and you got to be a little bit better because of that.|",Statement Opinion
|Otherwise what you have is loot and there's blood on it.|,The dialogical act shown in the text is **Statement Opinion**.,Statement Opinion
|And I didn't want to take any of it and I guess that included you.|,Statement Opinion
|And you still feel that way?|,Question
|I want you now Annie.|,Command
|Cause you must not feel that way again.  You hear me?  You can't.  You deserve everything you have Chris.|,The dialogical act shown in the text is **Command**.,Command
"|that includes me too, I mean and the money, you have right to that money.  Your father put planes up in the air, good planes and he deserves it, you should be proud of that.  A man should be paid for that.|",Agreement
|[GARBAGE] Annie|,"The dialogical act shown in the text ""[GARBAGE] Annie"" is **Others**.",Others
|Annie I'm going to make a fortune for you.|,Command
|What am I going to do with a fortune?|,Question
|Buy some hats?|,Command
"|Hey, what time is it?  This pokes around midnight right?  God this is great isn't it?|",Question
|Look at the night we got.  I wouldn't trade this for anything.|,Statement Opinion
"|Is that, is that, nah, is that just Paul?  I can't even tell.|",Question
"|But if I can't tell, it probably isn't them isn't it?  Probably would be unmistakable wouldn't you think?  How are you doing?|",Question
"|Oh, you know what I forgot?  I forgot my flashlight.  How could I be so stupid?  I should've brought my flashlight.|",Question
|What flashlight?|,Question
"|You know, the flashlight, the silver one?  There's only one isn't there?|",Question
|It's not your flashlight.|,Disagreement
"|Well, whose is it?|",Question
|It's ours.  Mine too.|,Agreement
"|No.  Of course, our flashlight.  Yours and mine.  Me flashlight is su flashlight, naturally.|",Disagreement
|How could we have not thought to bring it?  I hope the moon stays out.|,Question
|Was it a full moon last year when they were running?  I can't remember.  Do you remember?|,Question
|Yes.|,"The dialogical act shown in the text ""Yes."" is **Agreement**.",Agreement
|Are you cold?  Do you want my jacket?|,Question
"|We should've brought the blanket, our blanket.|",Statement Opinion
"|God.  Oh, you know what would be good right about now?  A six-pack.  A six-pack would be just the ticket.|",The dialogical act shown in the text is: **Statement Opinion**,Statement Opinion
"|I'm so stupid, I should've brought a six-pack.  God, I'm like a little kid.  It's amazing I get out of the house with my fly zipped up. Oh- [LAUGHTER]|",Statement Opinion
|I wonder if they can hear us talk?  Or feel the vibrations in the sand when we move around?|,Question
"|Look, I'm cold.|",Command
|Do you want my jacket?|,Question
"|It's past eleven, let's go.|",Command
|What?  Are you kidding me?  We just got here.  We miss it.  What's the point of coming down here if we just turn around and go home?|,Disagreement
|There is no point in coming down here.|,Statement Opinion
|Right.|,Acknowledge
|That's my point.|,Statement Opinion
|That's my point too...No.  No.  That's not my point.  My point is what's the point if we come down here if we just turn around and leave?|,The dialogical act shown in the text is **Disagreement**.,Disagreement
|So let's go.|,Command
|Why not?|,Question
|I don't know.  I just don't.|,Answer
"|Honey, this is a natural phenomenon.  It only happens once a year.  I mean think about the people in Kansas, they would have to get hotel reservations and plane tickets to come and see this.  We're only forty minutes away.  This is too good to pass up.|",Statement Opinion
"|Pass up what?  These fish swim up to shore, on the beach and then they flop around a little, they swim away and then they die.|",Question
"|Well this is like the highlight, the one night of their lives and that flopping around, that's laying eggs or spawning or mating or whatever you call it.|",Statement Opinion
"|But this is the big night for these guys.  Their last, life's last orgy.|",Statement Opinion
"|What are you getting so excited about?  I mean, it's not like it's like the landing on the moon or something.  I mean, it's just fish, fish that nobody eats.|",Question
|Yeah they do.|,Agreement
|Augie.|,Statement Non Opinion
"|Okay.  But it's fish that do something that no other fish do.  Like the swallows in Capistrano or the Lemmings that throw themselves off the cliffs, there's magic here and some mystery and a little bit of unexplainable.|",Statement Opinion
"|I mean, I can't see how you can not be interested.|",Statement Opinion
|I'm just not.|,Statement Non Opinion
|For real?|,Question
|Yes.|,"The dialogical act shown in the text ""Yes."" is **Agreement**.",Agreement
"|I don't get it.  I mean the first time we came to see it, you said it was the best night of your life.|",Disagreement
|And last year when we came you ran out of the house so fast you stubbed your toe and you didn't even notice it until we got in the car.|,Statement Non Opinion
"|You also could remember that I got sand in my panties, we got in an argument over nothing, you got a sore throat and we didn't even get to see the Grunions.|",Statement Non Opinion
|Okay.  We're in a good spot.|,Statement Opinion
|You didn't see them the first time either.|,Disagreement
"|We just weren't in the good spot.  This is a much better spot.  You know, I have a good instincts for these things.|",Statement Opinion
"|Look, is that...no is that just seaweed?|",Question
"|You know, this is great isn't it?  You know, I wouldn't trade this for anything.|",Statement Opinion
"|I mean, think about this, I know you're not interested but just think about this for a minute.|",Command
"|Somewhere out there, there's this huge silver mass of fish heading this way, they don't why, we don't know why, they just some little instinctual fire cracker went off in their bodies...|",Statement Opinion
"|...like and they all just turned at once and formed a line as long as the California coast and started swimming this way.  They didn't, you know, they didn't make a decision, they didn't, you know, have boats or anything.  No one sent them an invitation or a map, they just started swimming as if that's the only thing that matters.|",Statement Opinion
"|It's single mindedness with no mind.  It's urgency that's pure urge and they don't, they don't ask it a question, they don't give it a name, they just swim.|",Statement Opinion
|They just start swimming to this place right here where we stand for massive celebration of sex and death.|,Statement Non Opinion
"|Oh, I'm giving myself goose bumps.  Look, all my hairs are standing up.|",Statement Non Opinion
|That's the wind.|,Statement Non Opinion
|[BREATHING] So what do you think?|,Question
|About what?|,Question
|About what I just said?|,Question
|So what do you think?|,Question
|About what?|,Question
|About what I just said?|,Question
|It's ridiculous.|,Statement Opinion
|It certainly is not.  It's a slightly exaggerated scientific fact.|,Disagreement
"|It's PR.  I mean, somebody sold you a good bill about this wonderful event that going to happen on the beach.|",Statement Opinion
|I'm not the only one.  Look at all these people.|,Disagreement
"|Yeah.  Everyone else was sold the same thing.  I mean, look, it keeps us excited, it keeps us coming back for more and you know, keeps us thinking life's going to start any minute now.|",The dialogical act shown in the text is: **Statement Opinion**,Statement Opinion
|Are we talking about the same thing?|,Question
"|Look, I'm sorry but it's still just fish to me.|",Apology
|I thought you wanted to see it.|,Statement Opinion
|It's just...|,Statement Non Opinion
"|Look, we just have different ideas of what this night is supposed to be like.|",Disagreement
"|There's nothing to it.  The Grunions arrive, they do their little fish business, you know?  We go oh, ahh, look at the fish and they go home and we go home.|",Statement Non Opinion
"|For heavens sake, grow up.  We're not going to see the Grunions.|",Command
|Why not?|,Question
"|We never do, do we?  Have we ever?|",Question
"|Oh my gosh.  We missed them twice, that's hardly ever.|",Statement Opinion
|Okay.  Twice is as many times as we've tried and that's ever.|,The dialogical act shown in the text is **Statement Non Opinion**.,Statement Non Opinion
"|Carla, can I ask you something?|",Question
|What?|,Question
"|Don't take this wrong but, are you having your period?|",Question
"|Augie, god dammit, don't ask me that.  You always ask me that.  I hate it when you ask me that.  It's insulting.|",The dialogical act shown in the text is **Disagreement**.,Disagreement
|What's bugging you then?|,Question
"|Look, it's pointless.  It's...we're not going to see the Grunions I mean, it's like waiting around to see Santa Claus, you know, it's...|",Statement Opinion
"|Listen, I've waiting my entire life on this beach just standing there waiting for this fish to show up and these fish never show up.|",Statement Opinion
|I thought you wanted to see it.|,Statement Opinion
"|God, you don't understand anything.|",Disagreement
"|No, of course not.|",Disagreement
"|I do.  I always do.  I keep thinking, this time will be the time and it never is.|",Statement Opinion
"|Well, we're going to see it.|",Statement Opinion
"|No we won't.  I mean, God, this isn't about the fish Augie.|",Disagreement
"|What...I've been trying to, I've been trying to figure out the point where we went wrong and I can't seem to pinpoint that moment.|",Statement Opinion
"|You were fine during the phone call with Marge, dinner was okay, doing the dishes was no problem.|",Statement Non Opinion
"|Look, do you remember the first time we came here?|",Question
|We thought I was pregnant.|,Statement Non Opinion
|We brought a bottle of champagne and we took off our shoes and danced barefoot in the sand...|,Statement Non Opinion
|Under the moon and you whispered so softly into my ear so I could feel your words.|,The dialogical act shown in the text is: **Statement Non Opinion**.,Statement Non Opinion
"|And I thought, this is it.  This is how happy I'm supposed to be.|",Statement Opinion
|Wait a minute.  I've got it.|,Command
|What?  Dancing barefoot in the sand?  Drinking out of a bottle of champagne?|,Question
|It was in the car right?  Driving past the Knickerbocker Liquor Locker...|,Question
|And you said let's get some champagne and I said time's a wasting or something like that.|,Statement Non Opinion
|You want this to be like the other time right?  That's it right?|,Question
|I'd rather not remember something...|,Statement Opinion
|Rather not hope for something.|,Statement Opinion
"|Okay, right.  I got it.  Sure.  Of course.  Listen, do you want to dance?|","The dialogical act shown in the text is: **Command** (specifically, ""Listen, do you want to dance?"" functions as an imperative followed by a question, but the primary force is directive).  ",Command
"|Okay, right.  I got it.  Sure.  Of course.  Listen, do you want to dance?|",
"|Okay, right.  I got it.  Sure.  Of course.  Listen, do you want to dance?|","However, if considering the entire text holistically, the dominant intent shifts due to the final line. A more precise breakdown would be:  "
"|Okay, right.  I got it.  Sure.  Of course.  Listen, do you want to dance?|","- ""Okay, right. I got it. Sure. Of course."" → **Backchannel** (acknowledgment signals).  ",Backchannel
"|Okay, right.  I got it.  Sure.  Of course.  Listen, do you want to dance?|","- ""Listen, do you want to dance?"" → **Question** (despite ""Listen"" being imperative, the core is interrogative).  ",Question
"|Okay, right.  I got it.  Sure.  Of course.  Listen, do you want to dance?|",
"|Okay, right.  I got it.  Sure.  Of course.  Listen, do you want to dance?|","Since the instruction asks for *one word* and the final clause drives the interaction, the strongest label is **Question**.  ",Question
"|Okay, right.  I got it.  Sure.  Of course.  Listen, do you want to dance?|",
"|Okay, right.  I got it.  Sure.  Of course.  Listen, do you want to dance?|",**Final Answer: Question**,Final Answer: Question
|No.|,Disagreement
|Do you want me to get some champagne?|,Question
|No.|,Disagreement
|Take off our shoes?|,Question
|No.|,Disagreement
|What?  Do you want me to breathe in your ear?|,Question
|No.|,Disagreement
|Do you want to get married again? What? What?  Do you want a divorce? A vacation? What?  A carpet?  A poodle?  A basket of fruit?  What?  A suicide pact?  What the hell do you want Carla?|,Question
|No...No...No...|,Disagreement
|No...|,Disagreement
|I want things to turn out the way that they're supposed to be.|,Statement Opinion
|Welcome to the human race.|,Greeting
|Do you think that this is what I had in mind?  That four years down the line that we'd get married and come to the beach and argue with each other over fish?  No.|,Question
|I was just like you.  I thought it was going to be all peaches and roses and everything great and the sand in our toes and the wind in our hair and the fish will always come and the bills will pay themselves and we'd have three big fat rosy kids...|,Statement Opinion
|...and you know?  Baby the jokes on us.  Because you know what you get?  Do you know what you get Carla?  You get this.|,Question
"|This what...what's this?  This isn't anything. Alright.  Sure.  Standing on the beach, fighting and waiting.|",The dialogical act shown in the text is: **Question**,Question
|Yes it is.|,Agreement
|Right.|,Acknowledge
|Cause everything isn't anything like I thought it would be.|,Statement Opinion
|No.  I know.  Me neither.|,Disagreement
|This is just this.  You know?  I mean it's a lot and everything but it isn't somewhere else.  Do you know what I'm trying to say?|,The dialogical act shown in the text is: **Statement Opinion**.,Statement Opinion
|I'm trying to do the best I can.|,Statement Opinion
|I know you are Augie.  I know you wanted this evening to be nice.|,Statement Opinion
|I can't help thinking about being somewhere else.|,Statement Opinion
|Maybe if you were with someone else too.|,Statement Opinion
|I didn't say that.|,Disagreement
|I know.  But I know I don't make you happy.|,Acknowledge
"|Augie, whatever I'm doing I'd rather be doing with you.|",Statement Opinion
|Yeah?|,Backchannel
|Yeah.  Don't you know that?|,"The dialogical act shown in the text ""Yeah. Don't you know that?"" is **Answer**.",Answer
|If anybody wants to be with anybody else it's probably you.  Probably somebody who enjoys herself a little more and is not so hard.|,Statement Opinion
"|Actually, now that you mention it, no I don't.|",Disagreement
"|Well, I guess this is the wrong spot for the right people.|",The dialogical act shown in the text is: **Statement Opinion**,Statement Opinion
|It seemed like a good spot to me.|,Statement Opinion
|I mean look at the view of the moon we got from here.|,Statement Opinion
|Yeah.  I noticed that.  It's real pretty on the water.|,The dialogical act shown in the text is: **Acknowledge**,Acknowledge
|Big old white moon.|,Statement Non Opinion
"|Hey, look what we got here.|",Command
|Oh you brought refreshments.|,"The dialogical act shown in the text ""Oh you brought refreshments."" is: **Acknowledge**.",Acknowledge
|It's not champagne.|,Disagreement
|Well at least we won't need glasses.|,"The dialogical act shown in the text ""Well at least we won't need glasses."" is **Statement Opinion**.",Statement Opinion
|Are you still cold?  Do you want to go home?|,Question
|No I'm beginning to think you might be right.|,Disagreement
|I think this may be the place for us after all.|,Statement Opinion
|I am sorry Augie.|,Apology
|Shh.  If we're very quiet the fish might come.|,Command
|Or not.|,Disagreement
|Or not.|,Disagreement
|Good God.|,"The dialogical act shown in the text ""Good God."" is: **Statement Opinion**.",Statement Opinion
|Do you think it's them?|,Question
|I wonder.|,Statement Opinion
|And nobody knows we're here except for Freda and she wouldn't ring up.|,Statement Non Opinion
|Well it must be them then.|,"The dialogical act shown in the text ""Well it must be them then."" is **Statement Opinion**.",Statement Opinion
|What are you going to do?|,Question
|We're fine right?  Aren't we?  Whatever happens darling.|,Question
|Now and always sweet.|,Statement Opinion
|I don't care then.|,Disagreement
"|I mean, it was, it's bound to come out sooner or later.|",Statement Opinion
|Hello?  Hello?  What?|,Greeting
|That sent shivers up my spine.|,Statement Opinion
"|No, wrong number.|",Disagreement
|What are we to do if they suddenly walk in on us?|,Question
|Behave exquisitely.|,Command
|With the most perfect poise?|,Statement Non Opinion
|Certainly.  And I shall probably do a court courtesy.|,The dialogical act shown in the text is **Agreement**.,Agreement
|um- Things that should matter dreadfully don't seem to matter at all when one's happy do they?|,Statement Opinion
|What is so horrible is that one cannot stay happy.|,The dialogical act shown in the text is: **Statement Opinion**,Statement Opinion
"|Oh, darling.  Don't say that.|","The dialogical act shown in the text ""Oh, darling. Don't say that."" is **Command**.",Command
"|It's true.  I mean, the whole business it's a very poor joke.|","The dialogical act shown in the text is ""Statement Opinion."""
"|You mean that, that sacred and beautiful thing love?|",The dialogical act shown in the text is **Question**.,Question
|Yes.  I mean just that.|,"The dialogical act shown in the text ""Yes. I mean just that."" is **Agreement**.",Agreement
|What does that all mean?  That's what I asked myself on my quest for ultimate truth.  What does it all mean?|,Question
|Don't laugh at me.  I'm serious.|,Command
"|[LAUGHTER] Oh, darling.  You mustn't be serious, that's just what they want.|",The dialogical act shown in the text is **Statement Opinion**.,Statement Opinion
|Who's they?|,Question
|All the futile moralists who try to make life unbearable.  Laugh at them.  Be flippant.|,Statement Opinion
|Laugh at all their sacred shibboleths.  Flippancy brings the acid in their damn sweetness and light.|,Command
|So if I'm to laugh at everything then I must laugh at us too.|,Statement Opinion
"|Oh, certainly, you must.  We're figures of fun alright.|",Agreement
|How long will it last?  This ludicrous overbearing love of ours?|,Question
|Who knows?|,Question
|Shall we always want to bicker and fight?|,Question
|No.  That fire will fade along with our passion.|,Disagreement
"|Well, dear, shall we want that?|",Question
"|Well, it depends on how well we've played.|",The dialogical act shown in the text is **Statement Opinion**.,Statement Opinion
"|What happens if one of us dies?  I mean, does the other one still laugh?|",Question
"|Of course, yes, yes, with all his might.|",Agreement
|That's serious enough.|,Statement Opinion
"|No.  No it isn't.  That's very laughable, a cunning little mystery all done with mirrors.|",Disagreement
|Darling I believe you're talking nonsense.|,Disagreement
"|Oh, and who isn't talking nonsense?|",The dialogical act shown in the text is **Question**.,Question
|Let's be superficial and pity the poor philosophers hmmm?  Let's blow trumpets and squeakers and party as much as we can like quite idiotic school children.|,Statement Opinion
|Let's savor the delight of the moment.  Come kiss me darling before worms pop in and out of your eye sockets.|,Command
"|Elliot, worms don't pop.|",Statement Non Opinion
"|I don't care what you do, you see?  As long, no I don't care what you do, see?|",Disagreement
|You can put green paint all over your body and dance naked in the Place Vendome and rush off madly with all the men in the world and I shan't say a word as long as you love me best.|,Statement Opinion
|Thank you dear.  The same applies to you...|,Acknowledge
|...only if you ever so much as look at another woman I'll kill you.|,Command
|Remember that awful scene we had in Venice?|,Statement Non Opinion
|Which particular one?|,Question
|The one when you bought a little painted wooden snake in the Piazza and put it in my bed.|,Statement Non Opinion
"|Charles, that was his name, Charles.  Oh, God he was so wiggled so beautifully.|",Statement Opinion
|Horrible little thing.|,Statement Opinion
|Yeah.  I know you did.  You threw it out the window and into the Grand Canal.  I don't think I'll ever forgive you for that.|,The dialogical act shown in the text is **Disagreement**.,Disagreement
|I hated it.|,Statement Opinion
|How long did that rile last?|,Question
|It went on intermittently for days.|,Statement Non Opinion
"|Oh, the worst one was in Cannes when you-|",Statement Opinion
|I burnt a hole in my comb too and all the towels in the bathroom.|,Statement Non Opinion
|you're curling iron burnt a hole in my dressing gown.|,The dialogical act shown in the text is **Statement Non Opinion**.,Statement Non Opinion
|That was a rouser wasn't it?|,Question
|[LAUGHTER] Yeah.  That was the first time you ever hit me.|,The dialogical act shown in the text is: **Acknowledge**,Acknowledge
|I didn't hit you very hard.|,Statement Non Opinion
"|The manager came in and saw us rolling on the floor, scratching and biting like panthers.|",Statement Non Opinion
|I will never forget his face. Ooh-rah [LAUGHTER].|,Statement Opinion
"|How ridiculous.  How utterly, utterly ridiculous.|",Disagreement
|We were very much younger then.|,Statement Non Opinion
|And much sillier too.|,"The dialogical act shown in the text ""And much sillier too."" is **Statement Opinion**.",Statement Opinion
|The real cause of that rile was Peter Burden.|,Statement Opinion
|Yes.  The real cause of that rile was Peter Burden.|,The dialogical act shown in the text is **Statement Opinion**.,Statement Opinion
"|Oh, come on, you knew there was nothing in that.|",The dialogical act shown in the text is **Disagreement**.,Disagreement
|I knew nothing of the sort.  You took presents from him.|,Disagreement
|Presents?  A trivial little broach.|,Question
|Mmm Hmm.  I remember it well.  Bristling with diamonds in the worst possible taste.|,The dialogical act shown in the text is: **Acknowledge**,Acknowledge
|Not at all.  It was very pretty.  I still have it and I wear it often.|,The dialogical act shown in the text is **Agreement**.,Agreement
|You went out of your way to torture me over Peter Burden.|,The dialogical act shown in the text is **Accusation**. ,Accusation
|You went out of your way to torture me over Peter Burden.|,
|You went out of your way to torture me over Peter Burden.|,"(Since ""Accusation"" isn't explicitly listed in your provided options, the closest fit from your list would be **Statement Opinion**, as it expresses a negative judgment about someone's actions.) ",Statement Opinion
|You went out of your way to torture me over Peter Burden.|,
|You went out of your way to torture me over Peter Burden.|,"However, if forced to choose strictly from your given options without adding ""Accusation,"" the best match would be:  "
|You went out of your way to torture me over Peter Burden.|,**Statement Opinion** (as it conveys a subjective claim about another's behavior).  ,Statement Opinion
|You went out of your way to torture me over Peter Burden.|,
|You went out of your way to torture me over Peter Burden.|,"But note that this classification undersells the confrontational nature—the text is more accusatory than a neutral opinion. If your system allows, ""Accusation"" or ""Confrontation"" would be more precise."
|No I didn't.  You made up the whole thing in your jealous imagination.|,Disagreement
|You must admit he was in love with you.|,Command
|Just a little perhaps but nothing serious.|,"The dialogical act shown in the text ""Just a little perhaps but nothing serious."" is **Statement Opinion**.",Statement Opinion
|You let him kiss you. You said so.  What of it?|,Statement Opinion
|Well what of it?|,Disagreement
"|Well it didn't harm him, in fact, it pleasured him a lot and it didn't hurt me.|",Statement Opinion
|And what about me?|,Question
"|Well, if you hadn't been so suspicious and nosey you would've never known anything.|",The dialogical act shown in the text is **Statement Opinion**.,Statement Opinion
"|Oh, that's a nice point of view I must say.|",Statement Opinion
"|Look, I'm bored with this conversation.|",Statement Opinion
"|Yeah, so am I.  Bored stiff.|",Agreement
|You want some brandy?|,Question
|No thanks.|,Acknowledge
|I'll have a little I think.|,Statement Opinion
|I don't know why you want it.  You've already had two glasses.|,Disagreement
|No particular reason.  Anyhow they were very small ones.|,Statement Non Opinion
|I don't see what you have to go on and on with this kind of thing.|,Disagreement
|Oh my...just because I just...okay...|,The dialogical act shown in the text is: **Backchannel**,Backchannel
|...having three small minute liquor glasses in the evening is hardly going on and on and on.|,Statement Opinion
|It's become a habit with you.|,Statement Opinion
|You needn't be so grand just because you don't happen to want any yourself at the moment.|,Disagreement
|Don't be so stupid.|,Command
|Really Amanda.|,Disagreement
|What?|,Question
|Nothing.|,"The dialogical act shown in the text ""Nothing."" is: **Acknowledge**.",Acknowledge
|[BREATHING]|,Others
|Going out somewhere dear?|,Question
"|No, just making myself beautiful for you.|",Disagreement
|That reply has broken my heart.|,"The dialogical act shown in the text ""That reply has broken my heart"" is **Statement Opinion**.",Statement Opinion
|That's the woman's job to lure the man.  Watch me a moment won't you?|,The dialogical act shown in the text is: **Statement Opinion**.,Statement Opinion
|Actually that's perfectly true.|,Agreement
|No it isn't.|,Disagreement
|Yes it is.|,Agreement
"|Oh, be quiet.|",Command
|I think you should have some more brandy...|,Command
|I think that|,Statement Opinion
|...cause really|,"The dialogical act shown in the text ""...cause really"" is **Statement Opinion**.",Statement Opinion
|it doesn't seem to be working on you.|,Statement Opinion
"|perhaps maybe you should've had more brandy, it might've made you a little less disagreeable.|",Statement Opinion
|Well it really hasn't worked wonders with you.|,Disagreement
"|Hmm, snap, snap, snap like a little adder.|",The dialogical act shown in the text is: **Backchannel**,Backchannel
"|Adders don't snap, they sting.|",Statement Non Opinion
|Yes they do.  They have a bag of venom behind their fangs and they snap.|,"The dialogical act shown in the text ""Yes they do. They have a bag of venom behind their fangs and they snap."" is **Agreement**.",Agreement
|They sting.|,Statement Non Opinion
|They snap.|,"The dialogical act shown in the text ""They snap."" is **Statement Non Opinion**.",Statement Non Opinion
|I don't care.  I don't care.  Do you understand?  I don't care if they roll around and bark like hoops.|,Disagreement
|Did you see much of Peter Burden after our divorce?|,Question
"|Yes, I did.  Quite a lot.|",Answer
|I suppose you let him kiss you a great deal more then?|,Statement Opinion
|Mind your business.|,Command
"|Mmm, you must've had a riotous time.  No restraint at all, very enjoyable.  You never had much anyhow.|",Statement Opinion
|You're quite insufferable.  I expect it's because you're drunk.|,Disagreement
|I'm not in the least bit drunk.|,Disagreement
|You've always had a weak head.|,Statement Opinion
"|Okay, like I mentioned before I had three very small, minute liquor glasses of brandy.  That's not even enough to get a child of two drunk.|",Statement Non Opinion
"|On the contrary, a child of two can get violently drunk off just one glass of brandy.|",Disagreement
"|Oh, what an interesting topic.  What about a child of four and a child of six?  A child of nine?|",The dialogical act shown in the text is: **Question**,Question
|Shut up.|,Command
|We might be able to bring up a splendid little debate about this intemperate tots.|,Statement Opinion
"|Not very funny dear.  In fact, maybe you better have some more brandy.|",Disagreement
"|Oh, thanks.  I think I will.|",The dialogical act shown in the text is **Agreement**.,Agreement
|You better turn that off.|,Command
|Why?|,Question
|Because people upstairs will get annoyed.|,"The dialogical act shown in the text ""Because people upstairs will get annoyed."" is **Answer**.",Answer
|There aren't any people upstairs.  This is a photographer's studio.|,Statement Non Opinion
|Well there are people downstairs I suppose.|,Statement Opinion
|They are away in Tunis.|,Statement Non Opinion
"|Oh, this is no time to be in here for Tunis.|",The dialogical act shown in the text is **Statement Opinion**.,Statement Opinion
"|Turn it on again, please.|",Command
|No I'll do no such thing.|,Disagreement
|Very well.  If you insist on being a boorish and idiotic.|,The dialogical act shown in the text is **Disagreement**.,Disagreement
"|Come on, turn it off.  It's driving me mad.|",Command
|You are far too temperamental.  Try to control yourself.|,Command
|Turn it--Turn it off.|,Command
|Go away.  Go away.  I hate you.|,Command
|Very amusing indeed.|,"The dialogical act shown in the text ""Very amusing indeed."" is **Acknowledge**.",Acknowledge
"|I hate you.  Listen I'm sick and tired of listening to you, you sadistic bully.|",Disagreement
"|You know what?  You're a vile, little, evil-minded, little, wicked beast and I never want to see you again.|",Disagreement
"|This is the end.  Understand?  This is the end, here and now, forever and always.|",The dialogical act shown in the text is: **Command**,Command
|You're not going nowhere. No you're not.|,Disagreement
"|Oh, yes I am. Yes I am and you can't stop me.|",Disagreement
|Just shut up.|,Command
|shut up. shut up.  I would-I would never marry you again if you came crawling back to me on your hands and knees because you're an evil-minded little vampire and I hope to God I never see you again.|,Command
"|Listen, you're a cruel fiend and I hate, loathe you.  Thank God finally, finally thank God I've realized just how horrible you are--and marry you?  Marry you?  Never. I will never marry you.  I will die die in torment-|",Disagreement
|Beast. Brute. Cad. Swine. Beast. Beast. Brute. Devil. Sorry.|,Apology
|Oh.|,Acknowledge
"|Hi.  Um, excuse me I've been to, like, five of the desks here and nobody seems to be able to tell me what it is I need to do.  I've been here for over an hour.  Can you possibly help me?|",The dialogical act shown in the text is: **Question**,Question
"|Uh, lets- What do you need exactly?|",Question
|Well I filled out all the forms and I've given them to everyone and they keep sending me to someone else.|,Statement Non Opinion
"|You need a new license, is that what you're telling me?|",Question
|Yes.  I'm just trying to get a new license.|,Answer
|Let me see the form. Just let me see the form. Yeah.  You filled this out wrong.  I can't - I can't - I can't do anything with this.|,Command
|Okay.  I did-|,Acknowledge
|Ma'am I cannot help you.  You need to fill out a new form and you need to get in the back of the line.|,Command
|I did exactly what they told me to do.|,Statement Non Opinion
|I have done everything everyone in this entire place has told me to do.  I've been here for over an hour.  They make me wait in line.  Every single time I start over again.|,Statement Opinion
|Ma'am I can't help you.  Do you understand?|,Command
|I have a life.  I have things to do.  I have places to go.  Can you not just put this through please?|,The dialogical act shown in the text is: **Command**,Command
|I've got a life too ma'am|,Statement Non Opinion
|and I got to - i got to work here all day long.  Okay.  I've got to deal with you people all day.|,The dialogical act shown in the text is **Statement Non Opinion**.,Statement Non Opinion
|So what I need you to do is I need you to fill out this form correctly and go to the back of the line.|,Command
"|Okay, that's nice. That's nice but I have done everything you people have told me to do. I don't understand why you can't just help me get this done.  It's simple, right?  License.  I need it. Can we just do this please?|",The dialogical act shown in the text is **Disagreement**.,Disagreement
|There's nothing I can do for you.  Do you understand that?  Nothing.|,The dialogical act shown in the text is: **Command**,Command
"|What I need you to do is go to the back of the line,|",Command
|I've been to the back of the line five times.|,Statement Non Opinion
|fill out this form and wait|,Command
|You're going to have to go back again.|,Command
|Okay.  What is it that I did wrong on the form that I have to start all over again?|,Question
|This whole area here you didn't initial|,Command
|and you filled out-|,Question
"|Okay.  Well, I can do that right here right now without going to the back of the line again.  See look initialed.  All done. Ready to go.|",The dialogical act shown in the text is: **Statement Non Opinion**,Statement Non Opinion
|Ma'am I have other people waiting in line right now.  I have other people waiting in line right now.|,Command
|I have been waiting for over an hour.|,Statement Non Opinion
|This whole area of the form was not supposed to be filled out and you put the address in the wrong place|,The dialogical act shown in the text is **Command**.,Command
"|Uhh, and you spelled your own name wrong.  So I need you to take that|",The dialogical act shown in the text is **Command**.,Command
|I'm not starting over again.  No I have done this five times.  I am not starting over again.|,Disagreement
"|and, uh, throw it away. I need you to fill out a new form.|",Command
|Ma'am you're going to have- you- look. You really- you really|,The dialogical act shown in the text is: **Command**,Command
|Look can you not just help me?|,Command
|I can't help you right now.  Do you understand that?|,"The text ""I can't help you right now. Do you understand that?"" contains two dialogical acts:"
|I can't help you right now.  Do you understand that?|,
|I can't help you right now.  Do you understand that?|,"1. ""I can't help you right now."" - **Statement Non Opinion**",Statement Non Opinion
|I can't help you right now.  Do you understand that?|,"2. ""Do you understand that?"" - **Question**",Question
|I mean look she's -she's perfectly nice.  She doesn't mind waiting for a couple of minutes because I've been here all day. I have a job to get back to.  I have kids to pick up from school.  I can't just stay here.|,Statement Opinion
|Look I'm going on my lunch break right now.  So you're just going to have to take this form and go to the back of the line.|,Command
|No.  No.  No. No. You have to help me.|,Disagreement
|like I said before right now.|,"The dialogical act shown in the text ""like I said before right now"" is **Acknowledge**.",Acknowledge
|This is your job is to help people like me who need to get a new license.|,Command
|That's like the whole purpose of you being here.|,Statement Opinion
|Ma'am you are testing my patience.  Do you understand me?|,Command
|I- I- I'm testing your patience?|,Apology
|You're testing my goddamn patience.|,Statement Opinion
|I'm testing your patience?|,Statement Non Opinion
"|I work in this fucking building all day. And I'm sick of it, okay?|",Statement Opinion
|Yeah.  You have to be here all day.|,The dialogical act shown in the text is: **Agreement**,Agreement
|I don't need to be.  I need to go and do other things with my time.  Okay.|,The dialogical act shown in the text is **Disagreement**.,Disagreement
"|Please just put the form in, take the picture, let me get my license and get the hell out of here.  Please.|",Command
|I've walked away already.  I'm not here anymore.|,Statement Non Opinion
|So you're leaving tomorrow.|,Statement Non Opinion
|Yeah.  They just called.|,"The dialogical act shown in the text ""Yeah. They just called."" is **Acknowledge**.",Acknowledge
|This is really-this is unfair.|,Statement Opinion
|I know.|,Acknowledge
|I don't see [BREATHING]|,Disagreement
|I don't know what to say.  I don't want to go but I don't have a lot of choice.|,Statement Opinion
"|I mean we both knew that this was going to happen.  It's just that I feel that, you know, I don't want Susie growing up without a mother.|",Statement Opinion
"|And, uh, I'm afraid that if you, you know, when you leave, you won't come back.|",Statement Opinion
|I'm going to come back.  I need you to believe that.|,Command
|You don't know that.|,Disagreement
|I need you to believe that too.  How am I supposed to believe everything's going to be okay if you don't?|,Command
"|I'll believe it, but- I'll believe it but it- I don't know that that's going to happen.|",Disagreement
|Well you have to have faith because I don't have a choice and I have to go.|,Statement Opinion
|You do have a choice.  You don't have to go.|,Command
|Do you think I want to leave you?|,Question
|You have a choice.|,Command
|I have to do this.  I don't want to leave.  Do you think I want to miss seeing her grow up?|,Statement Opinion
|I know.  It's just you don't have to do this for a living you know.|,Acknowledge
|You're a smart person.  There are other things you can do.|,Statement Opinion
|Look we both knew what this meant when I signed on|,The dialogical act shown in the text is **Statement Opinion**.,Statement Opinion
|And now- and now it's really shitty timing but now I have to go.|,The dialogical act shown in the text is: **Statement Opinion**,Statement Opinion
|I mean I'm the one who has to leave here.  I'm the one who has to leave the two of you.  At least you get to be together.|,Statement Opinion
|It's just not going to work out without you here.|,Statement Opinion
|What's that supposed to mean?|,Question
|I mean we can't-we're not a complete family without you here.|,Statement Opinion
|Well I'll come back.  What is that supposed to mean?  You're not willing to wait for me to come back?|,The dialogical acts in the given text are as follows:
|Well I'll come back.  What is that supposed to mean?  You're not willing to wait for me to come back?|,
|Well I'll come back.  What is that supposed to mean?  You're not willing to wait for me to come back?|,"1. ""Well I'll come back."" - **Statement Non Opinion**  ",Statement Non Opinion
|Well I'll come back.  What is that supposed to mean?  You're not willing to wait for me to come back?|,"2. ""What is that supposed to mean?"" - **Question**  ",Question
|Well I'll come back.  What is that supposed to mean?  You're not willing to wait for me to come back?|,"3. ""You're not willing to wait for me to come back?"" - **Question**  ",Question
|Well I'll come back.  What is that supposed to mean?  You're not willing to wait for me to come back?|,
|Well I'll come back.  What is that supposed to mean?  You're not willing to wait for me to come back?|,"(Since you asked for one word, the most prominent act is **Question**.)",Question
|Of course I'm going to wait.  I just- I just don't like the idea of this happening because this isn't the last time this is going to happen. You're going to go on more tours and stuff.  I just- I can't-|,The dialogical act shown in the text is **Disagreement**.,Disagreement
|I can't deal with this emotionally.|,Statement Opinion
|What do you want me to do?|,Command
|I want you to leave.  I want you to leave the service.|,Command
|Well I can't very well do it today.  I still have to leave tomorrow.|,Statement Non Opinion
|You can do it today.  You don't have to do anything.  You don't have to do anything you don't want to do.|,Command
"|You're not making this any easier for me, you know.  I'm the one who has to go and you're really not helping.|",The dialogical act shown in the text is **Statement Opinion**.,Statement Opinion
|Look I'm just telling you that you don't have to go.|,Statement Opinion
|I do have to go. And I need to know that you're here waiting for me and that you believe that I'm coming back.|,Statement Opinion
|That's all I'm saying... No you don't.|,Disagreement
|Thanks that helps.|,Acknowledge
|It's just really unfair.  This is- this is bullshit.|,Statement Opinion
|I feel much better now.|,Statement Opinion
"|You're acting like, you know, you're the one who's going all through, you know, all this shit and it's really- it's really not.|",Disagreement
|I know I'm leaving you here with all the responsibility but at least you get to be with her.|,The dialogical act shown in the text is: **Statement Opinion**,Statement Opinion
|Yeah.  Of course I do because I didn't enlist in this stupid thing.  Why don't you just get out now and then-|,The dialogical act shown in the text is **Disagreement**.,Disagreement
|I will but I can't right now.|,Answer
|Yes- You don't have to go.  What are they going to do?  Huh?  Put a gun to your head?|,The dialogical acts in the given text are as follows:
|Yes- You don't have to go.  What are they going to do?  Huh?  Put a gun to your head?|,
|Yes- You don't have to go.  What are they going to do?  Huh?  Put a gun to your head?|,"1. ""Yes"" - **Agreement**  ",Agreement
|Yes- You don't have to go.  What are they going to do?  Huh?  Put a gun to your head?|,"2. ""You don't have to go."" - **Statement Non-Opinion**  ",Statement Non-Opinion
|Yes- You don't have to go.  What are they going to do?  Huh?  Put a gun to your head?|,"3. ""What are they going to do?"" - **Question**  ",Question
|Yes- You don't have to go.  What are they going to do?  Huh?  Put a gun to your head?|,"4. ""Huh?"" - **Backchannel**  ",Backchannel
|Yes- You don't have to go.  What are they going to do?  Huh?  Put a gun to your head?|,"5. ""Put a gun to your head?"" - **Question**  ",Question
|Yes- You don't have to go.  What are they going to do?  Huh?  Put a gun to your head?|,
|Yes- You don't have to go.  What are they going to do?  Huh?  Put a gun to your head?|,"(Since the request was to choose *one word* for the *entire* text, the most dominant act is **Question**, as two parts are explicitly interrogative.)  ",Question
|Yes- You don't have to go.  What are they going to do?  Huh?  Put a gun to your head?|,
|Yes- You don't have to go.  What are they going to do?  Huh?  Put a gun to your head?|,Final answer: **Question**,Question
|You know- you know how this works.  I have to go.|,The dialogical act shown in the text is **Command**.,Command
|Then go.  We'll be here when you get back.|,Command
|That's how you want to leave it?|,Question
"|I don't know how else to leave it.  What, do you want me to lie to you?|",Disagreement
|You want me tell you that I'm okay with it?|,Question
|I want you to be okay with it as much as you can be.  I mean it's not a great situation but we don't have an option here.|,Statement Opinion
|Well I can't be okay with it the same way you can't not go.  It just doesn't work that way.|,Disagreement
|Fine.|,Acknowledge
|It's really exciting.  Don't you want to guess?|,Statement Opinion
"|Uh, you got a new car, a new house. Uh, a dog.|",Statement Non Opinion
|Look.|,Command
|Are you serious?  You're getting married.|,Disagreement
|Yes.  He finally proposed.  I'm getting married.|,Answer  
|Yes.  He finally proposed.  I'm getting married.|,Agreement  
|Yes.  He finally proposed.  I'm getting married.|,Statement Non Opinion  
|Yes.  He finally proposed.  I'm getting married.|,Statement Opinion
|Holy shit that's amazing.|,Statement Opinion
|I know. I'm so-|,Acknowledge
|Congratulations.|,Acknowledge
|Thank you. [LAUGHTER]|,Acknowledge
"|I'm invited, right.|","The dialogical act shown in the text ""I'm invited, right."" is **Question**.",Question
|You think. [LAUGHTER]|,Statement Opinion
"|I'll have to, uh, I'll have to get myself a new tux.  My, uh, the old one is a little worn and dirty.  That's awesome.  Where are you guys going to have it?|",The dialogical acts in the provided text are as follows:  
"|I'll have to, uh, I'll have to get myself a new tux.  My, uh, the old one is a little worn and dirty.  That's awesome.  Where are you guys going to have it?|",
"|I'll have to, uh, I'll have to get myself a new tux.  My, uh, the old one is a little worn and dirty.  That's awesome.  Where are you guys going to have it?|","1. *""I'll have to, uh, I'll have to get myself a new tux. My, uh, the old one is a little worn and dirty.""* → **Statement Opinion**  ",Statement Opinion
"|I'll have to, uh, I'll have to get myself a new tux.  My, uh, the old one is a little worn and dirty.  That's awesome.  Where are you guys going to have it?|","2. *""That's awesome.""* → **Acknowledge**  ",Acknowledge
"|I'll have to, uh, I'll have to get myself a new tux.  My, uh, the old one is a little worn and dirty.  That's awesome.  Where are you guys going to have it?|","3. *""Where are you guys going to have it?""* → **Question**  ",Question
"|I'll have to, uh, I'll have to get myself a new tux.  My, uh, the old one is a little worn and dirty.  That's awesome.  Where are you guys going to have it?|",
"|I'll have to, uh, I'll have to get myself a new tux.  My, uh, the old one is a little worn and dirty.  That's awesome.  Where are you guys going to have it?|","(Since you asked for *one word*, the most prominent act is likely **Question** due to its direct engagement, but the text contains multiple acts.)",Question
"|Well actually we were just talking about today and I don't really want to do like the traditional church thing, you know.  So we are going to get married in the meadow.|",Statement Opinion
|Do you remember up by Yosemite? Yeah.|,The dialogical act shown in the text is: **Acknowledge**,Acknowledge
"|Well, that's- that's- that's beautiful. That's a beautiful place to do it.|",Statement Opinion
|We're going to get married in the middle of a meadow. [LAUGHTER]|,Statement Non Opinion
"|Everybody's going to come up. We're going to stay in all the pretty cabins up there and, um, everybody's going to have, you know, really flowery sort of naturey stuff.|",Statement Non Opinion
|So pretty.|,Statement Opinion
|That's great|,"The dialogical act shown in the text ""That's great"" is **Acknowledge**.",Acknowledge
|I hope- they're not like|,"The dialogical act shown in the text ""I hope- they're not like"" is **Statement Opinion**.",Statement Opinion
|Very Midsummer Night's wedding.|,"The dialogical act shown in the text ""Very Midsummer Night's wedding."" is **Statement Opinion**.",Statement Opinion
"|Right.  Nice.  That's great.  I hope while we're up there nobody gets attacked by any, like, bears or wolves or anything.|",The dialogical act shown in the text is: **Statement Opinion**,Statement Opinion
|Thanks. Thanks a lot.  You're really helping the Excitement here. I hope no one dies.|,Acknowledge
"|Well no, I am- I'm trying to be positive|",Disagreement
|I'm trying to be positive.  I'm trying to say I hope that doesn't happen.|,Statement Opinion
"|Okey Well- well-, you know what?  I was hoping that you would help|",The dialogical act shown in the text is: **Question**,Question
|We're going to be in the middle of the wilderness. These kind of things happen|,Statement Opinion
|plan everything.  So then you can make sure that no one gets attacked by bears.|,Command
|Yeah.  I'll help plan.|,Agreement
|Yeah?|,Backchannel
|Yeah.|,Acknowledge
|Really?|,Backchannel
|Sure.|,Acknowledge
"|Okay.  It's going to be in, like, six months.  So we don't have a really long time.|",The dialogical act shown in the text is: **Statement Non Opinion**,Statement Non Opinion
"|I'm thinking greens, lots of greens. Greens and browns.  We're nature.|",Statement Opinion
|Okay.|,Acknowledge
|No.  No browns.|,Disagreement
|Why not browns?|,Question
|It's a wedding.|,Statement Non Opinion
"|It's a light brown, tanish.|",Statement Non Opinion
|Blue for the sky.|,Statement Non Opinion
|Come on.|,"The dialogical act shown in the text ""Come on."" is **Command**.",Command
|I just think browns are really what you want to go with.  I mean I think there's more contrast between brown and green than there is-|,Statement Opinion
|who- Who's getting married though?|,Question
|I know but you just asked me to-|,Answer
|to help plan because I'm getting married. [LAUGHTER]|,Statement Non Opinion
|So we're going to go greens and browns.|,Command
|No.|,Disagreement
"|Come on.  Please will you do the greens and browns, just the browns for me?|",Command
|Just for me.  Come on.  I'm your best friend.|,Command
|It's not your wedding. You can-|,Disagreement
|I'm your best friend|,Statement Opinion
|You know what? You know what?|,"The dialogical act shown in the text ""You know what? You know what?"" is **Question**.",Question
|Give me the browns.|,Command
"|You can't ruin my mood today.  If you want to wear a brown tux, you go ahead and wear a brown tux|",Statement Opinion
|Okay.  Fine.  So green and what?|,Acknowledge
|but bridesmaids aren't wearing brown and I'm not wearing brown.|,Disagreement
|Blue?|,Question
|Maybe|,Statement Opinion
"|Okay, fine. Greens and blues.|","The dialogical act shown in the text ""Okay, fine. Greens and blues."" is **Acknowledge**.",Acknowledge
|I like blue.|,Statement Opinion
|Greens and blues and maybe a little light yellow?|,Statement Opinion
|That would work.|,Agreement
|Yeah?|,Backchannel
"|Throw in a little- little, uh, trim in yellow.  Maybe some yellow flowers.|",Command
"|Okay.  That sounds good. Um, and, uh, we're going to get like a five, uh, story cake, right?|",The dialogical act shown in the text is: **Agreement** and **Question**. ,Agreement
"|Okay.  That sounds good. Um, and, uh, we're going to get like a five, uh, story cake, right?|",
"|Okay.  That sounds good. Um, and, uh, we're going to get like a five, uh, story cake, right?|","However, since you asked for one word, the primary act is: **Agreement**.",Agreement
"|Yeah.  I hadn't actually thought about the cake yet, but|",Acknowledge
"|I mean, you know, you're going to have at least, like, two hundred and fifty people come.  So we're going to need, you know, just a huge buffet.|",Statement Opinion
|Yes.|,"The dialogical act shown in the text ""Yes."" is **Agreement**.",Agreement
"|Fried chicken, mashed potatoes.|",Statement Non Opinion
|See this is why you have to help.|,Command
|because you're going to take care of everything.  You're going to think of all the details that I forget.|,The dialogical act shown in the text is **Command**.,Command
|Well I can't be in charge of this.  I mean I got things I got to do.|,Disagreement
|Well right but you can help.|,"The dialogical act shown in the text ""Well right but you can help"" is **Command**.",Command
|Well this is really exciting.  I mean- I just- I couldn't be happier right now.|,Statement Opinion
|I'm thrilled.  God.|,Statement Opinion
|Ha ha ha.|,Backchannel
|Ha ha.|,Backchannel
|Just ecstatic.  I can't believe you're my best friend|,Statement Opinion
|Just couldn't be any cooler.|,Statement Opinion
"|You're my best friend, we're growing up and now you're getting married. that's amazing|",Statement Opinion
|I know.  I've been waiting forever.  I can't believe it's finally happening.|,Statement Opinion
|Wow.  I just- I- I- I feel like I'm going to faint.|,Statement Opinion
|I'm so- all the blood|,Apology
|You don't look like you're going to faint.|,Statement Opinion
"|has just rushed to my head, and I, and I mean honestly.|",The dialogical act shown in the text is: **Statement Opinion**,Statement Opinion
|I'm getting a little weak in the knees.|,Statement Non Opinion
|So- So when are you getting married Mr. Excited?|,Question
"|You know that I've never-I- I have a long run of bad relationships but, you know, I mean, you got to work through it.  It's fine.|",Statement Opinion
|What about Kathy?  I mean you guys have been dating for a while.|,Question
"|Yeah, but|",Disagreement
|You haven't ruined it yet.|,Disagreement
"|Yeah.  I know but it's, you know, maybe we'll get married.  I don't know.  Should be pretty-|",The dialogical act shown in the text is: **Statement Opinion**,Statement Opinion
|You really like|,Statement Opinion
"|I don't know.  Okay.  I mean gosh.  There's just- look there's a lot of pressure in getting married, okay.|",The dialogical act shown in the text is: **Statement Opinion**,Statement Opinion
|What?  She could be just as excited as I am right now.|,The dialogical act shown in the text is: **Disagreement**,Disagreement
|You could make her that excited.  You really like her.  You guys have been together for a really long time now.|,Statement Opinion
"|Oh, I've made her that excited.|","The dialogical act shown in the text ""Oh, I've made her that excited."" is **Statement Opinion**.",Statement Opinion
|[LAUGHTER] That's more than I needed to know.|,The dialogical act shown in the text is: **Acknowledge**,Acknowledge
|What?  You've heard me talk about it before.|,Question
|[laughter]|,Backchannel
|I'm a monster in bed.|,Statement Opinion
|Hey.  Get out of the way.  I'm watching TV.|,Command
|That's helpful.|,Acknowledge
|I just don't think I can do this anymore.  It's been a really long time and it's not like I'm not trying.|,Statement Opinion
|Well I guess you're not trying hard enough.|,Disagreement
|I am try-  it's been three years|,"The dialogical act shown in the text ""I am try- it's been three years"" is **Statement Non Opinion**.",Statement Non Opinion
|and I have gone everywhere I can think of.  I have given resumes.  I have done interviews.  I've tried to pull in favors.  I've asked everybody I know for help.  I don't know what else to do.|,Statement Opinion
"|Just, I don't know, maybe you're not smart enough.|",Disagreement
|I mean I don't know just go out and keep trying. Just-|,Command
|I don't know.|,Answer
"|Okay but I've been trying for three years.  Three years and I haven't gotten a bite much less actually gotten hired, and I am smart enough.  Thank you very much.|",The dialogical act shown in the text is **Statement Opinion**.,Statement Opinion
"|Hey.  Look, I mean- you know.|",The dialogical act shown in the text is **Backchannel**.,Backchannel
|I'm really good at what I do.  I just don't know how to make someone else see that.|,Statement Opinion
|Look bananas don't grow overnight.  Okay.|,"The dialogical act shown in the text ""Look bananas don't grow overnight. Okay."" is **Statement Opinion**.",Statement Opinion
|What?  Who says that?  Bananas don't grow overnight.|,Disagreement
|You need that- Time-|,"The dialogical act shown in the text ""You need that- Time-"" is **Command**.",Command
"|You know- You need to just- you need, I mean it takes time to get a good job.  I mean-|",Statement Opinion
|Okay.  I think three years is a little excessive.|,Statement Opinion
"|look at me, like, you know. I mean, Hey, I- it took me, you know, like six years to get where I am now. I mean-|",Command
"|Yeah but you weren't unemployed for three years trying to find any job.  I mean at this point I'm going to go drive a cab or, you know, work at the gas station or something.  I don't even- I don't know what to do anymore.|",Disagreement
|I don't know.  I mean whatever.|,Disagreement
|Nothing I'm trying seems to work. Just-|,Statement Opinion
|Clearly.|,"The dialogical act shown in the text ""Clearly."" is: **Acknowledge**",Acknowledge
|Okay that's helpful.  Thanks.|,Acknowledge
|Look I'm sorry okay. It's just-|,Apology
|Clearly everything you're doing is completely wrong.|,Disagreement
"|I mean, well I mean i don't know; it doesn't really affect my life, you know.|",Statement Opinion
|Well don't you understand that this is-|,The dialogical act shown in the text is **Question**.,Question
"|Yeah, I understand, but-|",Disagreement
|I don't even- I mean you have to have some kind of an idea.  Something you could possibly throw out there that I could maybe use.|,Statement Opinion
"|I don't know. Well like, I don't know. I mean-|",Acknowledge
|I mean it's not like this is an|,Statement Opinion
|extreme request.  I want to find a job.  Everybody wants to find a job. It's really not that.|,Command
|Clearly- cle- clearly you're doing something wrong.|,Disagreement
"|Okay. Okay, Fine.|",Acknowledge
"|Cause if you've been looking, you've been applying for jobs for three years. And-|",Statement Opinion
|Okey So I'm doing something wrong.  What am I doing wrong?|,The dialogical act shown in the text is: **Question**,Question
|I'm really good at what I do.  I'm smart.  I'm trained.  I have the education.  I'm talented.  I cannot-|,Statement Opinion
|Are you- I mean do you like get dressed up and everything when you go to the job interview?|,Question
|Well yeah I mean I like take a shower and stuff.|,Agreement
"|And you like- you know, you shave your legs and everything?|",Question
|[LAUGHTER] Yeah.  Usually.|,Acknowledge
"|and I want- I mean you know you've got to, like, do your hair.  I mean- I don't know, it's like,|",Statement Opinion
"|Yeah, I- I make my|",Acknowledge
|I make myself very presentable before I go to any kind of interview.|,Statement Opinion
"|you know what I mean? You know, it's like they say presentation is, like eighty percent.|",Question
|or some- some large percent of- of success.|,The dialogical act shown in the text is: **Statement Non Opinion**.,Statement Non Opinion
"|Uhuh. Uhuh. Yeah, yeah. Good quote.|",Backchannel
"|Because I don't know I mean just, you know, just keep- keep- keep at it.  Keep trying.  Go-|",Command
|Buck-O. That's really helpful.  Just keep chugging along.  The little engine that could.|,The dialogical act shown in the text is **Acknowledge**.,Acknowledge
"|What do you want me to? Look, Hey look if I could- Don't get all sassy.|",The dialogical act shown in the text is: **Command**,Command
|Well you- just you're doing something wrong.|,Disagreement
"|Look if I could give you a job,if I could give you a job I would but I mean I'm not in that position. I'm-|",Statement Non Opinion
|Well maybe you could help.  I mean you've got a job.  I'm willing to look outside of my realm.  I could try something else.|,The dialogical act shown in the text is: **Question**,Question
"|Hey, I'd love to help you but I- you don't have the kind of training that I-|",Greeting
|I'll get it.  I just need a job.  I don't care what it is.|,Command
"|So, go to McDonalds.|",Command
|Well I mean I need to make a little bit more than the minimum wage fry flipper.|,Statement Opinion
|Well you've got to start somewhere.  I mean-|,Statement Opinion
|I did start somewhere.  I worked my way up.  I'm not going to start at the bottom again.|,Statement Opinion
|Well you're going to have to.  You don't really have an option.  What's your problem?|,Command
|What's my problem?  What's my problem? I don't have a job.|,Question
|I don't know it's like I'm trying to be-|,Statement Opinion
|I thought I was pretty clear about what the problem was.|,Statement Opinion
|I'm trying to be helpful.|,Statement Opinion
"|I'm trying to be helpful and you're just, like, coming at me with, like, attacks.|",Statement Opinion
|Well maybe you could be a little helpful.  I mean obviously you don't have any problems so would it really take so much time out of your day to just go ahead and help somebody else.|,Command
|I'm trying to watch TV.|,"The dialogical act shown in the text ""I'm trying to watch TV."" is **Statement Non Opinion**.",Statement Non Opinion
|I'm trying to watch TV. TV.|,Statement Non Opinion
|That's important.  That's really important.|,Acknowledge
|Where?  Did you do it at the front desk or by the baggage claims?|,Question
"|I-I don't know.  The place where they told me to go.  Look they told me to come talk to you because you guys lost my bag.  Not it's late.  Not it will be here soon, lost it completely.  What are you going to do about that?|",The dialogical act shown in the text is **Disagreement**.,Disagreement
"|Ma'am, first of all I'd like you to calm down.  Second of all-|",Command
|Look that bag has my entire life in it and you just lost it.|,The dialogical act shown in the text is **Statement Opinion**.,Statement Opinion
|I understand that ma'am.|,Acknowledge
"|Lost it just, like, I mean,|",The dialogical act shown in the text is: **Backchannel**,Backchannel
"|Ma'am, I understand that.|",Acknowledge
|it's not like it just disappeared into thin air. Somebody wasn't paying attention|,The dialogical act shown in the text is **Disagreement**.,Disagreement
"|because my bag was very easy to keep track of.  It's got big, you know, rainbow colored crap all over it and no one was paying attention because now it's just gone.|",Statement Opinion
"|I understand that.  The best I can do for you, at this moment, is give you fifty dollar check courtesy of Northwest Airlines for inconveniencing you in losing your luggage.|",Acknowledge
|Wait.  What?|,"The dialogical act shown in the text ""Wait. What?"" is **Question**.",Question
"|At this moment in time, all I can do for you is give you-|",Statement Non Opinion
|No. No. I heard- I heard what you said.|,Disagreement
"|You're kidding me, right.  You're going to give me fifty dollars to completely cover my bag, everything that was in it, the inconvenience that I've gone through.  I paid for my ticket.  All I expect is to safely get to my destination with my stuff.  Is that so much to ask?  I mean I really don't think that's that big a deal to ask you guys to have my bag in the place where I leave and then put my bag where I end up.|",Disagreement
|you're getting very excited right now|,"The dialogical act shown in the text ""you're getting very excited right now"" is **Statement Opinion**.",Statement Opinion
"|Yeah, well that's got everything I have in it.|",The dialogical act shown in the text is **Statement Opinion**.,Statement Opinion
"|I understand that, ma'am but there's not really much I can do for you right now.|",The dialogical act shown in the text is **Acknowledge**.,Acknowledge
|Look fifty dollars is unacceptable.  My bag itself cost over a hundred and fifty dollars.  You can't just give me fifty dollar gift certificate to Percoes or whatever the hell and then send me off like that's- that's good enough.  Like that's all I needed was fifty dollars.  My bag is worth more than that.|,Disagreement
|What I need you to do is file another complaint form. There's a form that you can fill out over by the front desk near the baggage claim.|,Command
|If you'd like to take that over to the front desk- Ma'am.|,Command
|We're just talking over each other.|,"The dialogical act shown in the text ""We're just talking over each other."" is **Statement Opinion**.",Statement Opinion
|We're not going to communicate anything this way.|,Disagreement
|I expect your airline who was responsible for my bag to give me the equivalent of the bag and all of the things in it.|,Statement Opinion
|Ma'am in flying with Northwest Airlines you agreed to|,Command
|sign away your luggage to the|,Command
|I didn't sign anything. I didn't sign anything. And you people have got to make-|,Disagreement
"|It's part of the small- it's part of the agreement when you're purchasing an airline ticket, there's- when you-|",Statement Non Opinion
|You have to make amends for what you did for losing my bag and all of my stuff.  Fifty dollars is unacceptable.|,Command
"|Ma'am, please calm down.  When you purchase a ticket, there is a terms and agreement,|",Command
|No.  No.  I don't know. You know what? I'm going to call my lawyer. You know what?  That's what I'm going to do.  I'm going to call my lawyer and have him get down here and explain to you that this is an unacceptable option.|,Disagreement
|terms and conditions- in the agreement of purchasing a ticket. Most people frequently look it over|,Command
|The best that we can do for you is give you-|,Command
|Ma'am.|,Greeting
|I want to talk to your supervisor.|,Command
|I am- I am- I am my own supervisor.|,Statement Opinion
"|I've had enough.  I want to talk to-no, no unacceptable I want to your supervisor. I am done with this.|",Command
"|I am the supervisor, ma'am.|",Statement Non Opinion
"|Really, you don't work for anybody.  It's just you?|",Disagreement
|I am the current manager on duty.|,Statement Non Opinion
"|Okay.  Well I want to call whoever you report to, whoever your boss is because I have had enough with this airline and I am finished waiting for my fifty dollar gift certificate.|",Command
"|Ma'am, I own Northwest Airlines.|",Command
"|Hey, I'm, uh. I'm really sorry about what happened.  I don't um- I mean what you can you do?  I mean it's-|",Apology
|Thanks.|,Acknowledge
|Mmhmm. Yeah.  Yeah.  I mean it's- it's hard.  It's hard.|,The dialogical act shown in the text is: **Backchannel**,Backchannel
"|I just- I just thought he would have longer, you know, because I'm- I mean when he found out he was sick, we knew that wasn't good but I just- I just thought that it would take longer, you know?|",Statement Opinion
|Yeah.|,Acknowledge
"|Well I mean, you know, I mean it was I mean with that kind of condition,|",Backchannel
|Yeah. I know. I know.|,Acknowledge
"|you know, it's inevitable  and I mean honestly it's- it's almost like|",The dialogical act shown in the text is **Statement Opinion**.,Statement Opinion
"|you know, you don't- you know, how long do you want the person to go through that, you know.|",Question
|It's sort of- it's almost better off to rest in peace than he is to live in pain.|,Statement Opinion
"|Yeah, I know. But I'd rather have him here with me, you know. It's just not fair.  I mean he- he didn't get to do like anything. I mean he was-|",Statement Opinion
"|He was only twenty four and just so many things that we were going to do, you know, and now he won't get to do them and he won't get to be here when I do.  You know, like I'll get married some day and he won't be there, like, he won't get to see that.|",Statement Opinion
|Yeah.|,Acknowledge
|It just doesn't seem fair.|,Statement Opinion
"|It's not fair but I mean that's, you know, the course of life is that, you know, you meet people and you lose them.|",Statement Opinion
|You're okay|,Statement Non Opinion
|Thank you for being here.|,Acknowledge
|You know I think- I think we should celebrate because I think that's what he would have wanted.|,Statement Opinion
|[LAUGHTER] You're probably right.  He probably would be pissed if we were all sitting around being upset about it. He'd want us to have a party.|,Agreement
|Yeah.|,Acknowledge
|And to drink in his honor. [LAUGHTER]|,Statement Non Opinion
"|That's right.  That's right.  I mean he would want us to, you know, celebrate the life that he- that he lived and, you know, enjoy the rest of ours as much as we can.|",Agreement
"|Yeah, I know.|",Acknowledge
|So-|,"The dialogical act shown in the text ""So-"" is:  "
|So-|,
|So-|,**Backchannel**,Backchannel
"|Hey, what's up?|",Question
|Guess what came today?|,Question
|What?|,Question
|My acceptance letter.|,Statement Non Opinion
|Get out.|,Command
|From U.S.C..|,Statement Non Opinion
|You serious?|,Question
"|Yes, I am.|",Answer
"|Oh, my god what happened.  You got in. Otherwise you wouldn't be so happy. [LAUGHTER]|",The dialogical act shown in the text is: **Statement Opinion**,Statement Opinion
"|Well yeah, that's the general idea. [LAUGHTER]|",Agreement
|That's awesome.  Congratulations.|,Agreement
|Big bad acceptance packet with all the information.  I'm going to U.S.C..|,Statement Opinion
|That's amazing.  Wow.|,Acknowledge
|I know. [LAUGHTER]|,Acknowledge
|You're going to have to get like a nine millimeter because U.S.C.'s like in South Central.|,The dialogical act shown in the text is: **Statement Opinion**,Statement Opinion
"|[LAUGHTER] Yeah, uh. No.|",The dialogical act shown in the text is **Disagreement**.,Disagreement
|[LAUGHTER] It's safe around there.|,Statement Non Opinion
"|No, seriously. No, seriously, you should do it.|",Disagreement
|The campus is beautiful. I'm so excited.|,Statement Opinion
|I know but you should get like a taser or something.  I mean walking around the campus at night-|,The dialogical act shown in the text is **Statement Opinion**.,Statement Opinion
"|Do you want to buy me some mace for my, you know, going away present?|",Question
|I'll get you- I'll get you a bottle of mace.|,Command
|There we go.  Perfect.|,Acknowledge
|And a taser and a knife.|,Command
|And a taser.  Excellent.  Just make sure it's a big knife.|,The dialogical act shown in the text is: **Agreement**,Agreement
|And you'll be fully loaded.|,Command
|I don't want any of those little puny ones.|,Disagreement
"|So, um- so what are you going to- what are you going to major in?|",Question
|Well I was thinking maybe underwater basket weaving.|,Statement Opinion
"|Underwater basket weaving, my god.|",Statement Opinion
"|U.S.C. has a major in that, right.|",The dialogical act shown in the text is **Acknowledge**.,Acknowledge
|They have- they have that|,"The dialogical act shown in the text ""They have- they have that"" is **Statement Non Opinion**.",Statement Non Opinion
|They have - U.S.C. has everything because U.S.C. is the best school ever.|,Statement Opinion
|they have that as a major?|,"The dialogical act shown in the text ""they have that as a major?"" is **Question**.",Question
|That's ridiculous.  I don't believe that.|,Disagreement
|Okay.  Well I'm lying but-|,"The dialogical act shown in the text ""Okay. Well I'm lying but-"" is **Acknowledge**.",Acknowledge
"|Seriously, what's your major?|",Question
"|Well, I haven't decided yet.  I want to try some things out.|",Statement Opinion
|So you're undecided?|,Question
|Yeah.|,Acknowledge
"|Hey, that's cool.|",Acknowledge
"|I know 'cause then I can do whatever I want, right.  I can try classes in this and then try classes in that and then pick whatever I like best.|",Statement Opinion
"|No, no.  It's totally cool.  I mean, like, this friend of mine he was- he's been undecided now for, like, the past like eleven years of his life.|",The dialogical act shown in the text is: **Statement Opinion**,Statement Opinion
|okay.  Well I'm not going to be undecided forever. [LAUGHTER]|,The dialogical act shown in the text is **Statement Opinion**.,Statement Opinion
"|Uh, well-|",Backchannel
|And it's so close so you can come visit me all the time.|,Statement Opinion
|You- you- you'll find.|,"The dialogical act shown in the text ""You- you- you'll find."" is **Statement Non Opinion**.",Statement Non Opinion
"|Yeah, I know.  That's right. Yeah, yeah. Because I live in LA.|",The dialogical act shown in the text is: **Backchannel**,Backchannel
|Right.|,Acknowledge
|and I like living in LA.|,Statement Opinion
"|So this works out perfectly.  Because I was worried if I didn't get in to U.S.C., then I would have to go somewhere far away and then-|",Agreement
"|You'd have to, like go somewhere else, and, you know, we would be apart, and that would suck.|",Statement Opinion
|I would miss you.|,Statement Opinion
|Yeah. But now we don't have to.|,Disagreement
|Right.|,Acknowledge
|Everything worked out perfectly.|,Statement Non Opinion
|That's awesome.|,Agreement
|I know.  We should have a party.|,The dialogical act shown in the text is **Agreement**.,Agreement
|We should have a party.|,Statement Opinion
|An I got accepted to U.S.C. party.|,Statement Non Opinion
|You got accepted-what?  to a U.S.C. party?|,Question
|No.  An I got accepted to U.S.C. party. [LAUGHTER]|,Disagreement
"|Oh, that's right. Okay, I see. Right, right, right.|",Backchannel
|A party celebrating your acceptance.|,"The dialogical act shown in the text ""A party celebrating your acceptance."" is **Statement Non Opinion**.",Statement Non Opinion
|Right.  Now you're with me.|,Acknowledge
|That's cool.|,Acknowledge
|That is why I got accepted.|,Answer
"|Well, that's really cool that you're going to be staying in the same city and everything. so umm|",The dialogical act shown in the text is: **Acknowledge**,Acknowledge
|I know.|,Acknowledge
"|I don't know are you, like, I don't know.  Are you, like, available or anything?|",Question
|[LAUGHTER] Are you asking me on a date?|,Question
"|Well I mean I don't know.  It's like you know I kind of had a crush on you throughout high school and, like|",Statement Opinion
"|I don't know I just thought that, you know, maybe we could, you know, I don't know.  It's like, you know, just test the waters anyway.  I don't see what the problem is.|",Statement Opinion
|What- what did you have in mind?|,Question
"|Movies- movie, we'll go to a movie and a dinner and- and|",The dialogical act shown in the text is: **Statement Non Opinion**,Statement Non Opinion
"|actually, you know, there's this- there's this really cool restaurant, um, I don't know if you-  it's Red Lobster.  It's like down on|",Statement Opinion
|[LAUGHTER]|,Backchannel
|Vermont.|,Statement Non Opinion
|You just did not ask me on a date to Red Lobster.|,Statement Non Opinion
"|Wait, you've been there before?|",Question
|On occasion I've heard of it.|,Acknowledge
"|Oh, so well then you know that it's awesome.|",The dialogical act shown in the text is: **Statement Opinion**,Statement Opinion
|Yeah.  Totally.|,Agreement
"|Right, so we'll go there and then- and then we'll get some ice cream and maybe we'll go putt-putt golfing.|",Statement Non Opinion
|I am totally down with the ice cream.|,Agreement
|Okay.  Putt-putt golfing?|,Backchannel
"|Eh, we can work that part out.|",Agreement
"|Yeah, you want to go.  No, you want to go. You want to go.|",Agreement
|Alright.|,"The dialogical act shown in the text ""Alright."" is **Acknowledge**.",Acknowledge
|I can see it in your eyes.  You want to go.|,Statement Non Opinion
|I think that'd be really fun actually.|,Statement Opinion
|Yeah.  So we'll do that and then- and then- and then tomorrow we'll have your|,The dialogical act shown in the text is: **Statement Non Opinion**,Statement Non Opinion
|party.|,"The dialogical act shown in the text ""party."" is:"
|party.|,
|party.|,**Statement Non Opinion**,Statement Non Opinion
|your I got into U.S.C. graduate party. Yeah.|,The dialogical act shown in the text is: **Acknowledge**,Acknowledge
|Well look at that.  What a great day.  I got into college and I got asked out on a date.|,Statement Opinion
|Good. Alright we're so happy.|,The dialogical act shown in the text is **Statement Opinion**.,Statement Opinion
|Yay for me.|,Statement Opinion
"|That's right.  Um, so U.S.C. is a really nice school.|","The dialogical act shown in the text is: **Agreement** (for ""That's right."") followed by **Statement Opinion** (for ""Um, so U.S.C. is a really nice school.""). ",Agreement
"|That's right.  Um, so U.S.C. is a really nice school.|",
"|That's right.  Um, so U.S.C. is a really nice school.|","Since you requested a single word, the dominant act is **Statement Opinion**.",Statement Opinion
|I know.|,Acknowledge
|Are you going to take out loans or-|,Question
|Okay well that's not a happy part.  We don't want to talk about that.|,Statement Opinion
"|Well hey, it's okay, fine, gees.|",The dialogical act shown in the text is **Acknowledge**.,Acknowledge
"|Well no.  I mean I have some scholarships and some financial aid and stuff but I'll have to, you know, I'll get a job|",Disagreement
|while I'm in school.  It'll be good.|,Statement Non Opinion
|Sweet.|,Acknowledge
|Yeah.  It will work out.  Maybe I could work at Red Lobster.|,The dialogical act shown in the text is **Statement Opinion**.,Statement Opinion
"|Well, it's not far.|",Statement Opinion
|I know.  Right down the street.|,Acknowledge
"|That's right.  There's lots of like, there's lots of doughnut shops, like, everywhere.|",Agreement
"|Right, there's always that option. The doughnut thing.|",Acknowledge
|I mean There's pretty much doughnut shops everywhere in LA.|,Statement Opinion
|Right|,"The dialogical act shown in the text ""Right"" is **Acknowledge**.",Acknowledge
"|But, um-|","The dialogical act shown in the text ""But, um-"" is **Backchannel**.",Backchannel
|and like most places really.|,Statement Non Opinion
"|I mean, like, I don't know.  I'm just saying if you need to make some extra cash.  You can, you know|",Statement Opinion
|Work at a doughnut shop.|,Command
|Or library.|,"The dialogical act shown in the text ""Or library."" is **Statement Non Opinion**.",Statement Non Opinion
"|Maybe on campus, I hear they have jobs on campus.|",Statement Opinion
|I just said the library|,"The dialogical act shown in the text ""I just said the library"" is **Statement Non Opinion**.",Statement Non Opinion
"|or, um, campus cruiser.  You can drive people around.|",Backchannel
|Excellent.  Drive drunk people around because you know that's all campus cruisers for.|,The dialogical act shown in the text is **Disagreement**.,Disagreement
|Right or you can run for student counsel.|,Statement Non Opinion
"|Okay.  No, that's dorky.|",Disagreement
|Dorky?|,Opinion
|Yeah.|,"The dialogical act shown in the text ""Yeah."" is: "
|Yeah.|,
|Yeah.|,**Acknowledge**,Acknowledge
|It's important.|,Statement Non Opinion
|Student counsel?|,Question
|Yes.|,"The dialogical act shown in the text ""Yes."" is **Agreement**.",Agreement
"|No, it's dorky.|",Disagreement
|Fine.  It's dorky.|,Statement Opinion
|Social life.  Hello.|,Greeting
|But that'll fit you  because you're a dork.|,Statement Opinion
|[LAUGHTER].|,Backchannel
|[LAUGHTER].|,Backchannel
|[LAUGHTER].|,Backchannel
|[LAUGHTER].|,Backchannel
|I dork.|,"The dialogical act shown in the text ""I dork."" is: **Statement Non Opinion**.",Statement Non Opinion
"|No.  But I'm thinking I might, you know, like audition for a play or something.  I don't really want to do the sorority thing.  I'm not really feeling that vibe with the|",Disagreement
"|Yeah, you don't want to do the sorority thing because you'll probably get used and abused by|",The dialogical act shown in the text is **Statement Opinion**.,Statement Opinion
|ditsy valley girls and|,"The dialogical act shown in the text ""ditsy valley girls and"" is **Statement Opinion**.",Statement Opinion
|lots of money and|,Statement Non Opinion
|lots of drunk frat boys|,Statement Non Opinion
|Right.|,Acknowledge
|Yeah.|,"The dialogical act shown in the text ""Yeah."" is: "
|Yeah.|,
|Yeah.|,**Acknowledge**,Acknowledge
"|But, hey. They have- they have- they have free, uh|",The dialogical act shown in the text is: **Greeting**,Greeting
|What have you heard about the Greek system?|,Question
|free buffets and free events.|,"The dialogical act shown in the text ""free buffets and free events"" is **Statement Non Opinion**.",Statement Non Opinion
|Free nothing. 'Cause you have to pay tons of money anyway.|,Disagreement
"|I mean it's not really free because you have to pay for it, but yeah.|",The dialogical act shown in the text is **Statement Opinion**.,Statement Opinion
|Well do you think you're going to live on campus or off campus your first year?|,Question
"|I think I'll live on campus the first year cause you  meet more people that way, right?|",Statement Opinion
"|Oh, yeah? In a dorm?|","The dialogical act shown in the text ""Oh, yeah? In a dorm?"" is **Question**.",Question
"|Well, yeah.  I mean that's where you meet people, right.  Everybody lives in the dorms, right.|",The dialogical act shown in the text is: **Statement Opinion**,Statement Opinion
"|I hate to break this to you but you meet people by being cool, so-|",Statement Opinion
"|Oh, oh, I'm sorry, my bad.  I'll have to, like, sign up for summer lessons from you before I go.  You can teach me how to be cool before I go to college.|",Apology
"|No, no, no.  You're right though.  I mean, you know, dorms are definitely the way to meet people.  I know that I was in an apartment off campus|",The dialogical act shown in the text is: **Agreement**,Agreement
"|and I mean, you know, I knew my roommates and stuff but I there wasn't really that sense of community-|",Statement Opinion
|Right.|,Acknowledge
"|that happened, you know, that was going on.|","The dialogical act shown in the text ""that happened, you know, that was going on"" is **Acknowledge**.",Acknowledge
|So basically what you're saying is that I was right|,The dialogical act shown in the text is **Agreement**.,Agreement
|I was just joking.  Gosh.  You don't have to take everything so- so seriously.|,The dialogical act shown in the text is **Disagreement**.,Disagreement
"|I'm- I'm right, right.|",Statement Opinion
"|Yes, you're right.|",Agreement
|That's what you're saying. I'm right. [LAUGHTER]|,Disagreement
|All hail to the|,Command
|me.|,Statement Non Opinion
"|to you, yes.|",Answer
"|Sir, can- can you tell me which branch you went to.  We can start there.|",Question
"|Yeah, Beverley Hills.|",Acknowledge
"|Okay.  Um, and what was the complaint?|",The dialogical act shown in the text is: **Question**,Question
|The food was prepared incorrectly.|,Statement Non Opinion
|I asked for no tomatoes.|,Disagreement
"|Can you be a little more specific, sir?|",Question
"|I asked for no tomatoes on six tacos.  I got tomatoes and onions on all of them,|",Command
"|Um, hairs were found in three out of the six.|",The dialogical act shown in the text is: **Statement Non Opinion**,Statement Non Opinion
"|Did you try to take them back and get your order fixed, sir?|",Question
"|Yeah.  I did and they're like you've got to take it up with corporate, and I'm like well fine.  I'll have your ass by the end of the day and so now I'm trying to do that.|",The dialogical act shown in the text is **Statement Opinion**.,Statement Opinion
"|Well I'm very sorry, sir.  They should have dealt with it at that particular branch.  I apologize for that, uh, but we can help you.  That's no worries.  We can take care of that.  So how much did you need to be refunded?|",Apology
"|It was a hundred a sixty dollars.  I'm sorry, uh, sixteen dollars.|",The dialogical act shown in the text is: **Apology**.,Apology
"|Okay.  Um, I'm going to go ahead and transfer you over to another department.  They'll need your address.|",The dialogical act shown in the text is: **Command**,Command
"|Look, I don't want to be transferred over to another- All I want to do is just give you my name and address so you can send me a check.|",Statement Opinion
"|Okay.  You understand that's all I want. Just don't give me a problem with this.  Okay, please because I'm very sensitive right now|",The dialogical act shown in the text is **Command**.,Command
"|and if I get sent to another operator, I'll have to tell them the same damn story again.  I don't- I think I'm just going to lose my mind.  So if you could please just not do that, that would be great.  Thank you.|",Statement Opinion
"|I understand, sir.  I will explain to them what the situa-|",Acknowledge
|You don't understand because you've never gone to Del Taco and gotten the service that I've gotten.  You don't understand.|,Disagreement
|You're right sir.  It is your particular situation but I will call the other operator.  I will explain to them what's going on. You won't have to tell your story again.|,The dialogical act shown in the text is **Agreement**.,Agreement
|You're not going to call the other operator. You're not going to call the the other operator.|,Command
|You're going to fill out a form on your desk|,Command
|because I know you're at a desk right now in your stupid corporate building and you're going to send me a check for sixteen dollars and forty two cents.|,Command
"|Okay, sir.  They- they have to-|",The dialogical act shown in the text is: **Acknowledge**,Acknowledge
|Sir.|,Greeting
"|Sir, they have to take down your address at the other station.  I will transfer.  I will explain everything to them.  It will all be fine.  I promise.|",Command
|What's your name?|,Question
|Cindy?|,Question
|Cinnee?|,Question
|Cindy.|,Statement Non Opinion
|Cindy?  Cindy what?|,Question
"|Sir, I don't think my name is really relevant-|",Statement Opinion
"|Cindy, look.  If you don't get your ass a piece of paper that has a check|",Command
"|attached to it and you don't send it to me, I'm going to get very upset.|",Command
"|Alright, sir. Sir.  I'm going to transfer you to the address.|",The dialogical act shown in the text is: **Command**,Command
"|Alright.  You know what, sir.  The customer is always right.|",Agreement
"|You know what.  I- You know what? You know what? No, it's fine. it's fine it's fine You know what?|","The dialogical act shown in the text is **""Acknowledge""**.","""Acknowledge"""
|I will go ahead and I will take- I will take|,Command
"|Hey, Cindy. Cindy, look I know this is not your fault.  Do whatever you want.|",The dialogical act shown in the text is: **Apology**,Apology
|Send me to whatever operator. I just- You know what?  I'm just done.  I'm just done.  I've lost all hope.|,Command
"|Sir, customer satisfaction is our first goal.  I will go ahead and take your number and your address down myself.|",Command
"|of getting my sixteen dollars back. It fine, no honestly.|",The dialogical act shown in the text is **Acknowledge**.,Acknowledge
"|No, Cindy just don't even-look don't even.  Cuz I- look Cindy I know you don't care about me, okay.  I know that I'm just like another person who calls-|",Disagreement
|Wait. But I-|,Command
|But I'm giving you what you want.|,Command
|No it doesn't matter.  It's fine.  It's fine.  Just send me to the next operator.  That's fine.|,Disagreement
"|Okay.  If that's what you want, you want to go to the next person?|",Disagreement
|Yes.|,"The dialogical act shown in the text ""Yes."" is: **Agreement**.",Agreement
|Okay.  Great.|,Acknowledge
|What's he going to say?  Maybe we should tell him before he sees it.|,Question
|He saw it.|,Statement Non Opinion
|When?|,Question
|About four this morning.  I heard it cracking and I woke up and looked out.  He was standing right there when it cracked.|,Answer
|Did you talk to him?|,Question
"|No, I figured the best thing was to leave him alone.|",Disagreement
|What was he doing out here at that hour?  He's dreaming about him again.  He's walking around at night.|,Question  
|What was he doing out here at that hour?  He's dreaming about him again.  He's walking around at night.|,Statement Non Opinion  
|What was he doing out here at that hour?  He's dreaming about him again.  He's walking around at night.|,Statement Non Opinion
|I guess he is.|,Statement Opinion
"|I don't know the meaning of this, mom.  But I know one thing you made a terrible mistake with dad.|",Disagreement
|What?|,Question
"|Being dishonest with him, that kind of thing always pays off and now it's paying off.|",Statement Opinion
|What do you mean dishonest?|,Question
|You know that Larry's not coming back and I know it.  Why do we allow him to go on thinking that we believe with him?|,The dialogical act shown in the text is **Question**.,Question
"|What do you want to do, argue with him?|",Question
|I don't want to argue with him but it's time that he realizes that Larry's not coming back anymore.|,Statement Opinion
"|Why shouldn't he dream of him?  Walk the nights waiting for him?  Do we contradict him?  Do we say straight out that we have no hope anymore, that we haven't had any hope for years now?|",Question
|You can't say that to him.|,Disagreement
|We've got to say it to him.|,Command
|How are you going to prove it?  Can you prove it?|,Question
|For God's sake three years.  Nobody comes back after three years.  It's insane.|,Statement Opinion
|To you it is and to me but not to him.  You can talk yourself blue in the face but there's no body and no grave so where are you?|,Disagreement
|Sit down mom.  I want to talk to you.|,Command
|The trouble is the goddamn newspapers.  Every month some boy turns up from nowhere so the next one is going to be Larry.|,The dialogical act shown in the text is: **Statement Opinion**,Statement Opinion
"|Alright, alright, alright.  Listen. You know why I asked Annie here don't you?|",The dialogical act shown in the text is **Command**.,Command
|Why?|,Question
|You know why.|,Statement Non Opinion
|Well I got an idea but what's the story?|,Question
|I'm going to ask her to marry me.|,Statement Non Opinion
"|Well that's only your business, Chris.|",Disagreement
|You know it's not only my business.|,Statement Opinion
|What do you want me to do?  You're old enough to know your own mind.|,Command
|Then it's alright.  I'll go ahead with it.|,Agreement
|Well you want to make sure that father isn't going to-|,Command
|Then it isn't just my business.|,Statement Opinion
|I'm just saying.|,Statement Opinion
|Sometimes you infuriate me.  You know that?  Isn't it your business too if I tell this to father and he throws a fit about it.|,The dialogical act shown in the text is **Statement Opinion**.,Statement Opinion
|Sometimes you have a- Sometimes you have a talent for ignoring things.|,Statement Opinion
|I ignore what I got to ignore. The girl is Larry's girl.|,Statement Opinion
|She's not Larry's girl.|,Statement Non Opinion
"|From father's point of view, he's not dead and you have no right to take his girl.|",Statement Opinion
"|Now you can go on from there and you know where to go, but I'm telling you I don't know where to go.  See I don't know.  Now what can I do for you?|",The dialogical act shown in the text is: **Statement Opinion**,Statement Opinion
"|I don't know why it is but every time I reach out for something I want, I have to pull back because other people will suffer. My whole bloody life time after time after time.|",Statement Opinion
|You're a considerate fellow.  There's nothing wrong in that.|,Statement Opinion
|To hell with that.|,Disagreement
|Did you ask Annie yet?|,Question
|I wanted to get this settled first.|,Statement Non Opinion
|How do you know she'll marry you?  Maybe she feels the same way father does.|,Question
"|Well if she does, then that's the end of it.  From her letters, I think she's forgotten him.  I'll find out.|",The dialogical act shown in the text is **Statement Opinion**.,Statement Opinion
"|and then we'll thrash it out with dad, right mom.  Don't avoid me.|",Command
|The trouble is you don't see enough women.  You never did.|,Statement Opinion
|So what I'm not fast with women.|,Statement Opinion
|I don't see why it has to be Annie.|,Disagreement
|Because it is.|,Statement Non Opinion
|Well that's a good answer but it don't answer anything.  You haven't seen her since you went to war.  It's been five years.|,Disagreement
|I can't help it.  I know her best.  I was brought up next door to her.|,Statement Opinion
"|These years when I think of someone for my wife, I think of Annie.  What do you want, a diagram?|",The dialogical act shown in the text is **Statement Opinion**.,Statement Opinion
"|I don't want a diagram.  He thinks he's coming back, Chris.|",Disagreement
|You marry that girl.  You're pronouncing him dead.  Now what happens to your father?  Do you know because I don't?|,The dialogical act shown in the text is: **Command**,Command
|Alright then mom.|,Acknowledge
|Just give it some more thought.|,Command
"|I've given it three years of thought.  I hoped that if I waited, dad would forget about Larry|",Statement Opinion
"|and everything would be happy and we would have a regular wedding.  But if that can't happen here, then I'll have to get out.|",Statement Opinion
|What the hell is this?|,Question
"|I'll get out.  I'll get married and live someplace else, maybe New York.|",Command
|Are you crazy?|,Question
|I've been a good son too long.  A good sucker I'm through with it.|,Statement Opinion
|You've got a business here.  What the hell is this?|,The dialogical act shown in the text is **Question**.,Question
"|The business, the business doesn't inspire me.|",Statement Opinion
|Must you be inspired?|,Question
"|Yes, I like it an hour a day.  If I have to grub for money all day long, at least at evening I want it beautiful.|",Answer
|I want- I want a family.  I want some kids.  I want to build something I give myself to.  Annie is in the middle of that.  Now where do I find it?|,Statement Opinion
|You mean-tell me something you mean you'd really leave the business?|,Question
|Yes on this I would.|,Agreement
|Well you don't want to think that way.|,Disagreement
|Then you help me stay here.|,Command
|Alright but don't think that way|,"The dialogical act shown in the text ""Alright but don't think that way"" is **Command**.",Command
"|because what the hell did we work for?  This whole shooting match is just for you, Chris.|",The dialogical act shown in the text is: **Question**,Question
|I know.  Just you help me stay here.|,Acknowledge
|But don't think that way.  You hear me?|,Command
|I am thinking that way.|,Statement Opinion
|I don't understand you do I?|,Disagreement
|No.  I'm a pretty tough guy.|,Disagreement
|Yeah.  I can see that.|,Acknowledge
|Why did he invite her?|,Question
|Why does that bother you?|,Question
|It's been three years.  Why all of a sudden?|,"The dialogical act shown in the text is ""Question."""
|Well maybe- maybe he just wanted to see her again.|,Statement Opinion
|Don't look at me like that.  He didn't tell me anymore than he told you.|,Command
|She's not going to marry him.|,Statement Opinion
|How do you know he's even thinking about it?|,Question
|It's got that about it.|,Statement Opinion
|Listen kid.|,Command
"|No, line.|",Disagreement
"|Uh, Then why is she still-she's not his girl, Joe|",The dialogical act shown in the text is **Question**.,Question
"|She's not his girl, Joe.  She knows she's not.|",Statement Opinion
|Probably a hundred people told her she's foolish but she's waited.|,Statement Opinion
|How do you know why she waited?|,Question
|Because she knows what I know that's why.  She's faithful as a rock.|,Statement Opinion
"|In my worst moments, I think of her waiting and I know again that I'm right.|",Statement Opinion
|Look it's a nice day.  What are we arguing for?|,The dialogical act shown in the text is: **Question**,Question
"|Nobody in this house dares take her faith away, Joe.  Strangers might but not his father, not his brother.|",The dialogical act shown in the text is **Statement Opinion**.,Statement Opinion
|What do you want me to do?|,Command
"|I want you to act like he's coming back, both of you.  Don't think I haven't noticed you since he invited her.  I won't stand for any nonsense.|",Command
|But Kate-|,Interjection
"|Because if he's not coming back, I'll kill myself.|",Statement Opinion
"|Laugh, laugh at me, but why did that happen the very night she came back?|",The dialogical act shown in the text is: **Question**,Question
"|She goes to sleep in his room and his memorial breaks in pieces.  Look, look at it.  Joe-|",Command
|Calm yourself.|,Command
"|Believe with me, Joe.  I can't stand alone.|",Command
|Calm yourself.|,Command
|Just last week a man showed up in Detroit missing longer than Larry.  You read it yourself.|,Statement Non Opinion
|Alright.  Alright.  Calm yourself.|,Command
|You above all have got to believe.  You.|,Command
|Why me above all?|,Question
|Just don't stop believing.|,Command
"|What does that mean, me above all?  Look at you.  You're shaking.|",Question
|I can't help it.|,Statement Non Opinion
|What have I got to hide?  What the hell is matter with you Kate?|,Question
|You're the only one I know who loves his parents.|,Statement Opinion
|I know it went out of style didn't it?|,Statement Opinion
|It's okay.  It's a good thing.|,Agreement
|You know it's lovely here.  The air is sweet.|,Statement Opinion
|You're not sorry you came.|,"The dialogical act shown in the text ""You're not sorry you came."" is **Statement Opinion**.",Statement Opinion
"|Not sorry, no but I'm not staying.|",Disagreement
|Well.|,"The dialogical act shown in the text ""Well."" is **Backchannel**.",Backchannel
|You saw that and you- you've been kind of-|,The dialogical act shown in the text is: **Statement Non Opinion**,Statement Non Opinion
|What?|,Question
|Well kind of embarrassed ever since I got here.|,The dialogical act shown in the text is: **Statement Opinion**,Statement Opinion
|The trouble is I planned on sneaking up on you over a period of a week or so but they take it for granted that we're all set.|,Statement Opinion
"|I knew they would, your mother anyway.|",Statement Opinion
|Wouldn't you want to?|,Question
|I guess you know this is why I asked you to come.|,Statement Opinion
|I guess this is why I came.|,Statement Opinion
"|Ann, I love you.  I love you a great deal.  I love you.|",Statement Opinion
|I have no imagination that's all I know to tell you.|,Statement Opinion
|I'm embarrassing you.  I didn't want to tell it to you here.  I|,Apology
"|wanted some place we'd never been, a place where we'd be brand new to each other.|",Statement Non Opinion
"|You think this is wrong, this chair, this yard.  I want you to be ready for me.  I don't want to win you away from anything.|",The dialogical act shown in the text is **Statement Opinion**.,Statement Opinion
"|Chris, I've been ready a long, long time.|",Command
|And he's gone forever.  You're sure?|,Statement Non Opinion  
|And he's gone forever.  You're sure?|,Disagreement
|I almost got married two years ago.|,Statement Non Opinion
|Why didn't you?|,Question
|You started to write me.|,Statement Non Opinion
|You felt something that far back?|,Statement Non Opinion
|Every day since.|,Statement Non Opinion
"|Ann, why didn't you let me know?|",Question
"|I was waiting for you, Chris.  Till then you never wrote and then when you did what did you say.  I mean you sure can be ambiguous you know.|",Statement Opinion
"|Give me a kiss, Ann.  Give me a-God I kissed you.|",Command
"|I kissed Annie.  How long, how long I've been waiting to kiss you.|",Statement Opinion
|I'll never forgive you.  Why did you wait all these years?  All I've done is sit and wonder if I was crazy for thinking of you.|,The dialogical acts in the given text are as follows:
|I'll never forgive you.  Why did you wait all these years?  All I've done is sit and wonder if I was crazy for thinking of you.|,
|I'll never forgive you.  Why did you wait all these years?  All I've done is sit and wonder if I was crazy for thinking of you.|,"1. ""I'll never forgive you."" - **Statement Opinion**  ",Statement Opinion
|I'll never forgive you.  Why did you wait all these years?  All I've done is sit and wonder if I was crazy for thinking of you.|,"2. ""Why did you wait all these years?"" - **Question**  ",Question
|I'll never forgive you.  Why did you wait all these years?  All I've done is sit and wonder if I was crazy for thinking of you.|,"3. ""All I've done is sit and wonder if I was crazy for thinking of you."" - **Statement Opinion**  ",Statement Opinion
|I'll never forgive you.  Why did you wait all these years?  All I've done is sit and wonder if I was crazy for thinking of you.|,
|I'll never forgive you.  Why did you wait all these years?  All I've done is sit and wonder if I was crazy for thinking of you.|,"(Since you asked for one word per segment, I’ve labeled each clause separately. If you meant the entire passage as a single unit, the strongest dialogical act would be **Statement Opinion** due to the emotional expression dominating the tone.)",Statement Opinion
"|Annie, we're going to live now.  I'm going to make you so happy.|",Command
|Not like that you're not.|,Disagreement
|I kissed you.|,Statement Non Opinion
"|Like Larry's brother.  Do it like you, Chris.|",Command
|What is it Chris?|,Question
|Let's drive some place.  I want to be alone with you.|,Command
"|No.  What is it Chris, your mother?|",Disagreement
"|No, nothing like that.|",Disagreement
|Well then what's wrong?  Even in your letters there was something ashamed.|,Question
|Yes.  I suppose I have been but it's going from me.|,The dialogical act shown in the text is: **Statement Opinion**.,Statement Opinion
|You've got to tell me.|,Command
|I don't know where to start.|,Statement Non Opinion
|It wouldn't work this way.|,Disagreement
|There's so many things mixed up.|,Statement Opinion
|You remember overseas I was in command of a company?|,Statement Non Opinion
"|Yeah, sure.|",Agreement
|Well I lost them.|,Statement Non Opinion
|How many?|,Question
|Just about all.|,Statement Non Opinion
"|Oh, gees.|",Apology
|It takes a lot of time to toss that off because they weren't just men.|,Statement Opinion
"|For instance, one time it had been raining several days and this kid came to me and gave me his last pair of dry socks.|",Statement Non Opinion
|I put them in my pocket. that's only a little thing but these are the kind of guys I had.|,Statement Non Opinion
|They didn't die.  They killed themselves for each other.  I mean that exactly.  A little more selfish and they'd have been here today.|,Statement Opinion
"|And I got this idea watching them go down.  Everything was being destroyed see, but it seemed to me that there was one new thing that was made|",Statement Opinion
|a sort of responsibility man for man.  You understand me?|,The dialogical act shown in the text is **Question**.,Question
|And then I came home and it was amazing.|,Statement Opinion
|There was no meaning in it here.|,Statement Non Opinion
|The whole thing to them was sort of a bus accident. Then I went to work with father and that whole rat race again.|,Statement Non Opinion
"|I felt, what you said, ashamed somehow|","The dialogical act shown in the text ""I felt, what you said, ashamed somehow"" is **Statement Opinion**.",Statement Opinion
|because nobody was changed at all.  It seemed to make suckers out of a lot of guys.|,Statement Opinion
"|I felt wrong to be alive, to open the new bank book, to drive the new car, to see the new refrigerator.|",Statement Opinion
|I mean you can take those things out of war but|,Statement Opinion
"|when you drive the new car, you have to know that it came out of the love a man can have for a man.  You've got to be a little better because of that.|",Statement Opinion
|Otherwise what you have is really just loot and there's blood on it.  I didn't want to take any of it.|,Statement Opinion
|I guess that included you.|,Statement Opinion
|And do you still feel that way?|,Question
"|I want you now, Annie.|",Command
"|Because you mustn't feel that way anymore because you have a right to whatever you have, Chris, do you understand, everything|",Command
|that includes me.  And your money there's nothing wrong in your money.  Your father put hundreds of planes in the air.|,The dialogical act shown in the text is: **Statement Opinion**,Statement Opinion
|You should be proud.  A man should be paid for that.|,The dialogical act shown in the text is **Statement Opinion**.,Statement Opinion
"|Annie, Annie I'm going to make a fortune for you.|",Command
|What'll I do with a fortune?|,Question
|What time is it?  They're supposed to run around midnight.  This is great isn't it?  Look at this night we've got here.  It couldn't be better.|,Question  
|What time is it?  They're supposed to run around midnight.  This is great isn't it?  Look at this night we've got here.  It couldn't be better.|,Statement Non Opinion  
|What time is it?  They're supposed to run around midnight.  This is great isn't it?  Look at this night we've got here.  It couldn't be better.|,Statement Opinion  
|What time is it?  They're supposed to run around midnight.  This is great isn't it?  Look at this night we've got here.  It couldn't be better.|,Statement Opinion  
|What time is it?  They're supposed to run around midnight.  This is great isn't it?  Look at this night we've got here.  It couldn't be better.|,Statement Opinion
"|Actually, I wanted to go a little farther up the coast, get away from the lights and the people, but I was afraid to miss it.  How you doing?|",Answer
|Fine.|,"The dialogical act shown in the text ""Fine."" is **Acknowledge**.",Acknowledge
"|Is that, is that-that's just foam isn't it?  I can't even tell|",Question
"|although if you can't tell, it probably isn't them.  It will probably be unmistakable.  Don't you think?  How you doing?|",The dialogical act shown in the text is: **Question**,Question
"|Oh, no you know what I did?  I forgot my flashlight.  How could I be so stupid I forgot my flashlight.|",The dialogical act shown in the text is: **Apology**,Apology
|What flashlight?|,Question
"|The flashlight, the silver one.  There's only one isn't there?|",The dialogical act shown in the text is **Question**.,Question
|It's ours.  It's mine too.|,Agreement
|Well sure.|,Agreement
|You kept saying my flashlight as if it somehow is just yours.  How's that supposed to make me feel?|,Disagreement
"|No of course our flashlight, yours and mine, mi flashlight es su flashlight naturally.  How could we not think to bring it?|",Agreement
|I hope the moon stays out.  I wonder do they always run during a full moon.  I can't remember if it was full last year.  Remember?|,Statement Opinion
|Yes.|,"The dialogical act shown in the text ""Yes."" is **Agreement**.",Agreement
"|Are you cold?  Do you want my jacket?  We should have brought the blanket, our blanket.|",Question
"|Ah, this is great, isn't it?  I didn't even think to bring a six-pack.  A six-pack would be just the ticket right about now.|",Statement Opinion
|I can't believe I forgot.  I'm like a kid.  It's amazing I got out of the house with my fly zipped.|,Apology
"|Oh, I wonder if they can hear me talk or feel the vibrations in the sand when we move around?|",Question
|I'm cold.|,Statement Non Opinion
|Do you want my jacket?|,Question
|It's after eleven let's go home.|,Command
|Are you kidding?  We'd miss it.  We just got here.  What's the point of coming down here if we just turn around and go home?|,Disagreement
|There is no point in coming down here.|,Statement Opinion
|Right.|,Acknowledge
|That's my point.|,Statement Opinion
|That's my point too.|,Agreement
|So let's go home.|,Command
"|No, no, no.  That's not my point.  My point is is that there's no point in coming down here if we just leave.  Don't you want to see it?|",Disagreement
|Not particularly.|,Disagreement
|Why not?|,Question
|I just don't.  It's stupid.|,Disagreement
|Honey this is natural phenomenon.  I mean this only happens once a year.  This is a great opportunity.|,Statement Opinion
|Think about the people in Kansas.  They'd have to get plane tickets and hotel reservations to come see this.  We're just forty minutes away.  It's too good to pass up.|,Statement Opinion
"|Pass up what?  These little fish swim onto the beach, flop around, and then swim away and then they die.|",Question
"|Yeah but that moment on the beach is the highlight of their little lives.  All that flopping around is laying eggs or what do you, spawning or mating something like that.|",The dialogical act shown in the text is **Statement Opinion**.,Statement Opinion
|This is the big night for these guys.  Life's last orgy.|,Statement Non Opinion
|What are you so excited about?  This isn't a moon landing we're talking about.  It's fish.  It's fish nobody even eats.|,The dialogical act shown in the text is **Disagreement**.,Disagreement
"|Yeah, they do.|",Agreement
"|Oh, Augie.|","The dialogical act shown in the text ""Oh, Augie."" is **Acknowledge**.",Acknowledge
|Okay but it's fish who do something none of the other fish do|,The dialogical act shown in the text is: **Statement Opinion**,Statement Opinion
"|like the swallows returning to Capistrano or the lemmings throwing themselves off the cliffs, like that.  There's mystery here and magic|",Statement Opinion
|a little bit of the unexplainable.  I don't see how you cannot be interested.|,Statement Opinion
|I'm just not.|,Statement Non Opinion
|For real?|,Question
|Yes.|,Agreement
|I don't get it.  The first time we came here to see it you said it was the best night of your life and last year I remember distinctly you were so excited to get here.  You stubbed your toe rushing me out the door and didn't even notice until we were in the car.|,Disagreement
|Last year you will also remember our shoes got wet.  I got sand in my panties.  We got in a big fight over nothing.  You got a sore throat and we did not see the Grunions.|,Statement Non Opinion
|We weren't in a good spot.|,Statement Non Opinion
|We didn't see them the first time either.|,Statement Non Opinion
|We just weren't in a good spot.  This is a much better spot.|,Statement Opinion
"|I've got good instincts for these things.  Look there. What's that.  Is that?  Is that, is that-no it's just seaweed isn't it.|",The text shows a mix of dialogical acts. Here's the breakdown:
"|I've got good instincts for these things.  Look there. What's that.  Is that?  Is that, is that-no it's just seaweed isn't it.|",
"|I've got good instincts for these things.  Look there. What's that.  Is that?  Is that, is that-no it's just seaweed isn't it.|","- ""I've got good instincts for these things."" → **Statement Opinion**",Statement Opinion
"|I've got good instincts for these things.  Look there. What's that.  Is that?  Is that, is that-no it's just seaweed isn't it.|","- ""Look there."" → **Command**",Command
"|I've got good instincts for these things.  Look there. What's that.  Is that?  Is that, is that-no it's just seaweed isn't it.|","- ""What's that."" → **Question**",Question
"|I've got good instincts for these things.  Look there. What's that.  Is that?  Is that, is that-no it's just seaweed isn't it.|","- ""Is that? Is that, is that—no it's just seaweed isn't it."" → **Question** (with **Statement Non Opinion** at the end)  ",Question
"|I've got good instincts for these things.  Look there. What's that.  Is that?  Is that, is that-no it's just seaweed isn't it.|",
"|I've got good instincts for these things.  Look there. What's that.  Is that?  Is that, is that-no it's just seaweed isn't it.|","If forced to choose **one** dominant act, the most fitting would be:  ",one
"|I've got good instincts for these things.  Look there. What's that.  Is that?  Is that, is that-no it's just seaweed isn't it.|",**Question** (due to the repeated interrogative forms and seeking confirmation).  ,Question
"|I've got good instincts for these things.  Look there. What's that.  Is that?  Is that, is that-no it's just seaweed isn't it.|",
"|I've got good instincts for these things.  Look there. What's that.  Is that?  Is that, is that-no it's just seaweed isn't it.|","However, if a single label isn't sufficient, the text is better described as a combination (e.g., **Question**, **Command**, **Statement Opinion**). If ""Others"" is allowed for hybrid cases, that could also apply.  ",Question
"|I've got good instincts for these things.  Look there. What's that.  Is that?  Is that, is that-no it's just seaweed isn't it.|",
"|I've got good instincts for these things.  Look there. What's that.  Is that?  Is that, is that-no it's just seaweed isn't it.|",But strictly picking one: **Question**.,Question
"|Ah, man this is great.  I wouldn't miss this for anything.  I mean think about this.  I know you're not interested but just think about this for a minute.|",Statement Opinion
|Out there someplace there's this huge mass of silver fish heading this way.  They don't know why.  We don't know why.  It wasn't a decision.  They didn't take a vote.|,Statement Non Opinion
|No one sent them a map or an invitation.  Just some little instinctual time release firecracker went off in their little bodies and all as one. They turned and formed a line as long as the California coast and started swimming.|,Statement Non Opinion
|They're swimming right now as if that's the only thing that matters.|,Statement Opinion
|It's single mindedness with no mind.  Urgency that's pure urge.|,Statement Opinion
|They don't know what drives them.  They don't give it a name or ask question.  They just turn as one and start the swim that brings them here to this place|,Statement Non Opinion
|where we stand for massive celebration of sex and death.|,Statement Opinion
"|Ah, I'm giving myself goose bumps.  All my hairs are popping up.|",Statement Non Opinion
|That's the wind.|,Statement Non Opinion
|Well so what do you think?|,Question
|About what?|,Question
|What I said.|,Question
|It's ridiculous.|,Statement Opinion
"|Well, so what do you think?|",Question
|About what?|,Question
|What I said.|,Question
|It's ridiculous.|,Statement Opinion
|It certainly is not.  It's slightly exaggerated scientific fact.|,Disagreement
|It's PR.  Somebody sold you a bill of goods that this wonderful event is going to take place on the beach.|,The dialogical act shown in the text is **Statement Opinion**.,Statement Opinion
|I'm not the only one.  Look at these people.|,Disagreement
"|Well sure everybody's told the same story.  It keeps us all coming back for more.  It keeps us all excited, keeps us thinking that life is going to start any minute now if we can just find the right spot and get in on the action.|",Statement Opinion
|Are we talking about the same thing?|,Question
|Well I'm sorry but it's still just fish to me.|,Apology
"|Carla, can I ask you something?  Don't take this the wrong way but are you having your period?|",Question
|Goddamn it Augie don't ask me that.  You always ask me that.  I hate it when you ask me that.  It's insulting.|,Disagreement
|Well then what's bugging you?|,Question
|We just have different ideas about what this evening is supposed to look like.|,Disagreement
"|There's nothing to it.  We come down here.  The grunions arrive.  They do their little fish business.  We go oh, ah look at the fish.  They go home.  We go home.|",Statement Non Opinion
"|For heaven's sake, this is not about fish.|",The dialogical act shown in the text is **Disagreement**.,Disagreement
|Why not?|,Question
|We totally skipped. Right.|,"The dialogical act shown in the text ""We totally skipped. Right."" is **Acknowledge**.",Acknowledge
"|There's nothing to it.  We come down here.  The grunions arrive.  They do the little fish business.  We go oh, ah look at the fish.  They go home.  We go home.|",Statement Non Opinion
"|For heaven's sake, grow up we are not going to see the Grunions.|",Command
|Why not?|,Question
|We never do.  Do we have we ever?|,Disagreement
|We've missed them twice that's not ever.|,The dialogical act shown in the text is **Disagreement**.,Disagreement
|Twice is every time we've tried that's ever.|,The dialogical act shown in the text is: **Statement Non Opinion**.,Statement Non Opinion
|We'll see them this year.|,Statement Non Opinion
"|No, we won't.  It's pointless.  It's like waiting up to see Santa Clause.|",The dialogical act shown in the text is **Disagreement**.,Disagreement
"|God I feel as though my entire life is going to be spent standing on the beach with my eyes wide open and my hands clasped expectantly waiting for the fish to show up,|",Statement Opinion
|and the fish won't show up.|,Disagreement
|I thought you wanted to see it.|,Statement Opinion
|You don't understand anything I'm saying.|,Disagreement
"|No, of course not.|",Disagreement
|I did want to see it.  I always do.  I keep thinking that this time will be the time but it never is.|,Statement Opinion
|It's just a fish.  Nothing to get traumatized over.|,Statement Opinion
"|For heaven's sake, this is not about fish.|","The dialogical act shown in the text ""For heaven's sake, this is not about fish."" is **Disagreement**.",Disagreement
|I've been trying to work this backwards but I can't seem to pinpoint the moment when we took a turn for the worse.  You were fine during the phone call from Marge.  Dinner was okay.  Doing the dishes was no problem.|,Statement Opinion
|Let's see I took a shower.  You watched the news.  You said the Grunions are running tonight. I said great let's go.  I feel lucky tonight.|,Statement Opinion
"|Okay.  Uh, so I'm putting on my jacket, putting out the animals.  We're getting the car out of the garage.|",The dialogical act shown in the text is: **Statement Non Opinion**,Statement Non Opinion
|Do you remember the first time we came to see it?  It was about four years ago right after we got married.|,Question
|We thought I was pregnant and we had a bottle of champagne but no glasses.  You asked me to dance.  So we took off our shoes|,Statement Non Opinion
"|and you popped the cork and while we were dancing, you said the softest most intimate things to me|",The dialogical act shown in the text is: **Statement Non Opinion**.,Statement Non Opinion
|right into my ear so that I could hear them as much as- so that I could feel them as much as hear them.|,Statement Non Opinion
"|And I remember thinking this is it.  At last, at last I'm as happy as I'm supposed to be.|",Statement Opinion
|Wait a minute.  I've got it.|,Command
"|Dancing barefoot in the sand, drinking champagne from the bottle.|",The dialogical act shown in the text is **Statement Non Opinion**.,Statement Non Opinion
"|It was in the car right.  Driving past the Knickerbocker Liquor Locker, you said let's get some champagne and I said times a wasting or something like that.  Right?|",Question
"|That's it, right?  You want this to be like the other time, right.  That's it.|",Question
|I would rather not remember some things.  I would rather not hope for some things.|,Statement Opinion
|Okay.  Right.  I got it.  Sure.  Of course.  Listen you want to dance?|,The dialogical act shown in the text is: **Backchannel**,Backchannel
|No.|,Disagreement
|You want me to get some champagne?|,Question
|No.|,Disagreement
|Take off our shoes?|,Question
|No.  No.|,Disagreement
|Well what?  Want me to breath in your ear?|,Question
|No.|,Disagreement
|Want to get married again?|,Question
|No.|,"The dialogical act shown in the text ""No."" is **Disagreement**.",Disagreement
|What?  What do you want a divorce?|,Question
|No.|,Disagreement
|A vacation?|,Question
|No.|,Disagreement
"|A new carpet, a poodle, a backrub, ice cream, a suicide pact.  What?  What?  Carla what the hell do you want?|",The dialogical act shown in the text is **Question**.,Question
|I want something to turn out the way it's supposed to.|,Statement Opinion
|Well welcome to the human race.  You think this is what I had in mind.|,Greeting
"|Do you think that when I proposed, I had this great fantasy going that four years down the line we'd come to the beach and yell at each other over fish.|",Question
|Do you think that I knew that there'd be times when you'd look at me like I'm a used Kleenex and times I would look at you and think holy hell when's the next flight to Alaska.|,Question
"|No, no I'm just like you.  I thought it was going to be all peaches and roses and sand in our hair and wind in our|",Disagreement
"|Sand in our toes and wind in our hair and the fish will always come and the bills will always pay themselves and ha, ha baby the jokes on us.  Because you know what you get,|",Statement Opinion
"|you know what you get Carla, this.|","The dialogical act shown in the text ""you know what you get Carla, this."" is **Statement Opinion**.",Statement Opinion
"|This what, what is this?  This isn't even anything.|",Question
|Yes it is.|,Agreement
"|Oh, right, sure this is standing on the beach.  This is waiting.  This is fighting.|",The dialogical act shown in the text is **Statement Non Opinion**.,Statement Non Opinion
|Right.|,Acknowledge
|But this isn't anything like I thought anything would be like.|,Disagreement
"|No, I know me either.|",Disagreement
"|This is just this.  I mean it includes a lot in everything but it's just not, you know, something else.  Do you have any idea what I'm trying to say?|",The dialogical act shown in the text is: **Question**,Question
|I'm doing the best I can.|,Statement Non Opinion
"|I know you are, Augie.  Really I do.  I know you wanted this to be special and nice and it's the full moon and the sand and all but I just couldn't help thinking about being somewhere else.|",Acknowledge
|Maybe if you were with somebody else too.|,Statement Opinion
|I didn't say that.|,Disagreement
"|No, I know but still.  I know I don't make you happy.|",Disagreement
"|For heaven's sake, whatever I'm doing I'd rather be doing it with you.|",Statement Opinion
|Yeah?|,Backchannel
|Well don't be ridiculous.  Don't you know that?  You're the one who probably wishes you were with somebody else|,The dialogical act shown in the text is **Disagreement**.,Disagreement
|somebody who knew how to enjoy herself and didn't take everything so hard.|,Statement Opinion
"|Actually now that you mention it, no I don't.|",Disagreement
|Okay.  Fine.  So we're in the wrong spot but we're with the right person.|,The dialogical act shown in the text is: **Acknowledge**,Acknowledge
|I don't know.  It seemed like a good spot to me.|,Statement Opinion
|I mean look at the view you've got of the moon from here.|,Statement Opinion
"|Yeah, I noticed that.  Looks pretty on the water doesn't it, big old white moon.|",The dialogical act shown in the text is: **Statement Opinion**,Statement Opinion
|Well look at what we got here.|,Statement Non Opinion
"|Oh, Augie you brought refreshments.|",The dialogical act shown in the text is **Acknowledge**.,Acknowledge
|It's not champagne.|,Disagreement
|Well then I guess we don't need glasses.|,Disagreement
|You still cold?  Do you want to go home?|,Question
|I'm beginning to think you might be right.  I think this may be the spot after all.  Augie I'm sorry.|,The dialogical act shown in the text is: **Agreement**.,Agreement
"|Shh.  If we're very quiet, the fish might come.|",Command
|Or not.|,Disagreement
|Or not.|,Disagreement
|I wonder.|,Statement Opinion
|Nobody knows we're here except Freda and she wouldn't ring up.|,Statement Non Opinion
|It must be them then.|,Statement Opinion
|Well what are we going to do?|,Question
"|We'll be alright, darling.  Whatever happens, aren't we?|",Statement Opinion
|Now and always sweet.|,Statement Opinion
|I don't care then.|,Disagreement
|It was bound to come sooner or later.|,Statement Opinion
|Hello.  Hello.  What?  Wrong number.|,Here are the dialogical acts for each part of the text:  
|Hello.  Hello.  What?  Wrong number.|,
|Hello.  Hello.  What?  Wrong number.|,1. **Hello.** - Greeting  ,Hello.
|Hello.  Hello.  What?  Wrong number.|,2. **Hello.** - Greeting  ,Hello.
|Hello.  Hello.  What?  Wrong number.|,3. **What?** - Question  ,What?
|Hello.  Hello.  What?  Wrong number.|,4. **Wrong number.** - Statement Non Opinion,Wrong number.
|Ahh.  It sent shivers up my spine.|,Statement Opinion
|What shall we do if they suddenly walk in on us?|,Question
|Behave exquisitely.|,Command
|With the most perfect poise.|,Statement Non Opinion
|Certainly I shall probably do a court curtsy.|,Statement Opinion
"|Things that ought to matter dreadfully don't matter at all when one's happy, do they?|",Question
|What is so horrible is that one can't stay happy.|,The dialogical act shown in the text is: **Statement Opinion**,Statement Opinion
"|Don't say that, my darling.|",Command
|It's true the whole business is very poor joke.|,Disagreement
|Meaning that sacred and beautiful thing love.|,Statement Opinion
"|Yes, meaning just that.|",Agreement
|What does it all mean?  That's what I asked myself in my ceaseless quest for ultimate truth.  Dear God what does it all mean?|,Question
|Don't laugh at me.  I'm serious.|,Command
"|You mustn't be serious, my darling.  It's just what they want.|",Command
|Who's they?|,Question
|All the futile moralists who try to make life unbearable.|,Statement Opinion
"|Laugh at them, be flippant, laugh at everything, all their sacred shibboleths|",Command
|flippancy brings out the acid in their damn sweetness and light.|,Statement Opinion
"|If I must laugh at everything, I must laugh at us too.|",Statement Opinion
|Certainly you must.  We are figures of fun alright.|,The dialogical act shown in the text is **Statement Opinion**.,Statement Opinion
"|Oh, how long will it last, this ludicrous, over-bearing love of ours?|",Statement Opinion
|Well who knows?|,Question
|We always want to bicker and fight.|,Statement Opinion
|No that fire will fade long with our passion.|,Disagreement
"|Oh, dear shall we like that?|",Opinion
|It all depends on how well we've played.|,Statement Opinion
|What happens if one of us dies?  Does the one that's left still laugh?|,Question
|Yes.  Yes.  with all his might.|,"The dialogical act shown in the text ""Yes. Yes. with all his might."" is **Agreement**.",Agreement
"|Well that's serious enough, isn't it?|",Statement Opinion
"|No, no it isn't.  Death is very laughable such a cunning little mystery.  All done with mirrors.|",Disagreement
"|Darling, I believe you're talking nonsense.|",Disagreement
|So is everyone else in the long run.  Let's be superficial and pity the poor philosophers.|,Statement Opinion
|Let's blow trumpets and squeakers and enjoy the party as much as we can like small quite idiotic little school children.|,Command
|Let's savor the delight of the moment.  Come and kiss me darling before your body rots and worms pop in and out of your eye sockets.|,Command
"|Elliott, worms don't pop.|",Statement Non Opinion
"|I don't mind what you do, see. you can paint yourself green all over|",Statement Opinion
|and dance naked in the place Place Vendome and rush away with all the men in the world and I shan't say a word as long as you love me best.|,Command
"|Thank you, dear.  The same applies to you except that if I catch you so much as looking at another woman, I'll kill you.|",The dialogical act shown in the text is: **Statement Opinion**,Statement Opinion
|Do you remember that awful scene in Venice?|,Question
|Which particular one?|,Question
|The one where you bought that little painted wooden snake and put it on my bed.|,Statement Non Opinion
"|Oh, Charles.  That was his name.  Charles he did wriggle so beautifully.|",The dialogical act shown in the text is: **Statement Opinion**,Statement Opinion
|Horrible thing.  I hated it.|,Statement Opinion
"|Yes, I know you did.  You threw him out of the window into the Grand Canal.  I don't think I'll ever forgive you for that.|",Disagreement
|How long did that row last?|,Question
|It went on intermittently for days.|,Statement Non Opinion
|The worst one was in Cannes when your curling irons burnt holes in my dressing gown.|,Statement Opinion
|It burnt my comb too and all the towels in the bathroom.|,Statement Non Opinion
"|Ah, we were much younger then.  That was a rouser wasn't it?|",Statement Opinion
|That was the first time you ever hit me.|,Statement Non Opinion
|You didn't hit me- I didn't hit you very hard.|,Disagreement
|Then the manager came in and found us rolling about on the floor biting and scratching like panthers.|,Statement Non Opinion
|I shall never forget his face.|,Statement Opinion
"|How ridiculous.  How utterly, utterly ridiculous.|",Disagreement
|We were very much younger then.|,Statement Non Opinion
|And very much sillier.|,"The dialogical act shown in the text ""And very much sillier."" is **Statement Opinion**.",Statement Opinion
"|As a matter of fact, the real cause of that row was Peter Burden.|",Statement Opinion
"|As a matter of fact, the real cause of that row was Peter Burden.|",Statement Opinion
"|There was nothing in that, you know that.|",Disagreement
|I knew nothing of the sort.  You took presents from him.|,Disagreement
|Presents a trivial little broach.|,Statement Non Opinion
|I remember it well bristling with diamonds in the worst possible taste.|,Statement Opinion
|Not at all.  It was very pretty.  I still have it and I wear it often.|,The dialogical act shown in the text is **Agreement**.,Agreement
|You went out of your way to torture me over Peter Burden.|,The dialogical act shown in the text is **Accusation**. ,Accusation
|You went out of your way to torture me over Peter Burden.|,
|You went out of your way to torture me over Peter Burden.|,"(Note: Since ""Accusation"" isn't listed in your provided options, the closest alternative from your list would be **Statement Opinion**, as it expresses a negative judgment or belief about someone's actions.) ",Statement Opinion
|You went out of your way to torture me over Peter Burden.|,
|You went out of your way to torture me over Peter Burden.|,If strictly constrained to your given choices: **Statement Opinion**.,Statement Opinion
|I did not.  You made the whole thing up in your jealous imagination.|,Disagreement
"|You must admit that he was in love with you, wasn't he?|",Question
"|Just a little perhaps, nothing serious.|",Answer
|You let him kiss you.  You said you did.|,Command
|What of it?|,Question
|What of it?|,Question
|It gave him a lot of pleasure and it didn't hurt me.|,Statement Opinion
|What about me?|,Question
"|If you hadn't been so nosey, you never would have known a thing about it.|",Statement Opinion
"|That's a nice point of view, I must say.|",Statement Opinion
"|Oh, dear.  I'm bored with this conversation.|",Statement Opinion
|So am I.  Bored stiff.  Want some brandy?|,Agreement
|No thanks.|,Acknowledge
"|I'll have some myself, I think.|",Statement Opinion
|I don't see why you want it.  You've already had two glasses.|,Disagreement
|No particular reason.  Anyway they were very small ones.|,Statement Non Opinion
|seems so silly to go on and on and on with such a thing.|,Statement Opinion
|You can hardly call three liquor glasses in the whole evening going on and on and on.|,The dialogical act shown in the text is **Disagreement**.,Disagreement
|It's become a habit with you.|,Statement Opinion
|You needn't be so grand just because you don't happen to want any at the moment.|,Disagreement
"|Oh, don't be so stupid.|",Disagreement
"|Really, Amanda.|","The dialogical act shown in the text ""Really, Amanda."" is **Disagreement**.",Disagreement
|What?|,Question
|Nothing.|,"The dialogical act shown in the text ""Nothing"" is **Acknowledge**.",Acknowledge
"|Going somewhere, my dear?|",Question
|Just making myself fascinating for you.|,Statement Non Opinion
"|Ah, that reply has broken my heart.|",Disagreement
|The woman's job is to allure the man.  Watch me a minute will you.|,"The dialogical act shown in the text is ""Statement Opinion."""
"|As a matter of fact, that's perfectly true.|",Agreement
"|Oh, no it isn't|",Disagreement
"|Yes, it is.|",Agreement
"|Oh, be quiet.|",Command
|It's a pity you don't have anymore brandy.  It might have made you a little less disagreeable.|,Statement Opinion
|It doesn't seem to have worked such wonders with you.|,Disagreement
"|Snap, snap, snap like a little adder.|",Command
|Adders don't snap they sting.|,Statement Non Opinion
|Non-sense they have bags of venom behind their fangs and they snap.|,Disagreement
|They sting.|,Statement Non Opinion
|They snap.|,Command
"|I don't care, okay.  Do you understand?  I don't care.  I don't mind if they bark and roll about like hoops.|",Disagreement
|Did you see much of Peter Burden after our divorce?|,Question
"|Yes, I did quite a lot.|",Answer
|I suppose you let him kiss you a good deal more then.|,Statement Opinion
|Mind your own business.|,Command
"|You must have had a riotous time.  No restraint at all, very enjoyable, you never had much anyhow.|",Statement Opinion
|You're quite insufferable.  I expect it's because you're drunk.|,Disagreement
|I'm not in the least drunk.|,Disagreement
|You always had a weak head.|,"The dialogical act shown in the text ""You always had a weak head."" is **Statement Opinion**.",Statement Opinion
|I think I mentioned once before that I had three minute liquor glasses of brandy the whole evening long.  A child of two couldn't get drunk on that.|,Statement Opinion
"|On, the contrary.  A child of two could get violently drunk on only one glass of brandy.|",Disagreement
|Very interesting and how about a child of six and a child of four and a child of nine.|,Question
"|Oh, shut up.|",Command
"|They'd get up a splendid little debate about that, you know.  Intemperate tots.|",Statement Opinion
"|Not very funny, dear.  You'd better have some more brandy.|",The dialogical act shown in the text is **Disagreement**.,Disagreement
|Very good idea.  I will.|,Agreement
|You'd better turn that off I think.|,Command
|Why?|,Question
|It's very late and it will annoy the people upstairs.|,The dialogical act shown in the text is **Statement Opinion**.,Statement Opinion
|There is no one upstairs.  It's a photographer's studio.|,Statement Non Opinion
|There are people downstairs I suppose.|,Statement Opinion
|They're away in Tunis.|,Statement Non Opinion
|This is no time of year for Tunis.|,Statement Opinion
"|Turn it on again, please.|",Command
|I'll do no such thing.|,Disagreement
|Very well if you insist on being boorish and idiotic.|,Disagreement
|Turn it off.  It's driving me mad.|,Command
|You're far too temperamental.  Try to control yourself.|,Command
|Turn it off.|,Command
"|Go away, go away.  I hate you.|",Command
"|Amanda, listen.|",Command
|Listen? Listen indeed.  I'm sick and tired of listening to you.  You damn sadistic bully.|,The dialogical act shown in the text is **Disagreement**.,Disagreement
|Stop.|,Command
|Very amusing.|,Opinion
"|Stop, stop.  I hate you.  Do you hear?  You're conceited and overbearing and utterly impossible.|","The dialogical act shown in the text is ""Disagreement."""
"|You're a vile tempered, loose living, wicked little beast. And I hope I never see you again as long as I live.|",Disagreement
"|This is the end do you understand?  The end,|",Command
|You're not going like this.|,Command
|finally and forever|,Statement Non Opinion
"|Oh, I am.  Let go of me.|","The dialogical act shown in the text ""Oh, I am. Let go of me."" is **Command**.",Command
|You're not.|,Disagreement
"|Oh, I hate you. It's a good thing that I found out in time what you're really like. Marry you again?  Never, never, never.|",Disagreement
|Shut up.  Shut up. I wouldn't marry you again if you came crawling to me on your bended knees.|,Command
"|You're a mean, evil minded, little tempered witch. I hope to God I never set eyes on you again as long as I live. Whore.|",Disagreement
|I'd rather die in torment. Beast.  Brute.  Calf swine.|,Disagreement
"|Yeah, hi.  Um, look, I -- all I'm trying to do right now is renew my license plate.  That's all.  I just need to get one of those little stickers.|",The dialogical act shown in the text is **Greeting**.,Greeting
|Okay.  What's the problem?|,Question
"|And I've- I've- some lady -- I got in line.  I waited for about two hours um, and, I gave her this form|",The dialogical act shown in the text is: **Statement Non Opinion**,Statement Non Opinion
"|that she gave to me earlier. And she said oh, I gave you the wrong one by accident.  So I was hoping I could just fill out a new one, give it to you and sort of skip this whole line business.|",The dialogical act shown in the text is **Explanation**. ,Explanation
"|that she gave to me earlier. And she said oh, I gave you the wrong one by accident.  So I was hoping I could just fill out a new one, give it to you and sort of skip this whole line business.|",
"|that she gave to me earlier. And she said oh, I gave you the wrong one by accident.  So I was hoping I could just fill out a new one, give it to you and sort of skip this whole line business.|","(Since ""Explanation"" wasn't in your original list, the closest alternative from your options would be **Statement Non Opinion**.)",Statement Non Opinion
"|Okay, um.  Do you have your photo ID with you?|",Question
"|Yes, I do.|",Agreement
|Okay.  This is the wrong form.  I'm sorry.|,The dialogical act shown in the text is: Apology.
"|This is -- okay, then just can I have the form that I need.|",The dialogical act shown in the text is **Question**.,Question
"|I don't have the form.  You're going to have to go get in that line over there and they will give you the right form.  And after you fill it out, you can bring it back to me.|",Command
|Don't you -- you don't have-|,Question
|are you telling me you don't have a stack of them behind the desk?|,Question
|I don't have any of|,Disagreement
|I don't have any of them over here.  You're gonna have to go get in that line over there.  And they will give you a copy of the form.|,Command
"|But you're -- it's the same -- I mean, you can -- like I can't go behind your desk--|",The dialogical act shown in the text is: **Statement Opinion**,Statement Opinion
"|Nope, I don't. I don't have-|",Disagreement
|or I can't go behind there- you can go behind this person's desk and just grab the form. So if you could just do that; that would help me out a lot.|,Command
"|No, I can't. That's-|",Disagreement
|I'm sorry.  You have to do things the way you have to do things here.  We have rules.|,"The dialogical act shown in the text is: **Apology** (for ""I'm sorry"") and **Statement Non Opinion** (for the rest of the sentence). ",Apology
|I'm sorry.  You have to do things the way you have to do things here.  We have rules.|,
|I'm sorry.  You have to do things the way you have to do things here.  We have rules.|,"Since you asked for one word, the primary act is **Apology**.",Apology
"|Look, can you please just-- --make this -- look, I look--|",The dialogical act shown in the text is: **Command**,Command
"|Go get in that-- Sir-- Sir, there are people in line behind you. you need|",The dialogical act shown in the text is **Command**.,Command
|look-- It's  been- it's been two hours.  Can you please just make this easier on me and just go and get the form?  It's not- it's really not|,Command
"|I'm sorry.  I'm sorry you're having a hard time,|",Apology
|but you're gonna have to go get in  that line to|,Command
|What if I pay you money?|,Question
"|Can I pay you money?  Can I give you, like, twenty bucks and you'll go back there and get the form?|",Question
|twenty bucks? Please. Go get in that line over there.|,Command
"|Come on.  Will you please?  I just --I look, I  cannot-- --just if I --|",The dialogical act shown in the text is: **Command**,Command
"|Look, I'm having a really bad day.  I'm off in twenty minutes and I just really don't need this right now, okay.|",Statement Opinion
"|I don't care, well- You're having a bad -- I just waited in line for two hours.|",Disagreement
"|And you're gonna have to go wait again, because that's the line you need.|",Command
|Well I just -- I can't do that right -- can you please just grab the form? All you have to do is grab the form.  I'm not gonna ask anything else of you.|,Command
|I can't do that. It's against our rules. You can go get in that line over there or you can just go ahead and leave and come back another day.  Maybe there will be a shorter line.|,Command
|That's all I- I just- That's all i want you to-|,The dialogical act shown in the text is: **Acknowledge**,Acknowledge
"|Rules, you just have to grab a piece of paper behind from somebody's desk|",Command
|It's not rocket science.|,Disagreement
"|Come -- just, please, just grab the form.  It's right over there.|",Command
|I can't do that.|,Disagreement
|I know it's right over there.|,Statement Non Opinion
|Why are you being such a bitch?|,Question
"|I'm sorry, but I can't do that.|",Apology
"|Please, will you please -- will you please just grab the form?|",Command
|So go get in the other line or leave.  Or I will have you escorted out by security.|,Command
|Would you like to be kicked out of the D.M.V.?  You don't think that'll be a little embarrassing?|,Question
"|Fine, which line is it?|",Command
|The one you just came from.|,Answer
"|Okay, fine.  I'll go over there.  Thanks, a lot.  You've been really helpful.|","The dialogical act shown in the text is ""Sarcasm.""  "
"|Okay, fine.  I'll go over there.  Thanks, a lot.  You've been really helpful.|",
"|Okay, fine.  I'll go over there.  Thanks, a lot.  You've been really helpful.|","(Note: Since ""Sarcasm"" wasn't listed in your original options, the closest alternative from your given choices would be **""Statement Non Opinion.""** However, if you can include ""Sarcasm"" as an option, it would be more accurate.)","""Statement Non Opinion."""
|Yeah.  Thank you.  Have a pleasant day.|,Acknowledge
|There's really -- there's nothing I can do.|,The dialogical act shown in the text is: **Statement Opinion**.,Statement Opinion
|You're just fine with this?|,Disagreement
|There's nothing I --|,Statement Non Opinion
|You're just going to pick up and leave me and our baby and miss a year of our lives?|,The dialogical act shown in the text is: **Question**,Question
"|It's -- look, it's only a year.  It'll go by quickly.  Okay.|",The dialogical act shown in the text is **Statement Opinion**.,Statement Opinion
"|When you get back, think of all of the things that you're going to have missed.|",Command
"|I know, but I'll be back then.  And - and- and we'll have -- we have the rest of our lives.|",Acknowledge
|Don't go.|,Command
|I can't do that.  I have to go.|,Disagreement
"|Do you want to -- do you want to leave us behind?  I mean, I don't understand why you have to do this.|",Question
|I've made a pledge.  I can't not do this at this point.|,Statement Opinion
|I'm not going to stay more than a year.  I've  agreed to a year|,Disagreement
|Then why do you have to go a year at all?|,Question
|Well unagree.  Tell them that you can't leave right now.  I can't do this by myself.  I can't do this without you.|,The dialogical act shown in the text is: **Command**,Command
"|Yes, you can.  Yes, you can.  You know you can.  You're a strong person.|",Agreement
|This is supposed to be a partnership.  We're supposed to do this together. I'm not supposed to be left here to do this by myself while you leave.|,Statement Opinion
|It is. It is. It is. It is. I'm going to write you every day.|,Statement Non Opinion
"|What am I supposed to do, read your letters?|",Question
|What else can we do?  I -- we don't have a choice in this.  Do you understand?  You can't come with me and I can't stay here.  That's all there is to it.|,The dialogical act shown in the text is: **Command**,Command
"|There has to be something.  I mean, we can't just live with this.  It's not -- it just won't work this way.|",Statement Opinion
|We don't have a choice.  I have to do this.|,Statement Opinion
|Just tell them no.|,Command
"|I can't do it.  I'd love to.  I mean, I don't - if you understand, I don't want to stay.|",Disagreement
"|I mean, I don't want to -- I don't want to leave.  I want to stay here with you.|",Statement Opinion
"|Then, can't you please try something?  If you go and ask them and they say no, then I would understand, but you're not even willing to ask.|",Command
|Can't you just make an effort?  Can't you just try?|,Command
|I've asked already.  I can't go back.|,Statement Non Opinion
"|It can't happen.  I have to go.  I want to stay really bad, but I can't.  There's just no -- I don't have an option.|",Disagreement
|When do you leave?|,Question
|Next week.|,Statement Non Opinion
|A week.  You're giving me a week to be okay with this.|,The dialogical act shown in the text is **Disagreement**.,Disagreement
"|You can't make it out like I'm happy about this.  I mean, I didn't -- I didn't want to put you in this situation.|",Statement Opinion
|Well it doesn't seem like you're that bothered by it.|,Statement Opinion
"|I am.  I mean, I don't know.  I don't know what else to tell -- you know, I mean, I can tell you.  I don't know what else to do. I mean, I've been forced into this situation.|",The dialogical act shown in the text is **Statement Opinion**.,Statement Opinion
"|If you really cared so much, you'd find a way out.|",Disagreement
|There's nothing I can do.  I-- I|,Apology
"|Fine, fine.  We have to be together.  If you can't stay here, then I'll go with you.  I don't care where you go.  We'll go, too.  I'm not staying behind.|",Agreement
|They won't let you come along.  It's not going to happen.|,Disagreement
"|It's a free world.  I can go where I want.  Wherever you are, that's where we're going to go.|",Statement Opinion
|Are you kidding? Please don't be difficult about this.|,The dialogical act shown in the text is **Command**.,Command
|Difficult.  You're leaving for a year. We have a newborn child and you're leaving.  I don't think I'm being difficult.|,The dialogical act shown in the text is **Disagreement**.,Disagreement
|[BREATHING]|,Others
"|I'm finding a way to make it work.  And I will go wherever you go.  Whatever I have to do, I will make this work.|",Statement Opinion
"|Look, I--|","The dialogical act shown in the text ""Look, I--"" is **Acknowledge**.",Acknowledge
|You're not really giving me a lot of options.|,Disagreement
|Where I'm going is not the safest place on the earth.  Okay.|,The dialogical acts shown in the given text are:
|Where I'm going is not the safest place on the earth.  Okay.|,
|Where I'm going is not the safest place on the earth.  Okay.|,"1. ""Where I'm going is not the safest place on the earth."" - **Statement Opinion**",Statement Opinion
|Where I'm going is not the safest place on the earth.  Okay.|,"2. ""Okay."" - **Acknowledge**",Acknowledge
|But I'm supposed to be okay with you going there.|,Statement Opinion
|But I've been trained.  You have no training.|,Disagreement
|I'm not going to stay here and wait.|,Disagreement
|You have to.  Do you understand me?  You have to.|,Command
|I can't do it.|,Disagreement
"|Well I guess we're at a stalemate then, aren't we?|",Disagreement
"|So, um, well, I just -- I kind of wanted to, you know, tell you that I'm actually -- I proposed to Kate and we're going to get married.|",Statement Opinion
"|Oh, my God.  Congratulations.|",Acknowledge
"|Yeah, it's pretty amazing, huh?|",Agreement
|I can't -- how did you do it?  What happened?|,Question
|[LAUGHTER] Well you paint a romantic picture.|,Statement Opinion
"|Well I didn't want it to be like cheesy, you know.|",Statement Opinion
|Did she cry?|,Question
"|She didn't cry, but she was laughing a lot and it was very exciting, so...|",Statement Non Opinion
"|Oh, my God.  How long have you been planning on doing this?|",Question
"|Honestly, it was kind of quickly.  It was actually only in the past couple months.|",Statement Opinion
|I can't believe this.  You're getting married. It's crazy!|,Statement Opinion
"|Yeah. Yeah. So- I know.  I know. I know.  It's weird 'cause it's like the beginning of the rest of my life, you know.|",Backchannel
"|Yeah, it is.|",Agreement
"|But uh- no, I mean, you know.  You know, I really want you to like, you know, sort of|",The dialogical act shown in the text is **Backchannel**.,Backchannel
"|help Kate out with like planning stuff. I mean, if you want to.  I mean, you guys are good friends anyway so I figured, you know, if you guys want to like -- I mean, you know, I'm sure you enjoy that kind of thing.|",Command
"|Yeah, I would love to. Thanks. [LAUGHTER]|",Agreement
|Okay. Well there you go.|,Acknowledge
"|Oh, my God, where -- have you guys talked about where you're going to get married or--|",Question
|I think we're going to -- we're going to -- we want to do it in Hawaii and just fly everybody in.|,Statement Opinion
"|Oh, my God.|","The dialogical act shown in the text ""Oh, my God."" is: **Acknowledge**.",Acknowledge
"|I just -- 'cause, I mean, Hawaii just has like the best fruit buffets.  And so I'm just going to say forget, you know, all like kind of meats and all that stuff.|",Statement Opinion
"|It's just going to be like a all fruit--fruit buffet wedding, plus a cake.|",Statement Non Opinion
|Are you going to get married like on the beach barefoot or like fancier?  Like in a church.|,Question
|Barefoot?|,Statement Non Opinion
|Well I don't know.  Throwing it out there.|,Disagreement
"|Um, no, no, no.  It'll be in like a park near the beach.|",Disagreement
|Okay.|,Acknowledge
|Yeah.  But I'm really excited.  So and everybody's going to come out and it'll be a great time.  And--|,The dialogical act shown in the text is: **Statement Opinion**,Statement Opinion
"|Are you going to have a big wedding or like keep it really small like just, you know, family and really close friends?  Or, I mean--|",Question
"|It'll be kind of small, but not, you know, not tiny, you know.  I want to have, you know, as many people as we can afford to fly out to Hawaii and put up there for--|",Statement Opinion
|It's so exciting.  What's the ring look like?|,Question  
|It's so exciting.  What's the ring look like?|,Statement Opinion
|It's big and shiny.  I don't know.  It's silver and--|,Statement Opinion
|Big and shiny.  You're such a guy. [LAUGHTER]|,Statement Opinion
"|Yeah, I don't know. [LAUGHTER] But, yeah, so anyway -- well I wanted to tell you that, you know, 'cause you're one of my good friends and you're Kate's- one of her best friends and-|",The dialogical act shown in the text is: **Acknowledge**,Acknowledge
|I'm so excited for you. That's great. I'm so-|,The dialogical act shown in the text is: **Acknowledge**,Acknowledge
"|Yeah, yeah. She was actually -- she was going to tell you but I told her that I wanted to tell you and she had to work today anyway, so I decided to-|",The dialogical act shown in the text is **Acknowledge**.,Acknowledge
|Well I'm glad you told me.|,Acknowledge
"|Yeah, yeah.|",Backchannel
|It's fantastic.  I -- congratulations. It's amazing.|,Statement Opinion
"|Thank you.  I'm really -- I'm really excited.  And it's -- I don't know, it's like a little -- it's like a little scary, 'cause I'm like, ah, you know, it's the first time I've ever done anything like this.|",Acknowledge
"|But, you know, it's like I really love her and I really just -- I can't imagine spending my life with anybody else but her.  So, you know, it's like I know that's the right thing.  And if you have to, you know, if you have to question that, you know, don't- don't do it.  So we're going to do it.|",Statement Opinion
"|And it's going to -- the -- you know, I told her that I just -- I want the color brown to be as an integral in the wedding.  And, um, maybe some greens and blues.|",Statement Opinion
|And how did she feel about that?|,Question
|She's okay with it.|,Statement Opinion
|Well that's good.  It'll be a great wedding.  You're willing to compromise on things.|,The dialogical act shown in the text is **Agreement**.,Agreement
"|Exactly, exactly, exactly.  So--|","The dialogical act shown in the text ""Exactly, exactly, exactly. So--"" is **Backchannel**.",Backchannel
|She's going to let you have say in the wedding choices?  That's pretty impressive. Very forward-thinking woman. [LAUGHTER]|,Statement Opinion
"|Well, I mean I just told her--Well I just said, you know, hey, these are my suggestions.|",Statement Opinion
|And brown.|,Statement Non Opinion
|All fruit and the color brown. Just that. That's all- that's my only request.|,Command
|This is why men don't plan weddings. [LAUGHTER]|,Statement Opinion
|Yeah.  Well maybe--maybe you're right. Maybe there's something to that.|,Agreement
|All fruit and brown. [LAUGHTER]|,Statement Non Opinion
"|So, um, anyway, do you want to order now?   So, um I mean--|",Question
"|Oh, man, I just -- I don't know what to do.  I don't know what to do.  It's like every job, you know, I go to; every job I apply to,|",Statement Opinion
"|I-I'm not kidding.  I've tried everything.  Like I've gone to every business and local, you know,|",The dialogical act shown in the text is: **Statement Opinion**,Statement Opinion
"|local business in- in the area and I can't- I can't get anything.  Like, nobody -|",Frustration
|What about like a temp agency?|,Question
"|Yeah, I tried that.  And there was like, yeah, like I did like one thing once.  But, like, that's not -- it doesn't last very long.  And it's not enough to live on.|",Acknowledge
"|Right, but you have -- I mean, you have to keep on them.  You have to keep calling and reminding them that you're still looking and|",The dialogical act shown in the text is **Command**.,Command
"|I mean, you have to be really aggressive about it.|",Command
"|Yeah, I do.  I do.  You don't understand.|",Agreement
|I- You don't understand. I don't have a job.  All- My job is to look for a job.  I don't do anything else.|,Disagreement
"|No, no, no, no, no.  I can't- I can't do that.  I can't, I- because if I'm not- if I'm not- if I'm not doing something that I love, then I can't -- I can't- I mean it's- what's the point?|",Disagreement
"|Well then you're choosing to be unemployed, really.|",Disagreement
|I'm not choosing. I'm not-|,Disagreement
"|If you're not willing to try and work with it and find something and, you know, I mean, there are things you could do.|",Statement Opinion
"|No, but I'm try- but like all the things that I-it's like I apply to all these places and none of them|",The dialogical act shown in the text is **Disagreement**.,Disagreement
"|-- I mean, I don't understand.  It's like -- I mean, I feel like I'm qualified enough.  I just don't understand.  Like, I mean, it's just like a matter of circumstance, but it's been three years, you know, three years.|",Statement Opinion
"|Well maybe, you know, your luck it is just down and the market for your particular field is down and maybe you just need to look into doing something else for a while.|",Opinion
|This is stupid.|,Statement Opinion
"|I mean, I'm not saying that you should, you know--|",The dialogical act shown in the text is: **Statement Opinion**,Statement Opinion
"|You know what, this is your fault.|",Disagreement
|Excuse me?|,Question
|It's your fault 'cause -cause you always told me to- to do this and I did that instead.  And I didn't take your advice and - and- but you sort of were like were telling--|,The dialogical act shown in the text is: **Disagreement**,Disagreement
|It's my fault 'cause you didn't do what I told you to?|,Apology
"|Yeah, exactly.|",Agreement
|Well that sounds like your fault.|,Disagreement
|Yeah.|,Acknowledge
|You didn't do what I told you to do.|,Disagreement
|That's 'cause you always tell me to do the wrong thing.  And I thought this time it was -- I was gonna be right by going with the opposite thing. So it's your fault because|,The dialogical act shown in the text is **Disagreement**.,Disagreement
"|-because you were always wrong and-and-and this time you were right. And-and I didn't -- yeah, that's why.|",The dialogical act shown in the text is: **Disagreement**,Disagreement
|That's amazing logic that you managed to turn that around and make it my fault.|,Disagreement
"|Well, I mean, it makes sense, doesn't it, hmm?|",Statement Opinion
|I think maybe you can't get employed because you aren't willing to take responsibility for your own actions.|,Statement Opinion
|That's not true.  I take responsibility for my own actions.|,Disagreement
|Really?  Whose fault is it you don't have a job?|,Disagreement
|Yours.  I don't--|,Acknowledge
|[LAUGHTER]|,Backchannel
"|You see what you just did there, though?|",Question
"|I had- No, I don't.  I'm sorry.  I just totally screwed this one up.  You can stop it I guess.|",Apology
|Just arrived from London--|,Statement Non Opinion
|Mmhmm.|,Backchannel
|Right.|,Acknowledge
"|lost my luggage. I didn't lose it. No, it's not like I left it somewhere and somebody took it.|",The dialogical act shown in the text is **Disagreement**.,Disagreement
"|Oh, oh, you didn't.|","The dialogical act shown in the text ""Oh, oh, you didn't."" is **Disagreement**.",Disagreement
|I thought you lost your luggage.|,Statement Opinion
"|And he told me to come to this desk here so I can, uh, at least get, uh, the hundred- hundred and fifty dollars that- that I'm owed for my loss.|",Statement Opinion
|Cause that's roughly how much the bag plus all its contents was worth.|,Statement Non Opinion
"|Uh. Okay.  I -- first of all, I'm very sorry you lost your bag.|",Apology
"|Um, but, actually, our policy is a fifty dollar|",The dialogical act shown in the text is: **Statement Non Opinion**,Statement Non Opinion
|fifty dollars?|,Question
|refund--coverage of the bag that was lost. yes|,Answer
"|I don't but the thing is, I don't care about your policy.|",Disagreement
|You understand?|,Question
"|What I want you to do is I want you to write three of those, as if I were three people.  Okay.  You can write -- you can just put my name on all --|",The dialogical act shown in the text is: **Command**,Command
|I can't do that.|,Disagreement
|But what I'm telling you is that's what you're going to do.|,Command
"|Uh, no, actually, no I'm not.|",Disagreement
"|No, no, because, look, I don't care what your policy says.  I mean--|",Disagreement
|I'm very sorry.  I understand you're frustrated. You just got off of a flight.|,Apology
|We'll cover fifty.|,Command
|No.  No.  No.  What I need you to do -- I need you to write checks for -- I need you to write three of them. That'll be satisfactory.|,Command
|We only cover fifty do-|,Command
"|Just -- you can fill out the form--We can fill out - no, no, no, we can fill out the form three times.|",The dialogical act shown in the text is: **Command**,Command
|We only cover fifty dollars worth of lost items.|,Statement Non Opinion
|And then that'll be that. It's going to be fine. Just-|,Statement Opinion
"|I'm going to get very upset.  Like, I mean, I'm- I'm upset right now but I'm going to get really upset if you- if you don't do the check thing.|",Statement Opinion
|I'm very sorry.|,Apology
|I'm very sorry.  I understand you're upset.  You just got off a long flight.|,Apology
"|You don't understand. You don't understand, actually.  You don't understand because it was my luggage that was lost.  Okay.|",Disagreement
"|Yeah.  If it was yours, but it's not. It's mine.  Okay. So just--|",The dialogical act shown in the text is **Disagreement**.,Disagreement
|But it's not.  It's yours.  I understand.|,The dialogical act shown in the text is **Disagreement**.,Disagreement
|I know.  We want to work with you.  We will give you the fifty dollars but I'm--|,The dialogical act shown in the text is **Agreement**.,Agreement
"|No, it's not going to be -- but it's not going to be fifty, it's going to be a hundred and fifty.  You're going to write three, you understand, three of- of the forms.  You're going to write three of them out and then give it to me.|",The dialogical act shown in the text is: **Command**,Command
"|Yeah, we don't do that.  I can go ahead and send you--|",Disagreement
|You- you- you- you're misunderstanding me.  You're going to do that.|,The dialogical act shown in the text is **Disagreement**.,Disagreement
"|We will definitely keep an eye out for your bag. We will try to find it.  We will, you know, fill out the form for missing items.|",The dialogical act shown in the text is: **Statement Non Opinion**,Statement Non Opinion
"|Look, can I just -- can I speak to your manager, please?  'Cause I- I really -- I don't, um -- I mean, I just don't want to deal with -- I know that -- I mean, I know this isn't your fault,|",Command
|No one can make the three check thing happen 'cause we don't do that.|,Statement Opinion
|I can write you the one check.|,Statement Non Opinion
|but I need to speak to somebody who can make the three check thing happen.|,Command
|All- all that my supervisor could do is the exact same thing that I'm offering to do.|,Statement Opinion
"|But what I'm talk -- but I'm just,just- please let me--|",The dialogical act shown in the text is: **Command**,Command
|But if I could just speak directly -- if I could just speak directly to your-- to your superior person|,Command
"|I'd be happy to give you a cup of coffee, too.|",Offer
|We'll just throw that in--gratuitously.|,The dialogical act shown in the text is **Statement Non Opinion**.,Statement Non Opinion
|then that would be helpful to me because I just feel like if- you don't think you have the power to write three checks but you actually do. see?|,Statement Opinion
"|No, I don't. See, I could lose my job if I did that.|",Disagreement
|But your job is not my concern. My concern is getting my luggage.|,Statement Opinion
|And your bag is not my concern.|,Disagreement
|The fifty dollars I'm going to give you for your bag is really all I'm concerned with.|,Statement Opinion
"|Look, I don't -- look, can we just not argue about this.  Like--|",Apology
|I'm more than happy to not argue about it.  I will give you your fifty dollar certificate.|,Agreement
|You can go ahead and go fill out the form. We'll look for your bag.|,Command
|So what if- what if we- what if we do three forms|,Question
|with different names on them? That-|,Question
|Then that would be lying.|,Disagreement
"|but, no. See, 'cause|",Disagreement
|if we have three forms then I can get the hundred and fifty.|,Answer
|I'm sorry.  We can only issue one fifty dollar certificate to cover the lost bag for one person.|,Apology
"|Just please, will you please just work with me here? Just -- all I'm asking you to do is just work with me. I know -- I know that you get lots of people all day long who give you shit, give you crap, but|",The dialogical act shown in the text is **Command**.,Command
"|I understand you're frustrated, but--|",Acknowledge
"|um, you know, I -- this is my bag and I need the hundred and fifty dollars. Please.|",The dialogical act shown in the text is: **Command**,Command
|I know. I understand it's personal-- It's personal to you. I get that.|,Acknowledge
|Please.|,Command
"|But if you want to just sit down, you know, maybe have a cup of tea, calm down a little bit, we'll go ahead and we'll do what we can for you. you okey|",Command
"|I'm already calm. Okay, I'm calm. I'm calm.|","The dialogical act shown in the text is **""Acknowledge""**.","""Acknowledge"""
"|Just all I need you to do is just fill out three forms and I'll leave you alone forever, forever.  I'll never -- we'll never see each other again.|",Command
"|And I'm looking forward to that.  However, I can't do that. I would lose my job.|",Statement Opinion
|But that's not going to-- But you don't understand. You're looking forward to never seeing me again.|,Disagreement
"|Oh, yes.|",Acknowledge
|But never seeing me again is not going to happen until you give me the three checks.|,Command
"|I'm sorry, really.  But--|",Apology
|I don't -- I'm not- I'm not convinced.|,Disagreement
|That I'm sorry?|,Apology
"|Yeah.  If you were really sorry, you'd give me the three checks.|",The dialogical act shown in the text is **Disagreement**.,Disagreement
"|So why don't we just do that and stop this nonsense, hmm?  Hmm?|",Command
"|Hey, how you doing?|",Greeting
"|I know- I know there's nothing I can say that will really help, but--|",Acknowledge
"|I know.  I just -- I don't know.  It's just weird because you have somebody who's, you know,|",The dialogical act shown in the text is **Statement Opinion**.,Statement Opinion
|a major part of your life and then they're gone.  And I don't know.  That's not really -- it's never really happened to me before.|,Statement Opinion
"|But, I'm here if there's anything you need.  I mean, you just have to ask.  I know --|",Offer
|Thanks.|,Acknowledge
|--it doesn't really do anything.  But--|,Disagreement
|I just -- it's just not fair.|,Statement Opinion
|I know.  It never is.|,Acknowledge
|feel the same way everybody else does.|,Statement Opinion
"|I mean, what do you want to do?  Do you want to- do you want to talk about it?  Do you-|",Question
"|[BREATHING] I mean, there's nothing really to talk about.  He's gone and I'll never see him again.|",Statement Opinion
"|Well I know it's not a lot of help or anything, but at least you got to know him.  I mean, at least you had the time with him that you did.|","The dialogical act shown in the text is **""Acknowledge""**.","""Acknowledge"""
|Yeah.|,Acknowledge
"|I mean, we can be grateful for that.|",Statement Opinion
"|Yeah, I don't know.  Sometimes I wish I didn't know him.  So I wouldn't--|",Statement Opinion
|This is just -- this is a terrible life.  I just don't understand.|,Statement Opinion
"|Just life, in general?|",Question
"|I mean, it's just not fair.  Like, I don't know.  Why people -|",Statement Opinion
"|there should just be some sort of rule that people don't die until they're older, 'cause then, at least, it's expected.|",Statement Opinion
"|I agree.  If I knew how to make that happen, I would certainly help you.|",Agreement
|I don't know what to do.|,Statement Opinion
"|When's the service? Can- can we help?  Is there anything, I mean--|",Question
"|I mean, you- you can go.  I don't know.  I don't know what else.|",Statement Opinion
|I hope it rains.  Somehow that'll make me feel more comfortable.|,Statement Opinion
"|Seems like if the whole world's sad, then it's okay for you to be.|",Statement Opinion
|Yeah.|,Acknowledge
|I just wish there was some way to just bring him back to life magically.|,Statement Opinion
|I know.|,Acknowledge
"|Just, you know, some thing; some genie. I need to find a genie bottle.|",Statement Opinion
"|I don't have any magic answers.  But,|",Statement Opinion
"|I mean, as- as cliche as it is, as long as people who loved him remember him, then it's not a waste, you know.|",Statement Opinion
|I know.|,Acknowledge
"|Alright, so you're not going to believe this.  But I went home today. I looked through the mail.  And I got an acceptance letter from U.S.C..|",Statement Non Opinion
|Really?|,"The dialogical act shown in the text ""Really?"" is **Question**.",Question
"|Yeah, yeah.|",Backchannel
|I didn't even|,Disagreement
|it's a really good school.  So|,Statement Opinion
"|Um, um- yeah, I'm just -- I'm really excited 'cause I don't know.  It's like a whole -- I mean, it's just like, I've been really -- I wanted to go there ever since I was a kid.  So now I actually am and it's awesome.  It's a really nice campus.  Oh, you've been there.|",Statement Opinion
"|That's amazing.  I've seen it on TV. Um, Wow.  I mean, well what are you going to major in?  What are you going to do?|",The dialogical act shown in the text is: **Question**,Question
"|Um, I'm thinking a history and geology minor.|",Statement Opinion
|Wow.|,"The dialogical act shown in the text ""Wow."" is:  "
|Wow.|,
|Wow.|,**Acknowledge**,Acknowledge
|Yeah.|,Acknowledge
|Yes.|,"The dialogical act shown in the text ""Yes."" is **Agreement**.",Agreement
"|And, uh-|","The dialogical act shown in the text ""And, uh-"" is **Backchannel**.",Backchannel
|Is U.S.C. known for its history program?|,Question
"|Um, you know, I don't think so.  But I think that, you know, it's still a private school|",Disagreement
"|and right you know it's still- and then, you know, I mean-|",Backchannel
|I know.  It's a great school and you know|,Acknowledge
"|So -- and like the geology just is awesome.  It rocks, no pun intended. [LAUGHTER]|",Statement Opinion
"|Oh, you did not just say that.|","The dialogical act shown in the text ""Oh, you did not just say that."" is **Disagreement**.",Disagreement
"|Um, but, uh- anyway -- yeah, so that's awesome, though, because you live here and then we're not going to be separated by me going to some other school|",The dialogical act shown in the text is: **Backchannel**,Backchannel
|I know.  You're going to be so close.|,Acknowledge
"|And, uh, it's just really exciting.  I- You know, I'm -- just I want to- I want to share this special happy moment with you. It's awesome|",Statement Opinion
|I'm glad you did.|,Agreement
|So um|,Backchannel
"|That's great.  I mean, I'm really glad you're not going to go anywhere.  You'll still be here.|",Agreement
"|Yeah, yeah, yeah.  We're only going to be like twenty minutes apart.|",The dialogical act shown in the text is: **Agreement**,Agreement
|Give or take. [LAUGHTER]|,Command
"|But, uh, yeah, so I'm really excited. I can't wait- can't wait to go.  I have to go to orientation,|",The dialogical act shown in the text is: **Statement Opinion**,Statement Opinion
|Well congratulations.|,Statement Non Opinion
"|umm, and I'm going to check out school and get, you know, check out the courses|",Statement Non Opinion
|find out all this stuff.  And- and I don't know.  I think I'm going to try to live in a dorm.|,The dialogical act shown in the text is: **Statement Opinion**. ,Statement Opinion
|find out all this stuff.  And- and I don't know.  I think I'm going to try to live in a dorm.|,
|find out all this stuff.  And- and I don't know.  I think I'm going to try to live in a dorm.|,"(Specifically, ""I think I'm going to try to live in a dorm"" expresses an opinion, while the rest of the utterance is a mix of fragmented thoughts, but the dominant act is the opinion statement.)"
|Yeah.|,Acknowledge
"|Cause, you know, it's like you get to know a lot of people in the dorms and.|",Statement Opinion
"|Yeah, and then you got that whole communal shower thing which is really appealing.|",Opinion
|Well I'll have flip flops for that.  That's not  some- It's not a problem.|,Statement Opinion
"|Okay. Well, that's a good plan. Shower shoes. Two thumbs up.|",Agreement
"|Yeah, yeah.  But um, so, yeah.  So it's pretty sweet, huh?  You should go there, too.|",The dialogical act shown in the text is: **Backchannel**,Backchannel
|Wow. I- I was looking at U.C.L.A.|,Statement Non Opinion
"|Ouch.  That's, um -- oh, wow.|",The dialogical act shown in the text is **Acknowledge**.,Acknowledge
"|But, congrats on the U.S.C. thing.|",Acknowledge
"|No, no, I mean, I didn't know -- I didn't know that about you. Um, I feel like --|",Disagreement
"|The -- what, the- I mean--|","The dialogical act shown in the text ""The -- what, the- I mean--"" is **Backchannel**.",Backchannel
"|No, I'm just messing with you. I mean, I'm not going to, you know, I mean, I'm not even really a football fan anyway.  So or- or a basketball-|",Disagreement
"|You're not going to -- you're going to go to games, though, right? I mean, you can't go to U.S.C. and not go to a football game.|",Question
|No. Football's boring.|,Disagreement
"|Just one game, though?  I mean, for the experience.  I mean, you don't have to go to all of the games but you gotta go to a game.|",Question
|I'll go to basketball games.|,Statement Non Opinion
"|Okay.  Well that's cool, too, but like--|",The dialogical act shown in the text is **Backchannel**.,Backchannel
|Maybe some golf matches.|,"The dialogical act shown in the text ""Maybe some golf matches."" is **Statement Opinion**.",Statement Opinion
"|Wow, you are a winner and a half. [LAUGHTER]|",Statement Opinion
|Do they even have any golf matches? I don't even know.|,Question
|I don't know.  Do they have golf?  Do they have- Does U.S.C. have a -- I don't know if they have a golf team.|,Question
|I don't know. Women's volleyball.|,"The dialogical act shown in the text ""I don't know. Women's volleyball."" is **Statement Non Opinion**.",Statement Non Opinion
"|That I'll go to.  Definitely go to women's volleyball.  Women's volleyball, swimming, tennis.|",Statement Opinion
|Basically anything women do.|,Statement Opinion
"|And then men's basketball.  And -- oh, well not women's basketball.|",Statement Non Opinion
|You have to go to a football game.  Come on.|,Command
"|No, I'm not going to go to a football game.|",Disagreement
"|Paint some red and yellow S C on your face. And like get one of those big you know, number one hand things.|",Command
|Forget it. Forget it. Forget it. No way.|,Disagreement
|Maybe one of those megaphones. Pompom.|,Statement Opinion
|I do -- I will need to get a gun-|,Command
"|There are cheerleaders at football games.  That's girls, scantily clad sexy girls.|",Statement Opinion
|You've got a point there.|,Agreement
|I know.|,Acknowledge
|I'll take that in consideration.  Alright.|,Acknowledge
|I'm just -- I'm watching your back.|,Command
"|Okay.  Um, but, no, I, uh, I do need to get a gun soon, though, 'cause I mean|",The dialogical act shown in the text is **Statement Opinion**.,Statement Opinion
|Excuse me?|,Question
|I need to get like a -- just a small little gun just 'cause -- or like a taser or something or just like a butterfly knife|,Command
|No.|,Disagreement
"|cause, you know, I mean, it's like If I ever want to go south of campus|",Backchannel
|Well just don't go south of campus.  Don't get a gun. That's stupid. I mean-|,Command
|Well I need to defend myself from|,"The dialogical act shown in the text ""Well I need to defend myself from"" is **Statement Opinion**.",Statement Opinion
|Why don't you take kung fu?|,Question
|Thank you for calling Sprint.  We care about everybody.  How can I help you?|,The dialogical act shown in the text is: **Greeting**.,Greeting
|I'm positive.  They came from like another state.|,Statement Opinion
"|Can I get your phone number, please?|",Question
"|Uh. Yeah, I just gave it to the automated thing like five times.|",Acknowledge
|Okay.|,Acknowledge
"|Okay, cool.|","The dialogical act shown in the text ""Okay, cool."" is **Acknowledge**.",Acknowledge
"|Umm, Miss Aruckman|","The dialogical act shown in the text ""Umm, Miss Aruckman"" is **Backchannel**.",Backchannel
|Yes.|,"The dialogical act shown in the text ""Yes."" is **Agreement**.",Agreement
|I am seeing the two hundred dollar charge.|,Statement Non Opinion
"|take off the charges that came from like Nebraska or wherever because, obviously, I didn't make those.|",Command
|So can you please refund the mischarged charges|,The dialogical act shown in the text is **Command**.,Command
|So you're saying that you didn't make these calls.|,Question
|I did not make the calls from B.F.E. Nebraska.|,Statement Non Opinion
"|Well I mean, I'm supposed to use discretion in the situation and, um--|",Statement Opinion
|So could you discretion it back?|,Question
|All I can do for you right now is give you a hundred dollars.|,Statement Non Opinion
|of the money that I was charged that I didn't make those calls.|,The dialogical act shown in the text is **Statement Opinion**.,Statement Opinion
|What I can do for you is give you a hundred dollars right now and fill out complaint form|,The dialogical act shown in the text is **Offer**. ,Offer
|What I can do for you is give you a hundred dollars right now and fill out complaint form|,
|What I can do for you is give you a hundred dollars right now and fill out complaint form|,"(Note: Since ""Offer"" wasn't one of the provided options, the closest match from the given list would be **Statement Non Opinion**, as it presents a factual proposal rather than an opinion or other act.)",Statement Non Opinion
|which you- which you'll have to go into a local Verizon dealer--  or Sprint.|,Question
"|Okay, no, look, I- I- I- I'm really -- I'm trying to be patient.  I know this isn't your fault.  I know that you didn't do it|",The dialogical act shown in the text is **Apology**.,Apology
"|but, at the same time, I have been through an hour of little robot voices telling me what I needed to do.|",Disagreement
"|Ma'am, I understand that.|",Acknowledge
|And I did everything they said.  And now i'm talking to you and you're supposed to put the money back on my account because I didn't make the calls and I'm really tired of dealing with this because I didn't even|,The dialogical act shown in the text is **Statement Opinion**.,Statement Opinion
"|Ma'am, I - I - I understand that. I understand that. What I can do for you right now is what I'm telling you is that I can do- I can give you a hundred dollars back and then you'll have to fill out a complaint form and then you'll get -- there'll be some investigation. Some men will show up at your house and go through your things.|",The dialogical act shown in the text is **Answer**.,Answer
|Excuse me?|,Apology
|A few weeks.  You won't even know that they were there.|,Statement Non Opinion
|I have to wait a few weeks for people come go through my things to get the money back that I didn't spend?|,Statement Non Opinion
"|Okay.  You know what?  I just don't feel like doing this anymore.  Um, you can have all the money back, two hundred dollar, right now.|",The dialogical act shown in the text is **Statement Opinion**.,Statement Opinion
|Really?|,Backchannel
"|Yeah.  That's fine.  I just -- that's fine. Yeah, I mean, it doesn't make any difference to me.  I mean, it's not like it's going to cost my job or anything.|",Agreement
|You're just going to put it back on my account.|,Statement Non Opinion
"|I mean, technically, that's policy.  But, like, I mean, I don't really care about -- nobody really cares about policy here.|",Statement Opinion
|So you're just going to take care of this for me?|,Question
|Sure.|,Acknowledge
"|Oh, my God, thank you so much.|",Acknowledge
|You're welcome.|,Acknowledge
|make my life a lot easier.|,Command
"|You know, so- I mean, are you doing anything later?  Or um|",Question
|Really?|,Question
"|Oh, I don't know.  I mean, I don't know.  I just thought, you know, maybe you want to get some co--I mean, I'm actually -- wait, where do you live?  Oh, you're in Los Angeles, I see.  Oh, no, that sucks 'cause I'm in, actually in Alabama.|",The dialogical act shown in the text is: **Statement Opinion**,Statement Opinion
"|Right. Um, Thanks for asking, though. I mean, you sound nice, you know.|",The dialogical act shown in the text is **Acknowledge**.,Acknowledge
"|God, that's like a whole problem with like-- But, no, I mean, hey-- if you ever|",The dialogical act shown in the text is: **Statement Opinion**,Statement Opinion
"|if you ever come out to Montgomery, I mean, you know, just -- just call up, you know, call up the operator and I'll-- I'll be here. So, um.|",Command
|I'll|,"The dialogical act shown in the text ""I'll"" is **Statement Non Opinion**.",Statement Non Opinion
"|call up the Sprint call center and, uh, you know. cool|",Command
"|Wow, alright. Well, thanks. And, uh, you- you have a good one.|",The dialogical act shown in the text is: **Acknowledge**,Acknowledge
|Alright. Take Care.|,Command
|You too.|,"The dialogical act shown in the text ""You too."" is **Acknowledge**.",Acknowledge
|What's he going to say?  Maybe we ought to tell him before he sees it.|,Question
|He was out here when it broke.|,Statement Non Opinion
|When?|,Question
|About four this morning.  I heard it cracking and I woke up and looked out.  He was standing right there when it cracked.|,The dialogical act shown in the text is **Statement Non Opinion**.,Statement Non Opinion
|Did you talk to him?|,Question
|No.  I - I figured the best thing was to leave him alone.|,Disagreement
|He cried hard?|,Question
|I heard him right through the floor of my room.|,Statement Non Opinion
|What was he doing out here at that hour?  He's dreaming about him again.  He's walking around at night.|,The dialogical acts in the given text are:
|What was he doing out here at that hour?  He's dreaming about him again.  He's walking around at night.|,
|What was he doing out here at that hour?  He's dreaming about him again.  He's walking around at night.|,"1. ""What was he doing out here at that hour?"" - **Question**",Question
|What was he doing out here at that hour?  He's dreaming about him again.  He's walking around at night.|,"2. ""He's dreaming about him again."" - **Statement Non Opinion**",Statement Non Opinion
|What was he doing out here at that hour?  He's dreaming about him again.  He's walking around at night.|,"3. ""He's walking around at night."" - **Statement Non Opinion**",Statement Non Opinion
"|I don't know the meaning of it, mom.  But I know one thing; we made a terrible mistake with dad.|",Statement Opinion
|What?|,Question
|Being dishonest with him.  That kind of thing always pays off and now it's paying off.|,Statement Opinion
"|What do you mean, dishonest?|",Question
|You know that Larry's not coming back.  And I know it.  Why do we allow him to go on thinking that we believe with him?|,The dialogical act shown in the text is **Disagreement**.,Disagreement
|What do you want to do?  Argue with him?|,Question
|I don't want to argue with him but it's time he realized that nobody believes Larry's alive anymore.|,Statement Opinion
|You can't say that to him.|,Disagreement
|We've gotta say it to him.|,Command
|How are you going to prove it?  Can you prove it?|,Question
"|For God's sake, three years.  Nobody comes back after three years.  It's insane.|",Statement Opinion
"|To you it is and to me, but not to him.  You can talk yourself blue in the face, but there's no body and no grave, so where are you?|",Disagreement
"|Sit down, mom.  I want to talk to you.|",Command
"|The trouble is the Goddamn newspapers.  Every month some boy turns up from nowhere, so the next boy is going to be Larry.  So we have to keep--|",Statement Opinion
"|Alright, alright, alright.  Listen.  You know why I asked Annie here don't you?|",The dialogical act shown in the text is **Command**.,Command
|Why?|,Question
|Going to ask her to marry me.|,Statement Non Opinion
"|Well that's only your business, Chris.|",Disagreement
|You know it's not only my business.|,Statement Opinion
|What do you want me to do?  You're old enough to know your own mind.|,Command
|Then it's alright.  I'll go ahead with it?|,Agreement
|Well you want to make sure your father isn't going to have --|,Command
"|Well, then you know it's not only my business.|",Statement Opinion
|I'm just saying.|,Statement Non Opinion
"|Sometimes you infuriate me, you know that?  Isn't it your business, too, if I tell this to father and he throws a fit about it?  You have such a talent for ignoring things.|",The dialogical act shown in the text is **Statement Opinion**.,Statement Opinion
|I ignore what I got to ignore.  The girl is Larry's girl.|,Statement Opinion
|She's not Larry's girl.|,Statement Non Opinion
|Now what can I do for you?|,Question
"|I don't know why it is but every time I reach out for something I want, I have to pull back because other people will suffer.  My whole bloody life, time after time after time.|",Statement Opinion
|You're a considerate fellow.  There's nothing wrong in that.|,Statement Opinion
|To hell with that.|,Disagreement
|Did you ask Annie yet?|,Question
|I wanted to get this settled first.|,Statement Non Opinion
|How do you know she'll marry you?  Maybe she feels the same way father does.|,Question
"|Well if she does, then that's the end of it.  From her letters, I think she's forgotten him.  We'll find out.  Then we'll thrash it out with dad. Right, mom?  Don't avoid me.|",Here are the dialogical acts for each part of the text:  
"|Well if she does, then that's the end of it.  From her letters, I think she's forgotten him.  We'll find out.  Then we'll thrash it out with dad. Right, mom?  Don't avoid me.|",
"|Well if she does, then that's the end of it.  From her letters, I think she's forgotten him.  We'll find out.  Then we'll thrash it out with dad. Right, mom?  Don't avoid me.|","1. **""Well if she does, then that's the end of it.""** → **Statement Opinion**  ","""Well if she does, then that's the end of it."""
"|Well if she does, then that's the end of it.  From her letters, I think she's forgotten him.  We'll find out.  Then we'll thrash it out with dad. Right, mom?  Don't avoid me.|","2. **""From her letters, I think she's forgotten him.""** → **Statement Opinion**  ","""From her letters, I think she's forgotten him."""
"|Well if she does, then that's the end of it.  From her letters, I think she's forgotten him.  We'll find out.  Then we'll thrash it out with dad. Right, mom?  Don't avoid me.|","3. **""We'll find out.""** → **Statement Non Opinion**  ","""We'll find out."""
"|Well if she does, then that's the end of it.  From her letters, I think she's forgotten him.  We'll find out.  Then we'll thrash it out with dad. Right, mom?  Don't avoid me.|","4. **""Then we'll thrash it out with dad. Right, mom?""** → **Question**  ","""Then we'll thrash it out with dad. Right, mom?"""
"|Well if she does, then that's the end of it.  From her letters, I think she's forgotten him.  We'll find out.  Then we'll thrash it out with dad. Right, mom?  Don't avoid me.|","5. **""Don't avoid me.""** → **Command**","""Don't avoid me."""
"|The trouble is, you don't see enough women.  You never did.|",Statement Opinion
|So what?  I'm not fast with women.|,Disagreement
|I don't see why it has to be Annie.|,Disagreement
|Because it is.|,Statement Non Opinion
"|Well that's a good answer, but it don't answer anything.  He thinks he's coming back, Chris.  You marry that girl, you're pronouncing him dead.  Now what happens to your father?  Do you know?  Because I don't.|",Disagreement
"|Alright, then, mom.  Did we skip something?  No.  Alright, then, mom.|",Here are the dialogical acts for each part of the text:  
"|Alright, then, mom.  Did we skip something?  No.  Alright, then, mom.|",
"|Alright, then, mom.  Did we skip something?  No.  Alright, then, mom.|","1. **""Alright, then, mom.""** – Acknowledge  ","""Alright, then, mom."""
"|Alright, then, mom.  Did we skip something?  No.  Alright, then, mom.|","2. **""Did we skip something?""** – Question  ","""Did we skip something?"""
"|Alright, then, mom.  Did we skip something?  No.  Alright, then, mom.|","3. **""No.""** – Answer  ","""No."""
"|Alright, then, mom.  Did we skip something?  No.  Alright, then, mom.|","4. **""Alright, then, mom.""** – Acknowledge","""Alright, then, mom."""
|Yes we did. Do you want to keep going?|,"The dialogical act shown in the text is: **Answer** (for ""Yes we did."") and **Question** (for ""Do you want to keep going?""). ",Answer
|Yes we did. Do you want to keep going?|,
|Yes we did. Do you want to keep going?|,"Since you asked for one word, the primary act is **Answer**.",Answer
"|Yeah, let's keep going.|",Agreement
|Just give it some more thought.|,Command
|I've given it three years' of thought.  I'd hope that if|,The dialogical act shown in the text is: **Statement Opinion**,Statement Opinion
"|father forgot about Larry, we'd have a regular wedding and everything happy.  If I can't get that here, then I'll have to get out.|",Statement Opinion
|What the hell is this?|,Question
|I'll get out.  I'll get married and live someplace else.  Maybe New York.|,Command
|Are you crazy?|,Question
|I've been a good son too long; a good sucker.  I'm through with it.|,Statement Opinion
|You've got a business here.  What the hell is this?|,"The dialogical act shown in the text ""You've got a business here. What the hell is this?"" is **Question**.",Question
|The business?  The business doesn't inspire me.|,Statement Opinion
|Must you be inspired?|,Question
"|Yes.  I like getting an hour a day.  If I have to grub for money all day long, at least at evening, I want it beautiful.|",The dialogical act shown in the text is **Statement Opinion**.,Statement Opinion
|I want a family.  I want some kids.  I want to build something I can give myself to.  Annie's in the middle of that.  Now where do I find it?|,Statement Opinion
|You mean -- tell me something.  You mean you'd really leave the business?|,Command
"|Yes, on this I would.|",Agreement
|You don't want to think like that.|,Command
|Then you help me stay here.|,Command
"|Alright.  But just don't think like that because what the hell did we work for?  That's all for you, Chris.  The whole shooting match is just for you.|",The dialogical act shown in the text is **Statement Opinion**.,Statement Opinion
|I know that.  Just you help me stay here.|,Command
"|But don't think that way, you hear me?|",Command
|I am thinking that way.|,Statement Opinion
"|I don't understand you, do I?|",Disagreement
"|No, you don't.  I'm a pretty tough guy.|",Disagreement
"|Yeah, I can see that.|",Acknowledge
|Why did he invite her here?|,Question
"|Why does- why, does that bother you?|",Question
"|She's been in New York three and a half years.  Why, all of a sudden--|",Statement Opinion
"|Well, maybe- maybe he just wanted to see her.|",Statement Opinion
|Don't look at me like that.  He didn't tell me anymore than he told you.|,Command
|He's not going to marry her.|,Disagreement
|How do you know he's even thinking about it?|,Question
|It's got that about it.|,Statement Opinion
|Well so what?|,Disagreement
"|Now listen, kid. Now, listen.|",Command
"|Oh.  Now listen, kid.|",Command
"|She's not his girl, Joe.  She knows she's not.|",Statement Opinion
|You can't read her mind.|,Statement Non Opinion
"|Then why is she still single?  New York is full of men.  Why hasn't she married?  Probably a hundred people told her she's foolish, but she's waited.|",The dialogical act shown in the text is: **Question**,Question
|How do you know why she waited?|,Question
"|Because she knows what I know, that's why.  She's faithful as a rock.  In my worst moments, I think of her waiting and I know, again, that I'm right.|",Statement Opinion
|What do you want me to do? What do you want?|,The dialogical act shown in the text is **Question**.,Question
"|I want you to act like he's coming back, both of you.  Don't think I haven't noticed you since he invited her here.  I won't stand for any nonsense.|",Command
"|But, Kate--|",Disagreement
"|Because if he's not coming back, I'll kill myself.|",Statement Opinion
|Laugh.  Laugh at me.  But why did that happen the very night that she came here?|,The dialogical act shown in the text is **Command**.,Command
|She goes to sleep in his bed and his memorial breaks in pieces.  Look.  Look at it.  Joe--|,Command
|Calm yourself.|,Command
"|Believe with me, Joe.  I can't stand all alone|",Command
|Calm yourself.|,Command
"|You, above all, have got to believe.  You.|",Command
|Why me above all?|,Question
|Just don't stop believing.|,Command
"|What does that mean, me above all?  Look at you.  You're shaking.|",Question
|I can't help it.|,Statement Non Opinion
"|What have I got to hide?  What the hell is the matter with you, Kate?|",The dialogical act shown in the text is: **Question**,Question
|You're the only one I know who loves his parents.|,The dialogical act shown in the text is **Statement Opinion**.,Statement Opinion
|So you're not sorry you came?|,Question
"|No, not sorry, but I'm not going to stay.|",Disagreement
|Why?|,Question
|What?|,Question
"|I knew they would, your mother, anyway.|",Statement Opinion
|How did you know?|,Question
|I guess you know this is why I asked you to come.|,Statement Opinion
|I guess this is why I came.|,Statement Opinion
"|Ann, I love you.  I love you a great deal.  I love you.|",Statement Opinion
|I have no imagination.  That's all I know to tell you.  I'm embarrassing you.|,Statement Non Opinion
|I didn't want to tell it to you here.  I wanted someplace we'd never been; someplace where we'd be brand new to each other.|,Statement Opinion
"|You think this is wrong, don't you; this yard, this chair?  I want you to be ready for me.  I don't want to win you away from anything.|",The dialogical act shown in the text is **Question**.,Question
"|Chris, I've been ready a long, long time.|",Statement Opinion
|Why didn't you?|,Question
|You started to write me.|,Statement Non Opinion
|You felt something that far back?|,"The dialogical act shown in the text ""You felt something that far back?"" is **Question**.",Question
|Every day since.|,Statement Non Opinion
"|Anne, give me a kiss.  Give me a -|",Command
"|I kissed you.  I kissed Annie.  How long, how long I've waited to kiss you.|",Statement Non Opinion
|I'll never forgive you.  Why did you wait all these years?  All I've done is sit around and wonder if I was crazy for thinking of you.|,The dialogical act shown in the text is **Disagreement**.,Disagreement
|I kissed you.|,Statement Non Opinion
"|Like Larry's brother.  Do it like you, Chris.  What is it, Chris?|",The dialogical acts in the given text are as follows:  
"|Like Larry's brother.  Do it like you, Chris.  What is it, Chris?|",
"|Like Larry's brother.  Do it like you, Chris.  What is it, Chris?|","1. ""Like Larry's brother."" - **Statement Non Opinion**  ",Statement Non Opinion
"|Like Larry's brother.  Do it like you, Chris.  What is it, Chris?|","2. ""Do it like you, Chris."" - **Command**  ",Command
"|Like Larry's brother.  Do it like you, Chris.  What is it, Chris?|","3. ""What is it, Chris?"" - **Question**  ",Question
"|Like Larry's brother.  Do it like you, Chris.  What is it, Chris?|",
"|Like Larry's brother.  Do it like you, Chris.  What is it, Chris?|","(Since you asked for *one word*, the most prominent act is **Command**.)",Command
|Let's drive somewhere.  I want to be alone with you.|,Command
"|No, what is it, Chris?  Your mother?|","The dialogical act shown in the text ""No, what is it, Chris? Your mother?"" is **Question**.",Question
"|No, no, nothing like that.|",Disagreement
"|Then what's wrong.  Even in your letters, there was something ashamed.|",Question
"|Yes, I suppose there has been.  But it's going from me.|",Agreement
|You've got to tell me.|,Command
|I don't know where to start.|,Statement Non Opinion
|It wouldn't work this way.|,Disagreement
"|It's all mixed up with so many other things.  You remember overseas, I was in command of a company?|",Statement Opinion
|How many?|,Question
|It takes a little time to toss that off because they weren't just men.|,Statement Opinion
"|For instance, one time it'd been raining several days.  And this kid came to me and gave me his last pair of dry socks; put them in my pocket.  That's only a little thing, but that's the kind of guys I had.|",Statement Opinion
|They didn't die.  They killed themselves for each other.  I mean that exactly.  A little more selfish and they'd have been here today.|,Statement Opinion
"|And I got this idea watching them go down, everything was being destroyed, see?  But, to me, it seemed there was one new thing that was made,|",Statement Opinion
|a kind of responsibility.  Man for man.  You understand me?  And then I went home and it was incredible.|,The dialogical act shown in the text is: **Question**,Question
"|There was no meaning in it here.  The whole thing to them was some sort of bus accident.  Then I went to work for dad and that whole rat race again.  I felt, what you said, ashamed somehow|",Statement Opinion
|because nobody was changed.  It seemed to make suckers out of a lot of guys.  I felt wrong to be alive;|,Statement Opinion
"|to open that bank book; to drive the new car; to see the new refrigerator.  I mean, you can take these things out of a war, but when you drive the new car, you have to know that it came out of the love a man can have for a man.|",Command
"|You have to be a little better because of that.  Otherwise, we have is really loot and there's blood on it.  I don't want to take any of it.  I guess that included you.|",Command
|And do you still feel that way?|,Question
"|And your money, there's nothing wrong in your money.  Your father put hundreds of planes in the air.  You should be proud.  A man should be paid for that.|",Statement Opinion
"|Annie, Annie, I'm going to make you a fortune.|",Command
|What'll I do with a fortune?|,Question
"|What time is it?  They're supposed to run around midnight.  This is great, isn't it?  Look at this night we've got here; couldn't be better.|",Here are the dialogical acts for each part of the text:  
"|What time is it?  They're supposed to run around midnight.  This is great, isn't it?  Look at this night we've got here; couldn't be better.|",
"|What time is it?  They're supposed to run around midnight.  This is great, isn't it?  Look at this night we've got here; couldn't be better.|",1. **What time is it?** → **Question**  ,What time is it?
"|What time is it?  They're supposed to run around midnight.  This is great, isn't it?  Look at this night we've got here; couldn't be better.|",2. **They're supposed to run around midnight.** → **Statement Non Opinion**  ,They're supposed to run around midnight.
"|What time is it?  They're supposed to run around midnight.  This is great, isn't it?  Look at this night we've got here; couldn't be better.|","3. **This is great, isn't it?** → **Statement Opinion**  ","This is great, isn't it?"
"|What time is it?  They're supposed to run around midnight.  This is great, isn't it?  Look at this night we've got here; couldn't be better.|",4. **Look at this night we've got here; couldn't be better.** → **Statement Opinion**  ,Look at this night we've got here; couldn't be better.
"|What time is it?  They're supposed to run around midnight.  This is great, isn't it?  Look at this night we've got here; couldn't be better.|",
"|What time is it?  They're supposed to run around midnight.  This is great, isn't it?  Look at this night we've got here; couldn't be better.|","(If you need a single label for the entire text, it's a mix, so **Others** would apply.)",Others
"|Is that, is that - is that just foam?  I can't even tell.  Although, if you can't tell, it's probably isn't them.  It'll probably be unmistakable, don't you think?|",Question
"|How you doing?  Oh, no, you know what I did?  I forgot to bring my flashlight.  How could I be so stupid?  I should have brought my flashlight.|",The dialogical acts in the text are as follows:  
"|How you doing?  Oh, no, you know what I did?  I forgot to bring my flashlight.  How could I be so stupid?  I should have brought my flashlight.|",
"|How you doing?  Oh, no, you know what I did?  I forgot to bring my flashlight.  How could I be so stupid?  I should have brought my flashlight.|","1. ""How you doing?"" - **Greeting**  ",Greeting
"|How you doing?  Oh, no, you know what I did?  I forgot to bring my flashlight.  How could I be so stupid?  I should have brought my flashlight.|","2. ""Oh, no, you know what I did?"" - **Question**  ",Question
"|How you doing?  Oh, no, you know what I did?  I forgot to bring my flashlight.  How could I be so stupid?  I should have brought my flashlight.|","3. ""I forgot to bring my flashlight."" - **Statement Non Opinion**  ",Statement Non Opinion
"|How you doing?  Oh, no, you know what I did?  I forgot to bring my flashlight.  How could I be so stupid?  I should have brought my flashlight.|","4. ""How could I be so stupid?"" - **Statement Opinion**  ",Statement Opinion
"|How you doing?  Oh, no, you know what I did?  I forgot to bring my flashlight.  How could I be so stupid?  I should have brought my flashlight.|","5. ""I should have brought my flashlight."" - **Statement Opinion**  ",Statement Opinion
"|How you doing?  Oh, no, you know what I did?  I forgot to bring my flashlight.  How could I be so stupid?  I should have brought my flashlight.|",
"|How you doing?  Oh, no, you know what I did?  I forgot to bring my flashlight.  How could I be so stupid?  I should have brought my flashlight.|","(Since you asked for one word, the most prominent one is **Question** from ""Oh, no, you know what I did?"")",Question
|What flashlight?|,Question
|Whose is it?|,Question
"|It's ours.  It's mine, too.|",Agreement
"|Well, sure.|",Agreement
|You kept saying my flashlight as if it's somehow just yours.  How is that supposed to make me feel?|,Disagreement
"|No, of course, our flashlight; yours and mine.  Me flashlight es su flashlight, naturally.  How could we not think to bring it?  I hope the moon stays out.|",Disagreement
"|Are you cold?  Do you want my jacket?  We should have brought the blanket, our blanket.|",Question
"|Oh, man.  This is great.  I didn't even think to bring a six pack.  Six pack would be just the ticket right about now.  I can't believe I forgot.  I'm like a kid.  It's amazing I got out of the house with my fly zipped.  Oh.|",Statement Opinion
|I wonder if they can hear me talk or feel the vibrations in the sand when we move around.|,Question
|It's after eleven; let's go home.|,Command
|Are you kidding?  We'd miss it.  We just got here.  What's the point of coming down here if we just turn around and go home?|,Disagreement
|That's my point.|,Statement Opinion
"|That's my point, too.|",Agreement
|So let's go home.|,Command
"|No, no, no.  That's not my point.  My point is is that there's no point in coming down here if we just leave.  Don't you want to see it?|",Disagreement
|Not particularly.|,Disagreement
|Why not?|,Question
|I just don't.  It's stupid.|,Disagreement
"|Honey, this is a natural phenomenon.  I mean, this only happens once a year.  It's a great opportunity.  Think about the people in Kansas.  They'd have to get plane tickets and hotel reservations to come see this.  We're just forty minutes away.  It's too good to pass up.|",Statement Opinion
"|Pass up what?  These little fish swim onto the beach, flop around and then they swim away.  And then they die.|",The dialogical act shown in the text is **Question**.,Question
|What are you so excited about?|,Question
"|Oh, it's a big night for these guys.  Uh, life's last orgy.|",Statement Opinion
|This isn't a moon landing we're talking about.  It's fish.  It's fish nobody even eats.|,Disagreement
"|Yeah, they do. Okay.  But it's fish who do something none of the other fish do; like the swallows are returning to Capistrano; or the lemmings throwing themselves off the cliffs, like that.|",The dialogical act shown in the text is: **Statement Opinion**,Statement Opinion
|There's mystery here and magic; a little bit of the unexplainable.  I don't see how you can not be interested.|,Statement Opinion
|I'm just not.|,Statement Non Opinion
"|I don't get it.  First time we came here to see it, you said it was the best night of your life.  And last year, I remember distinctly you were so excited to get here, you stubbed your toe rushing me out the door and didn't even notice until we were in the car.|",Disagreement
"|Last year, you will also remember, our shoes got wet.  I got sand in my panties.  We got into a big fight over nothing.  You got a sore throat and we did not see the grunions.|",Statement Non Opinion
|We weren't in a good spot.|,Statement Opinion
"|no, it's just seaweed, isn't it?  Oh, man, this is great.  I wouldn't miss this for anything.  I mean, think about this.  I know you're not interested, but just think about this for a minute.|",The dialogical act shown in the text is: **Disagreement**,Disagreement
|Out there someplace is this huge mass of silver fish heading this way.  They don't know why.  We don't know why.  It wasn't a decision.  They didn't take a vote.  No one sent them an invitation or a map;|,Statement Opinion
"|just some little instinctual time release firecracker went off in their little bodies and all as one, they turned and formed a line as long as the California coast and started swimming.|",Statement Non Opinion
|They're swimming right now as if that's the only thing that matters.  It's single mindedness with no mind.  Urgency that's pure urge.|,Statement Opinion
"|They don't know what drives them.  They don't give it a name or ask a question.  They just turn, as one, and start the swim that brings them here; to this place, where we stand, for a massive celebration of sex and death.  Oh, man, I'm giving myself goose bumps.  All my hairs are popping up.|",Statement Opinion
|That's the wind.|,Statement Non Opinion
|Well so what did you think?|,Question
|About what?|,Question
"|Look at this, goose bumps.|",Statement Non Opinion
|What I said.|,Question
|It's ridiculous.|,Statement Opinion
|Certainly is not.  It's slightly exaggerated scientific fact.|,Disagreement
|Sure.  They're all told the same story.  It's what keeps us coming back for more; keeps us excited; keeps us thinking that life is going to start any minute now if we could just find the right spot; get in on the action.|,Statement Opinion
"|Carla, can I ask you something?  Don't take this the wrong way, but are you having your period?|",Question
"|Goddamn it, Augie, don't ask me that.  I hate it when you ask me that.  You always ask me that.  It's insulting.|",Disagreement
"|There's nothing to it.  We come down here.  The grunions arrive.  They do their little fish business.  We go ooh, ah, look at the fish.  They go home.  We go home.|",Statement Non Opinion
"|For heaven's sake, we are not going to see the grunions.|",The dialogical act shown in the text is **Statement Opinion**.,Statement Opinion
|Why not?|,Question
"|We never do, do we?  Have we ever?|",Question
|We've missed them twice.|,Statement Non Opinion
|That's not ever.|,Disagreement
|Twice is every time we've tried.  That's ever.|,Statement Non Opinion
|I thought you wanted to see them.|,Statement Opinion
|You don't have any idea what I'm saying.|,Disagreement
"|No, of course, not.|",Disagreement
"|I did want to see it.  I always do.  I keep thinking this time will be the time, but it never is.|",Statement Opinion
|It's just fish; nothing to get traumatized over.|,Statement Opinion
"|For heaven's sake, this is not about fish.|","The dialogical act shown in the text ""For heaven's sake, this is not about fish."" is **Disagreement**.",Disagreement
"|Uh,okay.  So I'm putting on my jacket; putting out the animals;|",The dialogical act shown in the text is: **Acknowledge**,Acknowledge
|Uh.|,Backchannel
"|It was about four years ago, right after we got married.  We thought I was pregnant and we had a bottle of champagne but no glasses.  You asked me to dance.  So we took off our shoes and you popped the cork.|",Statement Non Opinion
"|And while we were dancing, you said the softest, most intimate things to me, right into my ear so that I could feel them as much as hear them.  And I remember thinking this is it.  At last, at last I'm as happy as I'm supposed to be.|",Statement Opinion
"|Wait a minute, I've got it.|",Command
|Dancing barefoot in the sand; drinking champagne from the bottle.|,Statement Non Opinion
"|It was in the car, right?  Driving past the Knickerbocker Liquor Locker?  You said let's get some champagne and I said times a wasting or something like that.  Right?  That's it, right?  You want this to be like the other time.  That's it.  Of course.|",Question
|I'd rather not remember some things.  I'd rather not hope for some things.|,Statement Opinion
|Sure.  Okay.  Alright.  I've got it.  Listen do you want to dance?|,Backchannel
|No.|,Disagreement
|You want to get some champagne?|,Question
|No.|,Disagreement
|You want to get married again?|,Question
|No.|,Disagreement
"|What, you want a divorce?|",Question
|No.|,Disagreement
|A vacation?|,Question
|I want something to turn out the way it's supposed to.|,Statement Opinion
"|Well welcome to the human race.  You think this is what I had in mind?  You think that when I proposed, I had this great fantasy going that four years down the line, we'd come to the beach and yell at each other over fish?  No.|",The dialogical act shown in the text is **Statement Opinion**.,Statement Opinion
"|No, I'm just like you.  I thought it was going to be all peaches and roses and wind in our hair and sand in our toes and the fish will always come and the bills will always pay themselves.|",Disagreement
"|And we'll have three fat rosy kids and ha, ha, ha, baby, the joke's on us, 'cause you know what you get, Carla?  You know what you get?  This.|",Statement Opinion
|This what?  What is this?  This isn't even anything.|,Question
"|Yes, it is.|",Agreement
|But this isn't anything like I thought anything would be like.|,Disagreement
"|No, I know, me neither.|",Disagreement
"|This is just this.  I mean, it includes a lot and everything, but it's just not, you know, something else.  Do you have any idea what I'm trying to say?|",The dialogical act shown in the text is **Question**.,Question
|I'm doing the best I can.|,Statement Non Opinion
"|I know you are, Augie.  Really, I do.  I know you meant for this to be special and nice and it's the full moon and the sand and everything.  But I just couldn't help thinking about being somewhere else.|",Acknowledge
"|Maybe if you were with somebody else, too, huh?|",Statement Opinion
|I didn't say that.|,Disagreement
"|No, I know.  But still.  I know I don't make you happy.|",Disagreement
"|For heaven's sake, whatever I'm doing, I'd rather be doing it with you.|",Statement Opinion
|Yeah?|,Backchannel
|Well don't be ridiculous.  Don't you know that?  You're the one who probably wishes you were with somebody else; somebody who knew how to enjoy herself and didn't take everything so hard.|,The dialogical act shown in the text is **Disagreement**.,Disagreement
"|Actually, now that you mention it, no.  I don't.|",Disagreement
"|Okay, fine.  So we're in the wrong spot, but we're with the right person.|",The dialogical act shown in the text is **Agreement**.,Agreement
|Or not.|,Disagreement
|Good God.|,Statement Non Opinion
"|Nobody knows we're here, except Freda and she wouldn't ring up.|",Statement Non Opinion
"|It must be them, then.|",Statement Opinion
|What are we to do?|,Question
"|I don't care, then.|",Disagreement
|It was bound to come sooner or later.|,Statement Opinion
"|Hello, hello.  What?  Wrong number.|",The dialogical acts shown in the text are:
"|Hello, hello.  What?  Wrong number.|",
"|Hello, hello.  What?  Wrong number.|","1. Hello, hello. - Greeting  "
"|Hello, hello.  What?  Wrong number.|",2. What? - Question  
"|Hello, hello.  What?  Wrong number.|",3. Wrong number. - Statement Non Opinion
"|Oh, it sent shivers up my spine.|",Statement Opinion
|What shall we do if they suddenly walk in on us?|,Question
|Certainly.  I shall probably do a court curtsey.|,Answer
"|Ah.  Things that ought to matter dreadfully don't matter when one's happy, do they?|",Opinion
|But what's so horrible is that one can't stay happy.|,Opinion
"|Don't say that, darling.|",Command
|It's true.  The whole business is a very poor joke.|,Disagreement
"|Meaning that sacred and beautiful thing, love?|",Statement Opinion
"|Yes, meaning just that.|",Agreement
|All the futile moralists who try to make life unbearable.  Laugh at them.  Be flippant.  Laugh at everything.  All their sacred shibboleths.  Flippancy brings out the acid- acid in their damn sweetness and light.|,Command
"|If I laugh at everything, I must laugh at us, too.|",Statement Opinion
|Certainly you must.  We're figures of fun alright.|,The dialogical act shown in the text is **Statement Opinion**.,Statement Opinion
"|How long will it last, this ludicrous and overbearing love of ours?|",Question
|Who knows.|,Question
|Shall we always want to bicker and fight?|,Question
|No.  That fire will fade along with our passion.|,Disagreement
"|What happens if one of us dies?  Does the one that's left, still laugh?|",Question
"|Yes.  Yes, with all his might.|",Agreement
"|Well that's serious enough, isn't it?|",Statement Opinion
"|No, no, it isn't.  Death's very laughable; such a cunning little mystery, all done with mirrors.|",Disagreement
"|Darling, I believe you're talking nonsense.|",Disagreement
"|So is everyone else in the long run.  Let's be superficial and pity the poor philosophers.  Let's blow trumpets and squeakers and- and enjoy the party as much as we can, like very small, quite idiotic little school children.|",Statement Opinion
"|Let's savor the delight of the moment.  Come and kiss me, darling, before your body rots and worms pop in and out of your eye sockets.|",Command
"|Elliot, worms don't pop.|",Statement Non Opinion
"|I don't mind what you do, see?  You can paint yourself bright green all over and dance naked in the Place Vendome and rush off madly with all the men in the world and I shan't say a word as long as you love me best.|",Statement Opinion
"|Thank you, dear.  The same applies to you, except that if I catch you so much as looking at another woman, I will kill you.|",The dialogical act shown in the text is: **Statement Opinion**,Statement Opinion
|Do you remember that awful scene we had in Venice?|,Question
"|Oh, Charles; that was his name, Charles.  Oh, he did wriggle so beautifully.|",The dialogical act shown in the text is: **Statement Non Opinion**,Statement Non Opinion
|How long did that row last?|,Question
|It went on intermittently for days.|,Statement Non Opinion
|The worst one was in Cannes when your curling irons burnt holes in my dressing gown.|,Statement Opinion
"|It burnt my comb, too, and all the towels in the bathroom.|",Statement Non Opinion
|Line?|,Command
|How -- that was a rouser wasn't it?|,Question
|That was the first time you ever hit me.|,"The dialogical act shown in the text ""That was the first time you ever hit me."" is **Statement Non Opinion**.",Statement Non Opinion
|I didn't hit you very hard.|,Statement Non Opinion
"|The manager came in and found is rolling about on the floor, biting and scratching like panthers.  Oh, dear.|",The dialogical act shown in the text is: **Statement Non Opinion**.,Statement Non Opinion
"|Ah, I shall never forget his face.|",Statement Opinion
|And very much sillier.|,"The dialogical act shown in the text ""And very much sillier."" is **Statement Opinion**.",Statement Opinion
"|As a matter of fact, the real cause of that row was Peter Burden.|",Statement Opinion
"|That was a rouser, wasn't it?|",Question
"|The manager came in and found us rolling about on the floor, biting and scratching like panthers.  Oh, dear.|",The dialogical act shown in the text is **Acknowledge**.,Acknowledge
|I shall never forget his face.|,Statement Non Opinion
"|How ridiculous.  How utterly, utterly ridiculous.|",Disagreement
"|As a matter of fact, the real cause of that row was Peter Burden.|",Statement Opinion
|You knew there was nothing in that.|,"The dialogical act shown in the text ""You knew there was nothing in that."" is **Statement Opinion**.",Statement Opinion
|I knew nothing of the sort.  You took presents from him.|,Disagreement
|Presents?  A trivial little brooch.|,Question
"|I remember it well, bristling with diamonds in the worst possible taste.|",Statement Opinion
"|Just a little, perhaps, nothing serious.|","The dialogical act shown in the text ""Just a little, perhaps, nothing serious."" is **Statement Opinion**.",Statement Opinion
|Line?|,Command
|What of it?|,Question
|What about me?|,Question
"|If you hadn't been so nosey, you never would have known a thing about it.|",The dialogical act shown in the text is **Statement Opinion**.,Statement Opinion
"|That's a nice point of view, I must say.|",Statement Opinion
"|Oh, dear.  I'm bored with this conversation.|",The dialogical act shown in the text is **Statement Opinion**.,Statement Opinion
|So am I; bored stiff.|,Disagreement
|You want some brandy?|,Question
"|No, thanks.|",Disagreement
"|I'll have a little myself, I think.|",Statement Opinion
|I don't see why you want it.  You've already had two glasses.|,Disagreement
|You can hardly call three liquor glasses in a whole evening going on and on and on.|,Disagreement
|It's become a habit with you.|,Statement Opinion
|You needn't be so grand just because you don't happen to want any at the moment.|,Disagreement
"|Oh, don't be so stupid.|",Disagreement
"|Really, Amanda|",Disagreement
|What?|,Question
|Nothing.|,"The dialogical act shown in the text ""Nothing."" is: **Acknowledge**.",Acknowledge
|Oh.  That reply has broken my heart.|,The dialogical act shown in the text is **Disagreement**.,Disagreement
"|The woman's job is to allure the man.  Watch me a minute, will you?|",The text contains two distinct dialogical acts:
"|The woman's job is to allure the man.  Watch me a minute, will you?|",
"|The woman's job is to allure the man.  Watch me a minute, will you?|","1. ""The woman's job is to allure the man."" - **Statement Opinion**",Statement Opinion
"|The woman's job is to allure the man.  Watch me a minute, will you?|","2. ""Watch me a minute, will you?"" - **Command**",Command
"|Yes, it is.|",Answer
"|Oh, be quiet.|",Command
|Line?|,Command
|It's a pity you didn't- It's a pity you didn't have more brandy.|,The dialogical act shown in the text is **Statement Opinion**.,Statement Opinion
|It's a pity you didn't have any more brandy.  It might have made you a little less disagreeable.|,Statement Opinion
|It doesn't seem to have worked such wonders with you.|,Disagreement
|Line?|,"The dialogical act shown in the text ""Line?"" is **Question**.",Question
"|Snap.  Oh, snap, snap, snap, like a little adder.|",The dialogical act shown in the text is **Statement Non Opinion**.,Statement Non Opinion
"|Adders don't snap, they sting.|",Statement Non Opinion
"|They -- nonsense, they have a little bag of venom behind their fangs and they snap.|",The dialogical act shown in the text is: **Statement Opinion**,Statement Opinion
|They sting.|,Statement Non Opinion
|They snap.|,Command
|I don't care.  Do you understand?  I don't care.  I don't mind if they bark and roll about like hoops.|,Disagreement
"|I suppose you let him kiss you a good deal more then, hmm?|",Statement Opinion
|Mind your own business.|,Command
|You must have had a riotous time.|,Statement Opinion
"|No restraint at all, very enjoyable.  You never had much anyhow.|",Statement Opinion
|You always had a weak head.|,"The dialogical act shown in the text ""You always had a weak head."" is **Statement Opinion**.",Statement Opinion
|I think I mentioned once before that I've only had three minute liquor glasses of brandy this whole evening.  That's hardly enough to get a child of two drunk.|,Statement Opinion
"|On the contrary, a child of two could get violently drunk on only one glass of brandy.|",Disagreement
|Very interesting.  And how about a child of four and a child of six and a child of nine?|,Question
"|Oh, shut up.|",Command
"|We might get up a splendid little- a splendid little debate about this, you know, intemperate tots.|",Statement Opinion
"|Not very funny, dear.  You'd better have some more brandy.|",The dialogical act shown in the text is **Command**.,Command
|Very good idea.  I will|,"The dialogical act shown in the text ""Very good idea. I will"" is **Agreement**.",Agreement
|You better turn that off I think.|,Command
|There aren't any people upstairs.  It's a photographer's studio.|,Statement Non Opinion
"|There are people downstairs, I suppose|","The dialogical act shown in the text ""There are people downstairs, I suppose"" is **Statement Opinion**.",Statement Opinion
|They're away in Tunis.|,Statement Non Opinion
|This is no time of year for Tunis.|,Statement Opinion
"|Turn it on again, please.|",Command
|I will do no such thing.|,Disagreement
"|Very well, if you insist on being boorish and idiotic.|",Disagreement
|Turn it off.  It's driving me mad.|,Command
|Go away.  Go away.  I hate you.|,Command
|Turn it off.|,Command
|You are far too temperamental.  Try to control yourself.|,Command
|We swapped. Listen.|,Command
"|You're a vile tempered, loosed living|",The dialogical act shown in the text is **Statement Opinion**.,Statement Opinion
|Stop.|,Command
|wicked little beast. And I- I hope I never see you again as long as live.|,Disagreement
|You're not going like this.|,"The dialogical act shown in the text ""You're not going like this."" is **Command**.",Command
"|Oh, yes, I am.|",Agreement
"|No, you're not.|",Disagreement
"|Let go of me.  You're a cruel fiend and I hate and loath you.  Thank God, I discovered in time what you're really like.|",The dialogical act shown in the text is **Disagreement**.,Disagreement
|Shut up. Shut up.|,Command
"|You're a mean, evil minded|","The dialogical act shown in the text ""You're a mean, evil minded"" is **Statement Opinion**.",Statement Opinion
|Marry you again? Huh.|,Disagreement
|little vampire And I hope to God I never set eyes on you as long as I live.|,Disagreement
"|Never, never, never.  I'd rather die in torment. Beast brute.|",Disagreement
|Whore.|,"The dialogical act shown in the text ""Whore."" is: **Statement Non Opinion**.",Statement Non Opinion
|Swine.|,"The dialogical act shown in the text ""Swine."" is **Statement Non Opinion**.",Statement Non Opinion
"|Hi, I need an ID.|",Greeting
"|ahh Yeah, this is the wrong line.  I'm sorry.  You need to go back over to line two B.  That's where you should have started from.|",The dialogical act shown in the text is: **Apology**,Apology
|No.|,Disagreement
"|Okay, I'm sorry, but I just stood in this line for an hour.  can I Is there any way I can-|",Apology
"|I mean, there's really nothing I can do for you in this line.  This is not the line for new I.D.  This is the line for registration.|",Statement Non Opinion
"|No, they told me-I'm sorry, but they told me to be in this line.|",The dialogical act shown in the text is **Apology**.,Apology
"|Yeah, I understand that ma'am.  I don't know what they said to you, but you need to be in a different line.|",The dialogical act shown in the text is **Acknowledge**.,Acknowledge
"|What, I mean what... what's the difference?  What do I need to do there that I can't do here?|",Question
"|Well, I have no camera here.  I can't help you at all here, ma'am.  I have forms for something completely different.  You need to go to a different place.|",Statement Non Opinion
|Can you just-can I just get the right-|,Question
"|Simply step to line two A, ma'am, I'm sorry.|",The dialogical act shown in the text is: **Command**,Command
|Would you be able to put me at the front of that line?|,Command
|There is a large line of people behind you waiting to be--|,Command
|I know.  I've been in line with these people.  I understand.  I understand what it's like.  Could you please like call over and-|,The dialogical act shown in the text is **Acknowledge**.,Acknowledge
"|I don't want to be rude here, ma'am, but line two B is where you need to be.  This is the line for registration.|",The dialogical act shown in the text is **Statement Opinion**.,Statement Opinion
"|I hear that.  I hear that.  Thank you, but I've waited in line for so long, and I don't want to have to be here all day.|",The dialogical act shown in the text is **Disagreement**.,Disagreement
|I don't have those-|,Disagreement
"|So could I maybe get the form from you, fill it out here- and maybe you could-|",Question
"|I don't have those forms, ma'am.  I can't help you.  That's why you need to go to line two A.|",Answer
|And how long is that going to take?|,Question
"|Ma'am, obviously I have no idea how long it's taking.  There seems to be a bit of a line there.  It looks like thirty forty people.  It could take four to five hours.  I'm sorry.|",The dialogical act shown in the text is: **Apology**,Apology
|I don't-|,Disagreement
"|There's nothing I can do for you, ma'am.|",Answer
"|I don't have time for this today, and-|",Statement Opinion
"|But, obviously I don't have time for you to stand here and waste my time in this line.  There are other people who need service behind you who are waiting for the right things.|",The dialogical act shown in the text is **Command**.,Command
"|Is there anything you can do?  Please, have some compassion.  Is there something you can do?|",The dialogical act shown in the text is: **Question**,Question
"|I am a very compassionate person, and I'm offended that you imply that I'm not.  Of course, I'm compassionate.  Look, I work in the D.M.V..  What do you think I am?  Go wait in line two A.|",The dialogical act shown in the text is **Disagreement**.,Disagreement
|Don't ask me to have somebody else come over here and move you myself.  I can't come back over there.  I'll get security if you need me to.|,Command
"|Please, I don't think that's necessary.  I'm just asking, maybe you could call over and say that somebody miss informed her because I didn't pick to stand in this line.  I asked them where to stand, and they told me here.|",The dialogical act shown in the text is **Disagreement**.,Disagreement
"|what, no, I'm sure they did not tell you here.|",The dialogical act shown in the text is **Disagreement**.,Disagreement
"|No, they did.  The lady over there told me to stand in this line and I've been here for an hour.|",Disagreement
"|what The lady, what? the janitor?|",Question
|No.|,Disagreement
"|You asked the janitor what line to stand in?  Obviously, that's not going to be the right thing.|",Statement Opinion
"|No, I'm not, I'm sorry.I'm not stupid.|","The dialogical act shown in the text is ""Disagreement."""
"|I'm not saying that you're stupid, ma'am.  I think you just said that you were stupid.|",Disagreement
|Isn't there anything you can do?  Just call over and ask them if I can go to the front of the line in the other line.|,Question
"|It doesn't work that way here, ma'am.|",Disagreement
|Why not?|,Question
|There is a strict system here.  You need to wait in the right line for the right thing.  This is the line for registration.|,Statement Non Opinion
"|Except they're going tell, are you going to tell me the right line to stand in this time at least?|",Question
|I told you it was line two A.|,Answer
"|Right, well, last time they told me, it was this line, and obviously, it's not true.|",The dialogical act shown in the text is **Disagreement**.,Disagreement
|I don't know who told you that but they were wrong.  I'm sorry.|,Disagreement
|Do you have a manager I could speak with?|,Question
|I am the manager.|,Statement Non Opinion
|Are you being straight with me?|,Question
"|I'm being very straight with you, ma'am.  There is nothing I can do for you.  You need to stand in line two A.|",Statement Non Opinion
|Fine.|,"The dialogical act shown in the text ""Fine."" is **Acknowledge**.",Acknowledge
|Thank you very much.  You have a wonderful day.|,Acknowledge
"|baby, I need you to sit down.|",Command
|What is it?|,Question
|um.|,Backchannel
|You can say it.|,Command
|I'm sorry.  It's just a lot ahh to explain. ahh I got a call--|,Apology
|Are you all right?|,Question
"|Yeah, um everything's fine so far. um|",The dialogical act shown in the text is: **Acknowledge**,Acknowledge
"|I got a call today,|",Statement Non Opinion
|And um--|,Backchannel
|okay.|,Acknowledge
|I'm going to need to go overseas for a while.|,Statement Non Opinion
|You got called up.|,"The dialogical act shown in the text ""You got called up."" is **Statement Non Opinion**.",Statement Non Opinion
|Iraq.|,Statement Non Opinion
|I thought you said this wasn't going to happen for at least a year.|,The dialogical act shown in the text is **Disagreement**.,Disagreement
"|I'm sorry.  I thought so. ""sigh""|",Apology
|What am I going to do?|,Question
"|I don't know ""sigh"".|",Disagreement
|I can't do this by myself. I I don't know how to do this.  You know how to do this.|,The dialogical act shown in the text is **Statement Opinion**.,Statement Opinion
|The kids-|,Statement Non Opinion
|I know.  I know.|,Acknowledge
|Nobody's even here.  Your parents live on the other side of the country.|,Statement Non Opinion
"|I know.  Well, we'll have to figure all that out.  I mean, I think the Army's going to provide childcare and help us out with that. um.|",The dialogical act shown in the text is: **Statement Opinion**,Statement Opinion
|Where do you have to go?  Where are you going?|,Question
|Iraq.|,Statement Non Opinion
|What are you going to do there?  Is it going to be dangerous?  What are you-?|,Question
|I think infantry.  I'm not sure.|,Statement Opinion
|It's--|,Statement Non Opinion
|Can we do something else?  Can you tell them that you just had two kids?|,Question
"|It's going to be at least six months, probably a year. I tried.|",Statement Non Opinion
|I don't understand why they would just do something like this?|,Statement Opinion
"|I know, I know.  It's really, really messed up.|",Acknowledge
|It doesn't make any sense.  It's stupid.  I told you you shouldn't go in the Army.|,Disagreement
"|Believe me, if I had a choice, I wouldn't have chosen this.|",Statement Opinion
|I don't know I don't know what I'm going to do.  I don't know how to-|,Statement Opinion
"|You don't know how to what?  You'll be fine. I mean, you're a great parent. I know.|",The dialogical act shown in the text is: **Statement Opinion**,Statement Opinion
"|They're six months old. Six months old, they're tiny.|",Statement Non Opinion
|I can't do this.  I've never done this before.  I don't know anything about this.|,Disagreement
"|Well, maybe you should move in with my mom and she can help.|",Command
"|Your Your mom, you want me to move in with your mom?|",Question
"|I don't know, I'm just--I'm trying to think of something.|",Statement Opinion
|She doesn't even like me.  She's never liked me. No.|,Disagreement
"|She likes you. Of course, she likes you.|",Statement Opinion
|...|,"To determine the dialogical act, I would need the specific text you're referring to. Please provide the text you'd like me to analyze, and I'll categorize it accordingly. "
|...|,
|...|,"For example, if the text were:"
|...|,"- ""Hello there!"" → Greeting"
|...|,"- ""What time is it?"" → Question"
|...|,"- ""I think it's 3 PM."" → Answer (or Statement Opinion if expressing a belief)"
|...|,"- ""The sky is blue."" → Statement Non Opinion"
|...|,"- ""I'm sorry."" → Apology"
|...|,"- ""Please sit down."" → Command"
|...|,"- ""You're right."" → Agreement"
|...|,"- ""I disagree."" → Disagreement"
|...|,"- ""I see."" → Acknowledge/Backchannel"
|...|,
|...|,"Let me know the text, and I'll respond with the single most appropriate label!"
|She likes you.  She likes the kids.|,Statement Non Opinion
"|I no I can't- ""sigh""|",Disagreement
|You can't what?|,Question
|I can't let you go.  I can't let you go.  I'll call them.  I'll say something.  I'll do anything.  I'll tell them something different.|,Command
|I don't think there's anything we can do.|,Statement Opinion
|I'll tell them I'm sick and that you can't leave something.|,Command
"|Well, we can try it.  Baby, don't beg me.  I mean, if there were anything that I could do, I would do it.  Believe me.  This is not what I want.|",The dialogical act shown in the text is: **Statement Opinion**,Statement Opinion
|It's not fair.|,Disagreement
|I know.  I know it's not fair.|,Acknowledge
|Why has to be you?  There's all those other people.  Somebody else can go instead.  It's not right.|,Disagreement
"|Well, apparently nobody else can go.|","The dialogical act shown in the text is ""Statement Opinion."""
|What are you going to do that's any different than anybody else?|,Question
"|I don't know.  Baby, why are you asking me this?  It's just as hard for me.  Please, try to understand that.|",The dialogical act shown in the text is: **Disagreement**,Disagreement
"|I don't know.  It's not me, so I'm the one who has to stay here.  I'm the one who has to take care of them, and I don't have-I don't have anybody else.  You're all I have.|",The dialogical act shown in the text is: **Statement Opinion**,Statement Opinion
"|I understand, baby.  I'm sorry. I mean try to understand I'm I'm scared myself.|",The dialogical act shown in the text is **Apology**.,Apology
|I understand.  I'm worried about you.  I don't know what's going to happen to you.|,The dialogical act shown in the text is: **Statement Opinion**,Statement Opinion
|I know.|,Acknowledge
|Iraq of all-come on.  People die every day.|,Statement Non Opinion
|I know.|,Acknowledge
|I jus-|,"The dialogical act shown in the text ""I jus-"" is **Others**.",Others
|We'll figure something out.  We just have to ... we just have to think about this.  Could any of your family help us?|,The dialogical act shown in the text is **Question**.,Question
|I don't know.|,Answer
|Maybe we should call your parents.|,Statement Opinion
|Yeah.  I guess.  I don't know what they're going to say.|,The dialogical act shown in the text is: **Acknowledge**,Acknowledge
"|Yeah, we'll call them.  We'll figure something out.  I'm sorry, I'm sorry, I'm sorry.  You're right.|",The dialogical acts shown in the text are:  
"|Yeah, we'll call them.  We'll figure something out.  I'm sorry, I'm sorry, I'm sorry.  You're right.|",
"|Yeah, we'll call them.  We'll figure something out.  I'm sorry, I'm sorry, I'm sorry.  You're right.|","- **Agreement** (""You're right."")  ",Agreement
"|Yeah, we'll call them.  We'll figure something out.  I'm sorry, I'm sorry, I'm sorry.  You're right.|","- **Apology** (""I'm sorry, I'm sorry, I'm sorry."")  ",Apology
"|Yeah, we'll call them.  We'll figure something out.  I'm sorry, I'm sorry, I'm sorry.  You're right.|","- **Statement Non-Opinion** (""Yeah, we'll call them. We'll figure something out."")  ",Statement Non-Opinion
"|Yeah, we'll call them.  We'll figure something out.  I'm sorry, I'm sorry, I'm sorry.  You're right.|",
"|Yeah, we'll call them.  We'll figure something out.  I'm sorry, I'm sorry, I'm sorry.  You're right.|","(Since you asked for *one word*, the most prominent is likely **Apology**, but the text contains multiple acts.)",Apology
|I'm going to miss their first words.|,Statement Opinion
|I know.|,Acknowledge
|You'll have to send me pictures and letters everyday.|,Command
"|All the time, every day, every day.  They have e-mail over there and stuff like that, right? I can send you pictures.|",The dialogical act shown in the text is **Question**.,Question
|I don't know. I hope so.|,"The dialogical act shown in the text ""I don't know. I hope so."" is **Statement Opinion**.",Statement Opinion
|You have to call me all the time whenever you can.  You have to tell me what you're doing and how you're doing.  Okay?|,Command
"|Yeah, as much as I can.|",Acknowledge
|How long do we have?  When do you leave?|,Question
|sigh Three weeks.|,"The dialogical act shown in the text ""sigh Three weeks."" is **Statement Non Opinion**.",Statement Non Opinion
|Three weeks?|,Statement Non Opinion
|Yeah.|,Acknowledge
"|I don't Okay.  Okay, we can do this.  We can do this.  It's okay.  We'll make it work.|",Statement Opinion
|Yeah.|,Acknowledge
|I love you.|,Statement Opinion
"|I love you.  I'm going to miss you so much. ""sigh""|",Statement Opinion
"|Okay, so big news.|",Statement Non Opinion
|What?|,Question
"|Come on, what?|","The dialogical act shown in the text ""Come on, what?"" is **Question**.",Question
|I'm getting married.|,Statement Non Opinion
|Shut up.|,Command
|Yeah.|,Acknowledge
|No way.|,Disagreement
|Yeah.|,Acknowledge
|He asked you?|,Question
|Uh-huh.|,Backchannel
"|No way, when? when,when, When did it happen?|",Disagreement
|Just a couple days ago.|,Statement Non Opinion
|Oh my gosh.|,Acknowledge
|[LAUGHTER]|,Backchannel
|And you actually said yes.  I can't believe it.  I never thought you would get married.|,Statement Opinion
|I know me neither.|,Acknowledge
|Oh my gosh.|,Acknowledge
"|Right, I thought I would be way older too. I thought I would be I be at least thirty something.|",The dialogical act shown in the text is **Statement Opinion**.,Statement Opinion
|Oh absolutely.|,Agreement
"|Well, we always said we'd be in our thirtieth when we got married. And we were going to get married to each other if we didn't by then|",Statement Opinion
|Yeah.|,Acknowledge
"|I know, right. What'd we say, when we were thirty nine?|",The dialogical act shown in the text is **Agreement**.,Agreement
"|Thirty nine, yeah.  I can't believe it.  So you broke our pact. Thanks a lot.|",The dialogical act shown in the text is **Disagreement**.,Disagreement
|Sorry.|,Apology
"|Thanks a lot.  Well, okay, you've got to tell me the details.  What did he say?  Where was it?  What happened?|",The dialogical act shown in the text is: **Question**,Question
"|Um, Well, uh, I don't-I don't know how much planning he had done.|",Statement Opinion
"|Okay.  That's okay, spontaneous is great.  Spontaneous is awesome.|",Agreement
"|Actually, but--|",Disagreement
|It was really beautiful.|,Statement Opinion
|You've got to love that.|,Statement Opinion
"|Yeah, we went to a really great jazz show, and um-|",Acknowledge
"|Nice, you love the jazz.|",Acknowledge
"|Yeah, and after, we went up to this um, this place like a restaurant on the roof kind of thing.|",Statement Non Opinion
"|Oh, okay, yeah.|",Backchannel
|So you know like late dinner and champagne and what not.|,Statement Non Opinion
|Were you in Chicago?|,Question
|Mm-hmm.|,Backchannel
"|Downtown, was it beautiful? of course it was beautiful|",Question
|yeah--|,Backchannel
"|so beautiful, full moon.|",Statement Opinion
"|What a guy.  I can't believe it.  So okay, so do you know any details?  When's it going to be?  Anything?|",The dialogical acts in the text are as follows:
"|What a guy.  I can't believe it.  So okay, so do you know any details?  When's it going to be?  Anything?|",
"|What a guy.  I can't believe it.  So okay, so do you know any details?  When's it going to be?  Anything?|","- ""What a guy. I can't believe it."" - Statement Opinion"
"|What a guy.  I can't believe it.  So okay, so do you know any details?  When's it going to be?  Anything?|","- ""So okay, so do you know any details?"" - Question"
"|What a guy.  I can't believe it.  So okay, so do you know any details?  When's it going to be?  Anything?|","- ""When's it going to be?"" - Question"
"|What a guy.  I can't believe it.  So okay, so do you know any details?  When's it going to be?  Anything?|","- ""Anything?"" - Question"
|I don't know.  I guess next summer.|,Statement Opinion
|Am I in it?|,Question
"|Yeah.  Yeah, of course.|",Backchannel
"|Okay, I certainly hope so, of course.|","The dialogical act shown in the text is **""Agreement""**.","""Agreement"""
|So next fall I guess.|,Statement Non Opinion
|Next fall.|,Statement Non Opinion
"|Yeah, I like the autumn.|",Statement Opinion
|Are you going to do it in town or are you out of town?|,Question
"|oh, We'll do it in town.|",Command
"|Oh, okay.|",Acknowledge
"|Yeah, his family doesn't live too far away, so I think-|",Statement Opinion
"|Yeah, where's he from again?|",Question
|He's from Chicago as well.|,Statement Non Opinion
"|Oh he is, okay.|",Backchannel
|Yeah.|,Acknowledge
"|Cool, perfect.  Another Chicagoite, got to love it.|",The dialogical act shown in the text is: **Agreement**,Agreement
"|It's so weird too, right, that like you can grow up so near somebody and never know them until you travel hundreds of miles away.|",Statement Opinion
|Yeah.|,Acknowledge
"|Exactly, yeah.  I can't believe you met him in Africa.|",Agreement
|I know|,Acknowledge
"|And the chances, what are the chances of meeting somebody in Africa and then coming back to Chicago?|",Question
"|Right, being like oh, where are you from?  The U.S.  Where in the U.S.?  Chicago.  Where in Chicago?|",Question
|[LAUGHTER] I am sil|,The dialogical act shown in the text is: **Backchannel**,Backchannel
"|Knowing the neighborhood.  Yeah, it's pretty bizarre.|",The dialogical act shown in the text is **Statement Opinion**.,Statement Opinion
|And now you're getting married.|,Statement Non Opinion
|Yeah.|,Acknowledge
|That is amazing.  You must be so excited.  Did you tell your mom?|,"The dialogical act shown in the text is: **Statement Opinion** (for ""That is amazing.""), **Statement Opinion** (for ""You must be so excited.""), and **Question** (for ""Did you tell your mom?"").  ",Statement Opinion
|That is amazing.  You must be so excited.  Did you tell your mom?|,
|That is amazing.  You must be so excited.  Did you tell your mom?|,"Since you asked for one word, the most prominent act in the text is likely **Statement Opinion**. However, it is a mix of multiple acts. If forced to choose one, the overarching tone is expressive/opinionated, so **Statement Opinion** fits best.",Statement Opinion
|Mm-hmm.|,Backchannel
"|Oh, did she cry?|",Question
"|Yeah, she loves him.|",Agreement
"|I knew it.  I knew it, of course she does.  How could you not love Mr. Peace Corps worker man?  He's the nicest guy ever.|",Statement Opinion
"|Yeah, she-yeah, that's my type.|",Acknowledge
|[BREATHING]|,Others
|you.. I can't believe it.  I'm so happy for you.  This is exactly what you wanted.  It's your dream come true.|,Statement Opinion
|Thank you.|,Acknowledge
"|The exact right guy, I fully approve.  He's a wonderful guy.  We have a great time.  He can drink.  That's awesome.|",Agreement
|[LAUGHTER]|,Backchannel
|[LAUGHTER]|,Backchannel
"|Yeah, we all have to hang out now.|",Agreement
"|Of course, of course she will ... of course she will.  Yeah, don't go and disappear like everyone else after they get married and I never see them again.  That'll make me mad.  You don't want to make me mad.  You know how I get when I get mad.|",The dialogical act shown in the text is **Command**.,Command
|No.|,Disagreement
|No.|,Disagreement
"|I mean, I I have I have some duty to the man I was going to marry if nobody else came up.|",Statement Opinion
|Exactly.|,Agreement
"|Exactly, ""laugh"".|",Agreement
|Sorry.|,Apology
"|ahh I was always worried you'd be a little bit jealous of me, but I was never quite that lucky.|",Statement Opinion
|There's still time for that.|,Statement Non Opinion
"|Oh, thanks. move here before you get married [LAUGHTER]|",The dialogical act shown in the text is: **Command**,Command
|[BREATHING]|,Others
"|Perfect, okay, good. ""sigh""|",Backchannel
"|I don't feel so bad then.  Well, I'm excited for you.|",The dialogical acts shown in the given text are:
"|I don't feel so bad then.  Well, I'm excited for you.|",
"|I don't feel so bad then.  Well, I'm excited for you.|","1. ""I don't feel so bad then."" - **Acknowledge**",Acknowledge
"|I don't feel so bad then.  Well, I'm excited for you.|","2. ""Well, I'm excited for you."" - **Statement Opinion**",Statement Opinion
|I know. I can't believe it.|,"The dialogical act shown in the text ""I know. I can't believe it."" is **Acknowledge**.",Acknowledge
|I can't believe it.|,Statement Opinion
|I am very excited|,Statement Opinion
|Who else have you told?|,Question
|Just a few people.|,Statement Non Opinion
|Really?|,Backchannel
|Just close friends so far.|,Statement Non Opinion
|So I was one of the first ones? That makes me feel so important.|,Statement Opinion
|Yeah.|,Acknowledge
|I have to think about moving now.  We're going to move in together|,Statement Opinion
"|Oh yeah, of course.|",Agreement
|I think it's a good idea to live together before you get married.|,Statement Opinion
"|I think so, too.  Are you going to get a house or-|",Agreement
"|I don't want a house, I mean just-|",Disagreement
|No?|,Disagreement
|L.A. apartment is fine.|,Statement Non Opinion
"|Oh, nice.|",Backchannel
|yeah.|,Acknowledge
|A good apartment. [BREATHING]|,Statement Non Opinion
"|Two artists, though.  We're bound to be poor forever.|",Statement Opinion
"|Yeah, how are you going to survive?|",The dialogical act shown in the text is: **Question**,Question
|Exactly. Are you going to have kids?|,"The text ""Exactly. Are you going to have kids?"" contains two dialogical acts:"
|Exactly. Are you going to have kids?|,
|Exactly. Are you going to have kids?|,"1. ""Exactly."" - **Agreement**  ",Agreement
|Exactly. Are you going to have kids?|,"2. ""Are you going to have kids?"" - **Question**  ",Question
|Exactly. Are you going to have kids?|,
|Exactly. Are you going to have kids?|,"(Since you asked for one word, the primary act is **Question**.)",Question
"|Yeah, I think so.  I mean, not for a while.|",Agreement
|yeah.|,Acknowledge
|yeah.|,Acknowledge
|Definitely not for a while|,Disagreement
|yeah.|,Acknowledge
"|So now, I'm going to have to find somebody else to bear my children.|",Statement Opinion
|[LAUGHTER] Good luck.|,"The dialogical act shown in the text ""[LAUGHTER] Good luck."" is **Acknowledge**.",Acknowledge
|[LAUGHTER]|,Backchannel
"|Oh, thanks.  I'll need it.|",Acknowledge
"|You won't have trouble, You won't have trouble.|","The dialogical act shown in the text ""You won't have trouble, You won't have trouble."" is **Statement Non Opinion**.",Statement Non Opinion
"|Oh thanks, you're too nice|",Acknowledge
|just being polite now|,"The dialogical act shown in the text ""just being polite now"" is **Acknowledge**.",Acknowledge
"|You should just approach her like that.  Hey, will you bear my children?|",Command
|because I am not getting married.|,Statement Non Opinion
"|Exactly, [LAUGHTER] I think that'll go over great, don't you?|",Agreement
"|Yeah, totally.|",Agreement
"|That's what girls like, right?|",Question
|Total turn on.|,"The dialogical act shown in the text ""Total turn on."" is: "
|Total turn on.|,
|Total turn on.|,**Statement Opinion**,Statement Opinion
|Would you mind popping out a few for me?|,Command
|[LAUGHTER]|,Backchannel
"|That'd be great, thanks.|",Agreement
"|Brian, I need help.|",Command
"|Babe, I don't know what to tell you.  Don't give up.|",The dialogical act shown in the text is **Command**.,Command
|I don't--I'm just--I'm thinking maybe I should move back home or something.  I don't I don't know what to do.  I can't - I cant keep living the way I'm living.|,Statement Opinion
"|Well, of course not, but what are you going to do if you move back home?  Are you going to be able to find a job there?|",The dialogical act shown in the text is **Question**.,Question
"|I don't know.  I mean, what am I supposed to do? I've It's not for lack of effort.  I've been trying.|",The dialogical act shown in the text is: **Statement Opinion**,Statement Opinion
"|I wish I had some answers for you, babe.  I mean-I don't know what to tell you.|",Apology
|How did you get a job?  What am I - What am I supposed to do?|,Question
|I went to school and I got my degree.  And I got a job.|,Statement Non Opinion
"|I mean, I just don't--I don't know.  If you don't have a lot of qualification, where do you - where do you find work?  It's like L.A. is so frustrating because if you don't know somebody, you can't -you can't get a job.  It's impossible.  It's totally discriminatory.  You have to know somebody.|",Statement Opinion
|Nothing's impossible.|,Statement Non Opinion
|It's not fair.|,Disagreement
|You have to be willing - You have to be willing to start you know at the bottom and work your way up. and|,Command
|That's fine.  I'd be willing to start anywhere.  I can't get a job.|,Agreement
|I|,Statement Non Opinion
"|I mean, on six seven and five an hour does not - does not pay the bills I mean.|",Statement Opinion
"|No, it doesn't pay the bills, but it would pay something.  And it would help you get somewhere else.|",Disagreement
|I still can't live on in six seven and five.  It's not possible in Los Angeles.  Housing is too expensive.|,Statement Opinion
"|and No, I understand, but you've got to start somewhere.  It's better than nothing and that's all you have.  You have nothing right now.|",The dialogical act shown in the text is **Disagreement**.,Disagreement
"|I mean I can do the McDonald's thing for a while as humiliating as that is, but I mean then what?  I mean You can't exactly move up in that kind of industry.|",Statement Opinion
"|Wait, You can move up.  There's management programs in McDonalds and things like that.|",Command
"|Oh come on, that's not what I envisioned for myself. Honestly, would you settle for being a manager at McDonalds?|",Disagreement
"|Well, of course not--|",Disagreement
"|[GARBAGE] No, I wouldn't, but I--|",Disagreement
|This is humiliating.|,Statement Opinion
"|Well, you know what?  Life gets humili... humiliating at times.|",Statement Opinion
"|No, I don't I don't want to accept that.  I think that's bullshit.|",Disagreement
"|Well, what are you going to do about it to make it different?|",Question
|I don't know.  I feel like I've tried everything.|,Statement Opinion
|Have you?  There's got to be something else.|,"The dialogical act shown in the text is ""Question."""
|Three years of going out every day--every day--and looking for a job and being constantly denied everywhere I go.|,Statement Non Opinion
"|I don't know what to tell you, babe. Maybe- Maybe you're right.  Maybe you do have to go someplace else.  I don't know, maybe it's just not meant to be here.  I mean I want you to-I don't want you to give up, but I mean I don't want you to move away, but at the same time, I don't like seeing you like this.|",Statement Opinion
|I'm just so scared to start over I mean.  I put so much time and energy into being here.|,Statement Opinion
"|Where am I supposed to go?  I mean, like what?|",Question
"|If it's rent or something like that, I mean I can help you out a little bit, if- if that will help you you know stick with it.|",Offer
|I don't know. Maybe I can take out a loan. I just- I need prospects and I don't feel like I have any.|,Statement Opinion
"|Well, just don't give up. And there's- you know, You never know, something might be around the corner tomorrow.|",Command
|But that doesn't help me when I'm hungry now.|,Statement Opinion
"|Well, you know I'm not going to let you starve.|",Statement Opinion
|I'm just worried.|,Statement Opinion
"|Of course, you're worried.  We're all worried.  I'm worried for you.  Everyone's always worried.  You know, I don't-maybe I have a job and yeah, it's a good job whatever and I'm happy, but it doesn't mean I'm going to have it tomorrow or the next day.  You never know what's going to happen.  Something crazy could happen tomorrow.|",Opinion
|It's three years.|,Statement Non Opinion
"|I understand, but you know what, you've been negative for three years.|",Disagreement
|Is that honestly what you think?|,Question
"|It's the way it seems to me.  You started complaining about not being able to find a job the first day you went out and didn't find a job.  And I'm not saying like and not trying to you know put you down or anything, it's just that-|",Statement Opinion
|That's really hard to hear.|,Acknowledge
"|But it's true, babe.  You've got to be more positive about things.  Like- Have some faith in yourself.|",The dialogical act shown in the text is **Command**.,Command
|I feel like I have faith and now faith is running thin because there is no money.|,Statement Opinion
"|Well, exactly.  Money is not everything.|",Agreement
"|Brian, I don't think you have a concept of what I mean by- by money.  I don't mean money like oh, I can't go get my hair and my nails done today, I mean like I can't eat.|",Statement Opinion
|You can.|,Command
"|No, no, really, if I can't pay to live somewhere, I'm going to end up living in my car.|",Disagreement
|You know I would never let that happen.  I wouldn't let that happen.|,Statement Opinion
|I just-- I|,"The dialogical act shown in the text ""I just-- I"" is **Backchannel**.",Backchannel
"|You can always stay with me if you- if you have to stay with me for a while and get yourself back up on your feet again.  You know I'm not just going to you know just throw you to the wolves or something like that.  If there's any way I can help you, I will.|",Offer
"|Well, thank you.|",Acknowledge
|But you have to keep trying.  You can't give up.|,Command
"|Yeah, I don't intend to stop trying.  I just--I don't when is when enough is enough.|",Agreement
"|And you've got to think--well, ask yourself why are they not hiring you?|",Statement Opinion
|I don't know.|,Answer
|I mean are you going in for interviews?|,Question
"|Yeah, and I look nice and I'm you know--|",The dialogical act shown in the text is: **Backchannel**,Backchannel
|Are you presenting-|,Question
|charismatic.|,Statement Opinion
|putting your best foot forward? or you|,Command
"|yah, to-totally, and I'm not--|",The dialogical act shown in the text is: **Backchannel**,Backchannel
"|Do they seem to like you? I mean, Can you get any read from them?|",Question
"|Yeah, I always think so, but I- I just feel like it's a lot of lip service everywhere I go.|",Agreement
|Have you ever called them back and asked why you didn't get the job?|,Question
"|Yeah, I follow up.|",Acknowledge
|Do they give you any specifics as to why they didn't go with you?|,Question
|It's just like- it's a matter of-|,Statement Non Opinion
"|not tall enough, not pretty enough, not--you know how this place is.|",Statement Opinion
"|Yeah, I understand. maybe What jobs are we talking about?|",The dialogical act shown in the text is: **Question**,Question
"|I mean, anything.|",Statement Opinion
|Like- What's your ideal job?  What do you want to do?|,Question
"|Well, I'd like to be a working actor.|",Statement Opinion
|Of course.|,Agreement
|But um--|,Backchannel
"|Everyone wants to be a working actor, but they all work at something else.|",Statement Opinion
|Yeah.|,Acknowledge
|So what's the something else?|,Question
"|Bartending, catering.|",Statement Non Opinion
"|You can't get a catering gig?  Well, I can call some friends.  I- Well, I did call some friends before, but you went in once and then never went back.|",The dialogical act shown in the text is **Disagreement**.,Disagreement
|Would you be willing to make some more calls on my behalf? I won't--I won't make you look bad.|,Question
|If I- If you- Will you stick with it?|,Question
|yeah.|,Acknowledge
"|Okay.  Okay, I'll call some people.|",The dialogical act shown in the text is **Agreement**.,Agreement
|Thank you.|,Acknowledge
"|But you've got to keep looking for other stuff. You've got to do it on your own, too.  Okay?|",Command
"|I will, I will.|","The dialogical act shown in the text ""I will, I will."" is **Agreement**.",Agreement
"|Yeah, thank you.|",Acknowledge
|You know I'll always help you.|,"The dialogical act shown in the text ""You know I'll always help you"" is **Statement Opinion**.",Statement Opinion
"|Hi,um- I think my baggage was lost, and I need to I guess file a claim or I don't know what.|",The dialogical act shown in the text is **Statement Opinion**.,Statement Opinion
"|Okay, what flight were you on?|",Question
|Um-Seventeen. Coming from --|,"The dialogical act shown in the text ""Um-Seventeen. Coming from --"" is **Backchannel**.",Backchannel
|On what airline?|,Question
|It was Virgin Atlantic coming from London.|,Statement Non Opinion
"|From London, okay. Um- And you went through all your proper checkpoints?|",The dialogical act shown in the text is **Question**.,Question
"|Yeah, I don't know where it was lost.  I was coming from Africa, so.|",The dialogical act shown in the text is: **Statement Non Opinion**,Statement Non Opinion
|So you haven't seen your bags since Africa. You flew threw Heath Row to here.|,Question
|Right.|,Acknowledge
|Yeah.|,Acknowledge
"|Okay.  Well, let me see here. I-|","The dialogical act shown in the text is ""Backchannel."""
|It seems like it went through Heath Row.  I see it here. uh-|,The dialogical act shown in the text is: **Statement Opinion**,Statement Opinion
|That's good.|,Agreement
|But uh- I don't see it here in the airport yet. uh|,The dialogical act shown in the text is: **Statement Opinion**,Statement Opinion
|I'm not sure where it is.  We can absolutely keep an eye out for for it for you.|,The dialogical act shown in the text is: **Agreement**,Agreement
"|Well, I can't leave without it. I mean, Could you find out?|",The dialogical act shown in the text is **Question**.,Question
"|Well, I'm not a miracle worker.  I don't know what I can do for you.  I don't have the bag right here.|",Statement Opinion
"|Right, well can you get on the computer maybe and like track it down and see when it's going to get here?|",Command
"|Well, as I told you, it left Heath Row and it seems to have arrived here.  But if you can't find it, then-are you sure you know what your bag looks like?|",The dialogical act shown in the text is: **Question**,Question
"|Yes, sir, I know what my bag looks like.|",Answer
"|Okay, and what is that?  What kind of bag is it?|",Question
|Um- It's a travel backpack.  It's green and gray.  It's got my name on it and my information.|,Statement Non Opinion
|And you couldn't find it?|,Question
"|No, it didn't turn up at the baggage claim.|",Disagreement
|Are you sure?|,Question
|I mean we've gone through all of this.  I've been to five people already who--|,Statement Opinion
"|Well, obviously, that wasn't me, so I'm going to have to ask you the same questions they asked you just so we can get to the same point.|",Statement Opinion
|Okay.|,Acknowledge
"|All right?  Now, um- it's green, travel bag, you couldn't find it.  And was there something important in it that you need it?|",Question
"|Yes, lots of really like -- sentimental value only, but--|",The dialogical act shown in the text is: **Statement Opinion**,Statement Opinion
|Sentimental value.|,Statement Non Opinion
| --really important stuff.|,Statement Non Opinion
"|Right.  Well, I don't know what to tell you. Um- What I can offer you is a fifty dollar voucher on your next flight.|",The dialogical act shown in the text is: **Offer**. ,Offer
"|Right.  Well, I don't know what to tell you. Um- What I can offer you is a fifty dollar voucher on your next flight.|",
"|Right.  Well, I don't know what to tell you. Um- What I can offer you is a fifty dollar voucher on your next flight.|","(Note: ""Offer"" falls under the ""Others"" category in your provided list, but it is the most accurate label for the given text.)"
"|That's not going to cut it. Like, Really, I really need to get this bag back.|",Disagreement
"|No, I understand. I mean. It's got to be tough all those sentimental things, but um- this is all I can do for you.|",The dialogical act shown in the text is: **Acknowledge**,Acknowledge
|Does this happen often?  Do they--you just lose baggage and you just offer people money for it?|,Question
"|Well, you know, sometimes that's--really, I mean what else could we do?|",Statement Opinion
|Uh- Not lose the baggage in the first place. I mean You're offering a service here. I paid so much money for that ticket.|,The dialogical act shown in the text is **Disagreement**.,Disagreement
"|Well,|","The dialogical act shown in the text ""Well,"" is:  "
"|Well,|",
"|Well,|",**Backchannel**,Backchannel
|Obviously ma'am.|,Agreement
"|I am sorry, ma'am.|",Apology
"|Let's- Let's just relax for a moment, ma'am.  You understand, obviously, we're going to do everything we can to keep all of your luggage here.|",Command
"|Obviously, we're not trying to lose your luggage.  Do you really believe that we're trying to lose your luggage ma'am?|",The dialogical act shown in the text is **Disagreement**.,Disagreement
"|No, but I mean like why can't- why can't you find it?  Where did it go?  Who lost it?|",The dialogical act shown in the text is **Question**.,Question
"|Well, if I knew that, then I'd know where it was, wouldn't I?|",Statement Opinion
"|Well, I just-I paid so much money for this ticket.  I feel like you guys should be able to get-to offer me more than a fifty dollar voucher.|",Statement Opinion
"|Well, we're talking about one bag.  You personally made it here, didn't you?|",Question
"|Yeah, meaning I didn't die in a fiery plane crash.  How convenient, but um- I paid two thousand dollar to ride your airline, and I would really appreciate getting my bags there to my destination in one place.|",The dialogical act shown in the text is **Disagreement**.,Disagreement
|That's what the cost of the ticket was for.|,"The dialogical act shown in the text ""That's what the cost of the ticket was for."" is **Statement Non Opinion**.",Statement Non Opinion
"|Ma'am, international flights are not cheap and there's many reasons for that.  It does not have solely to do with your baggage or-|",Statement Opinion
"|Right, but part of the agreement is that I'm paying so that I can take myself and my belongings with me.|",The dialogical act shown in the text is **Disagreement**.,Disagreement
"|Right. Yes, ma'am.|",Acknowledge
|And that you're going to transport them safely from one place to another.|,Command
"|Right, and also if you'll read the fine print of your agreement you'll see that while we do bear some responsibility for lost luggage, it is a fifty dollar voucher.|",The dialogical act shown in the text is **Statement Non Opinion**.,Statement Non Opinion
"|That's all you can offer me? I mean, my the stuff in there is worth way more than fifty dollar.|",Disagreement
"|Well, I understand that.  Did you buy flight insurance?|",The text shows two dialogical acts:
"|Well, I understand that.  Did you buy flight insurance?|",
"|Well, I understand that.  Did you buy flight insurance?|","1. ""Well, I understand that."" - **Acknowledge**",Acknowledge
"|Well, I understand that.  Did you buy flight insurance?|","2. ""Did you buy flight insurance?"" - **Question**",Question
|No.|,Disagreement
"|Well, my hands are really tied then.|",Statement Opinion
|Why do I need flight insurance?  Why don't you guys just guarantee that you're going to get the stuff that I leave with to my destination?|,Question
"|Well, it's like any kind of insurance.  You don't-when you get it, then you get more. You know, Like if you--|",Statement Opinion
"|Right, but if I'm riding a bus, I don't need to buy luggage insurance that the backpack I take on is going to get to my destination with me.|",Disagreement
"|Well, of course not because you've got your backpack with you the whole time.  Now, if you--you said this was a travel bag.  Why weren't you carrying it on if it was so important?|",Disagreement
|Because they made me check it.  It's too heavy.|,Answer
"|Uh, so it was really heavy.|",Statement Opinion
"|So I would have carried it on, but they made me check it and then they lost it.|",Statement Opinion
"|Well, you know what, it could still turn up, but until then I can offer you this fifty dollar voucher.|",The dialogical act shown in the text is: **Offer**. ,Offer
"|Well, you know what, it could still turn up, but until then I can offer you this fifty dollar voucher.|",
"|Well, you know what, it could still turn up, but until then I can offer you this fifty dollar voucher.|","(Since ""Offer"" wasn't listed in your original options, the closest alternative from your provided list would be **Statement Opinion**.)",Statement Opinion
|There's nothing else you can do?|,Disagreement
"|I'm sorry, ma'am, there's nothing else I can do.  My hands are really tied here.  I really wish there was something else I could do for you.|",Apology
|I don't believe that for a second.|,Disagreement
|Well I don't know why you wouldn't believe that.|,Disagreement
"|Obviously, I'm doing everything that I can here.|",Statement Opinion
"|No, I don't think you are. I mean If you were doing everything you could, you'd either give me more money or you'd figure out where my bag is.|",Disagreement
"|Well, I have no way to give you more money.  I'm giving you as much money as I can, and figuring- as far as figuring out where you bag is-|",Statement Opinion
|What do you mean as you can?  Who makes up these rules?|,Question
|makes up?|,"The dialogical act shown in the text ""makes up?"" is **Question**.",Question
|You're an autono- autonomous human being.  You could- You could go into the com-|,Statement Non Opinion
"|The airline makes these rules, mom ma'am.|",Answer
|You could go into the computer and- you know- print-|,The dialogical act shown in the text is **Statement Opinion**.,Statement Opinion
|I've gone into the computer.  I told you exactly what I can see in the computer that your luggage did arrive here.|,Statement Non Opinion
"|So I'm just supposed to oh, well, oops, my luggage is gone and be fine with that and take your stinking fifty dollar voucher?|",The dialogical act shown in the text is **Disagreement**.,Disagreement
"|Well, you can take my stinking fifty dollar voucher and go home and wait and see if your luggage turns up. And if it does, then we'll deliver it to you.|",The dialogical act shown in the text is **Command**.,Command
|And you have no guarantee.|,Statement Non Opinion
"|I have no guarantee, absolutely not.|",Disagreement
|This is ridiculous.|,Statement Opinion
|How can I guarantee finding your luggage when it's lost?|,Question
"|Uh- Because you guys lost it, so it should be your responsibility to find it, too.|",Disagreement
"|Right, well, when you're at home and you lose something, do you guarantee that you're going to find it later on?|",Question
"|Oh, come on.  Would you cut it out?  This is ridiculous.|",Disagreement
"|Well, it sounds to me like you're being ridiculous|",Statement Opinion
"|No, I don't think I am.  I like have a whole bunch of stuff that means a lot to me, and I brought it you know from Africa.  It's not like I can just go back and get it whenever I want.|",Disagreement
|Right.|,Acknowledge
|It's not like I can go to Kmart and buy another.|,The dialogical act shown in the text is **Statement Opinion**.,Statement Opinion
"|I understand that, ma'am, but things get lost.  There's nothing I can do about that.  Things happen.  Accidents happen.|",Acknowledge
"|And while I really would love to be able to hand you your bag right now, obviously I can't do that.|",Apology
|okay fine.|,Acknowledge
|So you'd like the fifty dollar voucher?|,Question
"|Yeah, I'll take your fifty dollar voucher.|",Agreement
"|Okay, just fill out these three forms, and um- you'll- we'll have that sent to you within the next three weeks and, of course, we'll definitely keep an eye out for your bag.|",Command
|Thanks.|,Acknowledge
|You have a wonderful day.|,Statement Opinion
|What's wrong Melissa?|,Question
|A good friend of mine passed away the other day.|,Statement Non Opinion
"|Oh no, I'm so sorry. What happened?|",Apology
"|Oh they had some pretty progressive cancer,|","The dialogical act shown in the text ""Oh they had some pretty progressive cancer,"" is: **Statement Opinion**",Statement Opinion
"|metastasized and it was old and they knew that it wasn't looking good, but-|",Statement Non Opinion
|That's the worst.  I'm so sorry.  Did you know him well?|,Here’s the breakdown of each part of the text with the corresponding dialogical act:  
|That's the worst.  I'm so sorry.  Did you know him well?|,
|That's the worst.  I'm so sorry.  Did you know him well?|,"- **""That's the worst.""** → **Statement Opinion**  ","""That's the worst."""
|That's the worst.  I'm so sorry.  Did you know him well?|,"- **""I'm so sorry.""** → **Apology**  ","""I'm so sorry."""
|That's the worst.  I'm so sorry.  Did you know him well?|,"- **""Did you know him well?""** → **Question**  ","""Did you know him well?"""
|That's the worst.  I'm so sorry.  Did you know him well?|,
|That's the worst.  I'm so sorry.  Did you know him well?|,"Since you asked for **one word**, the most prominent dialogical act here is likely **""Apology""**, as it carries strong emotional weight. However, if you need a single label for the entire utterance, it would be **""Others""** because it combines multiple acts.  ",one word
|That's the worst.  I'm so sorry.  Did you know him well?|,
|That's the worst.  I'm so sorry.  Did you know him well?|,"If you'd prefer the most dominant single act, I'd choose: **Apology**.",Apology
|Yeah.  We were.  Pretty close.|,"The dialogical act shown in the text ""Yeah. We were. Pretty close."" is **Acknowledge**.",Acknowledge
|[BREATHING]|,Others
"|I am so sorry,  It's-|",Apology
|It's the worst when they go like that. [GARBAGE] Was he young?|,"The dialogical act shown in the text is: **Statement Opinion** (for ""It's the worst when they go like that."") and **Question** (for ""Was he young?"").  ",Statement Opinion
|It's the worst when they go like that. [GARBAGE] Was he young?|,
|It's the worst when they go like that. [GARBAGE] Was he young?|,"However, since you asked for *one word*, the dominant act is **Statement Opinion** (as it carries more weight than the fragmented follow-up question).  ",Statement Opinion
|It's the worst when they go like that. [GARBAGE] Was he young?|,
|It's the worst when they go like that. [GARBAGE] Was he young?|,If strictly separating the two parts:  
|It's the worst when they go like that. [GARBAGE] Was he young?|,"1. ""It's the worst when they go like that."" → **Statement Opinion**  ",Statement Opinion
|It's the worst when they go like that. [GARBAGE] Was he young?|,"2. ""Was he young?"" → **Question**  ",Question
|It's the worst when they go like that. [GARBAGE] Was he young?|,
|It's the worst when they go like that. [GARBAGE] Was he young?|,"But if forced to pick *one* for the entire text, **Statement Opinion** is the stronger choice.",Statement Opinion
|Kind of.|,Statement Non Opinion
"|It's hard to watch when it's painful for them, you know.|",Statement Opinion
"|Absolutely, absolutely.|",Agreement
|It's the think|,Statement Non Opinion
"|I just, I don't know.|",Disagreement
|There's no reason for it.|,Disagreement
|I know.|,Acknowledge
|And he could of...  He was pretty awesome|,Statement Opinion
|Yeah?  What'd he do?  What did they do?  How'd you know him?|,Question
"|Uh,  We grew up together.|",Statement Non Opinion
|yeah.|,Acknowledge
"|Is he an actor too, or-?|",Question
"|Yeah, he kind of did a lot of things, but we acted together, sometimes.|",Acknowledge
"|I feel really bad for his family, you know.|",Statement Opinion
"|Yes of course, of course.|",Agreement
"|It must be really, really hard to lose a child.|",Statement Opinion
|Was he very close to his family?|,Question
"|Yeah.  And they were really supportive, like through the whole process, but-|",Acknowledge
|yeah.|,Acknowledge
|[BREATHING]|,Others
|I can't imagine what his- what his parents are going through.|,Statement Opinion
|Of course not.  You have no idea what it's like to lose a kid.|,Disagreement
"|Yeah, I'm just going to miss him.|",Statement Opinion
"|Of course. If there's anything I can do, you just let me know.  Okay?|",Agreement
|Thank you.|,Acknowledge
|Of course.|,Agreement
|Is there a funeral planned? or-|,Question
"|Yeah, they're going to do some sort of memorial service or something.|",Acknowledge
"|Cool, Well, If you want me to go with you, I will.|",The dialogical act shown in the text is **Agreement**.,Agreement
|Thanks.|,Acknowledge
|No problem.|,Acknowledge
"|It's really bizarre, you know, when you know somebody really well, and then...|",Statement Opinion
|something happens and they die and it's like-|,The dialogical act shown in the text is: **Statement Opinion**,Statement Opinion
"|really hard to imagine that like you're going to continue to live, and that person's just going to have stopped.|",The dialogical act shown in the text is: **Statement Opinion**,Statement Opinion
"|Right, it just doesn't make any sense, it's not real.  It doesn't feel real.|",Disagreement
|yeah.|,Acknowledge
|[BREATHING]|,Others
"|Do you know what, it's going to pass,eventually, I mean it'll never pass, it'll always be there, and you'll always remember and everything like that, but you know.  It'll get easier I guess.|",Statement Opinion
|yeah.|,Acknowledge
|That's the best way to put it.|,Agreement
|It's hard to say good-bye.|,Statement Opinion
|Absolutely.|,Agreement
|[BREATHING]|,Others
"|Do you know what, if it was me that died, I'd really want you to be crying and being really upset too any way. So, I think you should definitely do this, because it's trying what it's supposed to be.|",Statement Opinion
|[LAUGHTER]|,Backchannel
|yeah yeah.|,Backchannel
|So guess what.|,Question
|what|,Question
|I got into college.|,Statement Non Opinion
"|Shut up.  What'd you get, where'd you get accepted to? please|","The text ""Shut up. What'd you get, where'd you get accepted to? please"" contains multiple dialogical acts. Here's the breakdown:"
"|Shut up.  What'd you get, where'd you get accepted to? please|",
"|Shut up.  What'd you get, where'd you get accepted to? please|","1. ""Shut up."" - **Command**  ",Command
"|Shut up.  What'd you get, where'd you get accepted to? please|","2. ""What'd you get, where'd you get accepted to?"" - **Question**  ",Question
"|Shut up.  What'd you get, where'd you get accepted to? please|","3. ""please"" - **Command** (softened by politeness, but still directive)  ",Command
"|Shut up.  What'd you get, where'd you get accepted to? please|",
"|Shut up.  What'd you get, where'd you get accepted to? please|","If you need **one word** for the **entire text**, the most dominant act is likely **Command** (due to the forceful ""Shut up"" and the directive ""please""). However, if mixed acts are allowed, it’s a blend of **Command** and **Question**.  ",one word
"|Shut up.  What'd you get, where'd you get accepted to? please|",
"|Shut up.  What'd you get, where'd you get accepted to? please|",For strict single-word categorization: **Command**.,Command
|U.S.C..|,"The text ""U.S.C."" appears to be an abbreviation, likely for the United States Code. Given the lack of context, it doesn't clearly fit into any of the provided dialogical act categories. "
|U.S.C..|,
|U.S.C..|,The most appropriate choice would be: **Statement Non Opinion** (as it seems to be a factual reference without expressing any opinion). ,Statement Non Opinion
|U.S.C..|,
|U.S.C..|,"However, if more context were provided, the classification might differ."
"|Oh, sweet.|","The dialogical act shown in the text ""Oh, sweet."" is: **Acknowledge**.",Acknowledge
|yeah.|,Acknowledge
|So you're not going to leave me.|,Agreement
|No.|,Disagreement
"|oh, good good good good good good.|",Backchannel
|I'll stay in town.|,Statement Non Opinion
|Are you going to live on campus?  Where are you going to live?|,Question
|Uh- I don't know.|,Disagreement
|Uh! stay over here.  Like travel to school. because you are so close to me|,Command
"|Well, I don't want to, I don't want to live with my mom.|",Disagreement
"|Okay, you're right, you're right, you're right,  right.  Maybe we should get a place together.|",Agreement
|Whoa.  What an idea.  Where would you want to live?|,The dialogical act shown in the text is: **Question**,Question
|That'll be awesome.|,Agreement
"|I don't know.  Well.  I wouldn't mind living by the U.S.C. campus, you know, but I'm not going to go to school right now, so.|",The dialogical act shown in the text is: **Statement Opinion**,Statement Opinion
|That's fine.  You don't have to go to school to live near U.S.C..|,Acknowledge
|I know.|,Acknowledge
|But I'd love to go all the US- all the U.S.C. parties and do all that crazy stuff with you.|,Statement Opinion
|Fair enough.|,Acknowledge
"|Whoa, this is going to be so much fun.|",Statement Opinion
|it is going to be so much fun. Yes.|,The dialogical act shown in the text is **Agreement**.,Agreement
|Uh! I'm so happy that you're not going to go away.|,Statement Opinion
"|Thank you. I know, I'm really, really, really excited.|",Acknowledge
"|Oh, I bet you're going to love it too.  You always wanted to go to U.S.C..|",Statement Opinion
"|I know they have a really, really great program for what I want to do.|",Statement Opinion
"|You're going to have so much fun.  And there's lo- tons of people, you're going to meet so many people, I'm going to meet so many people too, because we're going to be there together.|",Statement Opinion
|Can we for real live together?|,Question
"|Sure, why not.  I don't know why not, I'm not doing anything I have no plans, I could live anywhere I want.|",Agreement
|awesome.|,"The dialogical act shown in the text ""awesome"" is: **Acknowledge**.",Acknowledge
|So should we get a place near campus? or-|,Question
|That'll be great. That'll be great.|,Agreement
"|We should try to find, like, a party spot though, like you know where there's going to be a lot of parties, where there are cool people, though.  Do you know any people that might be out there?|",Statement Opinion  
"|We should try to find, like, a party spot though, like you know where there's going to be a lot of parties, where there are cool people, though.  Do you know any people that might be out there?|",Question
|okay.|,Acknowledge
|not yet.|,Answer
"|Yeah, me either.|",Agreement
"|[garbage] I know, I know, I know, we'll figure it out.  Right?  [garbage] it is going to be so much fun.|",The dialogical act shown in the text is **Agreement**.,Agreement
|That happens. That happens at time|,Acknowledge
|yeah.|,Acknowledge
|It's going to be ridiculous.  It's going to be so cool.|,Statement Opinion
"|You can't make fun of me because I'm not going to school, though, because I'm going to be working though.|",Disagreement
|I'm not going to make fun of you.|,Disagreement
|I'll have to make money and support us.|,Statement Non Opinion
"|[LAUGHTER] Oh, I'm going to be working too, I mean.|",The dialogical act shown in the text is: **Statement Non Opinion**,Statement Non Opinion
"|Well, yeah, of course, but you're going to be working on your school stuff too, and partying that takes up a lot of time, right, especially at U.S.C., I hear it's a big party college.|",The dialogical act shown in the text is **Statement Opinion**.,Statement Opinion
|I- I hear the same.|,"The dialogical act shown in the text ""I- I hear the same"" is **Acknowledge**.",Acknowledge
|Woo- I I do.|,"The dialogical act shown in the text ""Woo- I I do."" is **Agreement**.",Agreement
"|I don't know how I feel about that, but-|",Statement Opinion
|I know exactly how you feel about that. I think you feel really excited about it.  I know you are. I can tell. I know you.|,The dialogical act shown in the text is **Agreement**.,Agreement
|oh yeah.|,Backchannel
|oh yeah.|,Backchannel
|You're a wild and crazy woman.|,Statement Opinion
"|[LAUGHTER] Oh, it'll be awesome, that's for sure.|",Statement Opinion
"|Uh huh, it will be awesome.|",The dialogical act shown in the text is **Agreement**.,Agreement
|Better than if I'd picked up and moved to Boston.|,Statement Opinion
"|Oh, man, I'd have been so mad at you.  I'd have been so mad at you, because, what could I have done,|","The dialogical act shown in the text is ""Statement Opinion."""
"|living near the U.S.C. campus by myself, not going to school there. just really pathetic and sad.|",Statement Opinion
|[LAUGHTER] by yourself.|,Backchannel
|you'd be that kid|,"The dialogical act shown in the text ""you'd be that kid"" is **Statement Opinion**.",Statement Opinion
"|living near campus, and not going to school.|",Statement Non Opinion
"|Exactly.  Mooching off of all like the college experiences, that would've been me but you have saved me from that disaster. Thank you. Thank you very much.|",Agreement
|[LAUGHTER]|,Backchannel
"|Oh, it's going to be so much fun.|",Statement Opinion
|yeah.|,Acknowledge
"|Well, congratulations. and to me too, because now I get to-have-|",The dialogical act shown in the text is: **Acknowledge**,Acknowledge
|We should go apartment shop-er-hunting.|,Statement Opinion
|That's a good idea.|,Agreement
|Let's go tomorrow.|,Command
"|Tomorrow, tomorrow, tomorrow-|",Statement Non Opinion
|yeah.|,Acknowledge
"|Good.  We'll have to have one soon, you're going to have to go to school in a couple of months.|",The dialogical act shown in the text is **Agreement**.,Agreement
|Woo-|,"The dialogical act shown in the text ""Woo-"" is:"
|Woo-|,
|Woo-|,Backchannel
"|Oh God, it's awesome... There's going to be tons of places. [garbage]|",Statement Opinion
|exciting.|,"The dialogical act shown in the text ""exciting."" is: "
|exciting.|,
|exciting.|,**Statement Opinion**,Statement Opinion
"|Hi, sir.  How can I help you?|","The text ""Hi, sir. How can I help you?"" contains two dialogical acts:  "
"|Hi, sir.  How can I help you?|",
"|Hi, sir.  How can I help you?|","1. ""Hi, sir."" → **Greeting**  ",Greeting
"|Hi, sir.  How can I help you?|","2. ""How can I help you?"" → **Question**  ",Question
"|Hi, sir.  How can I help you?|",
"|Hi, sir.  How can I help you?|","If you strictly need **one word**, the dominant act is **Question** (as it drives the conversation forward). However, if the context prioritizes politeness/openers, **Greeting** could also be argued.  ",one word
"|Hi, sir.  How can I help you?|",
"|Hi, sir.  How can I help you?|",For precision: **Question** (primary intent).,Question
"|Oh, thank God.  Do you know how long I've been on the phone for half an hour trying to talk to a freaking human being.|",The dialogical act shown in the text is: **Statement Opinion**,Statement Opinion
"|All I want to do is put my, pay for my freaking credit card, and there's something wrong in my bill, Like I swear, it says I didn't paid last month, but I know I paid last month.|",Statement Opinion
|Okay.|,Acknowledge
"|I put- I've been typing my number in millions of times, it won't listen to me, it's not working, and I can't get a single human being, and finally-|",The dialogical act shown in the text is **Statement Opinion**.,Statement Opinion
"|you are a real human being.  Thank you very, very much.|",Acknowledge
"|[LAUGHTER] All right.  I'm sorry, sir that you've been having a hard time.|",Apology
"|This is ridiculous.  I- I seriously, I don't understand why you think these automated systems are supposed to like work for anybody.  They have never, ever work for me.|",Statement Opinion
"|I kwon, it is ridiculous|","The dialogical act shown in the text ""I kwon, it is ridiculous"" is **Disagreement**.",Disagreement
"|yeah, I understand.|",Acknowledge
"|Can you like talk to somebody about this, can you like can you tell them that this is ridiculous and can they change it from now on, is there a phone number you have that I can call that will like automatically be talking to somebody a human being.|",Command
|Uh- when's when's-|,Question
|Sir-|,Command
"|If yeah, well if you just slow down we'll um, we'll definitely have your problem solved and after we have your problem solved, then I can transfer you to a manager, someone who can you know, you can voice your complaint to, who will be able to something about it.|",The dialogical act shown in the text is **Answer**.,Answer
"|Well, okay ,well First off, fine, fine, fine.  Let's see, first off, um- yeah my bill's wrong.|",The dialogical act shown in the text is **Statement Opinion**.,Statement Opinion
"|Like I know I paid last month, but it hasn't been paid and you charged me a late fee.|",The dialogical act shown in the text is **Statement Opinion**.,Statement Opinion
"|Okay, so where?, okay, all right, so where did you uh- locate your your bill?|",The dialogical act shown in the text is: **Question**,Question
|I got it in the mail.|,Answer
|In the mail?|,Answer
|yeah|,Acknowledge
"|So is it, is- is it at all possible that maybe this statement is just old and that the transaction hadn't been processed yet?|",Question
"|Well, when I look online, it says, it says that I was charged a late fee so I'm assuming that I paid on your web site-|",Statement Opinion
|Okay.|,Acknowledge
"|like I paid right through your own company before my due date but it's still and it even shows my payment there, and then it charged me the late fee afterwards.|",Statement Opinion
|Okay.|,"The dialogical act shown in the text ""Okay."" is: **Acknowledge**",Acknowledge
|All right. I-|,Acknowledge
"|Okay so, I'll just look it up and you know see what's going on, maybe we can...|",Statement Non Opinion
|Okay.|,Acknowledge
|if I call it up on the screen.|,Command
"|Okay, great, go ahead.|","The dialogical act shown in the text ""Okay, great, go ahead."" is **Agreement**.",Agreement
"|So in the database, it looks as though um, there is a there is like a glitch in the transaction where it hadn't gone through before, but I do see that you paid the, what can you tell me the amount, what was the amount?|",Question
|It was one ninety eight sixty three. I paid the minimum.|,Statement Non Opinion
"|Okay, I do see that on here, and it says that um, it had some trouble clearing for some reason.  And I think that was the problem on our end.  So um-|",Acknowledge
|Wow.  I can't believe you're actually admitting to having a problem on your end.  That's a first.|,The dialogical act shown in the text is: **Disagreement**,Disagreement
"|Well you know sometimes-- just with online transactions, things happens. so um-|",The dialogical act shown in the text is: **Statement Opinion**,Statement Opinion
"|No, No, No, I am grateful.|",Disagreement
|Absolutely.|,Agreement
"|Yeah, we- Somebody went in and- and cleared the problem and it looks like you're all paid.|",Acknowledge
|Did they take-|,Question
"|You do the direct the direct it um- it's taking right out of your bank account, correct?|",Question
"|Yes, yes, exactly.|",Agreement
|Yeah so- That --that did go through.|,Acknowledge
|Are you taking the late fee off of my account then?|,Question
"|Um- I can try to do that for you, certainly.|",Answer
|Because I paid it on time.|,Answer
"|Right, right, and since--yeah, since it was just a computer glitch, then that's that should be cleared up as well.  So I'm going to go ahead and try and put that into the computer.  And if for some reason you notice on your statement in a few days that you've been charged and an overdue fee, then you should just call back and we'll have that.|",The dialogical act shown in the text is **Acknowledge**.,Acknowledge
|Right.|,"The dialogical act shown in the text ""Right."" is **Acknowledge**.",Acknowledge
"|Yeah, but if I call back, I'll have to go through this whole rigmarole again. and try to get a hole or someone.|",Disagreement
|Well I'll give you my direct line and my number so you can- you can  get directly to me.|,Command
|Really?|,Backchannel
|yeah.|,Acknowledge
"|That would be wonderful, that would be great seriously.|",Agreement
|No problem.|,"The dialogical act shown in the text ""No problem."" is **Acknowledge**.",Acknowledge
"|thank you, what's the number?|",The dialogical act shown in the text is **Question**.,Question
|ahh one eight hundred three two three|,"The dialogical act shown in the text ""ahh one eight hundred three two three"" is **Statement Non Opinion**.",Statement Non Opinion
|three two three|,Command
|six four nine four|,"The dialogical act shown in the text ""six four nine four"" is: **Statement Non Opinion**.",Statement Non Opinion
"|six four nine four. That would be so great, thank you so much.|",The dialogical act shown in the text is **Agreement**.,Agreement
"|Yep, So--|",Agreement
|You're welcome|,Answer
|oh.|,Backchannel
|I'm sorry that it was an inconvenience.|,Apology
"|It was horrible, but you've made it much better, thank you very much. Absolutely|",The dialogical act shown in the text is **Agreement**.,Agreement
|I am glad.|,Statement Opinion
|Have a good day.|,Command
"|You too, thank you so much, have a wonderful day.|",Acknowledge
|bye bye|,Greeting
|bye|,Greeting
|What's he going to say? Maybe we should tell him before he sees it.|,Question
|He saw it.|,Statement Non Opinion
|How could he see it?  I was the first one up.  He was still in bed.|,Question
|He was out here when it broke.|,Statement Non Opinion
|When?|,Question
"|Around Four this morning, and there was a crack and I looked out.  We're standing right there when I cracked.|",Statement Non Opinion
|What was he doing out here at four in the morning?|,Question
|I don't know.  but When it cracked he ran back into the house and start to cry in the kitchen.|,Statement Non Opinion
|Did you talk to him?|,Question
|No.  I figured it was best to leave him alone.|,Disagreement
|He cried hard.|,Statement Non Opinion
|I could hear him right through the floor of my room.|,Statement Non Opinion
|He is thinking about him again.|,Statement Non Opinion
"|It's getting just like after Larry died, he's having dreams, he's walking around at night.|",Statement Opinion
"|I guess, he is.|",Statement Opinion
|What's the meaning of that?|,Question
|I don't know the meaning of it.  But I know one thing mom did.  We made a terrible mistake with dad.|,Statement Opinion
|What?|,Question
|Being dishonest with him.  It's the kind of thing that pays off and now it's paying off.|,Statement Opinion
"|What do you mean, dishonest?|",Question
"|You know that Larry's not coming back, and I know it.  So why do we go on letting him think that we believe with him?|",The dialogical act shown in the text is **Question**.,Question
"|What are you going to do, argue with him?|",Question
"|No um, I don't want to argue with him, but it's time we realized that nobody else believes that Larry is alive.|",Disagreement
"|Why shouldn't he dream about him, walk around during the night, looking for him um.  Do we contradict him?  Do we say outright that we don't have any hope anymore, that we haven't had any for years now?|",Question
|You can't just say that to him.|,Disagreement
|We have to say it to him!|,Command
"|How are you going to prove it, I mean, there's no body and there's no grave.  So what are you going to do? Do you have proof?|",Question
"|For God's sake, mom, three years.  Nobody comes back after three years!  It's insane!|",Statement Opinion
"|To you it is, and to me, but not to your father.  Now look, you can talk yourself  blue in the face, but there's no body, and there's no grave, so where are you?|",Disagreement
"|Sit down, mom.  I want to talk to you.|",Command
"|The trouble with the god damned newspapers, I mean every week, they do a story about some boy's been gone longer than Larry and he comes back, so the next one is gonna--|",Statement Opinion
"|All right, All right mom.  Listen!|",Command
"|You know why I asked Annie here, don't you?|",Question
|why?|,Question
|You know.|,Backchannel
|Well I got an idea.  But what's the story?|,Statement Opinion
|I'm going to ask her to marry me.|,Statement Non Opinion
"|Well that's nobody's business but yours, Chris.|",Statement Opinion
|You know that's not just my business.|,Disagreement
"|What- What am - what are you going to do, I mean you're old enough to make up your own mind?|",Question
|So it's all right.  I can go ahead with it then?|,Question
|Well you're want to make sure your father isn't you know going to--lose them|,The dialogical act shown in the text is: **Statement Opinion**,Statement Opinion
|Then it's not only my business.  Sometimes you infuriate me.  You know that?|,The dialogical act shown in the text is **Statement Opinion**.,Statement Opinion
"|You know that?  Isn't it your business too, if I tell dad, and he gets, throws a fit about it?   you have such a talent for ignoring things!|",The dialogical act shown in the text is **Disagreement**.,Disagreement
|I ignore what I got to ignore.  The girl is Larry's girl.|,Statement Opinion
|She's not Larry's girl!|,Disagreement
"|As far as your father is concerned, he's not dead and you've no right to take his girl.|",Statement Opinion
"|Now Chris you can go on from there, but I don't know what to do.  I mean do you know what to do, because I don't.|",The dialogical act shown in the text is: **Question**,Question
"|I don't know why it is.  But every time I reach out for something I want, I have to pull back because other people will suffer.  My whole bloody life, time after time, after time.|",Statement Opinion
"|Well you're a considerate fellow, there's nothing wrong with that.|",Statement Opinion
|To hell with that!|,Disagreement
|Have you asked Annie yet to marry you?|,Question
|I want to get this settled first.|,Command
"|Well how did you know that she will go along with it, I mean maybe she feels the same way as your father?|",The dialogical act shown in the text is **Question**.,Question
"|Well, if she does, then that's the end of it, but from her letters it sounds like she's forgotten about it.  I'll find out and then we'll thrash it out with Dad, all right?  Mom, don't avoid me.|","The dialogical act shown in the text is **Command**. Specifically, the phrase ""Mom, don't avoid me."" is a directive instructing someone to take (or refrain from) an action. The rest of the utterance contains other acts (e.g., **Statement Opinion**, **Statement Non Opinion**), but the final clause is the most definitive.  ",Command
"|Well, if she does, then that's the end of it, but from her letters it sounds like she's forgotten about it.  I'll find out and then we'll thrash it out with Dad, all right?  Mom, don't avoid me.|",
"|Well, if she does, then that's the end of it, but from her letters it sounds like she's forgotten about it.  I'll find out and then we'll thrash it out with Dad, all right?  Mom, don't avoid me.|","(Note: If strictly *one word* is required, **Command** is the strongest choice. If multiple labels were allowed, a hybrid like ""Statement Opinion + Command"" would be more precise.)",Command
"|The trouble is you don't see enough women, you never have|","The dialogical act shown in the text ""The trouble is you don't see enough women, you never have"" is: **Statement Opinion**.",Statement Opinion
"|So what, I'm not fast with women.|",Statement Opinion
|Well I just don't see why it has to be Annie.|,Disagreement
|Because it is.|,Statement Non Opinion
"|well, that's a good reason, but it doesn't answer a thing.|",Disagreement
"|I can't help it.  I know her best.  I was brought up next door to here, the easiest, when I think of somebody for my wife, I think of Annie.  Do you want a diagram?|",Statement Opinion
"|No, I don't want a diagram, but, Chris, your father thinks Larry's coming back.|",Disagreement
"|You marry his girl, and you're pronouncing him dead.  Now what's going to happen to your father, do you know?  I don't.|",Command
"|All right, then, Mom.|",Acknowledge
|Give it some more thought.|,Command
"|I've given it three years of thought.  And hope by now that he wouldn't.  Can you forget about Larry an-- and we can have a regular wedding and have everybody be happy.  But that can't happen here, I'm set to get out.|",Statement Opinion
|What the hell is this?|,Question
"|I'll get out. I'll get married and live some place else.  Maybe, maybe New York?|",Statement Opinion
|Are you crazy?|,Question
"|I've been a good son for too long, a big sucker.  I'm through with it.|",Statement Opinion
|Wait a minute.  Tell me this.  Do you mean to say that you would leave the business?|,The dialogical act shown in the text is: **Question**,Question
|The business?  The business?  It doesn't inspire me?|,Question
|Must you be inspired?|,Question
"|Yes!  I like it an hour a day.  If I had to grub for money all day long, I like to come home to something beautiful.  I want a family.  I want- I want kids.  I want to build something I can give myself to. and Annie is in the center of that, and now where do I find it?|",Statement Opinion
"|Don't- you, you can't think like that!  Don't think like that!|",Disagreement
|Then help me stay here.|,Command
"|All right!  But don't think like that, because I mean, what the hell did we do all this for, Chris?  The whole business it's all for you!  The whole shooting match is for you!|",The dialogical act shown in the text is **Disagreement**.,Disagreement
|I know that Mom. I know.  Just you help me stay here.|,Acknowledge
"|All right, but don't think like that.|",Command
|I am thinking like that.|,Statement Opinion
"|I don't understand you, do I?|",Disagreement
|No.  You don't.  I'm a pretty tough guy.|,Disagreement
"|Yeah, I can see that.|",Acknowledge
|Why did you invite her here?|,Question
|Why does that bother you?|,Question
|She's been in New York three and a half years.  Why all of the sudden?|,The dialogical act shown in the text is **Question**.,Question
|Well maybe.  Maybe she just wanted to see her again.|,Opinion
|Nobody comes seven hundred miles just to see.|,Statement Non Opinion
"|What did you mean? He lived next door to the girl all of his life, why wouldn't he want to see her again? Don't look at me like that, he didn't tell me any more than he told you.|",Question
|He's not going to marry her.|,Disagreement
|How do you know he is even thinking about it?|,Question
|It's got that about it.|,Statement Opinion
"|Well, so what.|",Disagreement
"|What's going on here, Joe?|",Question
"|Now, listen, Kate, just-|",Command
|She's not his girl.  She knows she's not.|,Statement Opinion
|You can't read her mind.|,Statement Non Opinion
"|She's . . . Then why is she still single.  New York is full of men, why isn't she married?  Probably a hundred people told her she's foolish, but she's waited.|",The dialogical act shown in the text is **Question**.,Question
|How do you know why she's waited?|,Question
|Because she knows what I know - she's faithful as a rock and my worst moments I think of her waiting and I know again that I'm right.|,Statement Opinion
|Look.  It's a nice day.  Why are we arguing?|,The dialogical act shown in the text is: **Question**,Question
"|Nobody in her- this house dares shake her faith.  Strangers might, but not his father, and not his brother.|",Statement Opinion
|What do you want me to do? What do you want--|,Question
|I want you to pretend like he's coming back!|,Command
"|But, Kate...|",Disagreement
"|Because if he's not coming back, then I'll kill myself.|",Statement Opinion
|[LAUGHTER]|,Backchannel
"|Laugh.  Laugh at me, but what happens the night that she goes to sleep in his bed, and his memorial breaks in pieces?|",The dialogical act shown in the text is **Statement Opinion**.,Statement Opinion
|Calm yourself.|,Command
"|Believe with me, Joe.  I can't stand alone.|",Command
|Calm yourself!|,Command
"|Only last week, another boy turned up in Detroit, been missing longer than Larry, you read it yourself.|",Statement Non Opinion
"|All right, all right.  Calm yourself.|",Command
"|You above all, have got to believe, Joe.|",Statement Opinion
"|Why me, above all?|",Question
|You've got to believe. You've got to--|,Command
|What do you mean me above all?  Look at you.  You're shaking!|,Question
|I can't help it!|,Statement Non Opinion
"|What have I got to hide?  What the hell is the matter with you, Kate?|",The dialogical act shown in the text is: **Question**,Question
|You're the only one I know who loves his parents.|,Statement Opinion
|I know.  It's going out of style isn't it?|,Statement Opinion
"|No, it's good.|",Disagreement
|It's so lovely here.  The air is sweet.|,Statement Opinion
|So you're not sorry you came?|,Question
|No.  But I'm not going to stay.|,Disagreement
|Why?|,Question
|Well your mother has much as told me to leave.|,Statement Opinion
|Well--|,"The dialogical act shown in the text ""Well--"" is **Backchannel**.",Backchannel
"|Well, you saw that! And you.  You've been-|",Statement Opinion
|What?|,Question
|Well sort of embarrassed soon as I came.|,The dialogical act shown in the text is: **Statement Opinion**.,Statement Opinion
|Well the plan was to kind of sneak up on you over a period of a week or so.  But uh- they take it for granted that we're all set.|,Statement Opinion
|I figured they would- your mother at least.|,The dialogical act shown in the text is **Statement Opinion**.,Statement Opinion
|How did you know?|,Question
"|Well, from her point of view why else would I come?|",Opinion
"|Well, would you want to?  I guess you know this is why I asked you to come.|",Question
|I guess this is why I came.|,Statement Opinion
"|Anne, I love you.  I love you a great deal.  I love you!|",Statement Opinion
"|I- I -I have no imagination, that's all I know what to say, I-I'm embarrassing you. I I didn't want to tell you here.  I wanted it to be some place different, some place where we could be new to each other you know.|",Apology
"|You feel it's wrong here, don't you- this yard, this chair?  I want you to be ready for me Annie.  I don't want to win you away from anything.|",The dialogical acts in the given text are as follows:  
"|You feel it's wrong here, don't you- this yard, this chair?  I want you to be ready for me Annie.  I don't want to win you away from anything.|",
"|You feel it's wrong here, don't you- this yard, this chair?  I want you to be ready for me Annie.  I don't want to win you away from anything.|","1. *""You feel it's wrong here, don't you—this yard, this chair?""* → **Question**  ",Question
"|You feel it's wrong here, don't you- this yard, this chair?  I want you to be ready for me Annie.  I don't want to win you away from anything.|","2. *""I want you to be ready for me Annie.""* → **Command**  ",Command
"|You feel it's wrong here, don't you- this yard, this chair?  I want you to be ready for me Annie.  I don't want to win you away from anything.|","3. *""I don't want to win you away from anything.""* → **Statement Opinion**",Statement Opinion
"|Chris, I've been ready for a long time.|",Command
"|Then, he's gone forever-you're sure?|",Question
|I almost got married two years ago.|,Statement Non Opinion
|Why didn't you?|,Question
|You started to write me.|,Statement Non Opinion
|You felt something that far back?|,Statement Non Opinion
|Every day since.|,Statement Non Opinion
"|Annie, why didn't you say something to me?|",Question
|Well I was waiting for you!  I mean I didn't-until then you hadn't written and when you write- when you wrote what did you say?  I mean you sure can be ambiguous Chris.|,Statement Opinion
"|Give me a kiss, Ann. Give me a-|",Command
|Oh God- I kissed Annie! I can't believe I kissed Annie!  How long I've wanted to do this.|,Statement Opinion
|I'll never forgive you.  Why did you wait so long?  All this time I've been wondering if I was a fool for thinking of you!|,The text contains multiple dialogical acts. Here they are broken down:
|I'll never forgive you.  Why did you wait so long?  All this time I've been wondering if I was a fool for thinking of you!|,
|I'll never forgive you.  Why did you wait so long?  All this time I've been wondering if I was a fool for thinking of you!|,"1. ""I'll never forgive you."" - **Disagreement**  ",Disagreement
|I'll never forgive you.  Why did you wait so long?  All this time I've been wondering if I was a fool for thinking of you!|,"2. ""Why did you wait so long?"" - **Question**  ",Question
|I'll never forgive you.  Why did you wait so long?  All this time I've been wondering if I was a fool for thinking of you!|,"3. ""All this time I've been wondering if I was a fool for thinking of you!"" - **Statement Opinion**  ",Statement Opinion
|I'll never forgive you.  Why did you wait so long?  All this time I've been wondering if I was a fool for thinking of you!|,
|I'll never forgive you.  Why did you wait so long?  All this time I've been wondering if I was a fool for thinking of you!|,"If forced to choose **one** dominant act, the strongest would likely be:  ",one
|I'll never forgive you.  Why did you wait so long?  All this time I've been wondering if I was a fool for thinking of you!|,**Disagreement** (due to the emotional rejection and conflict expressed).,Disagreement
"|Oh Annie, we're going to live now.  I'm going to make you so happy.|",Statement Opinion
"|Not like that, you're not.|",Disagreement
|I kissed you.|,Statement Non Opinion
"|Like Larry's brother.  Do it like you, Chris.  Chris, what's the matter?|",The dialogical acts in the given text are as follows:
"|Like Larry's brother.  Do it like you, Chris.  Chris, what's the matter?|",
"|Like Larry's brother.  Do it like you, Chris.  Chris, what's the matter?|","1. ""Like Larry's brother."" - **Statement Non Opinion**  ",Statement Non Opinion
"|Like Larry's brother.  Do it like you, Chris.  Chris, what's the matter?|","2. ""Do it like you, Chris."" - **Command**  ",Command
"|Like Larry's brother.  Do it like you, Chris.  Chris, what's the matter?|","3. ""Chris, what's the matter?"" - **Question**",Question
|Let's Let's drive someplace.  I- I want to be alone with you.|,Command
"|No, what is it, your mother?|","The dialogical act shown in the text ""No, what is it, your mother?"" is **Disagreement**.",Disagreement
"|No, nothing like that.|",Disagreement
"|What is it?  Even in your letters, there is something ashamed.|",Question
"|Yeah, I suppose I have been.  But it's going from me.|",Acknowledge
|I don't know how to start.|,Statement Opinion
|It wouldn't work like this.|,Disagreement
"|It's- It's mixed up with so many other things, I-|",Statement Opinion
|Remember when I was overseas?  I was in command of the company.|,Statement Non Opinion
|yeah sure.|,Agreement
|Yeah.  I lost them.|,Acknowledge
|how many?|,Question
|just about all.|,"The dialogical act shown in the text ""just about all"" is **Acknowledge**.",Acknowledge
|Oh gee.|,Acknowledge
|Takes a little time to toss something like that off you know because they weren't just men-|,Statement Opinion
"|for instance, there's this one time.  It had been raining for several days.  And this kid came up to me and gave me his last pair of dry socks. you know, He just put them in my pocket.|",Statement Non Opinion
"|I know that- that's not a big thing, but it's just the kind of guys I had. They didn't die. They- They killed themselves for each other.|",The dialogical act shown in the text is **Statement Opinion**.,Statement Opinion
|I mean that exactly that-a little more selfish and they would have still been here today.|,Statement Opinion
"|And I got an ideal, watching them all go down.  Everything was being destroyed see and-|",Statement Opinion
"|but it seemed to me that something new was being created at the same time, a kind of responsibility, man for man.  Do you understand me?|",The text shows a **Statement Opinion** followed by a **Question**. ,Statement Opinion
"|but it seemed to me that something new was being created at the same time, a kind of responsibility, man for man.  Do you understand me?|",
"|but it seemed to me that something new was being created at the same time, a kind of responsibility, man for man.  Do you understand me?|","However, since you asked for one word, the primary dialogical act here is **Statement Opinion**.",Statement Opinion
|And to show that-to-to bring that back onto the earth again like a- like a monument.  And everyone would have it standing behind them and- and it would make a difference for them.|,Statement Opinion
|And then I went home and it was incredible.  It had no meaning here.|,Statement Opinion
"|It was all like some kind of bus accident to them.  I went back to work with my dad, in that whole rat race again.|",Statement Opinion
|And I felt what you said- ashamed somehow-because nobody had changed at all.  It seemed to make suckers out of a whole lot of guys. and|,Statement Opinion
"|It felt wrong to be alive-to open that bank-book; to buy that new car; to look at that new refrigerator.  I mean, you can take those things out of the war, but if you drive that car, you have to know that that comes from the love that a man has for a man.  And you've got to be a little bit better than that!|",Statement Opinion
"|And if you're not, then it's all just loot and it's got blood on it, and I don't want any of it!  And, I guess that included you.|",Statement Opinion
|Do you still feel like that?|,Question
"|I I want you now, Annie.|",Command
"|Because you can't feel like that anymore Chris, you hear me?  I mean everything that you have, you deserve.  And that includes me.  And your father?  Your father put hundreds of planes in the air, you should be proud.  A man should be paid for that.|",Command
"|Oh Annie.  Annie, I am going to make you a fortune!|",Statement Opinion
|What would I do with a fortune?|,Question
"|What time is it?  Isn't it supposed to start running around midnight?  This is great, isn't it?  Look at this great night we got here.  Couldn't be better--|",Question
|actually I was hoping to go a little bit further up the coast to get away from the lights and the people but I was afraid I will miss it.  How are you doing?|,Question
|Fine.|,Acknowledge
"|Is that--no, no no is that foam?  I can't even tell, although if I- if I can't tell, it probably isn't it?  Right It'll probably be unmistakable, but don't you think?  How you doing?|",Question
"|Oh no, you know what I did.  I forgot my flashlight.  How could I be so stupid?  I can't believe I forgot my flashlight.|",Apology
|What flashlight?|,Question
"|The flashlight, the silver one, there's only one, isn't there?|",Question
|It's not your flashlight.|,Disagreement
|Whose is it?|,Question
|It's ours- our flashlight.  It's yours and mine.|,Statement Opinion
"|Well, Sure.|",Acknowledge
"|I mean you keep saying ,my flashlight, as if it's somehow just yours.  How's that suppose to make me feel?|",Disagreement
"|No, Of course, you are right.  Our flashlight.  Me flashlight is you flashlight naturally.  How can we not think to bring it?|",The dialogical act shown in the text is **Agreement**.,Agreement
"|Well, I hope the moon stays out.  Well, I wonder do they always wander during a full moon?  I can't remember, wasn't it full last year?  Do you remember?|",The dialogical acts in the given text are as follows:  
"|Well, I hope the moon stays out.  Well, I wonder do they always wander during a full moon?  I can't remember, wasn't it full last year?  Do you remember?|",
"|Well, I hope the moon stays out.  Well, I wonder do they always wander during a full moon?  I can't remember, wasn't it full last year?  Do you remember?|","1. ""Well, I hope the moon stays out."" → **Statement Opinion**  ",Statement Opinion
"|Well, I hope the moon stays out.  Well, I wonder do they always wander during a full moon?  I can't remember, wasn't it full last year?  Do you remember?|","2. ""Well, I wonder do they always wander during a full moon?"" → **Question**  ",Question
"|Well, I hope the moon stays out.  Well, I wonder do they always wander during a full moon?  I can't remember, wasn't it full last year?  Do you remember?|","3. ""I can't remember, wasn't it full last year?"" → **Question**  ",Question
"|Well, I hope the moon stays out.  Well, I wonder do they always wander during a full moon?  I can't remember, wasn't it full last year?  Do you remember?|","4. ""Do you remember?"" → **Question**  ",Question
"|Well, I hope the moon stays out.  Well, I wonder do they always wander during a full moon?  I can't remember, wasn't it full last year?  Do you remember?|",
"|Well, I hope the moon stays out.  Well, I wonder do they always wander during a full moon?  I can't remember, wasn't it full last year?  Do you remember?|","Since you asked for *one word*, the most prominent dialogical act here is **Question** (as three out of four utterances are questions). However, if you need a single label for the entire text, it would be a mix, but **Question** dominates.  ",Question
"|Well, I hope the moon stays out.  Well, I wonder do they always wander during a full moon?  I can't remember, wasn't it full last year?  Do you remember?|",
"|Well, I hope the moon stays out.  Well, I wonder do they always wander during a full moon?  I can't remember, wasn't it full last year?  Do you remember?|","If you need per-sentence classification instead, let me know!"
|yes.|,Answer
"|Are you cold?  You want my jacket?  We should have bought a blanket.  Our blanket-.  This is great, isn't it?|",Question
"|I didn't even think to bring a six-pack.  A six-pack would be just the thing right about now. I can't believe I forgot.  And look at kid, I am surprise I make it out of the house about flies it.|",Statement Opinion
|[LAUGHTER] I wonder if they can hear me talk or if they can feel the vibration in the sand when we are moving around|,The dialogical act shown in the text is **Question**.,Question
|I am cold.|,Statement Non Opinion
|you want my jacket?|,Question
"|It's after eleven, let's go home.|",Command
"|Are you kidding?  We'd miss it. We just got here, what's the point of coming out here if we are just going to leave.|",Disagreement
|There is no point in coming out here.|,Statement Opinion
|Right.|,Acknowledge
|That's my point.|,Statement Opinion
|That's my point too.|,Agreement
|So let's go.|,Command
"|No, no, no.  That's not my point.  My point is what's the point in coming down here if we are just going to turn around and go home.  Don't you want to see it?|",Disagreement
|Not particularly.|,Disagreement
|Why not?|,Question
|I just don't.|,Disagreement
"|Honey, this is a natural phenomenon. I mean,  It happens like once a year.  It's a great opportunity.|",Statement Opinion
"|Think about people in Kansas, they have to get a- a plane reservation and a hotel reservation just to see this uh- but we are just forty minutes away.  Too good to pass up.|",Statement Opinion
"|Pass up what?  Its little fish, one month on the beach and they flop around and they swim away and then they die.|",Question
"|Yeah but that moment on the beach is the highlight of their little lives, all that flopping around is laying eggs or what you- mating or spawning or something like that.|",Disagreement
|This is a big night for these guys.  Life's last orgy. Yeah|,The dialogical act shown in the text is **Statement Opinion**.,Statement Opinion
"|What are you so excited about?  I mean it's not--it's not rocket science we are talking about, its fish.  Its fish nobody even eats.|",The dialogical act shown in the text is **Disagreement**.,Disagreement
|Yeah they do.|,Agreement
|Augie.|,Statement Non Opinion
"|Okay, but they are fish that do something that no other fish do.  Like the swallows returning to Capistrano, or the lemmings jumping off a cliff you know like that.|",Statement Opinion
|There's There's mystery here and magic.  A little bit of the unexplainable.  I can't understand how you could not be interested.|,Statement Opinion
|I am just not.|,Disagreement
|For real?|,Question
|Yes.|,"The dialogical act shown in the text ""Yes."" is **Agreement**.",Agreement
"|I don't get it, the first time we came out here, you said it was the best night of your life and last year I remember distinctly you were so excited that you stuff your toe pushing me out of the door and you didn't notice it until you got into the car.|",Disagreement
"|Last year you also remember, our shoes got wet and I got sand in my panties and we got into a big fight.  You had a sore throat and we did not see the grunions.|",Statement Non Opinion
|We weren't in a good spot.|,Statement Non Opinion
|We didn't see them the first time either.|,Statement Non Opinion
|We just weren't in a good spot.  This is a much better spot.  I got a great instinct for these things.|,Statement Opinion
"|Look there, what's that?  Is it?  Is that a--Ah, it's a seaweed isn't it?|",Question
"|Oh, this is great.  I wouldn't miss this for the world.  I mean think about this. I know you are not interested but think about this for a second.|",Statement Opinion
"|Somewhere out there, is a giant mass of silver fish all swimming in this direction.  They don't know why and we don't know why. They didn't get an invitation.  And it wasn't a vote- it wasn't a decision.  And nobody sent them a map or anything like that.|",Statement Non Opinion
|It's just some little instinctual time-release firecracker that went off inside them and all this one they turn around and form a line as long as the California coast and just started swimming.|,Statement Non Opinion
"|They are swimming right now as if it's the only thing that matters.  It's- It's single mindedness with no mind, urgency that's pure urge. It's- They don't know what drives them.  They- They don't give any name or ask any question. They just turn as one and started to swim to the very point we are standing right now for a massive celebration of sex and death.  God, it's giving me goose bumps all over my hairs on my arm. popping up.|",Statement Opinion
|That's the wind.|,Statement Non Opinion
"|Well, So what do you think?|",Question
"|Well, so?  What do you think?|",Question
|About what?|,Question
|What I was just saying.|,Question
|It's ridiculous.|,Statement Opinion
|It certainly is not. It's slightly exaggerated scientific fact.|,Disagreement
"|It's PR, somebody sold you a bill of goods that this wonderful event is going to occur on the beach.|",The dialogical act shown in the text is **Statement Opinion**.,Statement Opinion
"|I am not the only one, look at all these people.|",Disagreement
"|Yeah, they are all told the same thing.  They are all told that you know.  Gets them excited and they can't wait and that if they just get in on the right spot, than you than maybe life will start|",The dialogical act shown in the text is **Statement Opinion**.,Statement Opinion
|Are we talking about the same thing?|,Question
|I am sorry.  It's just fish to me.|,Apology
"|Carla, can I ask you a question?  Now don't be upset, are you having a period?|",Question
"|God damn it, Augie.  Why do you always ask things like that?  It's so insulting.|",Disagreement
|What's bugging you?|,Question
|I just had a different idea of what this evening is going to look like.|,Statement Opinion
"|There's nothing to it.  We come down here.  The grunion arrives and they do their little fish thing.  And we say, Oh, wow.  Look at the little fish.  They go home, we go home.|",Statement Non Opinion
"|For heaven's sake Augie, grow up we are not going to see the grunions.|",Command
|Why not?|,Question
|We never do.  Have we ever?  We never have.|,Disagreement
"|We miss them twice, it's not ever.|",Statement Non Opinion
"|Twice is every time we tried, that's ever.|",Statement Non Opinion
|Well We will see them this year.|,Statement Non Opinion
"|No, we won't.  Augie it's like waiting for Santa Claus to come.  I feel like I am going to spend my entire life standing on the beach with my eyes wide open and my hands clasp expectantly in front of me waiting for the fish to show up and the fish will not show up.|",Disagreement
|I thought you wanted to see it.|,Statement Opinion
"|I did, I do want to see it.  I always want to see it, Augie.|",Statement Opinion
"|It's just fish, it's nothing to get traumatize over.|",Statement Opinion
"|For heaven's sake, this is not about fish.|",The dialogical act shown in the text is **Disagreement**.,Disagreement
"|Okay, I been trying to work this backwards but I can't seem to pinpoint a moment when we took a turn for the worst here.|",Statement Opinion
"|When you are on the phone with Marge, everything was fine.  Dinner was okay.  Doing the dishes was no problem. Let's see, I took a shower and you were watching the news and you said the grunions are running tonight and I said, great, let's go I am feeling lucky.|",Statement Non Opinion
"|Right, so I am putting on my jacket and putting up the animals and pulling the car out of the garage.|",The dialogical act shown in the text is: **Statement Non Opinion**.,Statement Non Opinion
"|Augie, do you remember the first time we came to see it?  It was about four years ago right after we got married and we thought I was pregnant.|",Question
"|We had a bottle of champagne but no glasses and you ask me to dance so we took off our shoes and while we were dancing, you said the most intimate things right in my ears so I could feel them as much as hear them.|",Statement Non Opinion
"|And I remember thinking, Finally, finally.  I am as happy as I am supposed to be.|",Statement Opinion
"|Wait a minute, I got it.|",Answer
"|Dancing barefoot in the sand, drinking champagne from the bottle.|",The dialogical act shown in the text is **Statement Non Opinion**.,Statement Non Opinion
"|It was in the car, right?  When we were passing Knickerbocker Liquor Locker, you said, Let's get some champagne.  And I said time wasting or something like that.  Right? of course.|",Question
|I rather not remember some things.  I rather not hope for some things.|,Statement Opinion
"|Okay, all right I got it.  You wanted it to be like the other time, okay no problem. Listen, You want to dance?|",The dialogical act shown in the text is: **Command**,Command
|No.|,Disagreement
|You want me to go get some champagne?|,Question
|No.|,Disagreement
|Take off our shoes?|,Question
|No.|,"The dialogical act shown in the text ""No."" is **Disagreement**.",Disagreement
"|What, you want me to whisper in your ear?|",Question
|No.|,Disagreement
|You want to get married again?|,Question
|No.|,Disagreement
|What? What You want a divorce?|,The dialogical act shown in the text is **Question**.,Question
|No no.|,Disagreement
"|A vacation? A new carpet, a poodle?  A bag of ice cream, a suicide pack, what what Carla?  What the hell do you want?|",Question
|No.|,Disagreement
|I want something to turn out the way it is suppose to turn out.|,Statement Opinion
|What.  Welcome to the human race.|,Question
"|You think this is what I had in mind?  You think that when I propose I had this great fantasy going that four years down the road, we will end up on a beach arguing over fish. You think that I knew that there would be times when you will look at me like I am used Kleenex?  Or that I will look at you and think, holy hell what's the next flight to Alaska.|",The dialogical act shown in the text is **Question**.,Question
"|No, no I was just like you, I thought it will be all peaches and roses and- and sand in our toes and wind in our hair and the fish will always come. And the bills will always magically pay themselves and we will have three fat rosy kids and we will be, HAHA baby the joke is on us.|",The dialogical act shown in the text is **Disagreement**.,Disagreement
|Because you know what Carla?  You know what you get?  This.|,Question
|This what?  What is this?  This isn't even anything.|,Question
|Yes it is.|,Agreement
"|Sure, this is standing.  This is waiting.  This is fighting.|",Statement Non Opinion
|Right.|,Acknowledge
|But this isn't anything like I thought it would be.|,Disagreement
"|No, I know me either.|",Disagreement
"|I mean it is just this , I mean it includes a lot and everything and you know it's the sand and it's the full moon and I just-I am sorry but I couldn't help wishing I was somewhere else.|",Apology
|Maybe if you are with somebody else too?|,Statement Opinion
|I didn't say that.|,Disagreement
"|No, I know, but.  I know I don't make you happy.|",Disagreement
"|For heaven's sake Augie, wherever I am I always wanted to be with you.|",Statement Opinion
|Yeah?|,Backchannel
"|For heaven's sake, don't you know that?|",Command
"|Whatever I am doing, I wanted to be with you.  I mean you are probably the one who wishes you were with somebody else, somebody who didn't take everything so hard and who knows how to enjoy herself.|",Statement Opinion
"|Actually, now that you mention it.  No, I don't.|",Acknowledge
|Good.  So maybe we are on the wrong spot but we are with the right person.|,The dialogical act shown in the text is **Statement Opinion**.,Statement Opinion
|I don't know.  Seems like a pretty good spot to me I mean look at the view of the moon you got from here.|,Statement Opinion
"|Yes, I did notice that.  It does look really beautiful on the water.  The gold white moon.|",Acknowledge
"|Well, look what we have got here.|",Statement Non Opinion
"|Augie, you bought refreshments.|",Statement Non Opinion
"|Well, it's not champagne.|",Statement Non Opinion
|Well than we don't need glasses.|,Disagreement
|Are you still cold?  You still want to go home?|,Question
"|No, I am beginning to think that maybe this is the spot after all.|",Disagreement
"|Shh, If we're very quiet, the fish might come.|",Command
|Or not.|,Disagreement
|Or not.|,Disagreement
|Good God.|,"The dialogical act shown in the text ""Good God."" is: **Statement Opinion**.",Statement Opinion
|You think it's them?|,Question
|I wonder.|,Statement Opinion
"|Freda is the only one who knows we're up here, and she wouldn't call up.|",Statement Non Opinion
|It must be them then.|,Statement Opinion
|What will be do?|,Question
"|We're all right, darling, aren't we whatever happens?|",Statement Opinion
|Now and always my sweet.|,Statement Opinion
|I don't care then.|,Disagreement
|It was bound to happen sooner or later.|,Statement Opinion
|Hello?  Hello?  What?  Wrong number.|,Greeting
"|Oh, it sent shivers up my spine.|",Statement Opinion
"|Oh, what shall we do if they suddenly walk in on us?|",Question
|Behave exquisitely.|,Command
|With the most perfect poise.|,Statement Non Opinion
"|Yes, I shall probably do a Court Curtsey.|",Agreement
"|[LAUGHTER] Oh, the things that ought to matter most dreadfully don't seem to matter at all when one's happy, do they?|",Statement Opinion
|Um... It's a pity that one can't stay this way forever.|,Statement Opinion
"|Darling, don't say that.|",Command
"|Well, it's true.|",Statement Opinion
|The whole business is really rather ridiculous.|,Statement Opinion
"|Meaning that sacred and beautiful thing, love?|",Statement Opinion
|Meaning exactly that.|,Answer
"|What does it all mean?  That's what I asked myself in my ceaseless quest for ultimate truth.  Dear God, what does it all mean?|",Question
|Don't laugh at me; I'm serious.|,Command
"|You mustn't be serious my dear one, that's just what they want.|",Command
|Who's they?|,Question
"|All the futile mortals who try to make life unbearable.  Laugh at them.  Be flippant.  Laugh at everything, all their sacred shibboleths.  Flippancy brings out the acid in their damned sweetness and light.|",Command
"|Well, if I laugh at everything, I must laugh at us, too.|",Statement Opinion
|Certainly you must.  We're figures of fun alright [LAUGHTER].|,The dialogical act shown in the text is **Statement Opinion**.,Statement Opinion
"|Well, what if-what happens when our love-|",Question
"|How long will it last, this overbearing love of ours?|",Question
|Who knows?|,Question
"|Well, shall we always want to bicker and fight?|",Question
"|No, that fire will fade along with our passion.|",Disagreement
"|Oh, dear, shall we like that?|",Opinion
|It all depends on how well we played.|,Statement Opinion
"|Well, what if one of us dies, does the other laugh then?|",Question
"|Yes, yes, with all his might.|",Agreement
"|Well, that's rather serious, isn't it?|",Statement Opinion
"|No, no it isn't.  Death is very laughable.  Come such a cunning little mystery all done with mirrors.|",Disagreement
"|My dear, I do believe you're talking nonsense.|",Disagreement
"|no, So is everyone else in the long run.  Let's be superficial and pity the poor philosophers.  Let's blow trumpets and squeakers and --|",Disagreement
|enjoy the party as long as we can like very little quite idiotic schoolchildren. [garbage] Let's savor the delight of the moment.|,The dialogical act shown in the text is: **Statement Opinion**,Statement Opinion
"|Darling, come here and kiss me before your body rots and worms pop in and out of your eye sockets.|",Command
"|Elliot, worms don't pop.|",Command
"|I don't mind what you do, see, you could paint your body green all over and dance naked through the Place Vendome and run off with every man in the world.  And I shan't say a word as long as I know that you love me best.|",Statement Opinion
"|Oh, thank you dear.  And the same goes for you except that if I so much as see you looking at another woman, I'll kill you.|",The dialogical act shown in the text is **Agreement**.,Agreement
|Do you remember that awful scene we had in Venice?|,Question
|Which particular one?|,Question
|The one where you bought that little painted wooden snake and put it on my bed.|,Statement Non Opinion
|Charles.  That was his name.  He did wriggle so beautifully.|,Statement Non Opinion
"|Horrible thing, I hate it.|",Statement Opinion
|I know.  You threw him out the window into the canal.  I don't think I'll ever forgive you for that.|,Disagreement
|How long did that row last?|,Question
|It went on intermittently for days.|,Statement Non Opinion
|The worst one was in Cannes when your curling irons burnt a hole in my new dressing gown.|,Statement Opinion
"|Uh- It burned all the towels in the bathroom, too.|",Statement Non Opinion
"|Oh, that was quite a rouser, wasn't it?|",Statement Opinion
|That was the first time you ever hit me.|,Statement Non Opinion
"|Oh, I didn't hit you very hard.|","The dialogical act shown in the text ""Oh, I didn't hit you very hard."" is **Apology**.",Apology
|And then the manager came in and found us rolling around on the floor biting and scratching like panthers.|,Statement Non Opinion
|[LAUGHTER] I shall never forget his face.|,The dialogical act shown in the text is **Statement Opinion**.,Statement Opinion
"|Oh, ridiculous. utterly ridiculous|",Disagreement
"|Oh, we were very much younger then.|",Statement Non Opinion
|And very much sillier.|,"The dialogical act shown in the text ""And very much sillier."" is **Statement Opinion**.",Statement Opinion
"|Oh, As a matter of fact, the real cause of that row was Peter Burden.|",Statement Opinion
|You knew there was nothing.|,Statement Non Opinion
"|As a matter of fact, the real cause of that row was Peter Burden.|",Statement Opinion
|You knew there was nothing in that.|,Statement Non Opinion
|I knew nothing of the sort.  You accepted presents from him.|,Disagreement
|Only a trivial little broach.|,Statement Non Opinion
"|I remember it well, covered in diamonds in the worst possible taste.|",Statement Opinion
"|No, not at all.  I-I still have it.  I wear it quite often.|",Disagreement
|You went out of your way to torture me over Peter Burden.|,The dialogical act shown in the text is **Accusation**. ,Accusation
|You went out of your way to torture me over Peter Burden.|,
|You went out of your way to torture me over Peter Burden.|,"(Since ""Accusation"" isn't explicitly listed in your provided categories, the closest match from your options would be **Statement Opinion**, as it expresses a subjective judgment about someone's actions.) ",Statement Opinion
|You went out of your way to torture me over Peter Burden.|,
|You went out of your way to torture me over Peter Burden.|,"However, if constrained strictly to your given list, the best choice is **Statement Opinion**.",Statement Opinion
|You worked the whole thing up in your jealous imagination.|,Disagreement
"|You must admit that he was in love with you, wasn't he?|",Statement Opinion
"|maybe just a little, but--|","The dialogical act shown in the text ""maybe just a little, but--"" is **Acknowledge**.",Acknowledge
|You let him kiss you.  You said you did.|,Command
|And what of it?|,Question
|What of it?|,Question
"|Well, I- he got a lot of pleasure out of it and it didn't hurt me.|",Statement Opinion
|What about me?|,Question
"|Well, if you hadn't been so nosey and suspicious, you never would have heard about it.|",The dialogical act shown in the text is **Disagreement**.,Disagreement
"|Well, that's a nice point of view I must say.|",Agreement
|I'm growing quite tired and bored of this conversation.|,Statement Opinion
"|So am I, bored stiff.  Would you like some brandy?|",The text shows multiple dialogical acts. Here are the primary ones:
"|So am I, bored stiff.  Would you like some brandy?|",
"|So am I, bored stiff.  Would you like some brandy?|","1. ""So am I, bored stiff."" - **Agreement**  ",Agreement
"|So am I, bored stiff.  Would you like some brandy?|","2. ""Would you like some brandy?"" - **Question**  ",Question
"|So am I, bored stiff.  Would you like some brandy?|",
"|So am I, bored stiff.  Would you like some brandy?|","If you need a single most dominant act, it would likely be **Agreement** (as it sets the tone before the follow-up question).",Agreement
|No.|,Disagreement
|I'll have a little I think.|,Statement Opinion
|I don't see why you want any.  You've already had three glasses.|,Disagreement
"|No particular reason, besides, they were very small ones.|",Statement Non Opinion
"|Well, it seems silly to go on and on in such a thing.|",Statement Opinion
|You can hardly call three liqueur glasses of brandy in a whole evening going on and on.|,Statement Opinion
|It's becoming a habit with you.|,Statement Opinion
|You needn't be so grand simply because you don't happen to want any at the moment.|,Disagreement
|Don't be so stupid.|,Command
"|Really, Amanda.|","The dialogical act shown in the text ""Really, Amanda."" is **Disagreement**.",Disagreement
"|Going out somewhere, dear?|",Question
|Just making myself fascinating for you.|,Statement Non Opinion
"|Oh, that reply has broken my heart.|","The dialogical act shown in the text is ""Statement Opinion."""
|It's the woman's job to allure the man.  Why don't you watch me for a moment?|,"The dialogical act shown in the text is: **Statement Opinion** (for ""It's the woman's job to allure the man."") and **Command** (for ""Why don't you watch me for a moment?"").  ",Statement Opinion
|It's the woman's job to allure the man.  Why don't you watch me for a moment?|,
|It's the woman's job to allure the man.  Why don't you watch me for a moment?|,"Since you requested one word, the dominant act is **Statement Opinion**.",Statement Opinion
"|As a matter of fact, that is perfectly true.|",Agreement
"|No, it's not.|",Disagreement
"|Oh, yes it is.|",Agreement
"|Oh, Do shut up.|",Command
|It's a pity you didn't take a little more brandy.  It might have made you a little less disagreeable.|,Statement Opinion
"|Um, It doesn't seem to have worked such wonders with you.|",Disagreement
"|Well, snap, snap, snap like a little adder.|",Command
"|adder don't snap, they sting.|",Command
"|Nonsense, they have a little bag of venom behind their fangs and they snap.|",Disagreement
|They sting.|,Statement Non Opinion
|They snap.|,Statement Non Opinion
"|I don't care if they bark and roll around like hoops, okay.|",Disagreement
|[BREATHING]|,Others
|Did you see much of Peter Burden after the divorce?|,Question
"|Yes, I did quite a bit.|",Answer
|I suppose you let him kiss you a good deal more then.|,Statement Opinion
|Mind your own business.|,Command
"|You must have a riotous time, no restraint at all, very enjoyable.  I mean, you never had much anyway.|",Statement Opinion
"|Oh dear, you really are becoming quite insufferable.  I would imagine it's because you're drunk.|",Disagreement
|I'm not the least bit drunk.|,Disagreement
|I think I mentioned once before that I had only three-minute liqueur glasses of brandy the entire evening long.  A child of two could not be drunk on that.|,Statement Opinion
"|Oh no, on the contrary, a child of two could get violently drunk on only one glass.|",Disagreement
"|Oh, very interesting.  How about a child of three or a child of six?  How about a child of nine?|",The dialogical act shown in the text is **Question**.,Question
"|Oh, You are so insufferable.  Do you stop.|",Disagreement
"|Oh, This is very interesting.  We- we might get a splendid debate going about this intemperate tots.|",Statement Opinion
"|Not very funny, dear, you better have some more brandy.|",Disagreement
"|Oh, very good idea.  I will.|",Agreement
|Ugh.|,"The dialogical act shown in the text ""Ugh."" is **Acknowledge**.",Acknowledge
|You better turn that off I think.|,Command
|Why?|,Question
|It's very late and it will disturb the people upstairs.|,Statement Opinion
|There aren't any people upstairs; it's a photographer's studio.|,Statement Non Opinion
"|Well, there are people downstairs I suppose.|",Statement Opinion
|They're away in Tunis.|,Statement Non Opinion
|It is not time of year for Tunis.|,Statement Non Opinion
|Turn it on again.|,Command
|I'll do no such thing.|,Disagreement
"|Fine, if you insist on being completely insolent.|",The dialogical act shown in the text is **Disagreement**.,Disagreement
|Turn it off.  It is driving me mad.|,Command
"|Well, do try to control yourself darling.|",Command
|Turn it off.|,Command
|You really do need to develop uh a clearer head.|,Command
|Turn it off.|,Command
|I- I hate you.|,Disagreement
|Amanda-- Listen- Listen-|,Command
|I hate you.|,Disagreement
"|No, no.  I'm tired of listening to you.  You're boorish and idiotic and completely overbearing.|",Disagreement
|Very music- amusing indeed.|,Opinion
"|Yeah, very amusing.  Let me go.  I'm getting out of here.  I can't believe I intended to marry you.|",The dialogical act shown in the text is **Disagreement**.,Disagreement
"|You are a vile tempered, loose living, wicked little beast, and I never want to set eyes on you again.|",Disagreement
"|Oh, marry you again?  I must have been insane.  What was I thinking?  I mean, you're completely outrageous.|",The dialogical act shown in the text is **Disagreement**.,Disagreement
"|Shut up, shut up.  I wouldn't marry you again if you came crawling to me on bended knee. You're a mean, evil-minded little vampire and I hope to God I never set eyes on you again.|",Command
|Beast; brute; cad; whore|,"The dialogical act shown in the text ""Beast; brute; cad; whore"" is **Statement Opinion**.",Statement Opinion
|Can I help you?|,Question
"|Yes, I'm um- just getting my I.D.  I need a new I.D.|",Answer
"|Oh, this- this form that you have is the wrong form.  You need to go over to the other line on the other side of the D.M.V..|",Command
|What do you mean?  I filled out my forms and I rushed to get my I.D.|,Question
"|Right, but this is the wrong form.  Somebody gave you the wrong form.|",Disagreement
|The wrong form?|,Apology
"|Yeah.  So, I can't -- I can't do anything-|",Acknowledge
|What's wrong about this form?  It says new I.D. on it.|,Question
"|No, but this is for um- replacements and you need a new -- whole new license as a California --|",Disagreement
|What's the difference?  What's the difference between that form and this form?|,Question
"|Sir, don't get an attitude with me.|",Command
"|I'm not getting a -- well, you wait in this line and not get an attitude.|",The dialogical act shown in the text is: **Command**,Command
"|No, I understand and there are a lot of people here.  But what I'm telling you is that it's different for different states and since your getting a new license in the state of California -- You have to fill out a different form than you did.|",Disagreement
|yeah.|,Acknowledge
|right.|,Acknowledge
"|Well then, when I showed them my I.D. before and I said I had to get a new I.D, why didn't they tell me to fill out the right form?|",Question
|I don't know.  I don't know who told you.  It wasn't me.|,Disagreement
"|Well, it was this girl standing right next to you.  Can we ask her why she didn't let me fill out the right form?|",Question
"|You- You can ask her if you want, but she's busy and she probably won't answer you.|",Statement Opinion
|This is ridiculous.  I've been here for forty five minutes. Just standing in this one line. I took fifteen minutes to fill out that form.|,Statement Opinion
|I know.|,Acknowledge
"|Sir, you- I mean|",The dialogical act shown in the text is **Backchannel**.,Backchannel
|Do you know how long it's gonna take me to start all over and fill out the new form?|,Question
|You can waist as much as you want|,Command
|Yeah.  I know it's gonna take a minute.  But you-- so you might as well get started now.|,The dialogical act shown in the text is **Agreement**.,Agreement
|Might as well get started now? but Just take this one.|,Command
"|I can't take this one, sir. this is the wrong form.|",The dialogical act shown in the text is **Statement Opinion**.,Statement Opinion
|Why can't we just -- you know what?  How about if we just pretend that I'm getting a -- renewing my California I.D. and we just don't tell anybody -- That I'm getting a new one from a different state?|,Question
"|Sir, please don't waste my time.|",Command
|There is nothing I can do about it.  You need to take this other form and fill it out and go stand in the other line.|,Command
"|Come on!  You know -- you can't just take -- make a little exception to the rule?  I know that you guys make exceptions.  I see -- you know, if I was-if I was your friend and you knew me, or something like that, you'd probably make a little exception for me wouldn't you?|",Question
"|They're different forms, we process them all different-|",Statement Opinion
"|Wouldn't you? Oh, come on.  you just tell me.  You would make an exception for me.|",The dialogical act shown in the text is: **Command**,Command
|I -- there's no way I'd make an exception.|,Command
"|Sir, don't patronize me.  I can't make an exception.  I don't- I don't have the power to do that.  It's a different form.|",Disagreement
|Shh...I know you've got the power to do that.|,The dialogical act shown in the text is **Command**.,Command
|They're processed differently.|,Answer
|That's crap- You're crap.  I don't buy it.|,Disagreement
"|Sir, you're gonna have to go stand in the other line.|",Command
|I'm not leaving this line until I get my new I.D.  That's as simple as it is.  I'm not leaving this line until I get my new I.D.|,Statement Opinion
|I'm gonna- I'm gonna bring security over and have them escort you out.|,Command
"|Well, then you're just gonna look stupid because I'm just waiting for an I.D. and you're gonna make security take me out because I want my I.D.|",The dialogical act shown in the text is **Disagreement**.,Disagreement
|That's just dumb.|,Disagreement
|But you filled out the wrong form and you're in the wrong line and you're wasting both of our times.|,Disagreement
|I filled out the wrong form because they made me fill out the wrong form!|,Statement Opinion
"|Well, that's unfortunate, sir.  You're gonna have to go stand in the other line now.|",The dialogical act shown in the text is: **Statement Opinion**,Statement Opinion
"|This is crap.  You know, I don't even know why I'm in this state.  Screw California.  I'm out of here.|",Statement Opinion
|What is it?|,Question
"|Sweetheart, I've got to tell you something.  I just got a call.  I'm going to Iraq.|",Statement Non Opinion
|What?|,Question
"|I know it's really crappy timing, but I don't have a choice.|",Apology
"|What?  No, you can't!|",Disagreement
|I know. I have to go-|,Acknowledge
|You didn't- Did you tell them you have two young children at home?|,Question
"|You think they'd listen to me?  No.  Of course, I told them that.|",The dialogical act shown in the text is **Disagreement**.,Disagreement
|And they didn't care?|,Statement Non Opinion
|No.|,Disagreement
|I don't know what to do.  I'm - Sorry|,Apology
|They can't do that to you.|,Disagreement
|I know.|,Acknowledge
"|I don't have a choice.  I have to go.  If I don't go, they'll come and take me.|",Statement Opinion
"|No, we have- There's got to be something you can do.  You can't go.|",Disagreement
|I've tried everything.  I've called everyone I know.  I've tried everything. No one can do anything for me or they won't do anything for me.|,Statement Opinion
|How long do you have to go for?|,Question
|At least a year.|,Answer
|What?|,Question
|I know.|,Acknowledge
|I don't want to -- the kids.  You've got to take care of them.  You've got- you've got to-|,Command
"|tell them about me and show them pictures of me and everything like that, because they are not going to see me for such a long time.  And it's such an important time and I just don't want to miss it.|",Command
|There's got to be something we can do.  You can't just go.|,Statement Opinion
|I don't know what to-|,Disagreement
|I don't have -- I know.  What are we gonna- What are we- just run away?  What can I do?  Where can we go?|,Question
|Why don't we do that- Can we- Can we just leave the country?|,Question
|Where are we gonna go?|,Question
|Where are we gonna go?|,Question
|I don't know.|,Acknowledge
|They'll find me anyway.  You know they will.|,Statement Opinion
|What would be the worst that would happen if they found you somewhere else?|,Question
"|They'd put me in jail and then how long- when will I get to see the kids?  What, ten years?  I don't know.|",The dialogical act shown in the text is **Question**.,Question
"|Well, they're so young.|","The dialogical act shown in the text ""Well, they're so young."" is: "
"|Well, they're so young.|",
"|Well, they're so young.|",**Statement Opinion**,Statement Opinion
|I know.  But I'll-I'll send the pictures all the time and I'll write them emails and you can read them the emails that I send them.|,Acknowledge
|Where are you gonna be stationed?  What are you gonna be doing?|,Question
"|I'm gonna be in Bagdad, just doing security.|",Statement Non Opinion
"|Are you gonna be like in tanks running around?  What- I mean, what does that mean?|",Question
"|Yeah, it's gonna be everything.  I'm gonna be in the front.  I'll be -- it's not gonna be safe.|",The dialogical act shown in the text is **Statement Opinion**.,Statement Opinion
"|Oh, my God.|","The dialogical act shown in the text ""Oh, my God."" is: **Acknowledge**.",Acknowledge
|I just want to be honest with you.  I don't want you to .|,Statement Opinion
"|but, it's gonna be fine.  I'm gonna be fine.  You know I'm good at this.  I can do this.  That's why I trained all this time.  I'm good at this.  Okay?|",Statement Opinion
|But so many people have died.|,Statement Non Opinion
"|I know.  I know.  I know.  But, you know what?  That doesn't mean it's gonna be me; does it?|",Acknowledge
"|I know.  I know.  I know I know. You're good You're good at what you do, but there's just so much chance involved.|",The dialogical act shown in the text is: **Acknowledge**,Acknowledge
|No.  It doesn't.  And you can't think like that.|,Disagreement
"|I mean, I-I know that you're a good soldier, but not everybody else is. and what if|",The dialogical act shown in the text is **Statement Opinion**.,Statement Opinion
|I don't want you to -- I know.  I know. You can't worry about me.  You've got to worry about the kids.  And you've got to take care of the kids for me.  Okay?  Take care of the kids for me; all right?|,The dialogical act shown in the text is **Command**.,Command
"|And you know my mom's here.  She'll come over and she'll be with you all the time, whenever you need her.|",Statement Non Opinion
|It's just so much.|,Statement Opinion
"|I'll miss you, baby.|",Statement Opinion
|[GARBAGE] You have to write me everyday.|,Command
"|All- I'll write you everyday, all the time.  And I'll send you pictures and you send me pictures. I know We've got email out there.  We've got email and I can see stuff and you can send me stuff all the time.  Okay?|",Statement Opinion
"|Can I send you, like videos and stuff? What about when they start walking.|",Question
|yeah yeah yeah.|,Backchannel
|You you record every second.  You record every second because I want to see it all.  Okay?|,Command
"|If I don't get to see it now, I get to see it later at least, you know?  You've got to keep it all for me; all right?|",The dialogical act shown in the text is: **Command**,Command
|okay.|,Acknowledge
|I love you.  Okay?|,Statement Opinion
|[GARBAGE]|,Others
|Guess what?|,Question
|what?|,Question
"|I did it, I asked her to marry me.|",Statement Non Opinion
|What? you did?|,"The dialogical act shown in the text ""What? you did?"" is **Question**.",Question
"|Yes, I did it.|",Answer
|When?|,Question
"|Oh my god, it was just last weekend.|",The dialogical act shown in the text is **Statement Non Opinion**.,Statement Non Opinion
"|Oh, what, how- where how did you do it?|",Question
"|She--,well, she said yes, first of all, let me say that right off the bat. Well, I would like to assume, too.  But you never know these things, right?|",The dialogical act shown in the text is **Statement Opinion**.,Statement Opinion
|Okay good. I I assumed.|,Acknowledge
"|Um-, but no- It was It was great.  It was really great.  I think she was really surprised and she was really happy. um-|",Statement Opinion
|oh-|,"The dialogical act shown in the text ""oh-"" is: "
|oh-|,
|oh-|,**Backchannel**,Backchannel
"|I did it up at Yosemite.  We went camping right like we usually do.  You know we go camping up there all the time.  But, um- the waterfalls had died down a little bit, you know. And so uh- we-I had her climb up.|",Statement Non Opinion
"|You know- we did some- you know some rock climbing up the waterfalls and went up to this little pool that was up there.  And then, I- it's great. Um- You have to climb this little rock-|",Statement Non Opinion
|uh-huh|,Backchannel
"|and you can climb it and it's covered in algae you know. So, I wanted her to climb it to go take a picture, like, back in this little waterfall area, and she got back there and she took her picture. And then, I had her come back.  And I was going to do the same thing.|",Statement Non Opinion
"|Well, instead I climb up on the rock and like I- I didn't do it -- well, I did it on purpose. I made it look like I accidentally did it.  I slipped down into this pool of water, right?  And she freaks out because I slide all the way down this rock.  And um-|",Statement Opinion
|uh-huh|,Backchannel
"|And I pop up out of the water -- and I had planned it already, you know? I pop up out of the water and I [BREATHING] and I like, grab her hand, you know.  and that In my hand, I've got the ring.|",Statement Non Opinion
"|And she's like- she feels it you know and she doesn't know what it is.  And she you know helps me get out and I won't let go of her hand.  And she's like, what are you doing?  I and said, You saved my life, now will you marry me?|",Statement Opinion
"|Oh, my God.  That's so dramatic.|",Statement Opinion
|Wasn't that great? I didn't want it to be too hokey.but- but- She liked it.She liked it.|,Question
|so cute.|,Acknowledge
"|No, it's totally original, though.|",Disagreement
|oh.|,Backchannel
"|Yeah.  And she said yes.  And she cried, of course.|",The dialogical act shown in the text is: **Statement Non Opinion**,Statement Non Opinion
"|Oh, Then you had a whole weekend of camping?|",Question
"|Yes.  We did that in the beginning, exactly.  So we had, so we just had, you know, good times the rest of the weekend, yeah.|",Agreement
"|Oh, right. sure [LAUGHTER]|",Acknowledge
|It was a lot of fun- It was a lot of fun.  She's great.  And I'm so happy.|,Statement Opinion
|So where are you going to have your wedding?|,Question
"|We're going to do it back in the Midwest where her family all is.  They're all out there. you know so, Um  And so, just gonna have a small, small wedding. But, um- you know, of course, you're going to come, right?|",Statement Opinion
|Yeah. of course.|,Agreement
|Okay good. And uh- I want you to be in it actually.|,The dialogical act shown in the text is **Command**.,Command
|Okay Okay.|,Backchannel
"|Um- And she wants you to be in it, too.  She loves you so much. She thinks you're the sweetest.  Of course, you are.  You're You're my best friend so-|",Statement Opinion
|Awe.|,"The dialogical act shown in the text ""Awe."" is **Statement Opinion**.",Statement Opinion
|Where is she right now?|,Question
"|oh, She's back at work. yeah.|",The dialogical act shown in the text is: **Acknowledge**,Acknowledge
"|Yeah,I'll hang out with the both of you.|",Agreement
|Of course.  We'll go out to dinner later this week.|,Agreement
|yes.|,Answer
|It will be perfect.|,Statement Opinion
|Oh I'm so excited for you.|,"The dialogical act shown in the text ""Oh I'm so excited for you."" is: **Acknowledge**.",Acknowledge
"|Yes, me too. Oh I am so in love.|",The dialogical act shown in the text is **Agreement**.,Agreement
|oh.|,Backchannel
|She's the one.|,Statement Opinion
"|Oh, my gosh.  You told your parents already? and everything|",Question
|Of course.  I told them right away.  We called them all right them.|,The dialogical act shown in the text is: **Agreement**.,Agreement
|Are they so excited?|,Question
"|Oh, yeah.  My mom's freaking out. Oh yeah, She's so happy. this is you know  It's her dream come true.  She always wanted her little boy -- she wants kids, you know.|",The dialogical act shown in the text is **Statement Opinion**.,Statement Opinion
|She wants grandkids. So we'll be working on that right away.|,Statement Opinion
|right right.|,Backchannel
|Are you guys gonna have kids?|,Question
"|Of course, we're gonna have kids, like three at least.|",Agreement
|Yeah?|,Backchannel
"|Whoa, right away?.|",Question
"|She wants like eight- She wants like eight kids and I'm like, no, no, no, no, no.  I am like what Let's do maybe three and we'll go with that.|",Disagreement
|Are you going to start right away?|,Question
"|Well, we're going to take a little bit of time, you know, we need to get acclimated and you know start our lives, make money, you know be comfortable.|",Statement Opinion
"|Yeah, have you ever like lived with someone else before?|",Question
"|Oh, yeah, yeah, yeah, yeah I mean, actually we lived together awhile back when we -- Yeah, back in college for a little while. yeah.|",Backchannel
"|Oh, did you?  I didn't know that.|",The dialogical act shown in the text is: **Acknowledge**,Acknowledge
|oh.|,Backchannel
|But that- so we are really used to each other. We took the time apart and now we're going to get back together.  We're going to move in soon.|,Statement Opinion
|Oooh|,Backchannel
|it's great. I'm a lucky man.|,Statement Opinion
"|That's incredible yeah ,Congratulations.|",The dialogical act shown in the text is: **Agreement**,Agreement
|Thank you.|,Acknowledge
"|Uh, God.  I don't know what to do anymore.  Like I said --|",Statement Opinion
|What do you mean?|,Question
"|I don't know.  There's nothing for me out there.  I can't get a job.  I haven't gotten a job in a year, three years.  What is it, three years now; right? That I haven't been able to have a job.|",Statement Opinion
|Really? It's been that long?|,Question
"|Something like that.  I can't even remember anymore. I don't know what to do anymore.  I just get out there everyday -- well, not everyday, almost everyday.|",Statement Opinion
|Wow.|,Acknowledge
|And try to do something. I mean-|,Command
|What have you been trying?|,Question
"|Well, everything.  I'll do temping, you know, office work.  You know, whatever to pay the bills.  You know, I'll do anything.|",Statement Opinion
"|But, I mean, I don't want to keep those jobs.  I don't want those jobs.It's not what I want to do.|",Disagreement
|Right.|,Acknowledge
"|But, I don't know.  God, what am I going to do?  Should I go back to school?  I can't- I can't afford to go back to school.|",Disagreement
|What do you do?|,Question
"|Well, I mean, right now I'm just doing a little bit of everything.  And I don't- I don't think that I'm in like a profession, like career oriented place.|",Statement Opinion
"|You plan on being there forever? I mean, Like, what do you --|",Question
"|No.  I'm just working in restaurants and stuff. But, I'm also trying to audition and what not.  So, it's --|",Answer
|yeah.|,Acknowledge
|right.|,Acknowledge
"|Yeah, yeah.  Well, hello.  That's what I'm doing too.  But I can't get the restaurant job.  I can't get -- -- the restaurant gig.  No one will give me anything.|",The dialogical act shown in the text is: **Statement Opinion**,Statement Opinion
|Really?|,Backchannel
"|I go in for these interviews, and they're all cool and everything, you know.  Their nice and I'm nice to them, you know, give and take, back and forth, and whatever.|",Statement Opinion
|But they always go with somebody else.|,Statement Non Opinion
"|L.A. is really hard.  I mean, have you tried like just going into a bar a couple of times to make friends with people who work there? and|",Statement Opinion
"|Yeah, absolutely.  Hello?  You know me.  I go to bars all the time.  Like, they all know me, you know.  But no one wants to hire me.|",The text contains multiple dialogical acts. Here's the breakdown:
"|Yeah, absolutely.  Hello?  You know me.  I go to bars all the time.  Like, they all know me, you know.  But no one wants to hire me.|",
"|Yeah, absolutely.  Hello?  You know me.  I go to bars all the time.  Like, they all know me, you know.  But no one wants to hire me.|","- ""Yeah, absolutely."" → Agreement"
"|Yeah, absolutely.  Hello?  You know me.  I go to bars all the time.  Like, they all know me, you know.  But no one wants to hire me.|","- ""Hello?"" → Greeting"
"|Yeah, absolutely.  Hello?  You know me.  I go to bars all the time.  Like, they all know me, you know.  But no one wants to hire me.|","- ""You know me."" → Statement Non Opinion"
"|Yeah, absolutely.  Hello?  You know me.  I go to bars all the time.  Like, they all know me, you know.  But no one wants to hire me.|","- ""I go to bars all the time. Like, they all know me, you know."" → Statement Non Opinion"
"|Yeah, absolutely.  Hello?  You know me.  I go to bars all the time.  Like, they all know me, you know.  But no one wants to hire me.|","- ""But no one wants to hire me."" → Statement Opinion"
"|Yeah, absolutely.  Hello?  You know me.  I go to bars all the time.  Like, they all know me, you know.  But no one wants to hire me.|",
"|Yeah, absolutely.  Hello?  You know me.  I go to bars all the time.  Like, they all know me, you know.  But no one wants to hire me.|","If you need just one word for the entire text, the most prominent would be: **Statement Opinion** (as the overall tone expresses a personal perspective/frustration). ",Statement Opinion
"|Yeah, absolutely.  Hello?  You know me.  I go to bars all the time.  Like, they all know me, you know.  But no one wants to hire me.|",
"|Yeah, absolutely.  Hello?  You know me.  I go to bars all the time.  Like, they all know me, you know.  But no one wants to hire me.|","But if you're asking for each segment separately, they're listed above."
"|but Maybe they don't want to hire me because they know me. I don't know, what's wrong with me, Is there something wrong with me?|",Statement Opinion
"|I was just going to say that's your issue. Maybe you are going in too much. No, I mean, just|",The dialogical act shown in the text is **Disagreement**.,Disagreement
|are you going into the bars every night?|,Question
"|I mean, You can tell me what.  Why is no one hiring me?  Is it me?  Be honest.  You can tell me. you know I can take it.  I can take it, you just tell me. Why?|",Question
"|Well, I don't really know.  I don't I don't know you in like a job situation, so.|",Statement Opinion
"|Yeah, but I'm -- okay, well how about personality wise?  I mean, people who know me won't hire me.  Why?|",The dialogical act shown in the text is: **Question**,Question
"|Wow.  I don't -- I mean, do you- do you have an attitude problem when you're on the job?|",Disagreement
"|I don't think I have an attitude problem when I'm on the job, no- I have an attitude problem right now because I don't have a job.|",Statement Opinion
|Maybe [garbage].|,Statement Opinion
"|Right.  Maybe you have, like, you know a little bit of an abrasive vibe or something.|",Statement Opinion
|An abrasive vibe?|,Opinion
|I don't know.  I'm I'm just trying --|,Statement Non Opinion
"|Let me know that's -- that's fine.  You think I have an abrasive vibe, whatever.  You're entitled to your opinion, of course.  Maybe that's why I don't have a job.|",Disagreement
|Are you getting defensive?|,Question
"|No.  I'm not getting defensive.  I'm not getting defensive.  No. I asked you a question, you told me.  What?|",Disagreement
|Yeah.  That might be something you want to look at.  I mean --|,Agreement
"|I'm not like this all the time.  I mean, I don't -- I'm just frustrated right now, all right.  I just want to do --|",Statement Opinion
|Okay.|,Acknowledge
"|I want to make some money.  I need to make some money.  I've got to pay some bills, I owe people money.  I owe lots of people money.  I need to make some money.|",Statement Non Opinion
|I understand.|,Acknowledge
"|Yeah, it's stressful.  I recognize that.|",Acknowledge
"|Do you have any idea how I can make money?  I mean, what can I do to make some quick money, something?  Anything, that's relatively within the you know law.|",Question
|ah.|,Acknowledge
"|Not- Not selling pot, right?|",Question
"|Right, probably not selling pot. I don't want to go to jail.|",Disagreement
|Okay so.|,"The dialogical act shown in the text ""Okay so."" is: **Backchannel**",Backchannel
|Fair enough.|,Acknowledge
|Because that would just really be a topper for me.|,Statement Opinion
|Yeah.  [LAUGHTER] It's a joke.|,The dialogical act shown in the text is: **Acknowledge**,Acknowledge
|Thank you.  Ha ha.|,Acknowledge
"|Sorry.  So, let's see.  What else?  What's available? What? Um.  Hmm.|",The dialogical act shown in the text is: **Backchannel**,Backchannel
|See what I mean?  You can't even think of anything.|,Question
"|Well, not off the top of head.  It will just take you know take a minute.  But do you have any, like, special skills?|",The dialogical act shown in the text is: **Statement Non Opinion**,Statement Non Opinion
|I can juggle.|,Statement Non Opinion
"|Well, maybe we can find you something with juggling.|",Statement Opinion
|I've tried.|,Statement Non Opinion
|Have you checked out Craig's List and stuff?|,Question
|Yes!  Nobody wants a juggler.  I am not going to -- I'm not going to dress up like a clown. I'm not going to dress up like a freaking clown. No.|,Disagreement
"|What if you do kids parties? oh, come on.|",The dialogical act shown in the text is: **Question**,Question
"|No, it's demeaning.  I am not a clown.  I have talent.  Clowns don't have talent.|",Disagreement
|Okay.  All right.|,Backchannel
|It's that simple.|,Statement Non Opinion
"|Okay.  Well, fine. we won't- I won't argue with you about that.|",Disagreement
|yeah.|,Acknowledge
|What else?  I can't -- uh.  I'm drawing a blank here.|,Question
|You and me both.|,Agreement
"|That's rough.  I'm really sorry, Ryan.|",Apology
"|Yeah, life sucks.|",Disagreement
"|Well, um, is that kinda like the side of you that you let people see when you go into these job interviews?|",Question
"|No, I just showed that for you [garbage].|",Disagreement
"|Okay.  Well, that's good.  Yeah, I mean, you're you're- when you're happy you're a pretty personable guy.  And I don't --I don't|",The dialogical act shown in the text is: **Statement Opinion**,Statement Opinion
|I like to think so.|,Statement Opinion
|I can't see where the issue would be. so|,Disagreement
|see.|,Backchannel
"|Yeah, well thanks for your help.|",The dialogical act shown in the text is: **Acknowledge**,Acknowledge
"|I'm sorry.  Good luck, man.|",Apology
|I'll need it.|,Command
|Hi. Um-  My luggage didn't come out of the conveyor thingy.|,Greeting
|Hmm. Hmm.|,Backchannel
"|So, um, what do I do?|",Question
|How long ago was that?|,Question
"|Uh- Like, an hour and a half ago.  I talked to somebody who was standing out there and they said wait.  Sometimes like random butt- pieces come out late.|",The dialogical act shown in the text is **Statement Non Opinion**.,Statement Non Opinion
|Uh-Hmm.|,Backchannel
"|And so I waited there, but nothing came.|",Statement Non Opinion
"|Um, okay.  Well, you can fly- file a claim.  Where were you coming from?|",The dialogical act shown in the text is: **Question**,Question
"|I was coming from um the Midwest, like Iowa.|",Statement Non Opinion
"|So, within the country, though? umm|",The dialogical act shown in the text is: **Backchannel**,Backchannel
"|Yeah, I know I was in the country.  I mean, it's not that complicated.|",The dialogical act shown in the text is: **Statement Opinion**,Statement Opinion
"|Yeah, well the chances of it being lost forever, you know, are slight because -- -- you were in the --|",The dialogical act shown in the text is: **Acknowledge**,Acknowledge
"|Well, I would hope so.|",Agreement
"|Well, I mean, you know that happens pretty often that sometimes baggage -- -- gets lost.|",Statement Opinion
|People lose --|,Statement Non Opinion
|forever?|,Question
|yeah.|,Acknowledge
"|You know, this is actually, I mean it's -- it's a really important piece of luggage.|",Statement Opinion
|Okay.|,Acknowledge
"|I mean, it's not big or anything like that.  I mean, it's not worth a lot of money or anything.|",Statement Opinion
|Did you have insurance on your flight?|,Question
"|No.  I mean, don't you get insurance when you buy your ticket or something?|",Disagreement
"|No, you have to buy it now.  It's like thirty dollar extra.|",The dialogical act shown in the text is **Command**.,Command
"|Well, no one even told me about that.  Like, why would I think to buy insurance?  I was- It's like a three hour flight.|",Disagreement
"|well, it's something that worth|","The dialogical act shown in the text ""well, it's something that worth"" is **Statement Opinion**.",Statement Opinion
"|yeah, I don't know.|",Disagreement
"|How can you lose my luggage like from like, in --|",Question
|Chances are it's probably just you know -- taking time being um- unloaded from the airplane.|,The dialogical act shown in the text is: **Statement Opinion**,Statement Opinion
| -- four hundred miles?|,Question
"|I should hope so.  You know, I need that today.|",The dialogical act shown in the text is **Agreement**.,Agreement
"|Um, well, there's not much I can do.  I can, you can file this report and we'll call you when it comes in.|",The dialogical act shown in the text is: **Statement Non Opinion**,Statement Non Opinion
"|Let me explain to you what the problem is.  My grandfather's remains are in that bag.  And I have to, like, distribute them today.  We're suppose to, you know, throw them out to the sea today.|",Statement Non Opinion
|wow.|,Backchannel
"|Wow.  Well, that's really important, obviously.  But, um --|",The dialogical act shown in the text is: **Acknowledge**,Acknowledge
"|Yeah.  I mean, if you have a suggestion, like, it would be great to help me out here.|",The dialogical act shown in the text is: **Agreement**,Agreement
"|Uh- Actually, I don't know that that's legal. Um- it is the issue|",Disagreement
"|Well, I don't care if it's legal.  It's happened.  It's already done.|",Disagreement
"|Yeah I mean, Your bag might have been confiscated because it's --|",Acknowledge
"|Well, could you tell me if it's been confiscated then.|",Question
|-- it's a biohazard. so- um|,Statement Opinion
"|I mean, some information here would be great.  Some help.  Can you, like, type something in and find out?|",Question
|Yeah.  Let me just call security.|,"The dialogical act shown in the text ""Yeah. Let me just call security."" is **Command**.",Command
|That would be great.  Thank you very much.|,Agreement
|[LAUGHTER] Okay.  Hold on.|,The dialogical act shown in the text is: **Acknowledge**,Acknowledge
|Thank you|,Acknowledge
"|Ryan, what's wrong?|",Question
|I just got some bad news.|,Statement Non Opinion
|What?|,Question
"|My friend, Shotty, passed away.|",Statement Non Opinion
"|Oh, I'm so sorry|",Apology
"|The end, he's been sick for awhile.  He had cancer.|",Statement Non Opinion
"|Oh, my gosh.|",Acknowledge
"|Yeah.  It's just, I never thought it would actually happen, you know? I mean- He's such a fighter and he's always so positive about everything.|",Statement Opinion
|Yeah.|,Acknowledge
"|You know, he was gonna, and we -- all the way up to the end we were just talking about how- you know all the stuff we were gonna do and, you know.  When he finally kicked this stupid cancer, you know, and we were gonna --|",Statement Opinion
"|he wanted to travel, you know.  And he's so talented.  Probably the most talented person I have ever met in my entire life.|",Statement Opinion
|Yeah.|,Acknowledge
|What did he do?|,Question
"|He was a designer, you know.  But he did everything. You know, He painted and he- and he did costume design, he did set design, he did lighting, he was --|",Statement Opinion
"|he just did everything.  He was literally, literally the most talented guy I have ever met in my entire life.|",Statement Opinion
|And he's gone now and I  -- I just can't believe it.|,Statement Opinion
|Yeah.  I'm so sorry.|,Apology
"|I mean, one second you think, you know, you're just having a conversation and then --|",Statement Non Opinion
"|you know, sometimes you think you want to make that phone call, or you think you want to tell somebody something, or something like that.  Do you know what I mean?  Like that's -- he was the person that I did that with.  You know, like, that's the person who I needed to call to tell things to all the time.|",Question
|You guys have been-|,Statement Non Opinion
"|And now I don't have that person anymore, you know.  And it's -- -- it's just, you.|",Statement Opinion
|Yeah.|,Acknowledge
"|You think that things get easier, you know, as you as you get older and you -|",The dialogical act shown in the text is: **Statement Opinion**,Statement Opinion
"|and it just gets worse.  It just gets worse, everything is bad all the time; people die, your friends die, family dies, your best friends die. it's-|",Statement Opinion
|I'm sorry. I-|,Apology
"|You always think, you know when you were- you know when you were a little kid and you think something is gonna happen, like, it will all be better when I am older, you know?|",Statement Opinion
"|And I don't know why people don't just tell you off the bat that it's just gonna suck anyway.  You know, like, what's the point?|",Statement Opinion
"|All the best people die, all the bad people live and they make life shitty for you anyway.|",Statement Opinion
"|Wow, Ryan I know that you are hurting right now but I don't think you always feel like that.|",Statement Opinion
"|No, you're right.  I don't.  You're right.|",Disagreement
"|Even, yeah -- he doesn't he would never feel that way, he would never want me to feel that way.  Of course not, but that's just where I am right now and -- -- I don't know what else to do with it.|",The dialogical act shown in the text is: **Statement Opinion**,Statement Opinion
|Yeah. I understand.  I think it's really healthy to grieve.|,The dialogical act shown in the text is: **Agreement**,Agreement
|I just miss him.|,Statement Opinion
|If there's anything I can do to be there for you.|,Offer
|Thanks.|,Acknowledge
|Guess what?|,Question
|What?|,Question
|I got it.  I got accepted to U.S.C..|,Answer
"|Oh, for real?|",Backchannel
|Yes! I just found out today.  I just got the letter.|,Answer
|That's awesome!|,Agreement
"|oh,I'm so glad.|","The dialogical act shown in the text ""oh, I'm so glad"" is **Acknowledge**.",Acknowledge
|I know. I know.  I'm so excited.|,The dialogical act shown in the text is: **Acknowledge**,Acknowledge
|What are you gonna study?|,Question
"|oh, Theater. yeah, yeah.|",Backchannel
|Really? Are you doing the M.F.A. program?|,Question
|yes.|,Answer
"|Oh, my gosh.|",Acknowledge
|oh-|,"The dialogical act shown in the text ""oh-"" is: **Backchannel**.",Backchannel
|I heard it's so tough to get into.|,Statement Opinion
|It's exactly what I wanted.|,Agreement
"|Oh, of course.  No.  I didn't know it was that tough.  I'm just happy that I made it.|",The dialogical act shown in the text is: **Acknowledge**,Acknowledge
|That's awesome.|,Agreement
"|I worked really hard, I'll say, I worked really hard. You know, I I'm not bragging or anything like that. But-|",Statement Opinion
"|Yeah, that's awesome.|",Agreement
|No.|,Disagreement
"|No, No, I'm really looking forward to it.  You know how long -- I have been talking about this forever, right? right?|",Disagreement
"|Uh huh.  Yes, seriously, for years.|",The dialogical act shown in the text is: **Acknowledge**,Acknowledge
"|Finally.  I'm so excited.  We're gonna -- well, I'll be here.  We're still gonna be able to see each other.|",The dialogical act shown in the text is: **Statement Opinion**,Statement Opinion
|I know.  I know.  I'm- I'm definitely -- I realize [LAUGHTER].|,Acknowledge
"|We're gonna hang out, right?|",Question
"|What are you, wait, what are you doing?|",Question
"|Um- I'm gonna be studying at U.S.C., too.|",Statement Opinion
"|Perfect!  Oh, my God.  Are you staying, are you going to live on campus?|",The dialogical acts shown in the text are:  
"|Perfect!  Oh, my God.  Are you staying, are you going to live on campus?|",
"|Perfect!  Oh, my God.  Are you staying, are you going to live on campus?|","1. ""Perfect!"" - **Agreement**  ",Agreement
"|Perfect!  Oh, my God.  Are you staying, are you going to live on campus?|","2. ""Oh, my God."" - **Acknowledge** (or possibly **Backchannel**)  ",Acknowledge
"|Perfect!  Oh, my God.  Are you staying, are you going to live on campus?|","3. ""Are you staying, are you going to live on campus?"" - **Question**  ",Question
"|Perfect!  Oh, my God.  Are you staying, are you going to live on campus?|",
"|Perfect!  Oh, my God.  Are you staying, are you going to live on campus?|","(Since you asked for *one word*, the most prominent is likely **Question**.)",Question
"|Not on campus, but um- I probably won't live too far.  Maybe, I don't know, I might go to Silver Lake or something.|",Statement Opinion
|We are gonna party all the time.|,Statement Non Opinion
|Yeah.  Totally- Well where are you going to live?|,The dialogical act shown in the text is: 
|Yeah.  Totally- Well where are you going to live?|,
|Yeah.  Totally- Well where are you going to live?|,Question
|We are gonna have a great time.|,Statement Opinion
"|[garbage] I'm going to live on campus.  I mean, well, around campus, anyway.  Yeah, housing around campus.|",The dialogical act shown in the text is **Statement Non Opinion**.,Statement Non Opinion
|Oh yeah.|,Acknowledge
|Good tradeoff|,Statement Opinion
"|I just want to be really close to things, you know.  I know it's not exactly the best neighborhood in the entire world. But uh-|",Statement Opinion
|I don't- I don't think it's that bad.|,Statement Opinion
"|I don't- you know ,I feel the same way, you know what I mean.  And everybody says a lot of other crap you know, they don't know what they are talking about anyway.|",Agreement
|yeah.|,Acknowledge
"|They don't live here.  They don't know, right?|",Question
"|Yeah. I think it's really also if you- if you consider yourself like, us and them, kind of thing- If you think you're part of your community then --you going to like it more|",The dialogical act shown in the text is: **Statement Opinion**,Statement Opinion
|yeah.|,Acknowledge
|Exactly.  You make it what you make it. You know? Right? And I'm gonna make it so freaking awesome.|,Agreement
"|Right, Exactly.|",Acknowledge
|Oh I'm so glad.|,"The dialogical act shown in the text ""Oh I'm so glad."" is **Acknowledge**.",Acknowledge
|yeah.|,Acknowledge
"|So when do you know, like, where you're gonna live? and-|",Question
"|Well, I don't know.  I've got to go look for a place.|",Statement Opinion
"|Oh, wow.|","The dialogical act shown in the text ""Oh, wow."" is: **Backchannel**.",Backchannel
"|Yeah, yeah.  I- I don't- I don't know.  Do you have any suggestions?|",The dialogical act shown in the text is: **Question**,Question
|Um-|,Backchannel
|You know the area better than I do.|,Agreement
"|Yeah.  I mean, I know, I know, like the- the housing surrounding the campus pretty well.|",Acknowledge
"|yeah, yeah?|",Backchannel
|Um- How many people do you want to live with?|,Question
"|Not a lot.  I mean, I wouldn't want to live with more than three other people.  So, like four of us total, right?|",Statement Opinion
|All dudes?|,"The dialogical act shown in the text ""All dudes?"" is **Question**.",Question
|I don't care. I don't care.|,Disagreement
|Um- I think I have some friends.|,Statement Opinion
|yeah?|,Backchannel
|yeah.|,Acknowledge
|That would be perfect.|,Agreement
"|There's actually, a friend of mine is um- moving out of her place and her place is amazing-- And it's really cheap.|",Statement Opinion
|Really?|,Backchannel
|Really?|,Question
|yeah.|,Acknowledge
|Cheap is exactly what I need- Because I have no money at all.|,Statement Opinion
|Okay.|,Acknowledge
|Okay.|,Acknowledge
"|But, uh--|","The dialogical act shown in the text ""But, uh--"" is **Backchannel**.",Backchannel
|How are you going to pay for school? Did- did you--?|,Question
"|Loans, scholarships, I've got a lot of scholarships-- Yeah, yeah. I'm- I'm half Native American so I get all those scholarships, too. yeah.|",The dialogical act shown in the text is: **Statement Opinion**,Statement Opinion
"|You've got a lot- oh, awesome.|",Backchannel
|Oh cool.|,Backchannel
"|So it comes Indian like. And you know I'm kind of smart, so.|",Statement Opinion
|Yeah.|,Acknowledge
"|That helps, right?  Get some academic scholarships. And uh-|",The dialogical act shown in the text is **Question**.  ,Question
"|That helps, right?  Get some academic scholarships. And uh-|",
"|That helps, right?  Get some academic scholarships. And uh-|","(Specifically, ""That helps, right?"" is a question, while the rest is a mix of **Command** (""Get some academic scholarships"") and **Backchannel** (""And uh-""). However, the primary intent seems to be seeking confirmation, so **Question** is the dominant choice.)",Command
|totally.|,"The dialogical act shown in the text ""totally"" is **Agreement**.",Agreement
|good for you.|,Acknowledge
"|And yeah, well, I mean, basically I just applied for any and every possible scholarship and grant that could come by, so I can go.|",The dialogical act shown in the text is: **Statement Opinion**,Statement Opinion
|the way to do it.|,Command
"|Yeah, yeah, yeah.  And it's gonna work out.  I'm gonna be able to pay for it, I'm gonna go, I mean, I'll have a little debt in the end.  But I don't care.|",The dialogical act shown in the text is **Statement Opinion**.,Statement Opinion
"|Wow, are you so excited?|",Question
|Right.|,Acknowledge
|It's just you know a dream come true.  How could you not be excited about a dream come true?|,Statement Opinion
"|You're gonna be so busy, too. You're going to have to work so hard.|",Statement Opinion
"|Oh I know, I know.|",Acknowledge
"|But I'm so looking forward to being so busy. You know what I mean?  It's the kind of busy you've got to love, right?|",Statement Opinion
|Oh good.|,Acknowledge
|Oh totally.|,Agreement
|Because you're doing something you love.  That's the kind of busy you want.  I want to be able to do that for the rest of my life.  Be that kind of busy.|,Statement Opinion
|All right.  Wow.  So exciting.|,"The dialogical act shown in the text ""All right. Wow. So exciting."" is **Acknowledge**.",Acknowledge
|I had to tell you right away.  I knew you'd be excited.|,Statement Opinion
|We'll have fun.|,Statement Non Opinion
|Yeah.  We'll have so much fun.|,The dialogical act shown in the text is: **Agreement**,Agreement
|Great.  Okay.|,Backchannel
|cool|,"The dialogical act shown in the text ""cool"" is: **Acknowledge**",Acknowledge
"|D.S.L. Extreme, can I help you?|",Question
"|Hi, I need- I need some help.  I've been transferred to, like, eight different departments and I've told my problem to every single department, and then they just send me to another one and say they are going to send all my information so I won't have to repeat it, and then that person doesn't know what's going on.  And I've restated my story about eight different times and I just want somebody to help me get my connection back, because this happens every two weeks.  And I want to know what to do to stop it from happening again.|",Greeting
|This happens every two weeks?|,Question
|Yeah.  That my service just goes out.|,Acknowledge
|You've lost your connection.|,"The dialogical act shown in the text ""You've lost your connection."" is **Statement Non Opinion**.",Statement Non Opinion
|yeah.|,Acknowledge
|okay.|,Acknowledge
"|And I'll reset the IP address.  I will do like, you know, direct connect the modem to my computer, and then reset everything, and then put the router back in. And-|",Command
|Hmm.  Mmm.|,Backchannel
"|Is not, It it It will work again for like a week and then it goes out again.|",Disagreement
|Has somebody tried to pin your site?|,Question
"|Uh, yeah.  We've pinned it a couple of times.|",Acknowledge
"|Okay. Um-  Well, I don't know.  And it consistently happens every two weeks?|",The dialogical act shown in the text is: **Disagreement**,Disagreement
"|Pretty much, yeah - I don't know if it's, like, bad phone lines or something.|",The dialogical act shown in the text is: **Statement Opinion**,Statement Opinion
|Okay.|,Acknowledge
"|Well, you know what, does your D.S.L. cable -- you have D.S.L., right?|",Question
|Hmm. Mmm.|,Backchannel
"|Okay.  Does your D.S.L. cable, you know, travel a long distance by any chance? - Does it go through any windows?  I mean, is it --|",Question
|yeah.|,Acknowledge
"|It goes- It goes, like, through doorways.  But it goes a long distance.|",Statement Non Opinion
"|Okay.  Is it being- Is it being compressed between anything by any chance?  Because sometimes your connection can be you know, disrupted by, you know, the cable being squished.|",The dialogical act shown in the text is: **Question**,Question
|Oh really?|,Backchannel
"|Yeah. That can be- That can create a bad connection.  And it won't always be a bad connection, but it will be bad off and on.|",Disagreement
"|Well, I- I can check that.  Is there anything else we can do, too?  Like, I'll go through and check the line throughout the house, but --|",The dialogical act shown in the text is **Question**.,Question
"|Yeah, well, absolutely.  What we can -- let's just go ahead and just do a basic diagnostic of your system first off, okay.  Can you go down to your start button?|",The dialogical act shown in the text is **Command**.,Command
|Uh huh.|,Backchannel
"|Okay, And uh- go ahead and click on run.|",Command
|All right.|,Acknowledge
|Okay.  We're gonna get your -- a little black box is going to come up.  Do you see that?|,The dialogical act shown in the text is: **Command**,Command
"|Yeah, I see that.|",Acknowledge
"|Okay Uh- You've got your C calling, go ahead and type in directory list.|",Command
|Okay.|,Acknowledge
|And hit enter.|,Command
|Okay.|,Acknowledge
|Okay?  Can you tell me what that says?|,Question
"|Uh, it it's like a bunch of different letter and numbers and stuff.|",Statement Opinion
"|Okay Okay, And Um- letters and numbers and stuff.  Uh- Can you - Can you just type in IP address search? And hit enter.|",The dialogical act shown in the text is: **Command**,Command
"|Uh huh, Okay.|",Backchannel
|Okay?  Does it list your IP address there?|,Question
"|Uh, yeah looks -- no, no.  It's set to zeros.|",The dialogical act shown in the text is: **Acknowledge**,Acknowledge
"|It's set to zeros.  Okay, maybe that's our problem.  That could very well be our problem there.  Somehow you've lost your IP address.  I'm not sure why that would happen every week.  It could be a cycling issue, something like that.  But let's go ahead and type your IP address in again.|",The dialogical act shown in the text is: **Statement Opinion**,Statement Opinion
|Okay.|,Acknowledge
"|what happening - So if we reset this, how will I know it's not going to happen again every other week?|",Question
"|Well, if it does happen again, let me give you my direct number and you can call me.  Actually, I'll give you my cell number. Um- It's --|",The dialogical act shown in the text is: **Offer**.  ,Offer
"|Well, if it does happen again, let me give you my direct number and you can call me.  Actually, I'll give you my cell number. Um- It's --|",
"|Well, if it does happen again, let me give you my direct number and you can call me.  Actually, I'll give you my cell number. Um- It's --|","(Since ""Offer"" isn't listed in your provided options, the closest alternative from your list would be **Command**, as it involves instructing or proposing an action. However, ""Offer"" would be more precise if included.)  ",Command
"|Well, if it does happen again, let me give you my direct number and you can call me.  Actually, I'll give you my cell number. Um- It's --|",
"|Well, if it does happen again, let me give you my direct number and you can call me.  Actually, I'll give you my cell number. Um- It's --|",If restricted strictly to your given choices: **Command**.,Command
|Wow.  That would be amazing.  Really?|,The dialogical act shown in the text is: **Acknowledge**,Acknowledge
"|Of course.  we seriously- Yeah, I mean, obviously you've worked- you know -- I don't want to hassle you anymore.|",The dialogical act shown in the text is **Acknowledge**.,Acknowledge
"|Oh, my God.  I can't even tell you how much of a relief that is.  I literally call and talk to five different people.  Like last week it went off and I spent an hour and a half on the phone with different people.  And I've been doing that like every, every other week for months now.|",The dialogical act shown in the text is: **Statement Opinion**,Statement Opinion
|I completely understand.|,Acknowledge
|It's so frustrating.|,Statement Opinion
|Absolutely. And I just don't want that to happen to you anymore.|,The dialogical act shown in the text is **Agreement**.,Agreement
|Thank you so much.|,Acknowledge
|Absolutely.  It's a new service we are offering.|,Agreement
"|Yeah, accountability.  It's awesome.|",Agreement
|Uh huh Uh huh We want you to be happy.  You're our customer.  You're the most important thing. Okay?|,The dialogical act shown in the text is: **Backchannel**,Backchannel
"|Wow.  You know I was thinking about changing internet providers, but but that- that really is enough to change my mind.|",The dialogical act shown in the text is: **Agreement**.,Agreement
"|Great.  Well, that makes me very happy.  That makes us all happy here at D.S.L. Extreme.  Is there anything else I can help you with?|",The dialogical act shown in the text is: **Agreement**,Agreement
|No.  I'm just gonna go have a fantastic day now.|,Disagreement
|All right.  You have a wonderful day.  Call us anytime.|,The dialogical act shown in the text is: **Greeting**.,Greeting
|Okay.  Thanks.|,Acknowledge
"|All right.  Bye, bye.|",Greeting
|What's he going to say?  Maybe we should tell him before he sees it.|,Question
|He saw it.|,Statement Non Opinion
|When?  I was the first one up.  He was still in bed.  How could he have seen it?|,The dialogical act shown in the text is **Question**.,Question
|He was out here when it broke.|,Statement Non Opinion
|When?|,Question
"|I don't know, like, four o'clock this morning.  I heard a crack, and I woke up, and I looked out the window and he was standing right there when it broke.|",Statement Non Opinion
|What was he doing out here at four in the morning?|,Question
"|I don't know, but after it broke he ran back inside and started crying in the kitchen.|",Statement Non Opinion
|Did you talk to him?|,Question
|No.  I figured it was best to leave him alone.|,Disagreement
|He cried hard?|,Question
|I could hear him right through the floor in my room.|,Statement Non Opinion
"|What was he doing out there at that hour?  He's getting just like after Larry died, walking around at night.  He dreams.|",The dialogical act shown in the text is **Question**.,Question
|I guess he is.|,Statement Opinion
|What's the meaning of that?|,Question
"|I don't know the meaning of it, but you know one thing Mom, we made a terrible mistake with dad.|",Disagreement
|What?|,Question
|Being dishonest with him.  It's the kind of thing that pays off and now it's paying off.|,Statement Opinion
|What do you mean dishonest?|,Question
|You know that Larry's not coming back and I know it.  So why do we go on letting him think that we believe with him?|,The dialogical act shown in the text is **Question**.,Question
"|What do you want to do, argue with him?|",Question
|I don't want to argue with him.  But it's time he knows that nobody else thinks that Larry's alive anymore.|,Disagreement
"|Why should he dream about him, walking around looking for him at night?  Do we contradict him?  Do we say straight out that we don't have any hope anymore, that we haven't had any hope for years now?|",Question
|You can't say that to him.|,Disagreement
|We have to say it to him.|,Command
|how are you gonna prove it?  Can you prove it?|,Question
|For Gods sake!  Three years!  Nobody comes back after three years.  That's insane!|,Statement Opinion
"|To you it is and to me, but not to him.  Now you can talk yourself until you're blue in the face, Chris, but there's no body and there's no grave.  So where are you?|",Disagreement
"|Sit down, mom.  I want to talk to you.|",Command
"|The trouble is the God damn newspapers.  I mean every every week a kid turns up, missing like longer than Larry.|",The dialogical act shown in the text is **Statement Opinion**.,Statement Opinion
"|All right.  All right, mom.  Just listen.  You know why I invited Annie her, don't you?|",The dialogical act shown in the text is: **Command**,Command
|Why?|,Question
|You know.|,Backchannel
"|Well, I have an idea.  But what's the story?|",The dialogical act shown in the text is: **Question**,Question
|I'm going to ask her to marry me.|,Statement Non Opinion
"|Well, that's your business, Chris.|",Statement Non Opinion
|It's not just my business.|,Disagreement
"|Well, what do you want me to do?  You're old enough to make- to know your own mind.|",Command
|So it's okay then?  I should just go ahead and do it?|,Question
"|Well, you want to make sure that your father isn't --|",Statement Opinion
"|Oh, so it isn't just my business?|",The dialogical act shown in the text is **Acknowledge**.,Acknowledge
|I'm just saying.|,Statement Non Opinion
|You infuriate me sometimes.  Do you know that?  God.|,The dialogical act shown in the text is **Statement Opinion**.,Statement Opinion
"|Isn't it your business, too, if dad -- if I tell dad and he throws a fit about it?  I mean, you have such a talent for ignoring things.|",Question
"|I ignore what I got to ignore.  I mean, the girl is Larry's girl.|",Statement Opinion
|She is not Larry's girl!|,Disagreement
"|From your father's point of view he's not dead and she's still his girl.  Now, you can go on from there if you know where to go, Chris, but I don't know.  So what can I do for you?|",Statement Opinion
"|I don't know why it is but everytime I reach out for something I- that I want, I have to pull back because I might hurt somebody else.  My whole bloody life; time after time after time.|",Statement Opinion
"|Well, you're a considerate fella, there's nothing wrong in that|",Statement Opinion
|To hell with that!|,Disagreement
|Have you asked Annie yet?|,Question
|I wanted to get this taken care of first.|,Statement Non Opinion
"|Well, what if she feels like your father?  And how do you know she will marry you?|",Question
"|Well, if that's the case, then that's the end of it.  But from her letters it sounds like she has forgotten him.  I'll find out.  And then we'll thrash it out with dad, all right?  Mom, don't avoid me.|",The dialogical act shown in the text is: **Command**,Command
"|Well, the trouble is you never saw enough women.|",The dialogical act shown in the text is **Statement Opinion**.,Statement Opinion
|So what?  I'm not fast with women.|,Disagreement
"|Well, I just don't see why it has to be Annie.|",The dialogical act shown in the text is: **Statement Opinion**,Statement Opinion
|Because it is.|,Statement Non Opinion
"|Well, that's a good reason.  But that doesn't mean anything at all.  I mean, you haven't seen her in five years.|",Disagreement
"|I know her best, all right?  I don't know.  I grew up next to her.  When I think of somebody for my wife these days, I think of Annie.  What do you want, a diagram?|",Statement Opinion
"|No.  I don't want a -- look, your father thinks he's coming back, Chris.  You marry that girl and you're pronouncing him dead.  Now, what's going to happen to your father; do you know?  Because, I don't.|",Disagreement
"|All right then, mom.|",Acknowledge
|Just give it some more thought.|,Command
"|I've given it three years of thought.  I hoped that if I'd waited, dad would have forgotten about it by now.  And we could have like a normal wedding and everybody happy.|",Statement Opinion
"|But if that can't happen, I'll just have to get out.|",Statement Opinion
|What the hell is this?|,Question
"|I'll get out.  I'll go get married and live someplace else.  I don't know, maybe New York.|",Statement Opinion
|Are you crazy?|,Question
|I have been a good son for too long.  A good sucker.  I'm through with it.|,Statement Opinion
"|What?  You mean?  Tell me something, you mean that you would leave the business?|",Question
"|Yes.  On this, I would.|",Agreement
|You can't think like that.|,Disagreement
"|Well, you help me stay here.|",Command
"|All right.  But don't think like that.  Because what the hell did we work for, Chris?  I mean, this whole thing, it's all for you.|",The dialogical act shown in the text is **Command**.,Command
"|I know that, mom.  Just, you help me stay here.|",Acknowledge
|Just don't think that way.  Do you hear me?|,Command
|I am thinking that way.|,Statement Opinion
"|I don't understand you, do I?|",Disagreement
"|No, you don't.  I'm a pretty tough guy.|",Disagreement
"|Yeah, I can see that.|",Acknowledge
|What's he going to say?  Maybe we ought to tell him before he sees it.|,Question
|He saw it.|,Statement Non Opinion
"|What do you mean?  I was the first one up, he was still in bed.|",Question
|He was out here when it broke.|,Statement Non Opinion
|When?|,Question
|About four this morning.  I heard it crack and I looked out the window and he was standing right there when it cracked.|,Statement Non Opinion
|What was he doing out here four in the morning?|,Question
"|I don't know.  But after he saw it, he ran back into the house and started crying in the kitchen.|",Statement Non Opinion
|Did you talk to him?|,Question
|No.  I figured it was best to leave him alone.|,Disagreement
|He's dreaming about him again.  He's getting just like after Larry died. What's the meaning of that?|,Statement Opinion
"|Yes, yes he is.  I don't know the meaning in it.  But I know one thing, mom, we made a terrible mistake with Dad.|",The dialogical act shown in the text is **Statement Opinion**.,Statement Opinion
|What?|,"The dialogical act shown in the text ""What?"" is **Question**.",Question
|Being dishonest with him.  It's the kind of thing that pays off and now it's paying off.|,Statement Opinion
|What do you mean dishonest?|,Question
|You know that Larry's not coming back and I know it.  So why do we go on letting him think that we believe with him?|,The dialogical act shown in the text is **Question**.,Question
"|What are you gonna do, argue with him?|",Question
|I don't want to argue with him.  But it's time that he knows that nobody else believes that Larry's alive. I mean|,Disagreement
"|Why shouldn't he dream about him, walk the nights waiting for him?  Do we contradict him?  Do we say outright that we don't have any hope anymore?  That we haven't had any hope for a long time?|",Question
"|Well, how are you gonna prove it?  Can you prove it?|",Question
"|For Gods sake, three years!  Nobody comes back after three years.  It's insane!|",Statement Opinion
"|To you it is and to me, but not to him.|",Disagreement
|You can talk yourself blue in the face but there's no body and there's no grave.  So where are you?|,Statement Opinion
"|Sit down, mom.  I want to talk to you.|",Command
"|The trouble is the God damn newspapers, I mean, ea- each week a new boy turns up out of nowhere.  So the next one is gonna be Larry.  So you--|",Statement Opinion
"|All right.  All right, just listen.|","The dialogical act shown in the text ""All right. All right, just listen."" is **Command**.",Command
"|You know why I invited Annie, right?|",Question
|Why?|,Question
|You know.|,Backchannel
"|Well, I've got an idea but what's the story?|",The dialogical act shown in the text is **Question**.,Question
|I'm gonna ask her to marry me.|,Statement Non Opinion
"|Well, that's your business, Chris.|",Statement Non Opinion
|You know it's not just my business.|,Statement Opinion
"|What do you want me to do?  I mean, You're old enough to know your own mind.|",The dialogical act shown in the text is **Question**.,Question
|So it's all right then?  I should just go ahead with it?|,Question
"|Well, you want to make sure that your father isn't gonna --|",Statement Opinion
"|So it isn't just my business?  You infuriate me sometime, you know that.|",Disagreement
"|Isn't it your business, too, if I tell dad and he throws a fit about it?  You have such a talent for ignoring things.|",Question
"|I ignore what I got to ignore.  I mean, the girl is Larry's girl.|",Statement Opinion
|She's not Larry's girl.|,Disagreement
"|As far as your father is concerned, he's not dead.  And she's still his girl.|",Statement Opinion
"|Now, you can go on with this if you know where to go, but I don't know where to go.|",The dialogical act shown in the text is **Statement Opinion**.,Statement Opinion
"|I don't know why it is but every time I reach out for something that I want, I have to pull back because it might hurt somebody else, my whole bloody life, time after time, after time.|",Statement Opinion
"|Well, you're a considerate fella.  There's nothing wrong with that.|",Statement Opinion
|what to hell with that!|,Disagreement
|Have you asked Annie yet?|,Question
|I wanted to get this settled first.|,Statement Non Opinion
"|Well, how do you know she'll marry you?  Maybe she feels like your father does.|",Question
"|Well, if she does then that's the end of it.  But from her letters it seems like she's forgotten him.|",Statement Opinion
"|I'll find out and then we'll thrash it out with dad, all right?  Mom, don't avoid me.|",Command
|The trouble is you don't see enough women.  You never did.|,Statement Opinion
"|So what, I'm not fast with women?|",Statement Opinion
|I just don't see why it has to be Annie.|,Statement Opinion
|Because it is.|,Answer
"|Well, that's a good reason.  But it don't mean a thing. I mean, You haven't seen her since you went to war.  It's been five years.|",The dialogical act shown in the text is **Disagreement**.,Disagreement
"|[garbage] I don't know.  It's just,|",The dialogical act shown in the text is **Statement Non Opinion**.,Statement Non Opinion
"|she's who I know best. I know her since I- I was a kid I grew up with her.  When I think of somebody for my wife these days, I I think of Annie.  What do you want, a diagram?|",Statement Opinion
"|No I don't want a-  Your father thinks he's coming back, Chris.  If you marry that girl, you're pronouncing him dead.|",The dialogical act shown in the text is **Disagreement**.,Disagreement
"|Now, what's going to happen to your father, do you know?  I don't.|",Question
"|All right then, mom.|",Acknowledge
|Just give it some more thought.|,Command
"|I've given it three years of thought.  I had hoped if I waited, dad would've forgotten him by now and we could have a- a regular wedding and everybody happy.|",Statement Opinion
|But if that can't happen then I'll just get out.|,Statement Opinion
|What the hell is this?|,Question
"|I'll get out.  I'll go get married someplace else, I- I'll live someplace else, maybe New York.|",Command
|Are you crazy?|,Question
"|I've been a good son for too long, a good sucker.  I'm through with it.|",Statement Opinion
|But you have a business here.  What the hell is this?|,The dialogical act shown in the text is **Question**.,Question
|The business?  The business doesn't inspire me.|,Statement Opinion
|Must you be inspired?|,Question
"|Yeah, I'd like one hour a day.  If I have to grub for money all day long, I'd like to go home to something beautiful.  I'd like a family.  I'd like some kids.|",Statement Opinion
"|I'd like to build something that's my own.  And Annie is in the center of that.  Now, where do I find it?|",Statement Opinion
|You don't want to think like that.|,Command
"|Well, you help me stay here.|",Command
"|All right.  But don't think like that because what the hell did we work for, Chris?  All of this, all of it, it's all just for you.|",The dialogical act shown in the text is **Disagreement**.,Disagreement
"|I know that, mom.  Just you help me stay here.|",Command
"|Don't think like that, do you hear me?|",Command
"|Well, I am thinking like that.|",Statement Opinion
"|I don't understand you, do I?|",Disagreement
"|No, you don't.  I'm a pretty tough guy.|",Disagreement
"|Yeah, I can see that.|",Acknowledge
|Why did you invite her here?|,Question
|Why does that bother you?|,Question
"|She's been in New York three and a half years, why all of a sudden?|",Statement Opinion
"|Well, maybe maybe he just wanted to see her again.|",Statement Opinion
|Nobody comes seven hundred miles just to see.|,Statement Non Opinion
"|What are you talking about?  He grew up next to the girl his whole life, why wouldn't he want to see her again?  Don't look at me like that.  He hasn't told me anything he didn't told you.|",Here’s the breakdown of each part of the text with its corresponding dialogical act:  
"|What are you talking about?  He grew up next to the girl his whole life, why wouldn't he want to see her again?  Don't look at me like that.  He hasn't told me anything he didn't told you.|",
"|What are you talking about?  He grew up next to the girl his whole life, why wouldn't he want to see her again?  Don't look at me like that.  He hasn't told me anything he didn't told you.|","1. *""What are you talking about?""* — **Question**  ",Question
"|What are you talking about?  He grew up next to the girl his whole life, why wouldn't he want to see her again?  Don't look at me like that.  He hasn't told me anything he didn't told you.|","2. *""He grew up next to the girl his whole life, why wouldn't he want to see her again?""* — **Statement Opinion**  ",Statement Opinion
"|What are you talking about?  He grew up next to the girl his whole life, why wouldn't he want to see her again?  Don't look at me like that.  He hasn't told me anything he didn't told you.|","3. *""Don't look at me like that.""* — **Command**  ",Command
"|What are you talking about?  He grew up next to the girl his whole life, why wouldn't he want to see her again?  Don't look at me like that.  He hasn't told me anything he didn't told you.|","4. *""He hasn't told me anything he didn't tell you.""* — **Statement Non-Opinion**  ",Statement Non-Opinion
"|What are you talking about?  He grew up next to the girl his whole life, why wouldn't he want to see her again?  Don't look at me like that.  He hasn't told me anything he didn't told you.|",
"|What are you talking about?  He grew up next to the girl his whole life, why wouldn't he want to see her again?  Don't look at me like that.  He hasn't told me anything he didn't told you.|","Since you asked for *one word*, the most dominant act here is **Statement Opinion** (due to the argumentative nature of the second line). However, if you need a single label for the entire utterance, it's a mix, but the strongest is **Statement Opinion**.  ",Statement Opinion
"|What are you talking about?  He grew up next to the girl his whole life, why wouldn't he want to see her again?  Don't look at me like that.  He hasn't told me anything he didn't told you.|",
"|What are you talking about?  He grew up next to the girl his whole life, why wouldn't he want to see her again?  Don't look at me like that.  He hasn't told me anything he didn't told you.|","If you strictly need one label per utterance, then:  "
"|What are you talking about?  He grew up next to the girl his whole life, why wouldn't he want to see her again?  Don't look at me like that.  He hasn't told me anything he didn't told you.|",- First sentence: **Question**  ,Question
"|What are you talking about?  He grew up next to the girl his whole life, why wouldn't he want to see her again?  Don't look at me like that.  He hasn't told me anything he didn't told you.|",- Second sentence: **Statement Opinion**  ,Statement Opinion
"|What are you talking about?  He grew up next to the girl his whole life, why wouldn't he want to see her again?  Don't look at me like that.  He hasn't told me anything he didn't told you.|",- Third sentence: **Command**  ,Command
"|What are you talking about?  He grew up next to the girl his whole life, why wouldn't he want to see her again?  Don't look at me like that.  He hasn't told me anything he didn't told you.|",- Fourth sentence: **Statement Non-Opinion**  ,Statement Non-Opinion
"|What are you talking about?  He grew up next to the girl his whole life, why wouldn't he want to see her again?  Don't look at me like that.  He hasn't told me anything he didn't told you.|",
"|What are you talking about?  He grew up next to the girl his whole life, why wouldn't he want to see her again?  Don't look at me like that.  He hasn't told me anything he didn't told you.|",Let me know if you need a different approach!
|He's not going to marry her.|,Disagreement
|Why do you think he's even thinking that?|,Question
|He's got that about it.|,Statement Opinion
"|Well, so what?|",Disagreement
"|What's going on here, Joe?|",Question
|Now listen.|,Command
"|No.  She's not his girl, Joe.  She knows she's not.|",Disagreement
|You don't know.  You can't read her mind.|,Disagreement
"|Then why is she still single? I mean, New York is full of men.  Why isn't she married?  Probably a hundred people told her she's foolish but she's waited.|",Question
|How do you know why she's waited?|,Question
"|Because she knows what I know, that's why.  She's faithful as a rock.  In my worst moments I think of her waiting and I know again that I'm right.|",Statement Opinion
"|Look, it's a beautiful day outside, why are we arguing?|",Statement Opinion
"|Nobody in this house dares takes her faith away, Joe.  Strangers might, but not his father, not his brother.|",The dialogical act shown in the text is **Statement Opinion**.,Statement Opinion
"|Well, what do you want me to do about it?  What do you want?|",Question
"|I want you to pretend like he's coming back.  Both of you, don't think I haven't noticed you and Chris since she's gotten here.  I don't want any nonsense.|",Command
|But Kate?|,Question
"|No, because if she- he's not coming back then I'll kill myself. Laugh!  Laugh at me!|",Disagreement
|But why did that happen the very night she came back?  She goes to sleep in his bed and his memorial breaks in pieces.  Look at it.|,Question
|Calm yourself.|,Command
"|Believe with me, Joe.  I can't stand alone.|",Command
|Calm yourself.|,Command
|Only last week a man turned up in Detroit missing longer than Larry.  You read it yourself.|,Statement Non Opinion
|All right.  All right.|,Acknowledge
|You above all have got to believe.|,Command
"|What do you mean, me above all?|",Question
|Just don't stop believing.|,Command
"|What's that suppose to mean, me above all?  Look at you, you're shaking.|",Disagreement
|I can't help it.|,Statement Non Opinion
"|What have I got to hide, Kate?  What the hell is the matter with you?|",Question
|You're the only one I know who loves his parents.|,The dialogical act shown in the text is **Statement Opinion**.,Statement Opinion
"|I know.  It's going out of style, isn't it?|",Statement Opinion
|It's all right.  It's a good thing.  It's lovely here.  The air is sweet.|,Statement Opinion
"|So, you're not sorry I came?|","The dialogical act shown in the text ""So, you're not sorry I came?"" is **Question**.",Question
|No.  But I'm not going to stay.|,Disagreement
|Why?|,Question
"|Well, your mother, first of all, pretty much told me to leave.|",Statement Opinion
|Well-|,"The dialogical act shown in the text ""Well-"" is:  "
|Well-|,
|Well-|,**Backchannel**,Backchannel
|You saw that.  And well you've been --|,Statement Non Opinion
|What?|,Question
|You've been sort of embarrassed since I got here.|,Statement Opinion
"|Well, I planned on kind of sneaking up on you in a period of a week or so, but they all take it for granted that we're set.|",The dialogical act shown in the text is: **Statement Opinion**,Statement Opinion
"|I figured they would, your mother at least.|",Statement Opinion
|How did you know?|,Question
"|Well, from her perspective, I mean, why else would I come here?|",Statement Opinion
"|Well, so would you want to?  I mean, I guess you know that's why I asked you to come.|",Question
"|Yes, that's why I came.|",Agreement
"|Annie, I love you.  I love you a great deal.  I love you. -I|",Statement Opinion
"|I don't know what to say.  I have no imagination.  That's all I have to say to you.  God, I'm embarrassing you. I-I didn't want to do this here. I- I wanted to do it someplace different, someplace where we could be new to each other.|",Apology
"|You feel it's wrong here, don't you; this yard, this chair?  I want you to be ready for me, Annie. I- I don't want to win you away from anything.|",The dialogical act shown in the text is **Question**.,Question
"|Oh, Chris I've been ready for a long time.|",Statement Opinion
|So he's gone forever then?  You sure?|,Question
|I almost got married two years ago.|,Statement Non Opinion
|Why didn't you?|,Question
|You started to write me.|,Statement Non Opinion
|You felt something that far back?|,Statement Non Opinion
|Everyday since.|,"The dialogical act shown in the text ""Everyday since."" is **Statement Non Opinion**.",Statement Non Opinion
"|Annie, why didn't you call me or tell me?|",Question
"|Well, I mean, until then you never wrote and when you did, what did you say?  I mean, you sure can be ambiguous.|",The dialogical act shown in the text is **Statement Opinion**.,Statement Opinion
"|Give me a kiss, Annie.  Give me a --|",Command
"|oh, God I kissed Annie.  I kissed Annie. I can't How long have I waited to do that?|",Statement Opinion
|I'll never forgive you.  Why did you wait so long?  All this time I've sat around wondering if I was crazy for thinking of you.|,The dialogical acts in the given text are:
|I'll never forgive you.  Why did you wait so long?  All this time I've sat around wondering if I was crazy for thinking of you.|,
|I'll never forgive you.  Why did you wait so long?  All this time I've sat around wondering if I was crazy for thinking of you.|,"1. ""I'll never forgive you."" - **Disagreement**  ",Disagreement
|I'll never forgive you.  Why did you wait so long?  All this time I've sat around wondering if I was crazy for thinking of you.|,"2. ""Why did you wait so long?"" - **Question**  ",Question
|I'll never forgive you.  Why did you wait so long?  All this time I've sat around wondering if I was crazy for thinking of you.|,"3. ""All this time I've sat around wondering if I was crazy for thinking of you."" - **Statement Opinion**  ",Statement Opinion
|I'll never forgive you.  Why did you wait so long?  All this time I've sat around wondering if I was crazy for thinking of you.|,
|I'll never forgive you.  Why did you wait so long?  All this time I've sat around wondering if I was crazy for thinking of you.|,"(Since the request is for *one word* per utterance, the primary acts are bolded. If forced to choose a single overarching act for the entire text, it would lean toward **Statement Opinion** as the dominant emotional expression.)",Statement Opinion
"|Oh, Annie, we're gonna live now.  I'm going to make you so happy.|",Statement Opinion
|Not like that you're not.|,Disagreement
|I kissed you.|,Statement Non Opinion
"|Like Larry's brother.  Do it like you, Chris.  What's the matter?|",The dialogical act shown in the text is: **Command**,Command
|Lets go for a ride.  I I- I want to be alone with you.|,Command
"|No.  Chris, what is it?  Is it your mother?|",The dialogical act shown in the text is: **Question**,Question
"|No, nothing like that.|",Disagreement
|You have to tell me.|,Command
|Even in your letters there was something ashamed.|,Statement Opinion
"|Yeah, I suppose I have been.  But it's going for me.|",Acknowledge
|You have to tell me.|,Command
|I don't I don't know where to start.|,Statement Non Opinion
|It wouldn't work like this.|,Disagreement
|It's so mixed up with so many other things.|,Statement Opinion
"|You remember when I was overseas, I was in command of a company?|",Statement Non Opinion
"|Yeah, sure.|",Agreement
|I lost them.|,Statement Non Opinion
|How many?|,Question
|Just about all.|,"The dialogical act shown in the text ""Just about all."" is **Acknowledge**.",Acknowledge
"|It- It takes time to toss something like that off,I mean, because they weren't just men.|",Statement Opinion
"|For instance, there was this time, and it had been raining for several days, and this kid came up to me and he gave me his last pair of dry socks, just put them in my pocket.|",Statement Non Opinion
|I know it's it's just a little thing but that's just the kind of guys I had.  They didn't die.  They killed themselves for each other.|,Statement Opinion
"|I mean that exactly, anymore selfish -- just a little bit more selfish and they would have been here today. And it gave me an idea as I was watching them all go down.|",Statement Opinion
"|Everything was being destroyed see, but I felt like something new was being created at the same time.  Like it kind of -- responsibility.  You know, man to man.  Do you understand what I'm saying?|",Statement Opinion
"|And and to see that again, to to bring that back on the earth again, like- like a monument that that would stand behind these men and and and it would make a difference to them.|",Statement Opinion
|It was and then I went home.  And it was incredible.  It didn't have any meaning there.|,Statement Opinion
"|I mean, the whole thing was like some kind of bus accident to them.|",Statement Opinion
|So I went back to work for my dad and that whole rat race again.|,Statement Non Opinion
"|I felt what you said, ashamed somehow because nobody had changed at all.|",Statement Opinion
"|It seemed to make suckers out of so many guys.  And I-I felt wrong to be alive; to to open that bank book, to to drive that car, the new car, and look at that new refrigerator. I mean,|",Statement Opinion
"|you can take those things out of the war, but if you're gonna drive that car you've got to know that that came from the love a man can have from a man. And you've got to be a little bit better because of that.  Because if you're not, then it's all just loot and there's blood on it and I didn't want any of it.|",Statement Opinion
|And I guess that included you.|,Statement Opinion
|Do you still feel like that?|,Question
"|I want you now, Annie.|",Command
"|Because you can't feel like that anymore, Chris.  Because everything you have, you have a right to, me included.|",Command
"|And you father, he put hundreds of planes in the air and you should be proud.  A man should be paid for that.|",Statement Opinion
"|Oh, Annie,|","The dialogical act shown in the text ""Oh, Annie,"" is: "
"|Oh, Annie,|",
"|Oh, Annie,|",**Greeting**,Greeting
|[LAUGHTER] What will I do with a fortune?|,The dialogical act shown in the text is **Question**.,Question
|Annie I am going to make you a fortune.|,Command
"|What time is it?  They're supposed to run around midnight.  Oh, this is great, isn't it?  Look at the night we've got here.  It couldn't be better.  Actually, I wanted to go a little further up the coast you know to get away from all the lights and the people.  I was afraid we might miss it though, so how are you doing?|",Here is the breakdown of the dialogical acts for each part of the text:  
"|What time is it?  They're supposed to run around midnight.  Oh, this is great, isn't it?  Look at the night we've got here.  It couldn't be better.  Actually, I wanted to go a little further up the coast you know to get away from all the lights and the people.  I was afraid we might miss it though, so how are you doing?|",
"|What time is it?  They're supposed to run around midnight.  Oh, this is great, isn't it?  Look at the night we've got here.  It couldn't be better.  Actually, I wanted to go a little further up the coast you know to get away from all the lights and the people.  I was afraid we might miss it though, so how are you doing?|",1. **What time is it?** → **Question**  ,What time is it?
"|What time is it?  They're supposed to run around midnight.  Oh, this is great, isn't it?  Look at the night we've got here.  It couldn't be better.  Actually, I wanted to go a little further up the coast you know to get away from all the lights and the people.  I was afraid we might miss it though, so how are you doing?|",2. **They're supposed to run around midnight.** → **Statement Non Opinion**  ,They're supposed to run around midnight.
"|What time is it?  They're supposed to run around midnight.  Oh, this is great, isn't it?  Look at the night we've got here.  It couldn't be better.  Actually, I wanted to go a little further up the coast you know to get away from all the lights and the people.  I was afraid we might miss it though, so how are you doing?|","3. **Oh, this is great, isn't it?** → **Statement Opinion**  ","Oh, this is great, isn't it?"
"|What time is it?  They're supposed to run around midnight.  Oh, this is great, isn't it?  Look at the night we've got here.  It couldn't be better.  Actually, I wanted to go a little further up the coast you know to get away from all the lights and the people.  I was afraid we might miss it though, so how are you doing?|",4. **Look at the night we've got here.** → **Statement Opinion**  ,Look at the night we've got here.
"|What time is it?  They're supposed to run around midnight.  Oh, this is great, isn't it?  Look at the night we've got here.  It couldn't be better.  Actually, I wanted to go a little further up the coast you know to get away from all the lights and the people.  I was afraid we might miss it though, so how are you doing?|",5. **It couldn't be better.** → **Statement Opinion**  ,It couldn't be better.
"|What time is it?  They're supposed to run around midnight.  Oh, this is great, isn't it?  Look at the night we've got here.  It couldn't be better.  Actually, I wanted to go a little further up the coast you know to get away from all the lights and the people.  I was afraid we might miss it though, so how are you doing?|","6. **Actually, I wanted to go a little further up the coast you know to get away from all the lights and the people.** → **Statement Opinion**  ","Actually, I wanted to go a little further up the coast you know to get away from all the lights and the people."
"|What time is it?  They're supposed to run around midnight.  Oh, this is great, isn't it?  Look at the night we've got here.  It couldn't be better.  Actually, I wanted to go a little further up the coast you know to get away from all the lights and the people.  I was afraid we might miss it though, so how are you doing?|","7. **I was afraid we might miss it though, so how are you doing?** → **Question**  ","I was afraid we might miss it though, so how are you doing?"
"|What time is it?  They're supposed to run around midnight.  Oh, this is great, isn't it?  Look at the night we've got here.  It couldn't be better.  Actually, I wanted to go a little further up the coast you know to get away from all the lights and the people.  I was afraid we might miss it though, so how are you doing?|",
"|What time is it?  They're supposed to run around midnight.  Oh, this is great, isn't it?  Look at the night we've got here.  It couldn't be better.  Actually, I wanted to go a little further up the coast you know to get away from all the lights and the people.  I was afraid we might miss it though, so how are you doing?|","If you need a single-word label for the **entire** exchange, the dominant act is a mix, but the most fitting broad category would be:  ",entire
"|What time is it?  They're supposed to run around midnight.  Oh, this is great, isn't it?  Look at the night we've got here.  It couldn't be better.  Actually, I wanted to go a little further up the coast you know to get away from all the lights and the people.  I was afraid we might miss it though, so how are you doing?|",
"|What time is it?  They're supposed to run around midnight.  Oh, this is great, isn't it?  Look at the night we've got here.  It couldn't be better.  Actually, I wanted to go a little further up the coast you know to get away from all the lights and the people.  I was afraid we might miss it though, so how are you doing?|","**Question** (since it starts and ends with one, driving the interaction).  ",Question
"|What time is it?  They're supposed to run around midnight.  Oh, this is great, isn't it?  Look at the night we've got here.  It couldn't be better.  Actually, I wanted to go a little further up the coast you know to get away from all the lights and the people.  I was afraid we might miss it though, so how are you doing?|",
"|What time is it?  They're supposed to run around midnight.  Oh, this is great, isn't it?  Look at the night we've got here.  It couldn't be better.  Actually, I wanted to go a little further up the coast you know to get away from all the lights and the people.  I was afraid we might miss it though, so how are you doing?|","However, if you're labeling each part separately, the responses are as listed above."
|Fine.|,"The dialogical act shown in the text ""Fine."" is: "
|Fine.|,
|Fine.|,**Acknowledge**,Acknowledge
"|What's that? Is that- Wait, is that foam?  I can't even tell.  Oh Actually, I guess if I can't tell then it probably isn't it, is it?  It will probably be unmistakable, don't you think?|",Question
"|This is great.  How are you doing?  Oh, no.  Oh, do you know what I did?  I forgot the flashlight.  How could I be so stupid?  I forgot the flashlight.|",The dialogical acts in the given text are as follows:  
"|This is great.  How are you doing?  Oh, no.  Oh, do you know what I did?  I forgot the flashlight.  How could I be so stupid?  I forgot the flashlight.|",
"|This is great.  How are you doing?  Oh, no.  Oh, do you know what I did?  I forgot the flashlight.  How could I be so stupid?  I forgot the flashlight.|","1. ""This is great."" - **Statement Opinion**  ",Statement Opinion
"|This is great.  How are you doing?  Oh, no.  Oh, do you know what I did?  I forgot the flashlight.  How could I be so stupid?  I forgot the flashlight.|","2. ""How are you doing?"" - **Question**  ",Question
"|This is great.  How are you doing?  Oh, no.  Oh, do you know what I did?  I forgot the flashlight.  How could I be so stupid?  I forgot the flashlight.|","3. ""Oh, no."" - **Acknowledge**  ",Acknowledge
"|This is great.  How are you doing?  Oh, no.  Oh, do you know what I did?  I forgot the flashlight.  How could I be so stupid?  I forgot the flashlight.|","4. ""Oh, do you know what I did?"" - **Question**  ",Question
"|This is great.  How are you doing?  Oh, no.  Oh, do you know what I did?  I forgot the flashlight.  How could I be so stupid?  I forgot the flashlight.|","5. ""I forgot the flashlight."" - **Statement Non Opinion**  ",Statement Non Opinion
"|This is great.  How are you doing?  Oh, no.  Oh, do you know what I did?  I forgot the flashlight.  How could I be so stupid?  I forgot the flashlight.|","6. ""How could I be so stupid?"" - **Statement Opinion**  ",Statement Opinion
"|This is great.  How are you doing?  Oh, no.  Oh, do you know what I did?  I forgot the flashlight.  How could I be so stupid?  I forgot the flashlight.|","7. ""I forgot the flashlight."" - **Statement Non Opinion**  ",Statement Non Opinion
"|This is great.  How are you doing?  Oh, no.  Oh, do you know what I did?  I forgot the flashlight.  How could I be so stupid?  I forgot the flashlight.|",
"|This is great.  How are you doing?  Oh, no.  Oh, do you know what I did?  I forgot the flashlight.  How could I be so stupid?  I forgot the flashlight.|","(Since you asked for *one word*, the most dominant act here is **Statement Opinion**, but the text contains multiple dialogical acts.)",Statement Opinion
|What flashlight?|,Question
"|The flashlight.  The silver one.  There's only one, isn't there?  Stupid.|",The dialogical act shown in the text is: **Question**.,Question
|You mean our flashlight?|,Question
|Well-|,"The dialogical act shown in the text ""Well-"" is:"
|Well-|,
|Well-|,Backchannel
"|I mean, you kept saying my flashlight, the flashlight like it was only somehow yours.  How is that supposed to make me feel?|",Disagreement
"|Oh, no, of course, our flashlight.  Me flashlight is to you flashlight, naturally.|",The dialogical act shown in the text is **Agreement**.,Agreement
"|How could we have forgotten it? Well, I hope the moon stays out.  I wonder, do they always run during a full moon?  I can't remember, was the moon full last year, do you remember?|",The dialogical act shown in the text is: **Question**,Question
|Yes.|,"The dialogical act shown in the text ""Yes."" is **Agreement**.",Agreement
"|Are you cold?  Do you want my jacket?  We should have brought the blanket, our blanket.  Oh, this is great.  I didn't even think to bring a six pack.  Oh, a six pack would be just the ticket right about now.|",Question  
"|Are you cold?  Do you want my jacket?  We should have brought the blanket, our blanket.  Oh, this is great.  I didn't even think to bring a six pack.  Oh, a six pack would be just the ticket right about now.|",Statement Non Opinion  
"|Are you cold?  Do you want my jacket?  We should have brought the blanket, our blanket.  Oh, this is great.  I didn't even think to bring a six pack.  Oh, a six pack would be just the ticket right about now.|",Statement Opinion  
"|Are you cold?  Do you want my jacket?  We should have brought the blanket, our blanket.  Oh, this is great.  I didn't even think to bring a six pack.  Oh, a six pack would be just the ticket right about now.|",Acknowledge  
"|Are you cold?  Do you want my jacket?  We should have brought the blanket, our blanket.  Oh, this is great.  I didn't even think to bring a six pack.  Oh, a six pack would be just the ticket right about now.|",Statement Non Opinion  
"|Are you cold?  Do you want my jacket?  We should have brought the blanket, our blanket.  Oh, this is great.  I didn't even think to bring a six pack.  Oh, a six pack would be just the ticket right about now.|",Statement Opinion
"|I can't believe I forgot.I'm like a little kid.  I'm surprised I made it out of the house with my fly zipped. Oh, [LAUGHTER]|",The dialogical act shown in the text is **Apology**.,Apology
"|Oh, I wonder if they can hear me or if they can feel the vibrations when we move around in the sand. or something|",Question
|I'm cold.|,Statement Non Opinion
|Do you want my jacket?|,Question
|It's after eleven.  Let's just go home.|,Command
"|Are you kidding?  We just got here, we'd miss it.  What's the point of coming all the way out here if we're just going to turn around and go home?|",Disagreement
|There is no point in coming out here.|,Statement Opinion
|Right.|,Acknowledge
|That's my point.|,"The dialogical act shown in the text ""That's my point."" is **Agreement**.",Agreement
"|That's my point, too.|",Agreement
|So let's go.|,Command
"|Oh, no, no, no.  no That's not my point.  My point is what's the point coming out here if we're just going to leave?  Don't you want to see it?|",Disagreement
|Not particularly.|,Disagreement
|Why not?|,Question
|I just don't.|,Disagreement
|Oh|,"The dialogical act shown in the text ""Oh"" is **Acknowledge**.",Acknowledge
|it's stupid.|,Disagreement
"|Honey, it's a natural phenomenon.  I mean, this kind of thing only happens once a year.  It's a great opportunity.|",Statement Opinion
"|I mean, Think about people in Kansas, they've got to get like you know plane tickets and hotel reservations just to see this.  We're just forty minutes away.  It's just too good of an opportunity to pass up.|",Statement Opinion
|Pass what up?  It's It's just little fish and they swim up on the beach and they flop around and they swim away and then they die.|,Question
"|Yeah, but all that time on the beach is the highlight of their little lives.  You know,|",Opinion
"|and all that about flopping around, it's like laying eggs or what do you -- spawning or mating or something like that.|",Statement Opinion
"|I mean, this is a big night for these guys.  You know, life's last orgy.|",Statement Opinion
"|What are you so excited about.  This isn't rocket science, this is just fish.  Fish nobody even eats.|",The dialogical act shown in the text is **Disagreement**.,Disagreement
"|Yeah, they do.|",Agreement
|Augie.|,"The dialogical act shown in the text ""Augie."" is **Greeting**.",Greeting
"|All right.  But they are fish that do something no other fish do.  Like the swallows were turning into Capistrano or Lemmings jumping off the cliffs, you know like that. There's- There's magic here and mystery.  And a little bit of the unexplainable.  You know, I can't see how you could not be interested.|",Statement Opinion
|I'm just not.|,Statement Non Opinion
|For real?|,Question
|Yes.|,"The dialogical act shown in the text ""Yes."" is **Agreement**.",Agreement
"|I don't get it.  I mean, the first time we came you said it was the best night of your life. And last year I remember distinctly you were so excited about coming that you stubbed your toe toe pushing me out the door and you didn't even notice until you got in the car.|",Disagreement
"|Well, if you also remember last year we- our shoes got wet, I got sand in my panties, we had a big argument, you had a sore throat, and we didn't see the grunion.|",Statement Non Opinion
|We weren't in a good spot.|,Statement Non Opinion
|We didn't see them the first time either.|,Statement Non Opinion
|We just weren't in a good spot.  This is a much better spot.  I've got a great sense for these things.|,Statement Opinion
"|Look there.  What is that?  Is that -- Oh No, that's seaweed.|","The dialogical act shown in the text ""Look there. What is that? Is that -- Oh No, that's seaweed."" is **Question**.",Question
"|Oh, this is great.  I wouldn't miss this for the world. I mean, think about this, I know you're not interested but just think about this for a second;|",Statement Opinion
|somewhere out there is a giant mass of silver fish all swimming in this direction.  They don't know why they're doing it.  We don't know why they're doing it.  They didn't- It wasn't a decision.  No one took a vote.  Nobody sent them an invitation or a map or anything like that.  It was just some internal time release fire cracker that went off. And all as one they turned around and formed this giant line as long as the California coastline and they just started swimming.  They are swimming right now at this very moment.   And And-|,Statement Non Opinion
"|And it's single mindedness with no mind. It- It's urgency, it's pure urge.  I mean, they didn't make any decisions.  They don't ask any questions.  They don't give it a name,|",Statement Opinion
"|they just all as one turn around and start swimming to this very point where we are standing now for one last celebration of sex and death. God, it's giving me Goosebumps.  Look at all the hairs that are standing up.|",Statement Opinion
|That's the wind.|,Statement Non Opinion
"|Well, so what do you think?|",Question
"|Well, so, what do you think?|",Question
|About what?|,Question
|What I was just saying.|,Question
|It's ridiculous.|,Statement Opinion
|It certainly is not.  It's slightly exaggerated scientific fact.|,Disagreement
|It's P.R. somebody sold you a bill of goods that this magical thing would be happening on the beach.|,The dialogical act shown in the text is: **Statement Opinion**.,Statement Opinion
"|I'm not the only one, look at all these people.|",Disagreement
"|Sure.  Everybody is told the same thing, it keeps us all excited.  It keeps us all coming back for more.  It keeps us thinking that life is gonna start now any minute if we can just find the right spot and get in on the action.|",Statement Opinion
|Are we talking about the same thing?|,Question
"|I'm sorry.  It's just, it's it's just fish to me.|",Apology
"|uh, Carla Can I ask you a question?  no, don't get upset, but are you having your period?|",Question
"|God damn it, Augie.  Seriously, you always ask me that.  Why do you ask me that?  I hate it.  It's so insulting.|",Disagreement
|What's bugging you then?|,Question
|I just - We just have different ideas of what this night is suppose to look like.|,Disagreement
"|It's not that complicated.  We come down here, the grunions arrive, they do their little fish thing.  We say ooh, awe, look at the little fish.  And then they go home and we go home.|",Statement Opinion
"|For God's sake, Augie.  It's- Grow up, we're not going to see the grunion.|",The dialogical act shown in the text is **Command**.,Command
|Why not?|,Question
|We We don't ever.  Have we ever?|,Disagreement
|We've missed them twice.  That's hardly ever.|,Statement Non Opinion
"|Twice is every time we've tried, that's ever|",The dialogical act shown in the text is **Statement Non Opinion**.,Statement Non Opinion
"|Well, we'll see them this year.|",Statement Non Opinion
"|No, we won't.  It's like waiting up for Santa Clause or something.  I feel like as though my whole life is going to be standing on the beach waiting with my eyes opened expectantly, my hands clasped neatly in front of me, waiting for fish to show up.  And the fish will not show up.|",The dialogical act shown in the text is **Disagreement**.,Disagreement
"|Okey, They're just fish.  It's nothing to get traumatized over.|",Disagreement
|You don't understand anything I am saying.|,Disagreement
"|No, of course not.|",Disagreement
|I did want to see it.  I always want to see it.  I just- I keep thinking this will be the time and it never is.|,Statement Opinion
"|I'm trying to work this backwards.  But I can't seem to pinpoint the time where everything went wrong here.  Okay, so --|",Statement Opinion
"|you were fine on the phone call with Marge, eating dinner was fine,talking- uh washing the dishes, no problem.  All right.  So, I'm taking a shower, you're watching TV, the news and you say the grunions are running tonight and I say, Great, let's go.  I'm feeling lucky.  And so, all right, and I'm putting on my coat, I'm putting out the animals, I'm pulling the car out of the garage.|",The dialogical act shown in the text is **Statement Non Opinion**.,Statement Non Opinion
|Do you remember the first time that we came to see the grunion?  It was about four years ago right after we got married.  We thought I was pregnant.  We had a bottle of champagne and no glasses.  You asked me to dance.  We took off our shoes.  And while we were dancing you said the most intimate things to me right in my ear so I could feel them as much as hear them.|,Question
"|And I remember thinking to myself, finally.  I am as happy as I am supposed to be.|",Statement Opinion
|Wait a minute.  I've got it.|,Command
"|Dancing barefoot in the sand, drinking champagne out of the bottle.|",Statement Non Opinion
"|It was in the car, right?  When we were passing Knickerbocker Liquor Locker, you said, Let's stop and get champagne. and I said that times a wasting or something like that, right?  You wanted it to be like it was before, right?|",Question
|I would rather not remember some things.  I'd rather not hope for something.|,Statement Opinion
"|Okay.  All right No problem.  I totally understand. okey  um, listen.  Do you want to dance?|","The dialogical act shown in the text is: **Command** (specifically, ""Do you want to dance?"" functions as an indirect command or invitation, while the rest is a mix of **Acknowledge** and **Backchannel**). ",Command
"|Okay.  All right No problem.  I totally understand. okey  um, listen.  Do you want to dance?|",
"|Okay.  All right No problem.  I totally understand. okey  um, listen.  Do you want to dance?|","However, if forced to choose *one* primary act for the entire text (as per the instruction), the most salient is: **Question** (due to the direct interrogative at the end). ",Question
"|Okay.  All right No problem.  I totally understand. okey  um, listen.  Do you want to dance?|",
"|Okay.  All right No problem.  I totally understand. okey  um, listen.  Do you want to dance?|","If the focus is strictly on the final clause (""Do you want to dance?""), the answer is unequivocally **Question**. For the preceding phrases (""Okay. All right...""), the acts would be **Acknowledge**/**Backchannel**, but these are secondary in context. ",Question
"|Okay.  All right No problem.  I totally understand. okey  um, listen.  Do you want to dance?|",
"|Okay.  All right No problem.  I totally understand. okey  um, listen.  Do you want to dance?|","Clarification note: The instruction asks for *one word*, so prioritize the dominant act. If the question is about the *last utterance only*, then **Question** is correct. If about the *whole text*, a hybrid interpretation might apply, but **Question** remains the strongest single label.",Question
|No.|,Disagreement
|Do you want me to go get some champagne?|,Question
|No.|,Disagreement
|Take off our shoes?|,Question
|No.|,"The dialogical act shown in the text ""No."" is **Disagreement**.",Disagreement
"|What, you want me to blow in your ear?|",Question
|[LAUGHTER] No.|,Disagreement
"|Do you want to get married again?- What?  What, do you want a divorce?|",Question
|No.|,Disagreement
|No.|,Disagreement
|A vacation?|,Statement Non Opinion
|No.|,Disagreement
"|A poodle, a backrub, a spa, a suicide pack?  What, Carla, what the hell do you want?|",The dialogical act shown in the text is **Question**.,Question
|I just want- I just want things to turn out the way they are supposed to.|,Statement Opinion
"|Well, welcome to the human race.  Do you think this is what I had planned?  Do you think that when I proposed that I had this great fantasy going that four years down the road we would end up arguing on the beach over some fish?|",The dialogical act shown in the text is: **Statement Opinion**,Statement Opinion
"|Do you think that I thought there would be times when you would look at me like I was used Kleenex or I would look at you and think, good God, when's the next flight to Alaska?  No.  No, I'm just like you. I thought it would all be like peaches and roses, and sand in our toes, and wind in our hair, and the fish would always come.  And the bills would magically pay themselves.  And we'd have three fat rosy kids.  But, ha ha, baby, the jokes on us!|",Question
"|Because you know what you get, Carla?  You know what you get?  This.|",Question
|This?  What is this?  This isn't even anything.|,Question
"|Yes, it is.|",Agreement
"|Sure, this is standing on the beach.  This is waiting.  This is fighting.|",Statement Non Opinion
|Right.|,Acknowledge
|But this isn't at all what I wanted it to be.|,Disagreement
"|Now, I know.  Me either|",Acknowledge
"|This is just this.  I mean, it's a lot and everything.  But it's not, you know, something else.  Am I making any sense?|",Statement Opinion
|I'm trying the best I can.|,Statement Non Opinion
"|I know that, Augie.  I do.  I know that. And and I know that this meant a lot to you and and it's special, you know, with the sand and the moon but.|",Acknowledge
|But I just couldn't help thinking about being somewhere else.|,Statement Opinion
"|Maybe if you're with somebody else, too?|",Statement Opinion
|I didn't say that.|,Disagreement
"|No, I know.  But I know I don't make you happy.|",Disagreement
"|For heavens sake, Augie, whatever I am doing, I'd rather it be with you.|",Statement Opinion
|Really?|,Backchannel
"|Yes.  Don't you know that? I mean, You're probably the one you wishes you were with somebody else, somebody who didn't take everything so hard and who knew how to enjoy herself.|",The dialogical act shown in the text is **Disagreement**.,Disagreement
"|Actually, now that you mention it, no.  I don't.|",Disagreement
"|Okay.  Well, we're in the wrong spot but we're with the right person.|",The dialogical act shown in the text is: **Statement Opinion**,Statement Opinion
"|I don't know.  I think this is a pretty good spot.  I mean, look at the view of the moon from here.|",Statement Opinion
"|Yes, I did notice that.  It does look really beautiful over the water.  Big old white moon.|",Acknowledge
"|Oh, well look what we've got here.|",Statement Non Opinion
"|Augie, you brought refreshments.|",Statement Non Opinion
"|Well, it isn't champagne.|",Statement Non Opinion
"|Well, then we don't need glasses.|",Agreement
|Are you still cold?  Still want to go home?|,Question
"|No.  I'm beginning to think you might be right. I think  this might be the spot after all.  Augie, I'm sorry.|",The dialogical act shown in the text is: **Agreement**,Agreement
"|Shh.  If we're really quiet, the fish might come.|",Command
|Or not.|,Disagreement
|Or not.|,Disagreement
|Oh Good God.|,Statement Non Opinion
|Do you think it's them?|,Question
|I wonder.|,Statement Opinion
"|what, Nobody knows we are here except Freda and she wouldn't ring up.|",Question
|Must be them then?|,Question
|What do we do?|,Question
"|We're all right, aren't we, darling, whatever happens?|",Question
"|Now and always, my sweet.|",Statement Opinion
|I don't care then.|,Disagreement
|It was bound to happen sooner or later.|,Statement Opinion
|Hello?  Hello?  What?  Wrong number.|,Greeting  
|Hello?  Hello?  What?  Wrong number.|,Question  
|Hello?  Hello?  What?  Wrong number.|,Question  
|Hello?  Hello?  What?  Wrong number.|,Statement Non Opinion
"|Oh, it sent shivers up my spine.|",Statement Opinion
"|Oh, what shall we do if they suddenly walk in on us.|",Question
|Behave exquisitely.|,Command
|With the worst- with the most perfect poise?|,The dialogical act shown in the text is **Statement Non Opinion**.,Statement Non Opinion
|I shall probably do a Court Curtsey.|,Statement Opinion
"|Uhh, It's amazing how once you feel--|",The dialogical act shown in the text is: **Statement Opinion**,Statement Opinion
"|things that ought to matter most dreadfully don't matter at all when one's happy, do they?|",Question
|What's so horrible is that one can't stay happy.|,Statement Opinion
"|Uhh, You mustn't say that, my darling.|",Command
"|Well, it's true.  The whole business is a very poor joke.|",Statement Opinion
"|Being that sacred and wonderful thing, love.|",Statement Opinion
|Meaning just that.|,Answer
"|Um What does it all mean?  That's what I ask myself in my endless quest for ultimate truth.  Dear God, what does it all mean?|",Question
|Don't laugh at me.  I'm serious.|,Command
"|You mustn't be serious, darling.  That's just what they want.|",Command
|Who's they?|,Question
"|All the futile mortals who try to make life unbearable.  Laugh at them, Be flippant.  Laugh at everything, all their sacred shibboleths.|",Command
|uh- the- Being flippant brings out the acid in their damned beauty and light.|,Statement Opinion
"|If I laugh at everything, then I must laugh at us too.|",Statement Opinion
|Certainly you must.  We are figures of fun all right.|,The dialogical act shown in the text is **Statement Opinion**.,Statement Opinion
"|Oh, how long will it last, this ludicrous, overbearing love of ours?|",Statement Opinion
|[garbage] who knows?|,Question
"|Well, will we always bicker and fight?|",Question
|No.  That fire will fade along with our passion.|,Disagreement
"|Oh, dear.  Shall we like that?|","The dialogical act shown in the text ""Oh, dear. Shall we like that?"" is **Question**.",Question
"|Well, it depends on how well we played.|",The dialogical act shown in the text is: **Statement Opinion**,Statement Opinion
"|What if one of us dies, does the other one laugh then?|",Question
"|Yes, yes, with all his might.|",Agreement
"|That's rather serious, isn't it?|",Statement Opinion
"|No, no that is quit laughable.  The cutting little mystery all done with mirrors.|",Disagreement
"|Darling, I do believe you're talking nonsense.|",Disagreement
"|So is everyone else in the long run.  Let's be superficial and pity the poor philosophers.  Let's blow trumpets and squeakers and enjoy the party as long as we can, like little quiet idiotic school children.|",Statement Opinion
"|[garbage] Darling, kiss me before your body rots and worms start popping in and out of your eye sockets.|","The dialogical act shown in the text is **""Command""**.","""Command"""
"|Elliott, worms don't pop.|",Statement Non Opinion
"|I don't care what you do.  See, you could paint your body bright green and and run naked through the Place Vendome and run with every man in the world and I shan't say a word.  As long as I know that you love me best.|",Disagreement
"|Uhh, Thank you, darling.  And the same goes for you, except that if I ever see you so much as look at another woman, I'll kill you.|",The dialogical act shown in the text is: **Statement Opinion**,Statement Opinion
|Do you remember that awful scene we had in Venice?|,Question
|Which particular one?|,Question
|The one where you bought that little painted wooden stake and you put it on my bed.|,Statement Non Opinion
"|Awe, Charles.  That was his name.  He did wriggle so beautifully.|",Statement Non Opinion
|Horrible thing.  I hated it.|,Statement Opinion
|I know you did.  You threw it out the window into the Canal below.  I don't think I'll ever forgive you for that.|,Disagreement
|How long did that roue last?|,Question
|It went on intermittently for days.|,Statement Non Opinion
"|Oh, The worst one was in Cannes when your curling iron burnt a hole in my new dressing gown?|",Statement Opinion
"|Oh, It burnt my comb and all the towels in the bathroom.|",Statement Non Opinion
"|[LAUGHTER] That was quit a rouser, wasn't it?|",Statement Opinion
|That was the first time you hit me.|,Statement Non Opinion
"|Oh, I didn't hit you very hard.|",Apology
"|And then the manager came in and saw us all rolling all over the floor, biting and scratching one another. [LAUGHTER]|",Statement Non Opinion
|I should never forget his face. [LAUGHTER]|,Statement Opinion
"|How ridiculous, utterly ridiculous|","The dialogical act shown in the text ""How ridiculous, utterly ridiculous"" is **Statement Opinion**.",Statement Opinion
|We were very much younger then.|,Statement Non Opinion
|Very much sillier.|,Disagreement
"|Come to think of it, the real cause of that roues was Peter Burden.|",Statement Opinion
|You knew there was nothing in that.|,"The dialogical act shown in the text ""You knew there was nothing in that."" is **Statement Opinion**.",Statement Opinion
|Come to think of it the real cause of that roue was Peter Burden.|,Statement Opinion
|Oh You knew there was nothing in that.|,"The dialogical act shown in the text ""Oh You knew there was nothing in that."" is **Statement Opinion**.",Statement Opinion
|I knew nothing of the sort.  You accepted presents from him.|,Disagreement
|Only a trivial little broach.|,Statement Non Opinion
"|I remember it well, covered in diamonds and the worst possible taste.|",Statement Opinion
|Not at all.  I quite like it.  I wear it often.|,Agreement
|You went out of your way to torture me over Peter Burden.|,The dialogical act shown in the text is **Accusation**. ,Accusation
|You went out of your way to torture me over Peter Burden.|,
|You went out of your way to torture me over Peter Burden.|,"However, since ""Accusation"" is not one of the provided options, the closest choice from the given list would be **Statement Opinion** (as it expresses a negative judgment or belief about someone's actions). ",Statement Opinion
|You went out of your way to torture me over Peter Burden.|,
|You went out of your way to torture me over Peter Burden.|,Final answer: **Statement Opinion**.,Statement Opinion
"|[garbage], No, I didn't.  You worked the whole thing up in your jealous imagination.|",Disagreement
|You must admit that he was in love with you. wasn't he?|,Command
"|Oh, maybe a little.  Nothing serious.|","The dialogical act shown in the text ""Oh, maybe a little. Nothing serious."" is **Statement Opinion**.",Statement Opinion
|He let him kiss you.  You said you did.|,"The dialogical act shown in the text ""He let him kiss you. You said you did."" is **Statement Non Opinion**.",Statement Non Opinion
"|Well, what of it.|",Statement Non Opinion
|what of it?|,Question
|Well it gave him a lot of pleasure and it didn't hurt me.|,Statement Opinion
|What about me?|,Question
"|Well, if you hadn't been so nosey and suspicious you never would have known about it.|",The dialogical act shown in the text is **Disagreement**.,Disagreement
"|Well, that's a nice point of view I must say.|",Opinion
|I'm getting very bored with this conversation.|,Statement Opinion
"|Me, too, bored stiff.|",Agreement
|Do you want some brandy?|,Question
|No thanks.|,Acknowledge
|I think I'll have a little.|,Statement Opinion
|I don't see why you want it; you've already had two glasses.|,Disagreement
"|No particular reason.  Besides, they were little ones.|",Statement Non Opinion
"|Well, it seems silly to go on and on with such a thing.|",Statement Opinion
|You can hardly say- You can hardly call three little liquor glasses of brandy for the entire evening going on and on.|,The dialogical act shown in the text is **Disagreement**.,Disagreement
|It's becoming a habit with you.|,"The dialogical act shown in the text ""It's becoming a habit with you."" is **Statement Opinion**.",Statement Opinion
|You needn't be so grand simply because you don't happen to want me at the moment.|,The dialogical act shown in the text is **Disagreement**.,Disagreement
|Don't be stupid.|,Command
"|Amanda, really.|","The dialogical act shown in the text ""Amanda, really."" is **Disagreement**.",Disagreement
|What?|,Question
"|Nothing.  Are you going out somewhere, darling?|",Question  
"|Nothing.  Are you going out somewhere, darling?|",Acknowledge
|Just making myself fascinating for you.|,Statement Non Opinion
"|Um- Well, that reply has just broken my heart.|","The dialogical act shown in the text is ""Disagreement."""
"|It's a woman's job to allure the man.  Watch me a moment, won't you?|",The dialogical act shown in the text is **Statement Opinion**.,Statement Opinion
"|Oh, as a matter of fact, that's perfectly true.|",Agreement
"|No, it isn't.|",Disagreement
"|Yes, it is.|",Agreement
"|No, it it is not, be quiet.|",Disagreement
|It's a pity you didn't have a little bit more brandy.  It might have made you a little less disagreeable.|,Statement Opinion
"|hum, It doesn't seem to have worked such wonders with you.|",Disagreement
"|oh, Snap, snap, snap.  Like a little Adder.|",The dialogical act shown in the text is: **Backchannel**,Backchannel
"|Adders don't snap, they sting.|",Statement Non Opinion
"|Nonsense, they've got a little bag of venom behind their fangs and they snap!|",Disagreement
|They sting.|,Statement Non Opinion
|They snap.|,Statement Non Opinion
"|Okay, I don't care if they roll about like hoops and bark, okay?|",Statement Opinion
"|So, did you see much of Peter Burden after the divorce?|",Question
"|Yes, I did quite a lot.|",Answer
"|You must have let him kiss you quite a good deal more then, huh?|",Question
|[LAUGHTER] Mind your own business.|,Command
"|I'm sure you had a riotous time, no restrain at all, very enjoyable.  You never had much anyway.|",Statement Opinion
|You're quite insufferable.  I do imagine it's because you're drunk.|,Disagreement
|I am not the slightest bit drunk.|,Disagreement
|You always had a weak head.|,"The dialogical act shown in the text ""You always had a weak head."" is **Statement Opinion**.",Statement Opinion
|I do believe that I have said already that I had three minuet liquor glasses of brandy in the entire evening.  A child of two couldn't get drunk of that.|,Statement Opinion
"|Oh, no on the contrary, a child of two could get violently drunk on only one glass.|",Disagreement
"|Oh, really?  How about a child of three, or child of six, what about a child of nine?|",Question
|Not- Would you shut up.|,Command
"|You know, we could get a really good debate going on about this.  You know intemperate tots.|",Statement Opinion
"|You're not very funny, dear.  You better have some more brandy.|",Disagreement
|You know what?  That's a very good idea.  I think I will.|,Agreement
"|You better turn that off, I think.|",Command
|Why?|,Question
|Because it's very late and you'll disturb the people upstairs.|,The dialogical act shown in the text is **Statement Non Opinion**.,Statement Non Opinion
|There aren't any people upstairs.  It's a photography studio.|,Statement Non Opinion
"|Well, there are people downstairs, I suppose.|",Statement Opinion
|They're away in Tunis.|,Statement Non Opinion
|This is no time of the year for Tunis.|,Statement Opinion
"|Turn it on again, please.|",Command
|I do I shall do no such thing.|,Disagreement
|Very well.  If you have to be boorish and idiotic.|,"The dialogical act shown in the text ""Very well. If you have to be boorish and idiotic."" is **Disagreement**.",Disagreement
|Turn it off.  It's driving me mad.|,Command
|You are far too temperamental.  Try to control yourself.|,Command
|Turn it off!|,Command
|Go away!  Go away!  I- I hate you.|,Command
|Very amusing indeed.|,"The dialogical act shown in the text ""Very amusing indeed."" is **Acknowledge**.",Acknowledge
"|You know what, I'm sick and tire of listening to you.  You're a-- You're a total sadistic bully.|",Disagreement
|Ja! Very funny.|,"The dialogical act shown in the text ""Ja! Very funny."" is **Disagreement**.",Disagreement
"|Stop.  Would you just go away?  I mean, you're conceited, and overbearing, and utterly impossible.|",The dialogical act shown in the text is **Disagreement**.,Disagreement
"|You are a vile tempered, wicked living, evil little beast.  And I hope I never set eyes on you ever again.|",Disagreement
|This is the end! Do you understand me? This is the end.|,Command
"|Oh, you're not going like this.|",Disagreement
"|Yes, I am. Let go with me|",Agreement
"|[GARBAGE] No, you're not.|",Disagreement
"|You are a cruel fiend and I-I loath you.  I thank God I realized who you are before I decided to marry you again.  Oh my God, never!|",Disagreement
|oh! Marry you again? I wouldn't marry you again if you came crawling to me on bended knee.|,Disagreement
|Beast|,Command
|You're a wicked little vampire.  And I pray to God I never set eyes on you again as long as I live.|,Statement Opinion
|Brute|,Statement Non Opinion
|pig|,Others
