Conversation,Original_Label,DeepSeek
Excuse me.,Command,Apology
Do you have your forms?,Question,Question
Yeah.,Answer,Acknowledge
Let me see them.,Statement Non Opinion ,Command
Is there a problem?,Question,Question
Who told you to get in this line?,Question,Question
You did.,Answer,Acknowledge
You were standing at the beginning and you directed me.,Statement Non Opinion ,Command
Okay. But I didn't tell you to get in this line if you are filling out this particular form.,Statement Non Opinion ,Disagreement
Well what's the problem?  Let me change it.,Question,Question
This form is a Z.X.four.,Statement Non Opinion ,Statement Non Opinion
"You can't--  This is not the line for Z.X.four.  If you're going to fill out the Z.X.four, you need to have a different form of ID.",Answer,Disagreement
What?  I'm getting an ID.  This is why I'm here.  My wallet was stolen.,Statement Non Opinion ,Answer
No. I need another set of ID to prove this is actually you.,Statement Non Opinion ,Disagreement
How am I supposed to get an ID without an ID?  How does a person get an ID in the first place?,Question,Question
I don't know.  But I need an ID to pass this form along.  I can't just send it along without an ID.,Answer,Statement Non Opinion
I'm here to get an ID.,Statement Non Opinion ,Statement Non Opinion
"No.  I need another ID, a separate one.",Statement Non Opinion ,Disagreement
Like what?  Like a birth certificate?,Question,Question
"A birth certificate, a passport...a student ID; didn't you go to school?  Anything?",Statement Non Opinion ,Question
Who the hell has a birth certificate?,Question,Question
"Yes but my wallet was stolen, I don't have anything.  I don't have any credit cards, I don't have my ID.  Don't you have things on file here?",Question,Statement Non Opinion
"Yeah.  We keep it on file, but we need an ID to access that file.",Answer,Answer
That's out of control.,Statement Opinion,Statement Opinion
I don't understand why this is so complicated for people when they get here.  It's just a simple form.  I just need an ID.,Statement Opinion,Statement Opinion
How long have you been working here?,Question,Question
Actually too long.,Answer,Statement Non Opinion
"Clearly.  You know, do you have like a supervisor or something?",Question,Question
Yeah.  Do you want to see my supervisor?  Huh? Yeah.  Do you want to see my supervisor?  Fine.  I'll be right back.,Statement Non Opinion ,Statement Non Opinion
That would - I would appreciate that.  Yeah.,Acknowledge ,Acknowledge
Did you get the mail? So you saw my letter?,Question,Question
It's not fair.,Statement Opinion,Disagreement
Yeah.  I know.,Agreement,Acknowledge
"I don't understand.  You've already done so much, I don't know why do you have to go back.",Statement Opinion,Disagreement
I don't know.  I put in that. request too. They didn't...,Statement Non Opinion ,Statement Non Opinion
"I guess, you know, everybody has to make sacrifices.",Statement Opinion,Statement Opinion
"I don't know, it's just not fair.  I think you've already made your sacrifice.",Statement Opinion,Disagreement
"There's people that have given more though, you know?",Statement Non Opinion ,Statement Opinion
I just don't see how they can make you leave when you have a new baby - we have a new kid.,Statement Opinion,Statement Opinion
I know.,Agreement,Acknowledge
Then why is that fair?  Why--,Question,Question
"There's babies over there, though, that need mothers.",Answer,Statement Non Opinion
I don't know how you can be okay with this?  I don't know why you're not-- you're fine with it.,Question,Disagreement
"I'm not okay with it, but I don't-- it's not like I have a choice.  I don't see what crying about it is going to fix.",Answer,Disagreement
I'm just trying to think of another way.  I'm just trying to...,Statement Non Opinion ,Statement Opinion
"Just, you know, kicking myself.",Statement Non Opinion ,Apology
like you sign up because you need money and,Statement Non Opinion ,Statement Opinion
things just aren't what they seem.,Statement Non Opinion ,Statement Opinion
This is a stupid war.,Statement Opinion,Statement Opinion
"We're doing the right thing, though.",Statement Opinion,Statement Opinion
I know.,Agreement,Acknowledge
I just don't see why it has to be you.,Statement Opinion,Disagreement
"If not me then, who?",Question,Question
What am I going to do? Huh?,Question,Question
"You'll videotape everything, yeah?",Answer,Question
Yeah.,Agreement,Acknowledge
"Maybe you can send it to me, like stream it, yeah?",Statement Opinion,Command
Don't you guys have access to computers over there.,Question,Question
Last month--  Yeah.,Answer,Backchannel
I just don't know how I'm going to do it without you.,Statement Opinion,Statement Opinion
I have to find sitters.,Statement Non Opinion ,Statement Non Opinion
I can't raise a baby by myself.  How?,Question,Question
"We've got friends, that's why we moved here, huh?  Because there is a day care down the street.",Answer,Statement Opinion
I know.,Agreement,Acknowledge
And your mother is close by.,Statement Non Opinion ,Statement Non Opinion
I'll send you lots of letters.,Statement Non Opinion ,Command
And I want lots and lots and lots of pictures.,Command,Command
It's just not fair.,Statement Opinion,Statement Opinion
So what's up?  What's new?,Question,Question
Well Vegas was awesome.,Answer,Statement Opinion
Yeah.  I heard.,Agreement,Acknowledge
"And, um, I got married.",Statement Non Opinion ,Statement Non Opinion
Shut up.  No- in Vegas?,Question,Command
Yeah.  In the old town part.,Answer,Acknowledge
Who did you marry?,Question,Question
Chuck. [LAUGHTER],Others,Backchannel
Did you propose to you?,Question,Question
Um- Yes.  It was very romantic.,Answer,Answer
It was at the slot machines.,Statement Non Opinion ,Statement Non Opinion
Oh.  The Wheel of Fortune slots?,Question,Acknowledge
"Uhuh, uhuh.  He won big and he-and he realized that the only thing that would make it better was me as his bride.",Statement Non Opinion ,Backchannel
He turned to you and was like...,Statement Non Opinion ,Statement Non Opinion
Hey.  Let's get married and I said okay.,Statement Non Opinion ,Greeting
[LAUGHTER] That's really romantic.,Statement Opinion,Statement Opinion
"Yeah.  Well.  You know, because he's leaving the next day.",Agreement,Statement Opinion
Yeah.,Agreement,Acknowledge
But we're going to have a honeymoon cruise.,Statement Non Opinion ,Statement Non Opinion
"Does that mean that you're going to get citizenship, too, in- in England or whatever?",Question,Question
Oh.  I hadn't even thought about that.,Answer,Acknowledge
Yeah.  Think about that.,Command,Command
"He's not going to be a citizen, though.",Statement Non Opinion ,Disagreement
Yeah.  But he'll have like a long visa.  Can you go visit then for a long time?,Question,Question
Oh.  Totally.,Agreement,Agreement
"Oh, how are you going to do the long distance thing?  So wait, are you going to move there?",Question,Question
I guess I'll-  I guess I'll have an internet husband.[LAUGHTER],Answer,Statement Opinion
Like you need another one of those.[LAUGHTER],Statement Opinion,Statement Opinion
I have an internet boyfriend.  I guess I'll have to juggle the two.  Is that cheating?  I don't know. Hmm.,Statement Opinion,Question
Is that your phone?,Question,Question
"Yeah, so [LAUGHTER] He's calling me now",Answer,Acknowledge
He loves you.,Statement Non Opinion ,Statement Non Opinion
"He likes to keep tabs, you know.",Statement Non Opinion ,Statement Opinion
How much did he win at the slot?,Question,Question
"Uh, I think seven hundred and fifty dollars.",Answer,Statement Opinion
Really? Penny slots?,Question,Disagreement
Penny slots. That's what he plays.,Answer,Statement Non Opinion
Wow.,Acknowledge ,Acknowledge
Yeah.,Agreement,Acknowledge
I'm a big fan of the Wheel of Fortune quarters. But it just costs so much.  I don't know.,Statement Non Opinion ,Statement Opinion
Oh.,Backchannel,Acknowledge
Yeah.  We played Wheel of Fortune pennies.  It's like a giant thing with like-,Statement Non Opinion ,Statement Non Opinion
"But the pennies always get you because you end up spending like, you know, fifty bucks.",Statement Opinion,Statement Opinion
Fifty bucks. Mmhmm.,Backchannel,Acknowledge
"like, wait, but it's just pennies.  You're like, wait a minute I'm on to you.",Statement Opinion,Disagreement
Yeah.,Agreement,Acknowledge
Well so now we're married. We have cat children.,Statement Non Opinion ,Statement Non Opinion
Awesome.,Acknowledge ,Acknowledge
[LAUGHTER] Cat babies.,Statement Non Opinion ,Backchannel
"We renamed Brenda, Lumber Janet.",Statement Non Opinion ,Statement Non Opinion
That's fair enough.,Statement Opinion,Agreement
She needs a new name each state that we go into. [LAUGHTER],Statement Non Opinion ,Statement Non Opinion
"Have you tried, uh, Craig's List?",Question,Question
"Uh, what?  Craig's List?  Oh the internet thing?",Question,Question
Yeah.,Agreement,Acknowledge
I don't know.  Isn't that-- that's all like escort services and things like that.,Statement Opinion,Disagreement
No.  There's regular jobs on there.,Disagreement,Disagreement
"I don't know.  I mean I've been looking for so long that I just figured that--  I mean, I think things like Monster are a lot more reliable than just some random free board.",Statement Opinion,Statement Opinion
Uh huh.,Backchannel,Backchannel
I'm just saying I have a friend that got a good job on it so I was just recommending it.,Statement Non Opinion ,Statement Opinion
What kind of a job?,Question,Question
He's like a manager for a theatre.,Answer,Statement Non Opinion
Really?,Question,Question
He's like a house manager. Yeah.  It's a good job.,Answer,Statement Opinion
He just...,Backchannel,Statement Non Opinion
you know what?  I heard about that job.  I applied for that.,Statement Non Opinion ,Question
You did?,Question,Statement Non Opinion
Yeah.  I saw a posting at the theatre.,Answer,Acknowledge
Yeah.,Backchannel,Acknowledge
He got it?,Question,Question
You've been looking for a job for a long time; that was a long time ago.  Right?,Question,Question
Yeah.,Answer,Acknowledge
Hmm.,Backchannel,Backchannel
What did he do?  What was so great?  I don't understand why they would pick him over me.,Question,Question
I don't know.  He had a really good resume I guess and--,Answer,Statement Opinion
A resume?,Question,Question
Yeah.  Do you have a resume?,Question,Question
No.,Answer,Disagreement
It's kind of helpful when getting a job.,Statement Opinion,Statement Opinion
I just- I mean I call people up and I tell them what I'm good at.,Statement Non Opinion ,Statement Opinion
Well maybe we should sit down some time and you can just tell me all the stuff that you have done and I'll write it out.,Statement Opinion,Command
Yeah.,Agreement,Acknowledge
I don't like- I don't like sending things in the mail.  I don't want my information out there.,Statement Opinion,Statement Opinion
"No.  You can- or you can just bring it in person.  But they need, generally, something to see, you know, what kind of what that you've done, what kind of--",Statement Non Opinion ,Disagreement
I'm there in front of them.  I'm telling them what I'm good at.,Statement Non Opinion ,Statement Non Opinion
"Yeah.  But the piece of paper helps, too.",Statement Opinion,Disagreement
Why?  It's a piece of paper.,Question,Question
"No.  But it has an outline, you know.",Answer,Disagreement
"I just don't want this paper trail, you know.  I just don't want things following me around, like-.",Statement Non Opinion ,Statement Opinion
"I know.  Okay.  Well, um. Maybe--",Agreement,Acknowledge
"It's just-- You know, I've had this problem before.  You're not the first person to tell me that I need a resume but...",Statement Non Opinion ,Statement Opinion
Yeah.,Backchannel,Acknowledge
"Okay, yeah.  I would imagine.",Agreement,Acknowledge
..I just-..I just think it's kind of prejudiced and they are really discriminating against people who just aren't that way.,Statement Opinion,Statement Opinion
"Well, sometimes you have to do things that you don't necessarily like to do to have a job. But the job affords you money, you won't have to be taking the bus right now.",Statement Opinion,Statement Opinion
"That's baloney, that's baloney.",Statement Opinion,Disagreement
Please.,Disagreement,Command
maybe get a car.,Statement Opinion,Command
"I just, you know, think you should try a little harder maybe.",Statement Opinion,Statement Opinion
you think that you're better than me because I don't have a car?,Question,Disagreement
I didn't say that.,Disagreement,Disagreement
"You know, you're riding the bus, too.",Statement Non Opinion ,Statement Opinion
"I am riding the bus, but by choice.",Statement Opinion,Statement Opinion
Why?  What choice?,Question,Question
"To save the environment, carpool.",Answer,Command
You're saving the environment. mmhmm,Statement Non Opinion ,Acknowledge
Yes.  One less car at a time.,Agreement,Agreement
Interesting.  That's fantastic.,Acknowledge ,Backchannel
Mmhmm.,Backchannel,Backchannel
"You know, you don't have to take out your frustration on me, you know, just because...",Statement Non Opinion ,Statement Opinion
I'm not frustrated.,Disagreement,Disagreement
...you can't get a job and refuse to have a resume.,Statement Non Opinion ,Disagreement
Who do you think you are?,Question,Question
I don't think I'm anyone.,Answer,Statement Opinion
You are so high and mighty.  I just--,Statement Opinion,Disagreement
I- I-I didn't-- okay.,Backchannel,Apology
Oh.  I'm saving the environment. I'm riding this car because I- I want to.,Statement Opinion,Statement Opinion
What?  No.,Disagreement,Disagreement
What? Oh.  So now you're...,Statement Non Opinion ,Acknowledge
"The bus, I'm riding the bus because I want to.",Statement Opinion,Statement Opinion
you know what?  You don't have to take your anger and your hurt out on me.,Command,Disagreement
I can not-- you are not here by choice.  Nobody would ride this bus by choice.,Statement Opinion,Disagreement
Why not?,Question,Question
Hi.,Greeting,Greeting
Hi.  Thanks for waiting.,Greeting,Greeting
Yeah. This is the fourth line that I have been in.,Statement Non Opinion ,Acknowledge
Can I help you?,Question,Question
Uh huh.,Backchannel,Backchannel
I need my bag.,Statement Non Opinion ,Command
Okay.,Backchannel,Acknowledge
"I flew in over three hours ago, I've been in four different lines.",Statement Non Opinion ,Statement Non Opinion
Okay.,Backchannel,Acknowledge
I waited the entire baggage- I waited for the whole baggage carousel four times.  They told me to go to the next one.  I waited through that for three planes and now I'm here.,Statement Non Opinion ,Statement Non Opinion
Okay.  Great.  I'm really sorry that you had to do that.  What's your last name?  Let's start there.,Question,Question
Nash.,Answer,Statement Non Opinion
Okay.,Backchannel,Acknowledge
No G.,Statement Non Opinion ,Disagreement
all right- okay.  And you lost your bag? Is that- that the issue?,Question,Question
Yes.,Agreement,Agreement
Flight seven fourteen.,Statement Non Opinion ,Command
Uh-huh.,Backchannel,Backchannel
"Am I going to be getting, like, free tickets, free mileage. When can I expect my bag here?",Question,Question
"Yeah. Yeah, I don't see- I don't see any--",Answer,Acknowledge
"I don't see any record of it, and I-usually when I don't see a record of it, that means um-",Statement Non Opinion ,Statement Non Opinion
"we've mistakenly lost your baggage.  We're very sorry.  On behalf of Jet Blue I would like to apologize for any inconvenience.  I am allowed to issue you a fifty dollar gift card which you can use any future flights you want to take with us.  I'm very sorry, once again...",Apology,Apology
"Oh, Are you kidding me?",Question,Disagreement
"for such an inconvenience and your bag, but",Apology,Apology
Is this a joke?,Question,Question
Yeah.,Backchannel,Acknowledge
"No, no.",Disagreement,Disagreement
"Are there candid cameras?  Is this that movie? There's that show, right?  Airplane, airline.",Question,Question
"No, no.  This is real.",Answer,Disagreement
So you'll give me money and then I'll get my bag?,Question,Question
"No.  I'm just giving you money, the bag is gone.  If it's not here, I'm really sorry there is nothing I can do because...",Answer,Disagreement
this is the only track record that we have and if it's not listed here then it's probably not anywhere.,Statement Non Opinion ,Statement Opinion
"You're kidding me, this is a joke.",Statement Opinion,Disagreement
"Once again, I'm really- I'm really sorry.",Apology,Apology
Do you have any idea-- fifty dollars?  That's supposed to replace everything that I have?  Do you understand how much I have packed in there? Not only does it have sentimental value; it can't be replaced like that.  It was incredibly expensive.,Question,Disagreement
Yes.,Backchannel,Agreement
I know.,Agreement,Acknowledge
We flew in from Paris.  I've been shopping for three weeks.,Statement Non Opinion ,Statement Non Opinion
"I'm very sorry.  But if you see the sign that's right behind me here, it spells it out really clearly that we are not held liable--",Statement Non Opinion ,Apology
I don't care what you're freaking sign says.  Somebody- Somebody needs to replace everything I've got there and give me money for my inconvenience.,Command,Disagreement
Okay. Calm-,Command,Acknowledge
"Actually, we are not necessarily liable to give you- to even give you this fifty dollars so... it's actually- it's actually really",Statement Non Opinion ,Disagreement
Do you understand who my husband is?,Question,Question
"If you're- if you're- if you're looking for a lawsuit, baby, you've found it.",Statement Opinion,Statement Opinion
"We are actually not even allowed--  you know, like we don't have to give you this fifty dollars.  We don't have to do that.",Statement Non Opinion ,Statement Opinion
Oh-Oh.  It's a gift.  You're-You're helping me out here?,Question,Acknowledge
It's a gift.,Answer,Statement Non Opinion
"You know, the airlines can not be held responsible for every bag of luggage that comes through here.",Statement Non Opinion ,Statement Opinion
You are cruising for a bruising.  You are in so much trouble.,Statement Opinion,Command
With the amount of--,Statement Non Opinion ,Statement Non Opinion
Who's in charge?  Who is the president of Jet Blue?,Question,Question
"Um, actually, I don't know. I don't know. Oh really?",Answer,Disagreement
Because I probably know him.,Statement Non Opinion ,Statement Opinion
Yeah.,Agreement,Acknowledge
Well then maybe you can just call him and he can give you more money.  But right now all I can do--,Statement Opinion,Command
"I don't want money, I want my clothes.",Statement Non Opinion ,Disagreement
"Right now all I can do is just give you this fifty dollars, I'm really sorry.",Statement Non Opinion ,Apology
What's your name?,Question,Question
Oh.  My name is Sean. Hi.,Answer,Greeting
Sean.  Great. Do you have a badge number or something?,Question,Question
"Badge number?  Uh, no.  You can just take my employee number I guess.",Answer,Answer
Okay.  I'll do that.,Agreement,Command
Why?  Have I done something wrong?  Have I given you bad service?  I feel like I have done the best I could.,Question,Question
I don't think you have done everything you could do because I don't have my bag here yet.,Answer,Disagreement
"If you want, you can write a letter.  I can give you the address. Yes.  An angry--",Statement Non Opinion ,Command
A letter? I'll make a personal phone call.,Statement Non Opinion ,Command
"Or you can make a phone call.  But I think a letter might be a little more-- in my impression, letters have more...",Statement Opinion,Statement Opinion
"I'm sorry, Joy.",Apology,Apology
It's okay.,Acknowledge ,Acknowledge
Is there anything I can get you?  Do you want me to take care of anything for you or...?,Question,Question
"No, no, no.",Answer,Disagreement
...pick up anything?,Question,Command
No.,Answer,Disagreement
You know you are welcome to stay at my house if you want to just check out for a couple days and hang out.,Statement Opinion,Others
That's sweet.,Acknowledge ,Statement Opinion
Thank you.,Greeting,Acknowledge
I went to see her headstone a week or two ago.,Statement Non Opinion ,Statement Non Opinion
"I used to go to cemeteries a lot before she died.  I just, you know, I felt like they were urban oasis, you know, there is always this green in the city.",Statement Non Opinion ,Statement Opinion
Hmm.,Backchannel,Backchannel
So I was like wandering around before.  It takes forever to find her headstone; I always lose it. You know.,Statement Non Opinion ,Statement Opinion
So I was looking at this other one and there was like a piece of candy there and I thought that I would take the candy and put it on her headstone.  And-,Statement Non Opinion ,Statement Non Opinion
"this woman came up and, you know, it was hers. It was her person that was there.",Statement Non Opinion ,Statement Non Opinion
Oh.  She was there?,Question,Acknowledge
"Yeah.  And she was like, that's pathetic, I hope you enjoy it.",Statement Non Opinion ,Statement Opinion
"And I, you know, I mean, I said I was sorry and I brought it back to her kind of and I like put it on the ground and she was like, no, it's fine.  She was like, I would rather have her back, honestly.",Statement Non Opinion ,Acknowledge
Mmhmm.,Backchannel,Backchannel
"I don't know.  It just, like, I felt so bad because I shouldn't have done it.  I don't know.  Whatever.",Statement Opinion,Apology
Yeah.,Backchannel,Acknowledge
I don't know.,Statement Non Opinion ,Answer
How long were you there for?,Question,Question
At the cemetery?,Question,Question
Mmhmm.,Backchannel,Backchannel
couple hours.,Answer,Statement Non Opinion
"I brought- I brought Chuck with me. He went to Redlands, yeah, for the day.  We ran through the sprinklers.",Statement Non Opinion ,Statement Non Opinion
Oh really?,Question,Backchannel
You ran through the sprinklers in the cemetery?,Question,Question
It was hot.[LIPSMACK],Answer,Statement Non Opinion
Is it a big cemetery?,Question,Question
Yeah.  It's huge.  Redlands is an old city so they have lots and lots of stones.,Answer,Statement Opinion
"Oh, so they're like really old too, really old ones?",Question,Question
Yeah.,Agreement,Acknowledge
"It's weird.  Whenever I go back to town, I think of her.  I mean, it's like ... I mean we grew up together and she died when we were twenty one.  And yeah.  She had cancer, she had two brain tumors.",Statement Non Opinion ,Statement Opinion
"My best friend Heather.  She's got a- we have a- we built this like little--  There's a park, Prospect Park.  And there is like a garden section of it that we set up for her.",Statement Non Opinion ,Statement Non Opinion
She used to have these poetry parties on Memorial Day.,Statement Non Opinion ,Statement Non Opinion
Mmhmm.,Backchannel,Backchannel
Umm. Yeah.,Backchannel,Backchannel
"And the last time before she died, I remember she couldn't really stand, umm...",Statement Non Opinion ,Statement Non Opinion
"But I mean she could, but it was- so it was kind of sitting at her feet holding her up and she had these poems she had memorized.  And I remember looking up, she had curly red hair and there was this palm tree right behind her and it was like a crown growing right out of her head.  It was cool.",Statement Non Opinion ,Statement Opinion
Mmhmm.,Backchannel,Backchannel
"Some, I guess.  She memorized this one, John Dunn, it's called, Death Be Not Proud. and-",Answer,Statement Opinion
So she wrote a lot of poetry?,Question,Question
"There's another one, I can't remember.",Answer,Statement Non Opinion
"I remember, too, when we were--  she died at U.C.L.A.  She had brain surgery and there was not much hope to begin with, but I gave blood for her surgery, her mom and I before, so we dropped her off in the waiting room and then we were giving blood and came back.  And she, in her wheelchair, like can hardly do anything, reciting her poetry for these people like in the waiting room.  All she needs is a God damn audience.  You know?",Statement Non Opinion ,Statement Opinion
Mmhmm.Mmhmm.Mmhmm.,Backchannel,Backchannel
Did you get the letter?,Question,Question
"Yes.  There's a big envelope it says, you're in. I know.",Answer,Acknowledge
Yeah. That is so awesome.,Acknowledge ,Agreement
Oh my God. What are you going to do? [LAUGHTER],Question,Question
So I have to move back to the ghetto but...I know.,Statement Non Opinion ,Statement Opinion
"Oh-Yeah, I bet you're really excited. Oh.  That's what loans are for?  Right? Exactly.",Statement Opinion,Backchannel
"I'm really excited.  Yeah. I don't know how I'm going to pay for anything, but... I also- Yeah.  Loans, too, yeah. I applied, though, for a bunch of grants and scholarships so I'm still waiting to hear on that.",Statement Non Opinion ,Statement Opinion
"Oh.  Good, good.  That's awesome. Are you going to stay around here?  Or are you going to like get a different neighborhood- you going to move to a different neighborhood?",Question,Question
"Oh- I know, I know, I know, I know.",Agreement,Acknowledge
"I don't know.  I spend so much time commuting as it is, I'd rather.",Answer,Statement Opinion
This is so- I am so happy that you're going to stay.  You're not going to...We should totally throw a party.,Statement Opinion,Statement Opinion
I know. We should throw a party.,Agreement,Agreement
"At Arapaho we could afford that. [GARBAGE]. Yeah.  So what are you doing this summer, though?  You're staying around, too, yeah?",Question,Question
A rapper party ho. Yeah. Okay.,Agreement,Backchannel
"I am just- Yeah.  I'm sticking around, I'm just doing my thing.  I'm living here.  I'm so glad you're going to stay, I'm so glad you're going to be here. Yeah. Woo.",Answer,Statement Opinion
It's a relief too. I mean I was thinking I was going to have to pack up all of my stuff but yeah. Hooray for U.S.C.,Statement Opinion,Statement Opinion
Yeah.  Big time.,Agreement,Agreement
Mmhmm. Mmhmm. Yay. So what major?  What are you doing?,Question,Question
"Umm. It's...It's uhh...It's Critical Studies. It's a really prestigious program, so they say.",Answer,Statement Opinion
"Oh, okay.",Backchannel,Acknowledge
Ooh. Fancy.,Statement Opinion,Backchannel
Yeah.  I'm not sure.,Statement Opinion,Disagreement
Is this a Masters or a P.h.D.?  Or can you...? Nice,Question,Question
Umm...P.h.D. [LAUGHTER],Answer,Backchannel
"That's good.  Don't you have to like teach a class, too, when you do that?",Question,Question
"Um, yeah, yeah.  I'm a TA for two sessions. Mmhmm.",Answer,Backchannel
"Teacher. Mrs. Nash, I have a question.",Statement Non Opinion ,Question
So I get to mold young minds. Mrs.?  That's my mother.,Statement Opinion,Question
You have to get married.  Well you are married to Chuck.  You're Mrs. Nash.  Not to be confused with Mrs. Dash which is the popular seasoning.,Statement Non Opinion ,Command
"I would be like- Oh. Right, right, right.",Statement Non Opinion ,Backchannel
"Mrs. Nash.  That's so awesome, though.",Statement Opinion,Statement Opinion
"Yeah. Yeah I'm excited. Hooray.  And then I'll be a millionaire once I graduate, you understand? Because that's the way it works.",Statement Opinion,Statement Opinion
Yay...School's fun.,Agreement,Statement Opinion
"Of course, right.  That's where the real money is, being a student.",Statement Opinion,Agreement
Yeah.  Totally. [LAUGHTER],Agreement,Agreement
That's how you get the big bucks.  Are you messing with the chair? Don't ruin it.,Command,Command
"I know. I made such a mess of it, the entire time.  The last three things I've done, I've ruined everything, I think. Mm-hmm.  Yeah.",Agreement,Apology
What's he going to say?,Question,Question
Maybe we should tell him before he sees it.,Statement Opinion,Statement Opinion
He saw it.,Statement Non Opinion ,Statement Non Opinion
How could he see it?  I was the first one up; he was still in bed.,Question,Question
He was out here when it broke.,Answer,Statement Non Opinion
When?,Question,Question
Four o clock this morning.  I heard a crack and I woke up and looked out.  He was standing right over there when it cracked.,Answer,Statement Non Opinion
What was he doing out here at four o clock in the morning?,Question,Question
I don't know.,Answer,Acknowledge
"He's dreaming of him again, walking around.",Statement Non Opinion ,Statement Non Opinion
I guess he is.,Agreement,Statement Opinion
It's getting to be just like after he died.  What's the meaning of that?,Question,Question
"I don't know the meaning of it.  But I know one thing, Mom, you've made a terrible mistake with father.",Answer,Disagreement
What?,Question,Question
"Being dishonest with him, you know.  This kind of thing always pays off and it's paying off.",Answer,Statement Opinion
What do you mean dishonest?,Question,Question
You know Larry is not coming back and I know it.  Why do we allow him to go on thinking that we believe with him?,Answer,Question
What do you want to do?  Argue with him?,Question,Question
I don't want to argue but it's time he realized that nobody believes Larry is alive.,Answer,Disagreement
"You know?  Why shouldn't he walk the nights thinking of him, dreaming of him?   Do we contradict him?  Do we say, we don't have any hope anymore?  That we haven't had any hope for years now?",Statement Opinion,Question
You can't say that to him.,Command,Disagreement
We've got to say it to him.,Disagreement,Command
Where's the proof?  Do you have any proof?,Question,Question
"For God's sake, three years?  Nobody comes back after three years; that's insane.",Answer,Disagreement
"To you it is, to me it is, but to your father, you can talk yourself until you are blue in the face.  But there is no grave and there is no body, so where are you?",Statement Opinion,Disagreement
"Sit down, Mom.  I want to talk to you.",Command,Command
"It's that the trouble is those God damn newspapers.  Every month some new boy comes back and so the next one is going to be Larry, they just--",Statement Non Opinion ,Statement Opinion
"All right, all right, all right.  You know why I asked Annie here, right?",Question,Question
Why?,Question,Question
You know.,Answer,Backchannel
"Well I got an idea, but what's your story?",Question,Question
I'm going to ask her to marry me.,Answer,Statement Non Opinion
"Well that's only your business, Chris.",Statement Opinion,Disagreement
You know it's not just my business.,Disagreement,Statement Opinion
Well what do you want me to do?  You're old enough to know your own mind.,Statement Opinion,Command
"So all right then, I'll just go ahead with it?",Statement Non Opinion ,Agreement
Well you want to make sure that your father is not going to --,Statement Non Opinion ,Command
Then it's not just my business.,Statement Opinion,Statement Opinion
I'm just saying.,Statement Non Opinion ,Statement Opinion
"You know sometimes you infuriate me.  you know that?  Isn't it your business if I tell father and he throws a fit about it?  God, you have such a talent for ignoring things.",Statement Opinion,Disagreement
Oh.  I ignore what I got to ignore.  That girl is Larry's girl.,Statement Non Opinion ,Statement Opinion
She's not Larry's girl.,Disagreement,Statement Opinion
"From your father's point of view, he is not dead and- Chris he still thinks he's still alive.  The girl is Larry's girl.",Statement Non Opinion ,Statement Opinion
"Now you can go on from there if you know where to go, but I'm telling you, I don't know where to go.",Statement Non Opinion ,Statement Opinion
"I don't know why it is, but every time I reach out for something I have to pull back because I am afraid other people will suffer. My whole bloody life, time after time.",Statement Opinion,Statement Opinion
"You're a considerate fellow, there's nothing wrong in that.",Statement Opinion,Statement Opinion
To hell with that.,Statement Opinion,Disagreement
I just don't see why.  Have you asked Annie yet?,Question,Question
I wanted to get this settled first.,Answer,Statement Non Opinion
Well how do you know she's going to marry you?  Maybe she feels the same way your father does.,Question,Question
"Well if she does, then that's it.  That's the end of it.  From her letters, though, I think she's pretty much forgotten him.",Answer,Statement Opinion
And then we'll thrash it out with father.  Okay Mom?  Don't avoid me.,Command,Command
The trouble is you don't see enough women.  You never did.,Statement Opinion,Statement Opinion
So what.  I'm not fast with women.,Statement Opinion,Disagreement
Why does it have to be Annie?,Question,Question
Because it is.,Answer,Answer
Oh that's a great reason.  It's no reason at all.,Disagreement,Disagreement
I don't know.,Statement Non Opinion ,Answer
"You haven't seen her since you went away to war, it's been five years.",Statement Non Opinion ,Statement Non Opinion
"I can't help it, I know her best.  I was brought up next door to her, you know?  These years when I think of someone for my wife, I think of Annie.",Statement Non Opinion ,Statement Opinion
"Mom, what do you want?  A diagram?",Question,Question
I don't want a diagram.,Answer,Disagreement
He thinks he's coming back Chris.,Statement Non Opinion ,Statement Opinion
"You marry that girl, you are pronouncing him dead...",Statement Non Opinion ,Command
...and then what's that going to do to your father?  Do you know?  I don't.,Statement Non Opinion ,Question
"All right, then, Mom. [BREATHING]",Agreement,Acknowledge
Just give it some more thought.,Command,Command
"I've given it three years of thought.  And I'd hope that if I waited, father would forget about Larry and then we could just have a regular wedding and everyone would be happy.",Statement Opinion,Statement Opinion
"But if I can't do that here, I may have to go somewhere else.",Statement Non Opinion ,Statement Opinion
What the hell is this?,Question,Question
"I'll get out.  I'll get married and I'll move somewhere else, maybe New York.",Statement Non Opinion ,Command
Are you crazy?,Question,Question
"I've been a good son for too long, a good sucker.",Statement Opinion,Statement Opinion
You have a business here.  What the hell is this?,Question,Question
The business?  The business doesn't inspire me.,Answer,Statement Opinion
Oh.  Must you be inspired?,Question,Question
"Yes.  I like it for an hour a day.  I don't care if I have to grub for money all day long, when I come home I want it happy.",Answer,Statement Opinion
"I want some kids, I want a family, I want somebody that I can give myself to and Annie is in the center of that.  Now it's just where to find it.",Statement Opinion,Statement Opinion
You mean to tell me that you would leave the business over this?,Question,Question
"On this, I would.",Answer,Agreement
Well you don't want to think like that.,Command,Disagreement
Then help me stay here.,Command,Command
"All right.  But you don't want to think like that because what the hell are we working for, Chris?  It's all for you.  This whole shooting match is for you.",Statement Non Opinion ,Statement Opinion
I know that.  Then just help me stay here.,Command,Command
Just don't think like that.,Command,Command
Well I am thinking like that.,Statement Non Opinion ,Statement Opinion
"I don't understand you, do I?",Question,Disagreement
No.  You don't.  I'm a pretty tough guy.,Answer,Disagreement
I can see that.,Agreement,Acknowledge
Why did he invite her here?,Question,Question
Why does that bother you?,Question,Question
"She's been in New York three and an half years, why all of a sudden?",Question,Question
Well maybe...maybe he just wanted to see her.,Answer,Statement Opinion
Nobody comes seven hundred miles just to see.,Statement Opinion,Statement Non Opinion
"What do you mean?  You know he lived next door to the girl his whole life, why wouldn't he want to see her?",Question,Question
[BREATHING] You don't look at me like that.  He didn't tell me anything more than he told you.,Statement Non Opinion ,Command
He's not going to marry her.,Command,Statement Opinion
How do you know he's even thinking about it?,Question,Question
It's got that about it.,Answer,Statement Opinion
Oh.  So what.,Backchannel,Disagreement
"What is going on here, Joe?",Question,Question
Now listen.,Command,Command
She is not his girl.  She knows she's not.,Statement Non Opinion ,Disagreement
You can't read her mind.,Statement Non Opinion ,Statement Non Opinion
"Then why is she still single?  New York is full of men, why is she still single?  Probably a hundred people told her she's foolish, but she waited.",Question,Question
How do you know why she waited?,Question,Question
"Because she knows what I know, that's why.  She's faithful as a rock.  In my darkest moments, I think of her waiting and I know that I'm right.",Answer,Statement Opinion
"Hey look, it's a nice day, huh?  Why are we arguing?",Question,Question
"Nobody in this house dares take away her faith, Joe.  You know strangers might, but not his father, not his brother.",Statement Opinion,Statement Opinion
What do you want me to do? What do you want?,Question,Question
"I want you to-- I want you to act like he is coming back, both of you.  Don't think I haven't noticed you since Chris invited her here.",Answer,Command
I won't stand for any nonsense.,Statement Non Opinion ,Command
Kate.,Others,Statement Non Opinion
"Because if he's not coming back, I'll kill myself.  Oh laugh, laugh all you like but why does this happen the very night he comes back.  She goes to sleep in his room and his memorial breaks in pieces.  Look at it, Joe, look.",Statement Opinion,Statement Opinion
[BREATHING],Others,Others
Calm yourself.,Command,Command
"Just believe with me, Joe. Only last week a man came back in Detroit missing longer than Larry.  Believe with me. You, above all, have got to believe. Just believe.",Statement Non Opinion ,Command
Okay. Calm yourself.,Command,Command
"I know. All right, all right. All right. Okay.  Calm yourself. What does that mean, me above all?",Question,Command
"Look at you, you're shaking.",Statement Non Opinion ,Command
I can't help it.,Statement Non Opinion ,Statement Non Opinion
"What have I got to hide?  What the hell is the matter with you, Kate?",Question,Question
You're the only one who still loves his parents.,Statement Opinion,Statement Opinion
"I know.  It kind of went out of style, didn't it?",Question,Acknowledge
It's not so bad; it's a good thing.,Answer,Statement Opinion
"[BREATHING] You know, it's lovely here.  The air is sweet.",Statement Opinion,Statement Opinion
You're not sorry you came.,Question,Statement Opinion
"I'm not sorry, no. But I'm...I can't stay.",Answer,Disagreement
Why not?,Question,Question
"For one thing, your mother much as told me to go.",Answer,Statement Opinion
Well.,Backchannel,Backchannel
"And then, you.  You've been kind of...",Statement Non Opinion ,Statement Non Opinion
What?,Question,Question
Sort of embarrassed ever since I got here.,Statement Opinion,Statement Opinion
Well I was kind of planning of sneaking up on you over the course of a week or so.  They just take it for granted that we're all set.,Statement Non Opinion ,Statement Opinion
I knew they would.,Agreement,Statement Opinion
You did?,Question,Acknowledge
"Well sure, from your mother's point of view.  Why else would I come?",Answer,Acknowledge
"So would you want to?  I mean, I guess you have to know that's kind of why I asked you to come?",Question,Question
"I, umm. I guess, I guess that's kind of why I came.",Answer,Statement Opinion
[BREATHING],Others,Others
"I love you. Annie, I love you.",Statement Non Opinion ,Statement Opinion
[LAUGHTER],Others,Backchannel
"I don't really have any imagination, that's all I know how to say.",Statement Non Opinion ,Statement Opinion
[LAUGHTER],Others,Backchannel
"Am I embarrassing you? Are you - See, I didn't want to do it here with this yard, on this porch.  I wanted it to be somewhere new, some place fresh for both of us.",Statement Opinion,Question
No. No,Disagreement,Disagreement
"You feel uncomfortable here, you feel that it's wrong here somehow.  I just...I don't...I didn't want...I didn't want to take you away from anything.",Statement Opinion,Statement Opinion
"Chris, I've been ready a long, long, time.",Statement Non Opinion ,Command
And he's gone forever?  Are you sure?,Question,Question
I almost got married two years ago.,Answer,Statement Non Opinion
Why didn't you?,Question,Question
You started to write me.,Answer,Statement Non Opinion
You felt something that far back?,Question,Statement Non Opinion
Every day since.,Answer,Statement Non Opinion
Why didn't you let me know?,Question,Question
"I was waiting for you, Chris.  You sure can be ambiguous, you know.  And when you did finally write me,",Answer,Statement Opinion
Give me a...,Command,Command
Give me a kiss.,Command,Command
God.  I kissed you Annie.,Statement Non Opinion ,Statement Non Opinion
beating around the bush.,Answer,Statement Non Opinion
"I will never forgive you.  All I'd done was sit around wondering if I was crazy waiting so long, wondering if you were thinking about me.",Statement Non Opinion ,Disagreement
"Oh Annie, we are going to live now.  I am going to make you so happy.",Statement Opinion,Statement Opinion
Not like that you're not.,Statement Opinion,Disagreement
I kissed you.,Statement Non Opinion ,Statement Non Opinion
"Like Larry's brother.  Do it like you, Chris.",Command,Command
"Chris, what is it?",Question,Question
"Hey, let's drive some place.  Huh?  Let's get out of here.",Command,Command
No. What is it?  Is it your mother?,Question,Question
No it's nothing like that. It's-,Answer,Disagreement
"Then what?  Chris.  Even in your letters, there was something ashamed.",Question,Question
Yeah.  I suppose I have been. But it's going from me.,Answer,Acknowledge
You've got to tell me.,Command,Command
I don't even know how to start.,Statement Non Opinion ,Statement Opinion
It wouldn't work like this.,Statement Opinion,Disagreement
"It's just all mixed up with so many other things, you know?  You know overseas I was in command of a company?",Question,Statement Opinion
"Yeah, sure.",Agreement,Agreement
Well I lost them.,Statement Non Opinion ,Statement Non Opinion
How many?,Question,Question
Pretty much all.,Answer,Statement Non Opinion
"Aw, geez.",Backchannel,Apology
You can't just toss off a thing like that because they weren't just men. You know?,Statement Opinion,Disagreement
"Like for instance, there was this one time it had been raining for several days and this kid he just came up to me and he gave me his last pair of dry socks.  He just put them in my pocket.  That's a little thing, you know, but that's what kind of guys I had.",Statement Non Opinion ,Statement Opinion
"They didn't die, they killed themselves for each other.  I mean that, exactly.  Just a little more selfish and they would all be here today.",Statement Opinion,Statement Opinion
"And I had this idea as I was watching them go down.  Everything was being destroyed, you know, but this one thing was being made.  It was kind of a monument, it's kind of responsibility, man for man.",Statement Non Opinion ,Statement Opinion
Mmhmm.,Backchannel,Backchannel
"To bring that on to the earth again, you know, is like some kind of monument and I thought I would just make a difference to them.",Statement Opinion,Statement Opinion
"But then I came home and it was incredible, you know?  The whole thing was just kind of this random bus accident.  You know, I went back to the rat race again, I went to work.",Statement Non Opinion ,Statement Opinion
Driving my new car and seeing a new refrigerator.,Statement Non Opinion ,Others
"I mean...You can't take those things out of a war. when you drive that car and you see that new refrigerator, you have to know that it came out of the love that a man can have for another man.",Statement Opinion,Statement Opinion
And I didn't want any of it. I guess that included you.,Statement Opinion,Statement Opinion
Do you still feel that way?,Question,Question
I just want you to know Annie.,Answer,Statement Non Opinion
"Because you mustn't feel that way.  Everything you have, you've earned - everything.  you understand me?",Question,Command
"Even me.  And your money?  Chris, there's nothing wrong in your money.  Your father put hundreds of planes into the air, you should be proud of that.  A man should be paid for that.",Statement Opinion,Statement Opinion
"Annie, Annie.  I am going to make a fortune for you.",Statement Non Opinion ,Statement Opinion
What would I do with a fortune?,Question,Question
"What time is it?  I think it's supposed to run around midnight, right?  God, this is great, isn't it, Carla?  Look at this night we got here, huh.",Acknowledge ,Question
"Actually I want to get a little further up the coast, get away from all like the lights and the people, but...  How are you doing?",Question,Question
Fine.,Answer,Acknowledge
"Okay.  Is that, is that--",Agreement,Acknowledge
No.  That's just foam.  I don't know.  I can't tell.,Statement Non Opinion ,Disagreement
[BREATHING],Others,Others
"I don't know, probably if you can't tell, though, it's probably not them, right?  It's probably going to be like this unmistakable thing, right?",Statement Opinion,Statement Opinion
Oh no.  you know what I forgot?,Question,Question
What?,Question,Question
"My flashlight.  God, how could I be so stupid?  I can't believe I forgot my flashlight.",Answer,Apology
What flashlight?,Question,Question
"The flashlight, the silver one.  There's only one, isn't there?",Answer,Question
That's not your flashlight.,Disagreement,Disagreement
Whose is it?,Question,Question
It's ours; it's my flashlight too.,Answer,Statement Opinion
"Oh...well. Yeah, of course.",Agreement,Backchannel
You keep saying my flashlight like it's just yours.,Statement Non Opinion ,Disagreement
No.,Disagreement,Disagreement
How's that supposed to make me feel?,Question,Question
"Of course, our flashlight.  What's yours is mine.  Me flashlight es su flashlight.",Answer,Agreement
"Naturally.  God, how could we not think to bring it?  I hope the moon stays out, though.",Statement Opinion,Question
Do they always run during a full moon?  I don't remember.  Was it full last year?,Question,Question
Yeah.,Answer,Acknowledge
"Huh.  Are you cold?  Do you want my jacket?  No?  you know, we should have brought the blanket?  Our blanket.",Question,Question
"Aw.  Do you know, I should have brought a six pack, too.  A six pack, that would be just the ticket right about now.  Huh?",Statement Opinion,Statement Opinion
"God, I'm so excited, I'm like a kid.  I can't believe I got out of the house with my fly zipped up.",Statement Opinion,Statement Opinion
[LAUGHTER],Others,Backchannel
I wonder if they can hear me talk or like feel the vibrations in the sand when we move around.,Statement Opinion,Question
I'm cold.,Statement Non Opinion ,Statement Non Opinion
Do you want my jacket?,Question,Question
"It's after eleven, let's go.",Command,Command
What?  We just got here.  What's the point of coming all the way down here if we just turn around and go home?,Question,Disagreement
There is no point.,Answer,Statement Non Opinion
Right.,Agreement,Acknowledge
That's my point.,Statement Non Opinion ,Statement Opinion
"Wait, that's my point, too.",Statement Non Opinion ,Agreement
"Well, then let's go.",Command,Command
"No, no.  Okay.  That's not my point.  My point is there is no point in coming down here if we just turn around and go home.  Don't you want to see it?",Question,Disagreement
Not particularly.,Answer,Disagreement
Why not?,Question,Question
I just don't.  It's stupid.,Answer,Disagreement
"Honey, this is like a natural phenomenon. I mean... People in Kansas would have to get plane reservations and get hotel rooms to see this.  It's just forty minutes away for us; it's too good to pass up.",Statement Opinion,Statement Opinion
"Pass what up?  I mean these fish swim out of the ocean, they flop around on the beach, they swim away and then they die.",Statement Non Opinion ,Question
Yeah.  But this..this moment on the beach is like the highlight of their little lives.  All that flopping around is laying eggs or what to do - spawning or mating or whatever.,Statement Opinion,Statement Opinion
This is a big night for these little guys.  It's like life's last orgy.,Statement Opinion,Statement Opinion
I don't see why you're so excited; this isn't a freaking moon landing we are talking about.  It's fish.  It's a fish nobody even eats.,Statement Opinion,Disagreement
Yeah they do.,Disagreement,Agreement
Oh Augie,Backchannel,Statement Non Opinion
"okay... well, Whatever.  But it's a fish who do something no other fish do.  It's like those swallows returning to Capistrano or like those lemmings that throw themselves off the cliffs.",Statement Opinion,Statement Opinion
"There's like mystery here, there's magic.  It's like a little bit of the unexplainable.  I just can't see how you're not interested.",Statement Opinion,Statement Opinion
I'm just not.,Statement Non Opinion ,Statement Non Opinion
For real?,Question,Question
Yeah.,Answer,Acknowledge
"God, I don't get it.  you know the first time we came here, you said it was the best night of your life?",Statement Non Opinion ,Statement Opinion
"And last year, I remember distinctly you said, you were so excited to get here that you don't remember you stubbed your toe until we were in the car.",Statement Non Opinion ,Statement Non Opinion
"Last time, you'll also remember, we got our shoes wet, I got sand in my panties, you got a sore throat and we got into a big fight and we did not see the grunions.",Statement Non Opinion ,Statement Non Opinion
Ahh...we weren't in a good spot.,Statement Non Opinion ,Statement Opinion
Hmm.  We didn't see them the year before either.,Statement Non Opinion ,Statement Non Opinion
"We just weren't in a good spot.  I'm telling you, this is a much better spot.  I have instincts for these things.",Statement Opinion,Statement Opinion
"Look there, see?  What's that?  No, that's - that's just seaweed.",Statement Non Opinion ,Question
"God, this is great.  Think about this.  I know you are not interested, but just think about this.",Command,Statement Opinion
"Right now out there, there is this mass of silver fish and it's heading this way.  No one sent them an invitation, no one told them, no one even gave them a map.",Statement Non Opinion ,Statement Non Opinion
"Just all at once, they turned and they formed this line as long as the California coast.  And some instinctual little firecracker went off in their bodies and they all just turned as one and started swimming.",Statement Non Opinion ,Statement Non Opinion
They are swimming right now.  They are swimming as if that is the only thing that matters to them.,Statement Opinion,Statement Non Opinion
It's single mindedness with no mind.  It is urgency that is just pure urge.,Statement Opinion,Statement Opinion
And they are swimming right now to this very point where we stand for this huge celebration of sex and death.,Statement Non Opinion ,Statement Non Opinion
"Oh look.  I'm giving myself goose bumps, my hairs are standing up on my arm.",Statement Non Opinion ,Statement Non Opinion
That's the wind.,Statement Opinion,Statement Non Opinion
So what do you think?,Question,Question
About what?,Question,Question
"About all of that, about all I was talking about.",Answer,Statement Non Opinion
"Look at this, all of the hairs are standing up on my arm.",Command,Statement Non Opinion
That's the wind.,Statement Opinion,Statement Non Opinion
"Well, so, what do you think?",Question,Question
About what?,Question,Question
About what I was saying.,Answer,Acknowledge
I think it's ridiculous.,Statement Opinion,Statement Opinion
It certainly is not.  It's slightly exaggerated scientific fact.,Disagreement,Disagreement
It's PR! Somebody sold you a bunch of crap that there is this wonderful thing that is going to happen tonight on the beach.,Statement Opinion,Statement Opinion
"Not just me, look at all of these people.",Statement Non Opinion ,Statement Opinion
"Everybody's told the same story.  It keeps us coming back for more, it keeps us excited.  We keep thinking that life is going start at any minute if we can just find the right spot, get in on the action.",Statement Opinion,Statement Opinion
"Are we talking about the same thing, here?",Question,Question
"I'm sorry, it's just fish to me.",Apology,Apology
"Carla, can I ask you something?  Now, don't take this the wrong way, but are you on your period?",Question,Question
"Don't ask me that.  I hate it when you ask me that, you always ask me that.  It's insulting.",Answer,Disagreement
"Well then, what's bugging you?",Question,Question
We just have different ideas of what this night is supposed to look like.,Answer,Disagreement
"There is nothing to it; we come down here, the fish arrive, they flop around, they do their fish thing.  We go ooh, ah, look at the fish and we go home.",Statement Non Opinion ,Statement Non Opinion
"For God- Grow up, Augie.  The fish are not going to arrive.",Statement Opinion,Command
Why not?,Question,Question
Because they never do.  Have they...Have they ever?,Question,Disagreement
We've missed them twice.,Answer,Statement Non Opinion
Twice is every time we have tried; that's ever.,Statement Non Opinion ,Statement Non Opinion
They'll show up this time.,Statement Opinion,Statement Non Opinion
No they won't.  It's like waiting for Santa Claus.,Disagreement,Disagreement
I feel like my whole life is going to be spent standing on this beach with my eyes wide open and my hands clasped expectantly waiting for fish to show up.  And the fish never show up.,Statement Non Opinion ,Statement Opinion
I thought you wanted to see it.,Statement Opinion,Statement Opinion
You don't understand anything I am saying.,Disagreement,Disagreement
No. Of course not.,Agreement,Disagreement
"I did want to see it, I still do, I always do.  I just...",Statement Non Opinion ,Statement Opinion
"I feel like I'm always just standing here waiting.  I feel like this night is going to be the night, but it never is.",Statement Opinion,Statement Opinion
"It's just fish, it's nothing to get traumatized over.",Statement Opinion,Statement Opinion
"For God's sake, this is not about fish.",Disagreement,Disagreement
Okay.  I'm trying to work this backwards and pinpoint the exact moment where we took a turn for the worst here.,Statement Non Opinion ,Statement Opinion
"Okay.  So you were fine during that phone call from Marge and then dinner was okay.  And doing the dishes was fine and then I was going to take a shower and you're watching the news and you said the grunions are running tonight, do you want to go?  And I said, sure great, let's go.",Statement Non Opinion ,Statement Non Opinion
"Okay.  So I am putting out the pets, getting the car out of the garage.",Statement Non Opinion ,Command
Do you remember the first year we came here?  It was like four years after we got married.,Statement Non Opinion ,Question
"We thought I was pregnant, we got a bottle of champagne, we had no glasses.  We took off our shoes and you asked me to dance.",Statement Non Opinion ,Statement Non Opinion
"You whispered the sweetest, most intimate things to me right into my ear so I could feel them as much as hear them.  And I remember thinking, this is it.  You know, finally, I am as happy as I'm supposed to be.",Statement Non Opinion ,Statement Opinion
"Wait a minute, I got it.",Command,Command
"Drinking champagne from the bottle,",Statement Non Opinion ,Statement Non Opinion
"It's when we were driving past that Knickerbocker Liquor Locker, you said, let's get some champagne.  I said no, time's a wasting or something like that.",Statement Non Opinion ,Statement Non Opinion
dancing barefoot in the sand.,Statement Non Opinion ,Statement Non Opinion
"That's what it is?  Right?  You want this to be like the other time, right?",Question,Question
I'd rather not remember some things.  I'd rather not hope for some things.,Answer,Statement Opinion
Sure.  All right.  Okay.,Agreement,Backchannel
"Listen, do you want to dance?",Question,Question
No.,Answer,Disagreement
Do you want me to go get some champagne?,Question,Question
No.,Answer,Disagreement
Do you want to take off your shoes?,Question,Question
"No, no. Nothing.",Answer,Disagreement
Then what?,Question,Question
Do you want to get married again?,Question,Question
No.,Answer,Disagreement
What?  What?  Do you want a divorce?,Question,Question
A vacation?,Question,Question
No.,Answer,Disagreement
Like a new carpet?  A poodle?  A back rub?  Ice cream?  A suicide pact?  What do you want?  What the hell do you want?,Question,Question
I just want something to turn out like I expected it to.,Answer,Statement Opinion
"Well welcome to the human race, huh?  Do you think I had some grand fantasy going that four years down the line we would come to this beach and be arguing over fish?  No.",Statement Opinion,Statement Opinion
[BREATHING],Others,Others
"No I'm just like you.  I thought it was going to be all roses and peaches and the bills would just pay themselves.  And we'll have three, fat rosy cheeked children.  Huh, baby, the joke's on us.  Because you know what you get?",Statement Opinion,Disagreement
Do you know what you get?  You get this.,Statement Non Opinion ,Question
This? What is this?  This is nothing.  This isn't even anything.,Statement Opinion,Question
Yes it is.,Disagreement,Agreement
Sure.  This is standing on the beach waiting.  This is fighting.,Statement Opinion,Statement Non Opinion
Right,Agreement,Acknowledge
"I mean this is a lot of things, but it's just...",Statement Opinion,Statement Opinion
[BREATHING],Others,Others
Do you understand what I am saying?,Question,Question
I'm doing the best I can.,Answer,Statement Non Opinion
"I know you are Augie, I know.",Agreement,Acknowledge
"I know you meant this to be special, I know that you wanted it to be right, but I just can't help thinking that, I can't help wishing that I was somewhere else.",Statement Opinion,Disagreement
"Maybe if you were with someone else, too.",Statement Opinion,Statement Opinion
I didn't say that.,Disagreement,Disagreement
I just- I know I don't make you happy.,Statement Opinion,Apology
"Don't be ridiculous.  Anything that- anything I am doing, I'd rather be doing it with you.",Statement Non Opinion ,Disagreement
Yeah?,Question,Backchannel
Yeah.  Don't you know that?,Question,Question
For Heaven's sake Augie.,Statement Non Opinion ,Command
"You're the one who probably wishes he was with somebody else.  Somebody who doesn't take things so seriously, who could enjoy herself.",Statement Opinion,Disagreement
"You know, actually now that you mention it, no I don't.",Statement Non Opinion ,Disagreement
"So maybe we are in the wrong spot, but we are with the right person.",Statement Opinion,Statement Opinion
"I don't know, it seemed like such a good spot to me.",Statement Opinion,Disagreement
"We have a great view of the moon from here, though, huh?",Statement Non Opinion ,Statement Opinion
"Hmm.  I noticed that, it's pretty. Big old white moon.",Acknowledge ,Statement Opinion
[BREATHING],Others,Others
And look what I got here.,Command,Command
"Augie, you bought refreshments.",Statement Non Opinion ,Statement Non Opinion
It's not champagne.,Statement Non Opinion ,Disagreement
I guess we don't need glasses.,Statement Opinion,Statement Opinion
[BREATHING],Others,Others
Do you want to go home?  Are you cold?,Question,Question
I'm beginning to think this might be the right spot after all.,Statement Non Opinion ,Statement Opinion
"Augie, I'm sorry.",Apology,Apology
"Shh.  If we're very quiet, the fish might come.",Statement Opinion,Command
Or not.,Statement Opinion,Disagreement
Or not.,Agreement,Disagreement
Good God.,Statement Non Opinion ,Statement Non Opinion
Is it them?,Question,Question
I wonder.,Statement Non Opinion ,Statement Opinion
Freda is the only one who knows we are here.  She wouldn't ring up.,Statement Opinion,Statement Non Opinion
It must be them then.,Statement Opinion,Statement Opinion
It had to happen sooner or later.  What are we going to do?,Question,Question
[BREATHING],Others,Others
"We are okay, aren't we darling?",Question,Question
"Now and always, sweet.",Answer,Statement Non Opinion
I don't care then.,Statement Non Opinion ,Disagreement
It had to happen sooner or later.,Statement Opinion,Statement Opinion
"Hello?  Hello?  I'm sorry, what's that?",Greeting,Greeting
No.  Wrong number. [LAUGHTER],Statement Non Opinion ,Disagreement
[LAUGHTER] That sent shivers up my spine.,Statement Non Opinion ,Backchannel
What shall we do if they suddenly walk in on us.[LAUGHTER],Question,Question
We'll behave exquisitely.,Answer,Command
With perfect poise.,Statement Non Opinion ,Statement Non Opinion
I think I shall do a curtsy.,Statement Opinion,Statement Opinion
"It's strange; things that ought to matter dreadfully, they just don't matter at all when one's happy.  Do they?",Statement Opinion,Statement Opinion
Hmm.  The pity is that one can't stay happy.,Statement Opinion,Statement Opinion
"Darling, don't say that.",Command,Command
It's true.  I think the whole thing's a cruel joke.,Statement Opinion,Statement Opinion
What?  This beautiful and sacred thing - love?,Question,Question
Yes.  Meaning just that.,Answer,Acknowledge
"Well what does it all mean?  That's what I ask myself in my quest for ultimate truth.  Dear God, what does it all mean?",Statement Non Opinion ,Question
Don't laugh at me.  I'm being serious.,Command,Command
"Oh darling, you mustn't be serious.  It's just what they want.",Statement Opinion,Statement Opinion
Who's they?,Question,Question
"All of those futile moralists who make life unbearable.  You have to laugh at them, be flippant.",Answer,Statement Opinion
"You know, flippancy brings out the acid in their darned, light and sweetness.",Statement Opinion,Statement Opinion
"you know if I laugh at everything then I must laugh at us, too.",Statement Opinion,Statement Opinion
Oh of course.  We are figures of fun.  All right.,Agreement,Agreement
"How long with it last, this ludicrous overbearing love of ours?",Question,Question
Who knows?,Question,Question
Shall we always want to bicker and fight?,Question,Question
Oh no.  That fire will fade along with our passion.,Answer,Apology
"Oh dear, should we like that?",Question,Statement Opinion
Well it depends on how well we've played.,Answer,Statement Opinion
What happens if one of us dies?  Does the other one still laugh?,Question,Question
Yes.  Yes with all of his might.,Answer,Agreement
"Well that's serious enough, isn't it?",Question,Statement Opinion
"No, no, no, no. no.  Death is a very laughable thing.  It's a cunning little mystery, it's all done with mirrors.",Answer,Disagreement
I think you are talking nonsense.,Statement Opinion,Disagreement
"Oh.  So is everyone, in the long run.",Statement Non Opinion ,Statement Opinion
"Let's be superficial, and just pity those poor philosophers, huh?  Let's blow trumpets and squeakers and enjoy the party for as long as we can, you know, like small, idiotic school children.",Command,Command
[LAUGHTER],Others,Backchannel
Oh Come and kiss me darling before your body rots and worms pop out of your eye sockets.,Command,Command
"Oh Elliott, worms don't pop.",Statement Non Opinion ,Statement Non Opinion
"Oh See, I don't care what you do, see.  You can paint yourself green and run naked through the Place Vendome and run off with all of the men of the world.  I shan't say a word, just as long as you love me best.",Statement Opinion,Statement Opinion
"Aw.  Thank you, darling.  The same applies to you too, except that if you so much as look at another woman I'll kill you.",Statement Non Opinion ,Statement Opinion
Do you remember that awful scene we had in Venice?,Question,Question
Which particular one?,Question,Question
The one where you put that tiny painted wooden snake in my bed.,Answer,Statement Non Opinion
"Oh Charles, that was his name.  He did wiggle so beautifully.",Statement Non Opinion ,Statement Opinion
[GARBAGE],Others,Others
It was a terrible thing.  I hated it.,Statement Opinion,Statement Opinion
I know you did.  You threw him out the window into the Grand Canal.  I'll never forgive you for that.,Statement Non Opinion ,Disagreement
How long did that row last?,Question,Question
It went on intermittently for days.,Answer,Statement Non Opinion
Uh huh.,Backchannel,Backchannel
But the worst one was in Cannes when your curling irons burnt a hole in my new dressing gown.,Statement Non Opinion ,Statement Non Opinion
"Oh And it burnt my comb, too, and all of those towels in the bathroom.",Statement Non Opinion ,Statement Non Opinion
"That was a rouser, wasn't it?",Question,Question
[LAUGHTER] That was the first time you hit me.,Answer,Statement Non Opinion
I did not hit you very hard.,Disagreement,Statement Non Opinion
"The manager came in, he found us rolling about the floor, biting and scratching like panthers. [LAUGHTER]  How utterly, utterly ridiculous.",Statement Non Opinion ,Statement Non Opinion
[LAUGHTER] I'll never forget his face. [LAUGHTER],Statement Non Opinion ,Statement Opinion
[LAUGHTER] We were very much younger then.,Statement Non Opinion ,Statement Non Opinion
[LAUGHTER] And very much sillier.,Statement Opinion,Statement Opinion
However I believe the real cause of that row was Peter Burden.,Statement Opinion,Statement Opinion
Oh.  You knew there was nothing in that.,Statement Non Opinion ,Acknowledge
We were very much younger then.,Statement Non Opinion ,Statement Non Opinion
And very much sillier.,Statement Opinion,Statement Opinion
However I believe the real cause of that row was Peter Burden.,Statement Opinion,Statement Opinion
Oh.  You knew there was nothing in that.,Statement Non Opinion ,Acknowledge
I knew nothing of the sort.  You took presents from him.,Statement Non Opinion ,Disagreement
"Presents?  It was only a trivial, little brooch.",Statement Non Opinion ,Question
"It was bristling with diamonds.  In the worst possible taste, too.",Statement Non Opinion ,Statement Opinion
"It was not.  I still have it, and I wear it often.  It is very pretty.",Disagreement,Statement Opinion
You went out of your way to torture me over Peter Burden.,Statement Opinion,Others
I did not.  You worked that whole thing up in your jealous imagination.,Disagreement,Disagreement
"Well, you let him kiss you, huh?  You said you did.",Statement Non Opinion ,Question
"Well, what of it?",Question,Question
What of it?,Question,Question
It gave him a lot of pleasure and it didn't hurt me.,Answer,Statement Opinion
What about me?,Question,Question
"If you hadn't been so suspicious and nosey, you never would have known a thing about it.",Answer,Disagreement
"That's a nice point of view, I must say.",Acknowledge ,Statement Opinion
Oh dear.  I'm bored with this conversation.,Statement Opinion,Statement Opinion
So am I.  I'm bored stiff. [GARBAGE]  Do you want some brandy?,Question,Agreement
No.  Thank you.,Answer,Disagreement
"I'll have a little, I think.",Statement Non Opinion ,Statement Opinion
"I don't know why you'd want any, you've already had three glasses.",Statement Opinion,Disagreement
"No particular reason.  Anyhow, they are very small ones.",Statement Non Opinion ,Statement Non Opinion
I just think it's silly to go on and on and on about such a thing.,Statement Opinion,Statement Opinion
"You can hardly call three glasses of liquor a whole evening long, going on and on and on.",Statement Opinion,Disagreement
It's become a habit with you.,Statement Opinion,Statement Non Opinion
Oh.  Don't be so grand.  Just because you don't happen to want one at the moment.,Statement Opinion,Disagreement
Don't be stupid.,Command,Command
"Really, Amanda.",Disagreement,Disagreement
What?,Question,Question
Nothing.,Answer,Acknowledge
"you going out somewhere, dear?",Question,Question
No.  I am just making myself fascinating for you.,Answer,Disagreement
That reply has broken my heart.,Statement Opinion,Statement Opinion
Oh.  It's a woman's duty to allure the man.,Statement Opinion,Statement Opinion
"Well as a matter of fact, yes, that's perfectly true.",Agreement,Agreement
No it isn't.,Disagreement,Disagreement
Yes it is.,Disagreement,Agreement
You shut up.,Command,Command
"Oh really.  It's a pity you didn't have any brandy, it would have made you a little less disagreeable.",Statement Opinion,Disagreement
It's funny it hasn't worked such wonders for you.,Statement Opinion,Statement Opinion
"Snap, snap, snap.  You know you are like a little adder.",Statement Opinion,Statement Opinion
"Adders don't snap, they sting.",Statement Non Opinion ,Statement Non Opinion
Nonsense.  They have a bag of venom behind their fangs and they snap. They snap.,Disagreement,Disagreement
They sting. I don't care.  Do you understand?  I don't care if they bark and they roll about like hoops.,Statement Opinion,Statement Opinion
Did you see much of Peter Burden after our divorce?,Question,Question
"Yes I did, quite a lot.",Answer,Agreement
"And I suppose you let him kiss you a good deal more than, too. Yes.  I suppose you guys had a riotous time, huh?  All out, no restraint at all.  Well, you never really had much anyhow.",Statement Opinion,Statement Opinion
Mind your own business.,Command,Command
"You're quite insufferable, I expect it's because you are drunk.",Statement Opinion,Statement Opinion
I think I am not in the least bit drunk.,Statement Opinion,Statement Opinion
You've always had a weak head.,Statement Opinion,Statement Opinion
I think I mentioned once before that I've had three minute liquor glasses the whole evening long.  A child of two cannot get drunk on that.,Statement Non Opinion ,Statement Opinion
"On the contrary, a child of two can get violently drunk on only one glass of brandy.",Statement Opinion,Disagreement
"That's very interesting Amanda. How about a child of four?  Or a child of six?  Or a child of nine? We can get a good little conversation going on about this, you know, intemperate tots.",Statement Opinion,Question
Oh shut up.,Command,Command
Shut up.,Command,Command
"Not very funny, darling.  Why don't you have some more brandy.",Statement Opinion,Disagreement
[LAUGHTER] That's a very good idea.  I think I will.,Agreement,Agreement
"Look, you better turn that off. I don't want to wake up the people upstairs.",Command,Command
Why?,Question,Question
There are no people upstairs; it's a photographer's studio.,Statement Non Opinion ,Statement Non Opinion
Well then you'll wake up the people downstairs.,Statement Non Opinion ,Command
They are away in Tunis.,Statement Non Opinion ,Statement Non Opinion
This is no time of year for Tunis.,Statement Opinion,Statement Opinion
"Turn it on again, please.",Command,Command
I will do no such thing.,Disagreement,Disagreement
Fine if you insist on being boorish and idiotic.,Statement Opinion,Disagreement
"Will you turn that off, it's driving me mad.",Question,Command
"You are far too temperamental, try to control yourself.",Statement Opinion,Command
Turn it off.,Command,Command
"I won't.  Let go, let go of me. Listen, listen?  I'm sick and tired of listening to you, you sadistic bully.",Statement Opinion,Disagreement
"Amanda, listen, listen.",Command,Command
Oh.  That's very amusing indeed.,Statement Opinion,Statement Opinion
"Oh shut up.  Let go.  I hate you, I hate you.  Do you hear?  You are a conceited and overbearing and utterly impossible.",Statement Opinion,Disagreement
"You are a vile, ill-tempered, loose living, wicked little beast and I never want to see you again as long as I live.",Statement Opinion,Disagreement
This is the end.  Do you hear me?  Finally and forever.,Statement Opinion,Command
You're not going like this.,Statement Non Opinion ,Command
Oh.  Yes I am.,Answer,Acknowledge
You're not.,Disagreement,Disagreement
"Yes I am.   Stop it. Stop it.  Let go of me. Oh.  You're a cruel fiend.  I loathe and I hate you. Marry you again?  Never, never, never. I hope you die in torment, you brute beast cad.",Statement Opinion,Statement Opinion
"Shut up. Shut up. God, I wouldn't marry you again if you came crawling back to me on a bended knee.  You are a vile, ill-tempered, mean little wench and I never want to see you again as long as I live.",Statement Opinion,Disagreement
Next.,Command,Command
"Yes, me. Okay, okay here we go.",Statement Non Opinion ,Acknowledge
My window is open.,Statement Non Opinion ,Statement Non Opinion
"Okay, so filled out all these forms  --",Statement Non Opinion ,Acknowledge
This is... Your last- Your first name is Jones?,Question,Question
and I have This form of ID here so...,Statement Non Opinion ,Statement Non Opinion
"Yes, Jones.",Answer,Agreement
That's just strange I figured you filled in wrong sections.,Statement Opinion,Statement Opinion
Well...,Backchannel,Backchannel
What are you... what's...What are you applying for?,Question,Question
I'm just applying for another ID.,Answer,Statement Non Opinion
Another ID?,Question,Command
"Yes.  I'm supposed to have three forms of ID for this.  It's a long story, I'm supposed to have three forms of ID for this other job I really don't get into but I need another...",Statement Non Opinion ,Statement Opinion
Fine.  So I need ID.,Command,Command
"I have it right here, yes.",Statement Non Opinion ,Answer
"No, I need your ID to give you a second ID.",Statement Non Opinion ,Disagreement
It's really simple if you have a problem with it... Maybe you should--,Statement Non Opinion ,Command
But that's...,Backchannel,Disagreement
"That's why I'm here, that's why I was waiting in this line.  I need to get another form of ID.",Statement Non Opinion ,Statement Opinion
"Well, do you have your passport?",Question,Question
"No, I don't have a passport.",Answer,Disagreement
You have a birth certificate?,Question,Question
"I don't where it is though, I don't have with me.  Can I get it from somewhere?  I mean...",Question,Question
What do you expect me to do?,Question,Question
I probably have to go wait another line to get my birth certificate don't I?,Question,Statement Opinion
Probably.,Answer,Statement Opinion
You're very helpful.  What's your name?,Question,Question
Joy.,Answer,Statement Non Opinion
"Hi, Joy.",Greeting,Greeting
Hi.   You know...,Greeting,Greeting
So can you help me or not?,Question,Question
I am..I don't..I don't understand what you want.  A driver's license or a California ID.,Question,Question
Okay. [BREATHING],Backchannel,Acknowledge
I need California ID.,Answer,Command
Okay.,Backchannel,Acknowledge
On top of these other two forms of ID which I already have.,Statement Non Opinion ,Statement Non Opinion
"What... well, do you have a driver's license?",Question,Question
"No, I don't have driver's license.",Answer,Disagreement
Then how am I supposed to give you a California ID?,Question,Question
Did you even look at the form?  I filled it out all these questions--,Statement Non Opinion ,Question
Don't raise your voice with me.,Command,Command
Did you even look at the form?  I've already answered these question.,Statement Non Opinion ,Question
Don't talk to me like I'm a child.,Command,Command
Okay.,Agreement,Acknowledge
Do you know how long I've been working here? How long have you lived in California?,Question,Question
If it makes you stop acting like a child.,Statement Non Opinion ,Command
I have been to California my whole--,Answer,Statement Non Opinion
"Maybe you never been to the D.M.V. before, maybe you should get back in line.  You know what?  sit in line again and if you get my number ask for different one.",Command,Command
I am not...I'm not getting to back that line.,Statement Non Opinion ,Disagreement
"Okay, okay let's keep our voices down, okay?  I didn't come here to get in yelling match.",Statement Opinion,Command
I'm perfectly calm.,Statement Opinion,Statement Opinion
"I did not come in here to get in a yelling match with you, all right?",Statement Opinion,Disagreement
Uh huh.  I didn't come here get in yelling match either.,Statement Opinion,Disagreement
Just try and help me.,Command,Command
They don't pay me enough to deal people like you.,Statement Non Opinion ,Statement Opinion
"People like me, what is that supposed to mean?  You know, this is ridiculous.  Is there like a manager here, is there someone else that I can talk to?",Question,Question
Why?,Question,Question
Why?,Question,Question
Yeah.,Backchannel,Acknowledge
"So you're not going to send me a thank you card, is that a problem? Is your are not going...",Question,Question
"Why, because I'm sick of talking to you.",Answer,Disagreement
"Cause you're obviously not talking to me, you're just yelling at me, berating me and telling me I can't fill out forms right.",Statement Non Opinion ,Disagreement
"Oh, dear. Oh, boo-foo-woo, foo-foo.",Backchannel,Backchannel
"Oh, no honey. And you're going to miss the Christmas card too. It's a shame. It's going to be a good, nice picture.",Statement Opinion,Statement Opinion
Sit back down.,Command,Command
"Hey, Joy come in here.",Command,Command
What's happening?,Question,Question
I have to go back.,Answer,Statement Non Opinion
I just got a letter I have to go back.,Statement Non Opinion ,Statement Non Opinion
When?,Question,Question
First thing tomorrow morning.,Answer,Command
Are you kidding me?,Question,Disagreement
How...,Question,Question
"I don't understand, I don't underst--",Answer,Disagreement
How can they do that?,Question,Question
They can do it.,Answer,Statement Opinion
They said you're home for at least four years.,Statement Non Opinion ,Statement Non Opinion
"I guess they can do it,",Statement Opinion,Statement Opinion
"The National Guard is I guess really spread thin and then everyone has to go.  We all have to go back, my whole companies going back.",Statement Non Opinion ,Statement Opinion
[BREATHING],Others,Others
That's not fair.,Statement Opinion,Disagreement
I can't believe it. I just got back.,Statement Non Opinion ,Statement Opinion
"So yeah, we leave tomorrow...",Statement Non Opinion ,Acknowledge
[BREATHING],Others,Others
...we're all shipping out.,Statement Non Opinion ,Statement Non Opinion
I just got I feel like I'm in shock actually.,Statement Opinion,Statement Opinion
I don't even know what to tell you.,Statement Opinion,Disagreement
I don't know.,Statement Non Opinion ,Answer
What about the birthday party?,Question,Question
I guess you're just going to have to have it without me.,Answer,Statement Opinion
"Hey listen, it's going to be okay though, all right?",Statement Opinion,Command
You're going to be fine.,Statement Opinion,Statement Non Opinion
Me?  I'm not worried about me.,Statement Non Opinion ,Statement Opinion
"I'm going to be fine too, okay?",Statement Opinion,Statement Opinion
How do you know?,Question,Question
I know I have a good... I have a really good group of guys with me.,Answer,Statement Opinion
We're going to be okay.,Statement Opinion,Statement Non Opinion
You're going with the same ones?,Question,Question
Do promise me you're going to take a lot of pictures.,Command,Command
"Always, I always do.",Statement Opinion,Agreement
I know.,Agreement,Acknowledge
It's not the same though.,Statement Opinion,Disagreement
I just wish there was something I could do.,Statement Opinion,Statement Opinion
We could hide away.,Statement Opinion,Statement Opinion
Run away?,Question,Command
Mm hmm.  We'll build a bunker and never come out.,Statement Non Opinion ,Statement Non Opinion
"I really don't want to go, I don't want to go...",Statement Opinion,Statement Opinion
[LAUGHTER] Mmm.,Backchannel,Backchannel
I'm scared.,Statement Opinion,Statement Opinion
Don't say that.,Command,Command
I'll send you a letter every single day.,Statement Non Opinion ,Command
I love you.,Statement Opinion,Statement Opinion
I love you too.,Statement Opinion,Agreement
The craziest thing just happened to me.,Statement Non Opinion ,Statement Opinion
What?,Question,Question
This girl; she just offered me fifty thousand dollars to marry her.,Answer,Statement Non Opinion
[BREATHING],Others,Others
Yeah.,Backchannel,Acknowledge
Why?,Question,Question
"Well, she's not a citizen so she wants to get a visa.",Statement Non Opinion ,Statement Opinion
Is she on the run?,Question,Question
"No, no, no, no, no, no she just... she's not a citizen but she wants her visa, yeah. She's going to pay me fifty thousand dollars to marry her and stay married to her for two years.",Statement Non Opinion ,Disagreement
"Oh, she just needs to marry you.",Statement Non Opinion ,Statement Opinion
That's incredible. That's awesome. Where's she from?  Maybe you can get a dual citizenship.,Question,Question
That's like twenty five thousand dollar a year for doing nothing. Isn't that awesome?,Question,Statement Opinion
"She's actually from England, I think.  Well she- she spoke English but she had an accent. I didn't even ask.",Answer,Statement Opinion
That's so cool. Uh huh.,Acknowledge ,Statement Opinion
[LAUGHTER] Why did she pick you? Where were you?,Question,Question
"Fifty thousand dollars. Fifty thousand dollars. I was just out... I just... she's - well, she's a friend of friend but like...",Answer,Statement Non Opinion
You were at a party? And she's like hey. You seem unattached she's like.,Question,Question
"Yeah.  Can you believe that? Yeah, she's like hey, I'm like sure I'll do it, I don't care. Yeah. I'm like fifty thousand dollars, I'd totally do it for fifty thousand dollars. But the only thing is that's kind of like illegal. So like I could go to jail probably for a long if I get caught, but...",Answer,Statement Opinion
That's unbelievable... Yeah.,Statement Opinion,Acknowledge
Well I've known people who have done this before. Yeah.  You just- it's really fun actually 'cause you have like a fake engagement party and all your friends come over and like...,Statement Non Opinion ,Statement Opinion
Have you?,Question,Question
It's like I'm really going to get married. We'll have like the whole thing.,Statement Non Opinion ,Statement Opinion
"Oh, good. [LAUGHTER]",Acknowledge ,Acknowledge
"Yeah. Yeah. And then yeah, and then you know like you could like you could do like like sock her for a lot of money",Statement Opinion,Backchannel
I know. What do you think I should-,Question,Acknowledge
"Like make her rent the apartment that you two have to live together in, you know. And you won't pay any rent or you pay like, a hundred bucks a month or something.",Statement Opinion,Command
Oh good idea.,Acknowledge ,Agreement
Yeah.  Make her like open the bank account and stuff too.,Statement Opinion,Command
Yeah.,Agreement,Acknowledge
It's a good idea.,Acknowledge ,Agreement
"Dude, you lucked out.",Statement Opinion,Statement Opinion
I know.  Also I get to like plan the wedding now too. That will be fun.,Agreement,Statement Opinion
"Yeah.  My colors are blush and beige what is it, do you know?",Question,Question
"Something blue, something new, something... no I don't know. [LAUGHTER] So yeah, wonder if she's going to pay me up front but do you think it's bad though, do you think they're going to like track the money or something?",Answer,Question
Oh I don't know. [LAUGHTER],Answer,Disagreement
I don't know get it in cash.,Statement Non Opinion ,Disagreement
Just cash hardcore.,Statement Non Opinion ,Command
Yeah.,Agreement,Acknowledge
What should we do?  Where should we get married? We should have party.,Question,Question
How exciting. You should have a wedding on the beach.,Statement Opinion,Statement Opinion
"Yeah, like a big like- A wedding on the beach, that would be nice.",Acknowledge ,Statement Opinion
"Yeah, at night.",Statement Non Opinion ,Acknowledge
And then we can honeymoon.  I want to go tropical though like Bahamas- --or like Tahiti or something. I just want to like beach and like drink.,Statement Opinion,Statement Opinion
"Oh yeah, absolutely, absolutely.",Agreement,Agreement
How exciting.  You should make her bring all your friends too.,Statement Opinion,Command
I'll make her pay for that.  I hear she's like totally wealthy. She's like royalty- --or something like and- --whatever like removed or something but yeah.,Statement Opinion,Statement Opinion
[GARBAGE] She's got to be loaded.  fifty thousand dollars.  That's incredible.,Acknowledge ,Statement Opinion
Incredible.,Acknowledge ,Statement Opinion
I'm going to marry a blue blood. [LAUGHTER],Statement Opinion,Statement Opinion
"you're a lucky, lucky, lucky man.",Statement Opinion,Statement Opinion
Will you help me plan?,Question,Question
"Oh, totally. Yeah.",Answer,Agreement
Good.,Acknowledge ,Acknowledge
You seem kind of down.,Statement Opinion,Statement Opinion
I'm just mad.,Statement Opinion,Statement Opinion
How come?,Question,Question
It's--I've been trying to find this job I can't get any job.,Answer,Statement Opinion
It's not fair.,Statement Opinion,Disagreement
What do you mean?,Question,Question
"I mean I've been looking for a job for like three years and I can't get a job.  I mean like, it's America, right?  I should be able to get a job.",Statement Non Opinion ,Statement Opinion
There's a lot of people looking for jobs.,Statement Non Opinion ,Statement Non Opinion
"I guess.  But three years?  I mean, I like--I went to college even, I mean I didn't finish but I went for like a little bit.  It's not fair, I don't know.",Statement Non Opinion ,Statement Opinion
"I don't know, I mean, I just don't think...",Statement Non Opinion ,Statement Opinion
"I mean I've been sending out my resumes and doing everything I can do but nothing is happening.  You know, it's like I can't and I can't keep living on loans anymore like this.  I'm going to--I mean eventually I'm going to have to pay it back. I'm just kind of freaking out, I don't know.",Statement Non Opinion ,Statement Opinion
Did you ever think it might be your attitude that's...,Question,Question
"What's my--like what do you mean ""my attitude""?",Question,Question
"I don't know just sometimes you get kind of... No, I'm not saying that.  I just--",Answer,Disagreement
Do I have an attitude problem?,Question,Question
"No, well maybe it's because I'm like frustrated 'cause I can't get a job, you know.",Answer,Disagreement
...has anyone ever just said anything like that to you before?,Question,Question
"Like it's really hard to like shake that off when you go into like audition a room or whatever, you know what I mean?",Statement Opinion,Statement Opinion
"Right, sure.",Agreement,Acknowledge
"But I mean you kind of got to, you got to fake it 'til you feel it, right?",Statement Opinion,Statement Opinion
"I guess I just getting really hard to fake, you know.",Statement Opinion,Statement Opinion
I'm just saying that if I was looking to hire somebody in the--or kind of... No. No. No.,Statement Opinion,Statement Opinion
"Are you hiring? Wait, do you know of a job? Seriously, do you know, like do you know of anything though?  Like, oh please, do you know of anything?",Question,Question
No.  I'm just saying though that if I was a person who was hiring somebody I-- --would not hire someone who was angry or upset.,Statement Opinion,Disagreement
Yeah.,Backchannel,Acknowledge
I come across angry?,Question,Question
No.,Answer,Disagreement
What?,Question,Question
"Well, you know a little.  If you were to listen to--",Answer,Statement Opinion
"Okay.  You're my friend you can tell me stuff.  You can tell me honestly stuff, okay?  Please.",Command,Command
I just don't want you to fly off the handle.,Statement Opinion,Statement Opinion
"Okay, I'm not flying off the handle I don't think I'm flying off the handle here at all.",Agreement,Statement Opinion
You kind of have a short fuse.,Statement Opinion,Statement Opinion
I have a short fuse?,Question,Statement Opinion
Yeah.,Agreement,Acknowledge
"Okay. Okay no, no, no, no okay no, I need to hear this more. Come on, bring it.",Command,Command
"Like this, right now we're trying have a conversation.",Statement Non Opinion ,Statement Opinion
We're trying to have a conversation and you seem extremely hostile. You keep cutting me off.,Statement Opinion,Disagreement
"Well, it's 'cause I can't get a job, okay?",Statement Opinion,Answer
I'm not always right I'm just--,Disagreement,Statement Opinion
I can't finish the sentence with you without you jumping in...,Statement Non Opinion ,Disagreement
...and you're always right.,Statement Opinion,Disagreement
fine okay.,Agreement,Acknowledge
You have an excuse for everything.,Statement Opinion,Disagreement
[BREATHING],Others,Others
I'm just saying that maybe you should take in some information before you produce more of your own.,Statement Opinion,Statement Opinion
I'm like a sponge I'm like soaked up with all this information for like three years I'm just dying for a job to like put it in to.,Statement Opinion,Statement Opinion
[BREATHING],Others,Others
That's -.,Backchannel,Statement Non Opinion
"You know, and like I don't think it's that much to ask. I know.",Statement Opinion,Statement Opinion
"Well, what kind of field are you looking to go into?",Question,Question
That's it.,Statement Non Opinion ,Acknowledge
Can I help you?,Question,Question
"Yes, please help me.  Where is my bag?",Question,Question
I need a little more information.,Statement Non Opinion ,Question
"Where is my bag?  Come on, I've been here for four hours.",Statement Non Opinion ,Question
What- What flight did you come in on?,Question,Question
"Okay, I'm coming in from Atlanta.",Answer,Statement Non Opinion
Georgia?,Question,Question
"Yes, Georgia.  Good for you I need my bag.  Can you...",Answer,Acknowledge
"There's no need for you to raise your voice, sir.",Statement Opinion,Disagreement
I've been college educated.,Statement Non Opinion ,Statement Non Opinion
I speak your language.,Statement Non Opinion ,Statement Non Opinion
Are you insinuating that I don't have a college education and that- for some reason that makes you a better person than I am?,Question,Question
"Listen, shut your smug mouth, okay?  I don't need that.",Command,Command
I'm just saying you don't need to talk to me like I-,Statement Non Opinion ,Statement Opinion
I've been sitting here for four hours.,Statement Non Opinion ,Statement Non Opinion
I'm not a child.,Statement Non Opinion ,Disagreement
I've been here for sixteen.,Statement Non Opinion ,Statement Non Opinion
You people have just been tossing me around like a used hanky.,Statement Opinion,Statement Opinion
I come here every single day.,Statement Non Opinion ,Statement Non Opinion
You work here.,Statement Non Opinion ,Command
"Details, Details.  Well, anyhow can I--",Question,Backchannel
so you flew in from Atlanta...,Statement Non Opinion ,Question
My bag from Atlanta.,Statement Non Opinion ,Statement Non Opinion
Four...Four hours ago.,Statement Non Opinion ,Answer
It's a little black bag with wheels.,Statement Non Opinion ,Statement Non Opinion
Do you have any i-?,Question,Question
That you wouldn't let me put in the overhead compartment.  You said I had to check it.,Statement Non Opinion ,Statement Non Opinion
I wouldn't let you?   I was not in Atlanta. I was not in Atlanta.,Statement Non Opinion ,Disagreement
It's a tiny little bag.,Statement Non Opinion ,Statement Non Opinion
I had nothing to do with the boarding attendance.  I'm sorry that your seat was wherever it was.,Apology,Apology
"It was right in the middle of five different people.  I had a huge fat lady next me, a crying kid on left I went like can I please get a Bloody Mary, please? Will you bring a Bloody Mary?",Statement Non Opinion ,Question
"I have some unfortunate news, uh, that your bag isn't going to be--",Statement Non Opinion ,Apology
 --arriving any time soon.,Statement Non Opinion ,Command
"Just had a really, really stressful day, okay?  And I need my bag; can you please help me get my bag?",Question,Statement Opinion
I'm really sorry to tell you this but...,Apology,Apology
Okay.,Agreement,Acknowledge
It's not.  I can offer you fifty dollars and a reimbursement gift cards for our airline...,Statement Non Opinion ,Disagreement
...and your future...,Statement Non Opinion ,Statement Non Opinion
"I'm sorry, wait a minute.  Are you saying I'm not going to get my bag at all?",Question,Question
No.,Answer,Disagreement
It's gone.,Question,Statement Non Opinion
Yes.,Answer,Answer
Where is it?  Where did it go?,Question,Question
We've actually...,Answer,Statement Non Opinion
You mean did someone steal it? Do people steal bags?,Question,Question
They do as matter of fact.  We don't like to publicize it because,Answer,Statement Opinion
people wouldn't Fly our airline.,Statement Non Opinion ,Statement Opinion
Probably people that work for your company huh?,Statement Opinion,Statement Opinion
Do you know what was in that little bag that I could have just easily put in overhead compartment but no I had to check?,Statement Opinion,Question
What was that?,Question,Question
My computer which has all of my data which I'm collecting right now.,Answer,Statement Non Opinion
That's unfortunate.,Statement Opinion,Acknowledge
Yeah it's really unfortunate you know why because I'm going to get fired if I don't get that.  So I need to have that back.,Statement Opinion,Statement Opinion
That's too bad.,Statement Opinion,Acknowledge
"Fifty dollars is not going to cover me for my job, okay?",Statement Non Opinion ,Disagreement
I wish I could give it to you.,Statement Opinion,Statement Opinion
Well you need to find it. Can I just go back there and look through the bags?  Can I just go back there and just go through maybe I'll find it.,Statement Opinion,Question
I wish I-,Statement Opinion,Statement Opinion
That's not - no.,Statement Non Opinion ,Disagreement
No.,Statement Non Opinion ,Disagreement
It'll be a lot more than what you're doing sitting here and just give me lip service.  I'd like to go back at least do some aggressive searching for my stuff.,Statement Opinion,Command
We have plenty of aggressive searching going on it's not there.  Someone's taken it.,Statement Non Opinion ,Statement Opinion
"Sure, yeah right you have plenty of aggressive searching going on, aggressive searching, drinking coffee and smoking cigarettes.",Statement Opinion,Disagreement
I know what you guys do when you're not working you're union people; you just sit around on your ass.,Statement Opinion,Statement Opinion
You know I don't need to take this sort of abuse.,Statement Opinion,Statement Opinion
"Well, I don't need to take this kind of abuse either.  I just was trying get back to Atlanta. I just got home, I just want to get my bag and get my stuff. And keep my job.",Statement Non Opinion ,Disagreement
That's fantastic.,Acknowledge ,Agreement
Then why don't you take your fifty dollars. Get yourself a taxi and go shopping tomorrow.,Statement Opinion,Command
[BREATHING],Others,Others
Thank you very much.,Greeting,Acknowledge
You okay?,Question,Question
"Yeah, I'm just-- yeah",Answer,Backchannel
"Just kind of feel numb, you know.",Statement Opinion,Statement Opinion
What's happened?,Question,Question
You didn't even hear?,Question,Disagreement
[BREATHING] Umm.,Backchannel,Backchannel
God I've told this story so many times. Umm.,Statement Non Opinion ,Statement Opinion
You don't have to if you don't want to.,Statement Non Opinion ,Statement Opinion
I just...I just basically lost someone that was really close to me.,Statement Non Opinion ,Statement Opinion
"And I've kind of been dealing with all of the...the stuff, you know the hospital and people work because...",Statement Non Opinion ,Statement Opinion
I'm sorry to hear that.,Apology,Apology
"He kind of didn't have anyone to take care of that for him, so--",Statement Non Opinion ,Statement Opinion
You've been taking care of it all?,Question,Statement Non Opinion
Oh Jesus.,Backchannel,Acknowledge
It's just really...really messed up.,Statement Opinion,Statement Opinion
He sick for awhile?,Question,Question
No.,Answer,Disagreement
Just like it.,Statement Non Opinion ,Statement Opinion
Was it an accident?,Question,Question
"No, I mean it just came on really quick, you know I mean it was a [GARBAGE] it was a sickness but it just --",Answer,Disagreement
how was sick?,Question,Question
What?,Question,Question
"Well, I'm confused.  He was sick or it was an accident?",Question,Question
"He was sick. He got sick. He got sick but it happened really, really fast, you know.",Answer,Statement Non Opinion
Oh. Really fast? Oh.,Agreement,Backchannel
It was kind of like boom... done,Statement Non Opinion ,Statement Non Opinion
Yeah.,Backchannel,Acknowledge
It's just really weird because he was really young you know and it kind of like...,Statement Opinion,Statement Opinion
Yeah.,Backchannel,Acknowledge
 --it just kind of freaks you out.,Statement Opinion,Statement Opinion
"Totally, yeah.",Agreement,Agreement
So weird you know that like one days it's like you know sounds so stupid but like one day someone's here. And like next day you know they're not here and it just kind of makes you like think about like life and mortality and like that kind of stuff.  You just like used to take for granted--you know.,Statement Opinion,Statement Opinion
Mmhmm.,Backchannel,Backchannel
Lock,Backchannel,Command
Mmhmm.,Backchannel,Backchannel
The plans you make [GARBAGE].,Statement Non Opinion ,Disagreement
"Exactly, you know, and like he had so many plans and he was going to do...",Agreement,Agreement
It leaves a hole for you too.,Statement Opinion,Statement Non Opinion
"so many things, you know?",Statement Non Opinion ,Statement Opinion
"It leaves a hole for you too, in your plans together.",Statement Opinion,Statement Opinion
What?,Question,Question
Yeah.,Agreement,Acknowledge
It gets better.,Statement Opinion,Statement Non Opinion
"He was a really, really good guy.",Statement Opinion,Statement Opinion
Mmhmm.,Backchannel,Backchannel
A lot of people loved him.,Statement Non Opinion ,Statement Opinion
MMhmm.,Backchannel,Backchannel
"You know, it's like affecting a lot of people it's not just me, you know?",Statement Opinion,Statement Opinion
Mmhmm.,Backchannel,Backchannel
How long did you know each other?,Question,Question
Umm...,Backchannel,Backchannel
For like eight years.,Answer,Statement Non Opinion
That's a long time.,Statement Opinion,Acknowledge
Yeah.,Agreement,Acknowledge
It's good that you were there.,Statement Opinion,Statement Opinion
"Yeah, I'm glad I was there. Glad I- glad I got to be there.",Agreement,Acknowledge
"So weird,",Statement Opinion,Statement Opinion
Yeah.,Backchannel,Acknowledge
"like I can't...it's like you know it's like ""pinch me"" it's like I can't believe like I'm dealing with this, you know.",Statement Opinion,Statement Opinion
Are there things you wish you'd done differently?,Question,Question
Check this out.  You know how I've told you I've been really into like softball recently?,Question,Command
Yeah.,Answer,Acknowledge
"Well, this is totally random, I got this full ride scholarship to go to U.S.C next year to play softball.",Statement Non Opinion ,Statement Opinion
[LAUGHTER]. For softball? That's unbelievable. Is it slow pitch?,Question,Question
For softball.  They're going to pay me to go to school. Isn't that awesome?,Question,Question
"Yeah.  Well, I don't--well yeah I can pitch, I'm not like the pitcher though. I'm like the pinch hitter guy I mostly just hit.  But I guess I'm going to have to... Yeah, and then I play shortstop too but... It's so ex- The good news is I get to stay here.",Statement Non Opinion ,Statement Opinion
Uh huh.,Backchannel,Backchannel
Pinch hitting softball.,Statement Non Opinion ,Statement Non Opinion
That is incredible.,Acknowledge ,Statement Opinion
That's amazing. They pay for everything?,Question,Statement Opinion
"I know. For softball, yeah.",Agreement,Acknowledge
"Your housing, books, everything? That is incredible.",Question,Question
"Yeah, everything. Every like- free ride and I get to, you know, like be on like a Trojans sports team too. And it's like cool. Isn't it awesome?",Answer,Statement Opinion
That is incredible. Do you get like a per diem?,Question,Question
"I don't know. I should ask. Yeah, I will.",Answer,Statement Opinion
You should...You should look into that.,Statement Opinion,Command
"That is amazing, congratulations. Good for you.",Acknowledge ,Acknowledge
Thank you.,Greeting,Acknowledge
But I don't know I want to live in the housing that they give me though 'cause I think I want to you know like get like a nicer place.,Statement Opinion,Statement Opinion
Oh.,Backchannel,Acknowledge
"Yeah, that you probably. You should see one of these Victorian houses around by.",Statement Opinion,Statement Opinion
Where should I move?,Question,Question
"That's a really good idea. Or I could go to like Santa Monica. Go beach. Venice beach, yeah a little dirty though. I don't want to go to Venice beach. But - Malibu. All right.",Statement Opinion,Statement Opinion
Oh. Venice beach.,Statement Non Opinion ,Acknowledge
"Oh, you don't like that. You're west-sider?",Question,Disagreement
"Okay. That would be way too much of a commute you can't do that. Especially- I know especially from--I don't know, what I was going to say, I don't know.",Statement Non Opinion ,Statement Opinion
Professional softball player Malibu. [LAUGHTER],Statement Non Opinion ,Statement Non Opinion
From where? Huh? Well I'm from San Francisco.,Statement Non Opinion ,Statement Non Opinion
I don't know. Commuting from what Malibu that would be ridiculous.,Statement Opinion,Disagreement
"Oh yeah, that would be.  Well, depends on what type of car you had, though too. I guess it would be worth it. helicopter. Yeah, helicopter.  There is a helipad there, right? Yeah, exactly.",Statement Non Opinion ,Backchannel
Oh yeah. He'd drop you right off at practice?,Question,Acknowledge
Do you--are you one of those like four a clock in the morning practices?  Is it--that's more like swimming and- --ballet and things like that.,Question,Question
Yeah. I think it's in the afternoon 'cause I mean can't be too early 'cause then you can't see the ball.,Answer,Statement Opinion
They have those neon--softballs.  They're like day-glow you can see them anywhere.,Statement Non Opinion ,Statement Opinion
"Yeah, but no. Well, they have a night games but you know there's more like night games they're not like morning games, you know. I guess it's kind of same thing.",Statement Non Opinion ,Disagreement
I'm surprised you don't know that.,Statement Opinion,Statement Opinion
Oh. That is incredible. Is it--,Acknowledge ,Statement Opinion
"do they have a--is it a co-ed softball team?  I mean... Really? You know, I didn't even know that they have that.",Question,Question
No it's all boys. All boys' softball team.,Answer,Disagreement
They do it's--believe me it's huge.,Command,Statement Opinion
Who do you play? Like do--are you like... nationally ranked?,Question,Question
I just got into it. I just kind of fell into it. Literally I was walking around and...,Answer,Statement Non Opinion
That is unbelievable.,Acknowledge ,Statement Opinion
It's pretty wild.,Statement Opinion,Statement Opinion
I would put that right up there with--ping-pong.,Statement Opinion,Statement Opinion
"Yeah, well I doubt [GARBAGE] ping pong [GARBAGE]",Agreement,Disagreement
I mean not to denigrate what you are doing.  I think that's great.,Statement Opinion,Agreement
Oh you mean it's not really sport that what you're saying?,Question,Disagreement
"No, no.  I love softball. I played softball all the time.",Answer,Disagreement
It's totally a sport. What are you talking about?,Question,Disagreement
"What, just 'cause I don't play regular baseball doesn't mean I'm like any less of like a sports guy.",Statement Opinion,Statement Opinion
I am not saying you should be. I'm not no. I think it's great I think you should be incredibly proud yourself especially because you're going to U.S.C for free for doing it. For free.,Statement Opinion,Statement Opinion
For free that's really what it's about. I mean who cares I mean if I have to play softball all the time?,Statement Opinion,Statement Opinion
But they got to like drive around in a bus--that would suck.,Statement Opinion,Statement Opinion
Oh really? With the whole team?,Question,Question
Yeah we have like away games and stuff.,Answer,Acknowledge
What are your teammates like? I'm sure you don't know yet? What kind of people play softball?,Question,Question
They're nice.,Answer,Statement Opinion
"Like, you know like police officers, like--kind of heavyset guys. Mustaches, yeah. It's that kind of-",Answer,Statement Opinion
Oh really?,Question,Backchannel
Cool. You don't seem like you'd fit in there.,Statement Opinion,Statement Opinion
That kind of...They're okay.  No I'm like- I'm kind of like the odd man out I'm like...,Statement Opinion,Statement Opinion
"Oh, cool.",Agreement,Backchannel
But you know I'm like [GARBAGE].,Statement Non Opinion ,Statement Opinion
You're like the rookie? The new kid.,Statement Opinion,Question
Yeah.,Agreement,Acknowledge
Just watch in five years you'll be like on the force. You carry around donuts in your back pocket... [LAUGHTER],Statement Non Opinion ,Statement Opinion
I'm going to have a mustache...On the force...,Statement Opinion,Statement Non Opinion
Pull over..,Statement Non Opinion ,Command
What he's going to say?,Question,Question
He saw it.,Answer,Statement Non Opinion
When?,Question,Question
He was out here at four this morning.,Answer,Statement Non Opinion
How could he see it?  I was the first one up and he was still in bed.,Question,Question
I was out here at four this morning I heard a crack and I looked out the window and he was standing right over there.,Answer,Statement Non Opinion
What was he doing here at four in the morning?,Question,Question
I don't know.  But he went back in the kitchen and he cried.,Answer,Statement Non Opinion
Did you talk to him?,Question,Question
No.  I figured I'd just let it wait.,Answer,Disagreement
Cried hard?,Question,Question
"Yeah, I could hear him crying through the floorboards in my room.",Answer,Acknowledge
[BREATHING],Others,Others
What is he doing out here at that hour?,Question,Question
I don't know.,Answer,Answer
"He's dreaming about him again, walking the streets.",Statement Non Opinion ,Statement Non Opinion
I guess he is.,Agreement,Statement Opinion
It's getting to be just like after he died.  What is the meaning of that?,Question,Statement Opinion
I don't know the meaning of it.  But I know we've made terrible mistake with father.,Statement Opinion,Statement Opinion
What?,Question,Question
"I mean, these kinds of things, man they always come back at you.  And this is definitely coming back to us.",Answer,Statement Opinion
What do you mean a mistake?,Question,Question
"I just--why shouldn't he walk the nights waiting for him, huh?  Do we contradict him do we say we don't have any hope any more that he's not coming back?",Question,Question
"What do you want to do, argue with him?",Question,Question
"I don't want to argue with him, it's just for God's sake it's time he realized that no one believes with him any more.",Answer,Disagreement
You can't say that to him.,Command,Disagreement
I got to.,Disagreement,Command
"What, can you prove it?  What proof do you have?  Can you prove it?",Question,Question
"For God's sake, three years?  Nobody comes back after three years. It's insane.",Statement Opinion,Statement Opinion
"To you it is, to me it is.  But to your father?  You can talk yourself 'til you're blue in the face but there's was no grave and there is no body.  So where are you?",Statement Opinion,Disagreement
"Okay, all right.  Mom, sit down.  I want to talk to you.",Statement Non Opinion ,Command
The trouble is those god damn news papers.  Every month some boy comes back missing longer then Larry so--,Statement Non Opinion ,Statement Opinion
"Yeah, okay all right, all right.  Listen, um, you know why I asked Annie here, right?",Question,Command
Why?,Question,Question
You know.,Answer,Backchannel
"Well, I've got an idea but what's the story?",Question,Question
I'm going to ask her to marry me.,Answer,Statement Non Opinion
"Well, that's only your business, Chris.",Statement Opinion,Statement Opinion
You know it's not just my business.,Disagreement,Statement Opinion
"Well, what do you want me to do?  You're old enough known your own business.",Statement Opinion,Command
So it's okay then?  I'm just going to go ahead with it?,Statement Non Opinion ,Question
You want to make sure that your father's not going to...,Statement Non Opinion ,Command
"See.  Then it's not just my business. Sometimes you infuriate me, you know that?  You know it's just your business too if I tell father and he throws a fit about it, huh?",Statement Opinion,Disagreement
I'm just saying.,Statement Non Opinion ,Statement Non Opinion
I'm sorry.  I ignore what I've got to ignore. That girl is Larry's girl.,Statement Non Opinion ,Apology
She is not Larry's girl.,Disagreement,Disagreement
"From father's point of view he is not dead and you have no right to take his girl.  I'm just saying that you can go on from there if you know where to go but I'm saying I don't know where to go.  See, I don't know.",Statement Non Opinion ,Statement Opinion
I don't know why it is you know every time I reach out for something I have to pull back 'cause I'm afraid it's going to hurt somebody.  All my life...,Statement Opinion,Statement Opinion
You're a considerate fellow.  There's nothing wrong in that.,Statement Opinion,Statement Opinion
To hell with that.,Statement Opinion,Disagreement
Did you ask Annie yet?,Question,Question
"No, I wanted to get this all sorted out first.",Answer,Disagreement
"Well, how do you know she's going to marry you?  Maybe she feels same way your father does.",Question,Question
"Well, if she does then that's the end of it.  However from her letters I think she's pretty much forgotten him.",Answer,Statement Opinion
"The trouble is you don't see enough women, you never did.",Statement Opinion,Statement Opinion
So what?  I'm just--I'm not fast with women.,Statement Opinion,Disagreement
I don't see why it has to be Annie.,Question,Disagreement
Because it is.,Answer,Statement Non Opinion
"That's a good answer but it doesn't answer anything.  You haven't seen her since you went away to war, it's been five years.",Statement Non Opinion ,Disagreement
"I don't know, it I think of her, I grew up next to her.  She is what I think of when I think of a wife.",Statement Non Opinion ,Statement Opinion
"He thinks he's coming back, Chris.  You marry that girl you're pronouncing him dead.",Statement Non Opinion ,Statement Opinion
"Do you know what that'll do to you, to your father, do you know?  I don't.",Question,Question
All right then.,Acknowledge ,Acknowledge
Give it some more thought.,Command,Command
I've given it lots of thought.  And I keep coming back to the same thing.,Statement Non Opinion ,Statement Opinion
"When I think of a family, when I think of my future I see Annie in the center of that and you know and if that can't happen here then I'll go somewhere else.",Statement Opinion,Statement Opinion
What the hell is this?,Question,Question
I'll leave.  I'll get married and move somewhere else maybe New York.,Answer,Command
Are you crazy?,Question,Question
I'll do it.,Statement Non Opinion ,Command
You have a business here.  I said what the hell is this?,Question,Statement Non Opinion
Business?  The business doesn't inspire me.,Answer,Disagreement
"Oh, must you be inspired.",Question,Statement Opinion
"Yes, yes I like it for one hour a day.  I don't care if I have to grub for money all day long when I come home I want it nice, I want a family, I want to kids and Annie is in the center of that.",Answer,Statement Opinion
If that can't happen here...,Statement Non Opinion ,Statement Non Opinion
You mean to tell me you would leave the business for this.,Question,Question
"Yes, on this I would.",Answer,Agreement
"Well, you don't want to think like that.",Command,Disagreement
Then help me stay here mom.,Command,Command
"All right but you don't think like that because what the hell is this all for.  This is all for you, what are we working for Chris? The whole shooting match is for you.",Statement Non Opinion ,Disagreement
"I know, I know.",Agreement,Acknowledge
Then help me stay.,Command,Command
"Well, you don't think like that.",Command,Disagreement
I am thinking like that.,Statement Non Opinion ,Statement Opinion
"I don't understand you, do I?",Question,Disagreement
"No, you don't.  I'm a pretty tough guy.",Answer,Disagreement
"Well, I can see that.",Agreement,Acknowledge
Why did he invite her here?,Question,Question
"Well, maybe he wanted see her.",Answer,Statement Opinion
It's been three and a half years.  Why all of a sudden?,Question,Question
"Well uh, He grew up next door to the girl, why wouldn't he want to see her?",Question,Statement Opinion
Don't look at me like that.  He didn't tell me anything he told you.,Statement Non Opinion ,Command
He's not going to marry her.,Command,Disagreement
How do you know he's even thinking about it?,Question,Question
it's got that about it.,Answer,Statement Opinion
Oh so what?,Backchannel,Disagreement
"What is going on here, Joe?",Answer,Question
"Okay, now listen, kids...",Command,Command
The girl is not Larry's.  If the girl is Larry's girl she's not his she know she's not.,Statement Non Opinion ,Statement Non Opinion
Listen. Line. You can't read her mind.,Statement Non Opinion ,Command
Then why is she still single?  New York is full of men probably a hundred people told her she is crazy but she is waited.,Question,Question
And how do you know why she's waited.,Question,Question
Because she knows what I know that's why.  She's faithful as a rock. in my darkest moments I think of her waiting and I know that I'm right.,Answer,Statement Opinion
"Okay, look it's a beautiful day.  Why are we arguing?",Question,Question
"Nobody in this house dares take away her faith Joe.  Her- strangers might but not her father, not her brother.",Statement Opinion,Statement Opinion
What do you want me to do?  What do you want?,Question,Question
"I want you to---act like he is coming back.  Don't think I haven't noticed you, both of you since Chris invited her here.  I won't stand for any nonsense.",Statement Opinion,Command
Kate...,Others,Statement Non Opinion
Because if he's not coming back then I'll kill myself.,Statement Opinion,Statement Opinion
[BREATHING],Others,Others
"Oh, laugh at me, laugh all you like but why does this happen to very night she comes back?  She goes to sleep in his room and his memorial breaks in pieces.  Look at it, Joe look.",Statement Opinion,Statement Opinion
"All right, calm yourself.",Command,Command
"Believe with me Joe, you got to believe. Only last week a boy came back missing longer then Larry you read it yourself.",Statement Non Opinion ,Command
"Okay, calm yourself. Alright.",Command,Command
calm yourself.,Command,Command
You above all have got to believe. Just don't stop believing.,Command,Command
What does that mean? Me above all? What does that mean?,Question,Question
Look at you. You're shaking.,Statement Non Opinion ,Command
I can't help it.,Statement Non Opinion ,Statement Non Opinion
"What the hell do you want from me, Kate?",Question,Question
The only one I know still love his parents.,Statement Opinion,Statement Opinion
"Yeah, that kind of went out of style didn't it?",Question,Agreement
Oh it's not bad thing it's good thing.,Answer,Agreement
"You know it's nice here, the air is sweet.",Statement Opinion,Statement Opinion
You're not sorry you came?,Question,Disagreement
"Not sorry, no.  I can't stay here.",Answer,Disagreement
Why not?,Question,Question
For one thing your mother as much as told me to go.,Answer,Statement Opinion
Well.,Backchannel,Backchannel
[BREATHING] And then you've been kind of...,Statement Non Opinion ,Others
What?,Question,Question
You've been kind of embarrassed ever since I got here.,Statement Opinion,Statement Opinion
"I was kind of planning on sneaking up on you, you know over like a course of a week or so. They just take for granted that we're already set.",Statement Non Opinion ,Statement Opinion
"I knew they would, your mother anyway.",Agreement,Statement Opinion
You did?,Question,Statement Non Opinion
From her point of view why else would I come?,Answer,Statement Opinion
Yeah--,Agreement,Acknowledge
"So then would you want to?  I mean I guess, you kind of have to know, maybe that's why I asked you to come.",Question,Question
Well I guess that's why I came.,Answer,Statement Opinion
"Ann, I love you.  I love you.",Statement Non Opinion ,Statement Opinion
I love you a great deal.,Statement Non Opinion ,Statement Opinion
I'm sorry I don't really have much of an imagination.,Apology,Apology
"Chris,",Backchannel,Greeting
"I'm sorry I'm embarrassing you, aren't I?  See, I didn't want to do it here I didn't on this porch, with this ring--I didn't want to win you away from anything.",Apology,Apology
"I've been ready a long, long time.",Statement Non Opinion ,Statement Non Opinion
So then he's gone.  You sure?,Question,Question
I almost got married two years ago.,Statement Non Opinion ,Statement Non Opinion
Why didn't you?,Question,Question
You started to write me.,Answer,Statement Non Opinion
You felt something that far back?,Question,Question
Everyday since.,Answer,Statement Non Opinion
why didn't you let me know?,Question,Question
"Because I was waiting for you, Chris.  Till then you never wrote me and then when you did, well, you sure can be ambiguous you know.",Answer,Statement Opinion
"Oh Annie, why don't you go ahead and give me a kiss, come on just a...",Command,Command
I kissed you.  I kissed Annie.,Statement Non Opinion ,Statement Non Opinion
I'll never forgive you for waiting so long.  All I did was sit around and wonder if I was crazy for thinking about you.,Statement Non Opinion ,Disagreement
I kissed you.,Statement Non Opinion ,Statement Non Opinion
"Like Larry's brother.  Do what like you, Chris.",Statement Non Opinion ,Command
"Chris, what's the matter?",Question,Question
Do you want to go somewhere?  Let's go.,Question,Command
"No, what is it?  Is your mother?",Question,Disagreement
"No, no, it's nothing like that.",Answer,Disagreement
"Well, then what?  You know, even in your letter you seem kind of ashamed.",Question,Question
I don't know it's--it's complicated. But it's going from me now.,Answer,Disagreement
You got to tell me.,Command,Command
I don't know.,Statement Non Opinion ,Answer
It's kind of all mixed up with all these other things.,Statement Non Opinion ,Statement Opinion
Wouldn't work like this.,Statement Opinion,Disagreement
you know over seas I was in command of the company?,Question,Statement Non Opinion
"Yeah, sure.",Agreement,Agreement
Well I lost them.,Statement Non Opinion ,Statement Non Opinion
How many?,Question,Question
Pretty much all.,Answer,Statement Non Opinion
[BREATHING]. Geez.,Backchannel,Acknowledge
"Takes awhile to toss something like that off.  I mean they weren't just men, you know.",Statement Opinion,Statement Opinion
"For instance, there was this one time when this kid--it had been raining for like several days and he gave me his last pair of dry socks.",Statement Non Opinion ,Statement Non Opinion
He just put it in my pocket that's the kind of guys I had.,Statement Non Opinion ,Statement Opinion
"They didn't die they killed themselves for each other and I mean that exactly, you know a little more selfish and they'll all be here today...",Statement Opinion,Statement Opinion
"And I had this idea as I was watching them go down like everything was being destroyed, you know.  But I felt like this one new thing was being made, you know it's kind of like this.  This monument...",Statement Non Opinion ,Statement Opinion
"You know, that they were bringing something on to this earth, a kind of sacrifice you know.",Statement Opinion,Statement Opinion
"I thought I would change everything you know, and I got back here and it was- it was like nothing had changed at all...",Statement Non Opinion ,Statement Opinion
You know.  I went to work with dad and I started that whole rat race again...,Statement Non Opinion ,Statement Non Opinion
And no one had changed it was just like sort of random bus accident to them.,Statement Non Opinion ,Statement Opinion
Driving my new car and I felt guilty you know opening my bank book seeing a new refrigerator.,Statement Non Opinion ,Statement Opinion
Cause you can take those things out of a war.  But you have to realize that those things came out of the love that a man can have for another man...,Statement Opinion,Statement Opinion
And if you can't see that then it's just loot and there's blood all over it.,Statement Opinion,Statement Opinion
I felt ashamed and I didn't want any part of it.  I guess I included you too.,Statement Opinion,Statement Opinion
Do you still feel that way?,Question,Question
I want you to know Annie.,Answer,Statement Non Opinion
"Cause you mustn't feel that way.  Everything you have, you have a right to...",Statement Opinion,Command
Everything Chris do you understand that?  To me too...,Question,Question
And your money there's nothing wrong in your money.  Your father put hundreds of planes into the air.  You should be proud of that a man should be paid for that.,Statement Opinion,Statement Opinion
Annie...,Backchannel,Greeting
I'm going to make a fortune for you.,Statement Non Opinion ,Command
What would I do with a fortune?,Question,Question
"What time is it?  God, this is great, isn't it?  I can't believe it.",Question,Question
"Of course I did want to a little further up the coast you know get away from all the lights and people and everything.  Is it midnight, do they always start at midnight?  Is that what it is midnight?  How you doing, huh? You okay?  That's good.",Question,Question
I'm fine.,Answer,Answer
"Look, there what's that, what's that?  Is it--",Question,Question
"No, I think that's just foam.",Answer,Disagreement
Ugh...,Backchannel,Acknowledge
"Oh, no I can't tell though.  Although probably if you can't tell it probably isn't them right, yeah.  Probably going to be like unmistakable, right?",Statement Opinion,Disagreement
"Gosh, this is great, isn't it?  This is awesome.  Oh, no you know what I forgot?",Question,Statement Opinion
My flashlight.  How could I forget my flashlight?  God--,Answer,Question
What flashlight?,Question,Question
Flashlight the silver one.  There's only one isn't there?,Answer,Command
That's not your flashlight.,Disagreement,Disagreement
Whose is it?,Question,Question
"It's ours; it's my flashlight, too.",Answer,Statement Opinion
"Oh, well, yeah of course.",Agreement,Agreement
"You keep saying ""my flashlight"" like somehow it's just yours. How's that supposed to make me feel?",Question,Disagreement
"Of course, our flashlight.  What's your is mine, mi flashlight es su flashlight.",Answer,Agreement
"Gosh, I should have brought it. I can't believe I forgot that.",Statement Non Opinion ,Apology
"It's a nice moon though, should stay full.  Do they always run during a full moon?  I can't remember was it full last year?",Question,Question
Yeah.,Answer,Acknowledge
Are you all right?  Are you okay?  You cold?  Do you want to my jacket? My jacket? No?,Question,Question
No.,Answer,Disagreement
"You know what we should've brought a blanket too.  Man, our blanket, our blanket.  Wish I had six-pack too, a six-pack would be just the ticket right about now, huh, six-pack.",Statement Opinion,Statement Opinion
What's wrong?  Are you okay?  Huh?  You cold?,Question,Question
I'm fine.,Answer,Answer
"Oh yeah, I'm so excited right now I'm like a kid.",Statement Opinion,Statement Opinion
I can't believe I got out of the house without my fly zipped up even.,Statement Opinion,Statement Opinion
I wonder if they can hear me talk,Statement Opinion,Question
"I wonder if they can hear me talking, you know.",Statement Opinion,Statement Opinion
Like feel the vibrations in the sand when we move around.,Statement Opinion,Command
I'm cold.,Statement Non Opinion ,Statement Non Opinion
Do you want my jacket?,Question,Question
"It's after eleven, let's go home.",Command,Command
What are you kidding?  We just got here.  We don't want to turn around and go home now.  What's the point coming all the way down here?,Question,Disagreement
There is no point.,Answer,Statement Non Opinion
Right.,Agreement,Acknowledge
That's my point.,Statement Non Opinion ,Agreement
That's my point too.,Statement Non Opinion ,Agreement
Then let's go.,Command,Command
"No, wait no, no that's not my point.  My point is there is no point and coming all the way down here if we just turn around and go home.",Statement Non Opinion ,Disagreement
Don't you want to see it?,Question,Question
Not particularly.,Answer,Disagreement
Why not?,Question,Question
"I just don't, it's stupid.",Answer,Disagreement
It's not stupid.  It's a natural phenomenon.,Statement Opinion,Disagreement
People in Kansas would have to get plane tickets and make hotel reservations to see this.  It's only forty minutes away; it's just too good to pass up.,Statement Opinion,Statement Opinion
"Pass what up?  These little fish swim out of the ocean, they flop around on the sand then they swim back and then they die.",Statement Non Opinion ,Question
Yeah but that like flopping around is what to do it's like spawning or mating or something.  This is like the highlight of their little fish lives.  It's like life's last orgy.,Statement Non Opinion ,Statement Opinion
"I don't know what you're so excited about.  This isn't a moon landing we're talking about, it's fish, it's a fish nobody even eats.",Statement Opinion,Disagreement
"Yeah, they do.",Disagreement,Agreement
"Oh, Augie.",Backchannel,Acknowledge
"Well, okay whatever, okay but it's a fish who do something that like no other fish do, you know, it's like those swallows that return to Capistrano or those like those lemmings that jumped off the cliffs, you know.",Statement Opinion,Statement Opinion
"It's like a little bit of the unexplainable, a little magic, a little mystery.  I just don't see how you can not be interested in this.",Statement Opinion,Statement Opinion
I'm not.,Statement Non Opinion ,Disagreement
For real?,Question,Question
Yes.,Answer,Agreement
All right.,Agreement,Acknowledge
"I don't get it though, I mean the first time we came here you said it was like the best night of your life...",Statement Non Opinion ,Disagreement
And last year I remember like distinctively you were so excited to get here that you didn't realize you stubbed your toe until we were in a car.,Statement Non Opinion ,Statement Non Opinion
"Last year, you'll also remember we got--our shoes got wet, I got sand in my panties, you got a sore throat, we got into a big fight and we did not see the grunions.",Statement Non Opinion ,Statement Non Opinion
We just weren't in a good spot though.,Statement Non Opinion ,Statement Opinion
We didn't see them the year before either.,Statement Non Opinion ,Statement Non Opinion
We just weren't in a good spot I'm telling you this is a much better spot.,Statement Opinion,Statement Opinion
"Come on, trust me I got instincts for these things, okay?  So just--just think about it all right?  Okay, I know you're not interested, think about it...",Command,Command
"Out there, there's like this big mass of silver fish they're heading this way...",Statement Non Opinion ,Statement Non Opinion
"They don't know why, we don't know why.  No one like sent them an invitation or gave them a map or direction...",Statement Non Opinion ,Statement Opinion
They just all turned at once and they just form this line as long as the California coast.  And they just started swimming...,Statement Non Opinion ,Statement Non Opinion
Like some little time release fire cracker went off inside their little tiny bodies.  And they all turned as one...,Statement Non Opinion ,Statement Non Opinion
"And form the line and started swimming, swimming that would bring them to this point here...",Statement Non Opinion ,Statement Non Opinion
It's like urgency that's pure urge you know.  It's single-mindedness with no mind.,Statement Non Opinion ,Statement Opinion
"It's crazy.  Look at this, I'm giving myself goose bumps, the hairs are standing up on my arm.",Statement Non Opinion ,Statement Opinion
That's the wind.,Statement Opinion,Statement Non Opinion
They're out there swimming right now...,Statement Non Opinion ,Statement Non Opinion
...to this spot for this massive celebration of like sex and death...,Statement Non Opinion ,Statement Opinion
"Look at this, my hairs are standing up my arm. I'm giving myself goose bumps.",Command,Statement Non Opinion
That's the wind.,Statement Opinion,Statement Non Opinion
"Well, so?  What do you think?",Question,Question
About what?,Question,Question
About what I was saying.,Answer,Backchannel
I think it's ridiculous.,Statement Opinion,Statement Opinion
It certainly is not.  It's like slightly exaggerated scientific fact.,Disagreement,Disagreement
It's a PR.,Statement Opinion,Statement Non Opinion
Somebody sold you a bill of goods that something amazing is going to happen on the beach.,Statement Opinion,Statement Opinion
"It's not just me, okay?  Look at like all the people.",Disagreement,Disagreement
They're all told the same thing.,Statement Opinion,Statement Non Opinion
"Everybody is believes that it keeps them excited, you know it keeps them coming back for more.",Statement Opinion,Statement Opinion
"Everybody keeps thinking that they can just find the right spot, you know they'll get it on the action.",Statement Opinion,Statement Opinion
Their life will start then.,Statement Opinion,Statement Non Opinion
Are we talking about the same thing?,Question,Question
I'm sorry it still just fish to me.,Answer,Apology
Can I ask you a question?  Are you on your period?,Question,Question
"Why do you ask me that?  God damn it, I told you not to ask me that I hate it when you ask me that. It's insulting.",Answer,Disagreement
"Okay, well then what's bugging you?",Question,Question
"I just, we just have different ideas of what this evening is supposed to look like.",Answer,Disagreement
"Is not supposed to like anything.  We come down here, we look at the fish, they arrive, we go woo-ah fish.",Statement Non Opinion ,Disagreement
"Oh. Grow up Augie, the fish are not going to come.",Statement Opinion,Command
And then we go home and they go home.,Statement Non Opinion ,Statement Non Opinion
Why not?,Question,Question
"Because they never do.  Do they, have they ever?",Question,Disagreement
We missed them twice.,Answer,Statement Non Opinion
Twice is every year we've tried that's ever.,Statement Non Opinion ,Statement Non Opinion
"Okay we'll see them this year, this is a much better spot. Trust me.",Statement Opinion,Statement Opinion
No we won't.  It's pointless it's like a waiting up to see Santa Claus.,Disagreement,Disagreement
"I feel like my whole life is going to be spent here on the beach with my eyes wide open and my hands clasped expectantly, waiting for fish to show up and the fish never show.",Statement Non Opinion ,Statement Opinion
"Okay, I'm trying to work this backwards",Statement Non Opinion ,Command
You don't understand anything I'm saying.,Disagreement,Disagreement
and figure out where we took a turn to the worst thing.,Statement Non Opinion ,Command
Of course not.,Agreement,Disagreement
"I did want to see it I still do, I always do.  I keep thinking that this time will be the time but it just never is.",Statement Opinion,Statement Opinion
"Okay.  I'm trying to work this backwards here and I'm trying to figure out the exact moment that you took a turn for the worst here, now.",Statement Non Opinion ,Statement Opinion
"you were fine during the phone call from Marge, dinner was okay, doing the dishes was fine.",Statement Non Opinion ,Statement Non Opinion
"Let's see, uh, I took a shower and, um, you were watching the news and you said the ""the Grunions are running tonight,"" and I said ""okay great, let's go.""",Statement Non Opinion ,Statement Non Opinion
So I'm putting the animals out we're getting the car to the garage and--,Statement Non Opinion ,Statement Non Opinion
Do you remember the first year we came here? It's about four years ago right after we got married.,Statement Non Opinion ,Question
We thought I was pregnant we had this bottle of champagne but no glasses.  You asked me to dance so we took off our shoes.,Statement Non Opinion ,Statement Non Opinion
"While we were dancing you said the softest most intimate things to me, right into my ears so I could feel them much as hear them.",Statement Non Opinion ,Statement Non Opinion
"And I remember thinking this is it. finally, finally I'm as happy as I'm supposed to be.",Statement Non Opinion ,Statement Opinion
"Wait a minute, I've got it.",Command,Command
"Dancing on the beach barefoot, drinking champagne from the bottle.",Statement Non Opinion ,Statement Non Opinion
"It was when we were driving passed that knickerbocker liquor locker and you would said, no you said ""let's get some champagne"" and I said ""no time to wasting"" or something like that.  That's what it is, right?",Question,Question
"You want this to be like the other times, right?",Question,Question
I'd rather not remember some things.  I'd rather not hope for some things.,Answer,Statement Opinion
"Oh right sure, of course.",Agreement,Backchannel
Do you want to dance?,Question,Question
No.,Answer,Disagreement
You want me to go get some champagne?,Question,Question
No.,Answer,Disagreement
Do you want to take off our shoes?,Question,Question
No.,Answer,Disagreement
What? Huh?,Question,Question
You want to get married again?,Question,Question
What?  What?  You want to divorce?,Question,Question
No.,Answer,Disagreement
A vacation?,Question,Question
No.,Answer,Disagreement
"A new carpet, a poodle, a suicide pact, ice cream, a back rub, what?  What?  What the hell do you want?",Question,Question
I want something to turn out the way that it's supposed to.,Answer,Statement Opinion
"Well, welcome to the human race.",Statement Non Opinion ,Greeting
You think nothing turns out how it's supposed to.  You think I had some grand idea going that four years down the line.  We would come to this beach and argue over fish?  No.,Statement Opinion,Statement Opinion
"You think there would be times when you'd look at me like I was used Kleenex and then I'd look at you and think ""Holy hell when is the next flight to Alaska.""",Statement Opinion,Statement Opinion
"No, no I'm just like you, I thought it was going to be all rosy cheeks and the bills would pay themselves and fish will always come and--",Statement Opinion,Disagreement
No.  You know what you get?  You know what you get?  You get this.,Statement Non Opinion ,Disagreement
This what?  What is this?  This isn't even anything.,Statement Non Opinion ,Question
"Yeah, it is.",Disagreement,Agreement
"Oh, sure this is standing on the beach, this is waiting, fighting.",Statement Opinion,Statement Opinion
Right.,Agreement,Acknowledge
This isn't anything like I thought anything would be.,Statement Opinion,Disagreement
I know me neither.,Agreement,Agreement
This is just this.  I mean it includes a lot and everything but it's--do you understand what I'm saying?,Question,Question
I'm doing the best I can.,Answer,Statement Non Opinion
"I know that Augie, I really do.",Agreement,Acknowledge
"I just can't help wishing that I was somebody, somewhere else.",Statement Opinion,Statement Opinion
Maybe if you were with somebody else too?,Statement Opinion,Statement Opinion
I didn't say that.,Disagreement,Disagreement
"No, I know but--I know I don't make you happy.",Statement Opinion,Disagreement
Are you kidding me?  For heaven sake Augie anything I'm doing I'd rather be doing it with you.,Statement Opinion,Disagreement
Yeah?,Question,Backchannel
"Yes, don't be ridiculous.  Don't you know that?",Question,Command
"You are the one who probably wishes he was with somebody else, someone who didn't take everything so seriously, someone who would enjoy yourself.",Answer,Statement Opinion
"Actually, you know what?  Now you mentioned that--no I don't.",Disagreement,Disagreement
So maybe we're in the wrong spot.  But we're with the right person.,Statement Opinion,Statement Opinion
"I don't know, just seemed like such a good spot to me.",Statement Opinion,Statement Opinion
We do have really good view of the moon from here though.,Statement Opinion,Statement Opinion
Oh I saw that.  Pretty isn't it. Big ol' white moon.,Statement Opinion,Statement Opinion
Look what we got here.,Statement Non Opinion ,Statement Non Opinion
"Augie, you brought refreshments.",Statement Non Opinion ,Statement Non Opinion
It's not champagne.,Statement Non Opinion ,Disagreement
I guess we don't need glasses.,Statement Non Opinion ,Statement Opinion
"Are you cold, huh?  Do you want to go home?",Question,Question
I'm beginning to think you might be right.  I think this might be the spot after all.,Answer,Agreement
"Augie, I'm sorry.",Apology,Apology
Shh...,Others,Command
"If we are really quiet, the fish might come.",Statement Opinion,Statement Non Opinion
Or not.,Statement Opinion,Disagreement
Or not.,Agreement,Disagreement
Good God.,Statement Non Opinion ,Statement Non Opinion
Do you think it's them?,Question,Question
I wonder.,Answer,Statement Opinion
Freda is the only one who knows we are here. She wouldn't ring up.,Statement Non Opinion ,Statement Opinion
Must be them then.,Statement Opinion,Statement Opinion
What we're going to do?,Question,Question
"We're okay, right darling?  Whatever happens, we're okay?",Question,Question
Now and always sweet.,Answer,Statement Opinion
I don't care then.,Statement Non Opinion ,Disagreement
It had to happen sooner or later.,Statement Non Opinion ,Statement Opinion
Yes... Hello?  Hello?  I'm sorry what's that?,Statement Non Opinion ,Greeting
"No, it's a wrong number.",Statement Non Opinion ,Disagreement
"Oh, oh, that sent shivers on my spine.",Statement Non Opinion ,Statement Opinion
[BREATHING] [LAUGHTER],Others,Backchannel
Oh...,Backchannel,Backchannel
[BREATHING],Others,Others
[BREATHING],Others,Others
What shall we do if they suddenly walk in on us?,Question,Question
Oh. Behave exquisitely...,Answer,Command
With perfect poise...,Question,Statement Non Opinion
[LAUGHTER] I think I shall do a court curtsey.,Answer,Statement Opinion
Ah...,Backchannel,Backchannel
[LAUGHTER],Others,Backchannel
Ah...Strange...,Statement Opinion,Statement Opinion
Mmm...,Backchannel,Backchannel
"Things that just ought to matter dreadfully, you know they just don't matter at all when one is happy, do they?",Question,Statement Opinion
The pity is that one can't stay happy.,Answer,Statement Opinion
"Darling, don't say that.",Command,Command
It's true.  I think the whole things a very poor joke.,Statement Opinion,Statement Opinion
"What, this sacred and beautiful thing, love?",Question,Question
"Oh, yes meaning just that.",Answer,Agreement
"Oh, dear god what is that all mean, dear god?",Question,Question
[LAUGHTER] Don't laugh at me I'm being serious.,Command,Command
"You mustn't be so serious, darling, it just what they want.",Statement Opinion,Command
Oh whose they?,Question,Question
"Oh you know all those superficial philosophers. We must laugh at them, be flippant.",Answer,Statement Opinion
Flippancy brings out the acid in their darn sweetness and light.,Statement Opinion,Statement Opinion
"Mmhmm If I must laugh at everything, I must laugh at us too.",Statement Opinion,Statement Opinion
Oh yes.  .,Agreement,Agreement
"How long will it last, this ludicrous, overbearing love of ours?",Question,Question
We are figures of fun all right,Statement Opinion,Statement Opinion
Ahh...who knows.,Answer,Statement Non Opinion
Shall we always want to bicker and fight?,Question,Question
"No, that will fade...Along with our passion...",Answer,Disagreement
"Oh, will we like that?",Question,Question
Well it depends on how well we've played.,Answer,Statement Opinion
If one of us dies...,Statement Non Opinion ,Statement Non Opinion
does the one that's left still laugh?,Question,Question
"Yes, yes with the all his might.",Answer,Agreement
"Well, that's serious enough isn't it?",Question,Statement Opinion
"No, no, no, no death is very laughable it's a cunning little mystery, you know.  It's all done with mirrors.",Answer,Disagreement
I think you're talking nonsense.,Statement Opinion,Disagreement
"Ah so is everyone in the long run, huh?",Statement Opinion,Statement Opinion
Hmm.,Backchannel,Backchannel
"Let's pity the poor philosophers, huh?  Let's enjoy the party for as long as we can, okay?  Let's blow trumpets and squeakers and sit like small idiotic school children. [LAUGHTER]",Statement Opinion,Statement Opinion
Ah.,Backchannel,Acknowledge
"Come here darling, kiss me",Command,Command
"Oh, Elliot.  Worms don't pop.",Statement Non Opinion ,Statement Non Opinion
before your body rots and worms pop out of your eye sockets.,Statement Opinion,Command
"See, you know I don't care what you do.  You could paint yourself green and run naked to the Place Vendome.",Statement Opinion,Statement Opinion
"Oh, thank you darling.",Greeting,Answer
You could run off with all the men in a world. I won't say a word.  Just as long as you love me best.,Statement Opinion,Statement Opinion
"The same applies to you too, except you so much as look at another women I'll kill you.",Statement Opinion,Command
Do you remember that row we did have in Venice?,Question,Question
Which particular one?,Question,Question
The one when you put that little wooden painted snake in my bed?,Answer,Question
"Oh, Charles.  That was his name Charles. He did wriggle so beautifully.",Statement Non Opinion ,Statement Non Opinion
It was a horrible thing I hated it.,Statement Opinion,Statement Opinion
"Oh I know you threw it out the window and into the Grand Canal.  Oh, I'll never forgive you for that.",Statement Non Opinion ,Statement Opinion
Of course how long did that row last?,Question,Question
It went on intermittently for days.,Answer,Statement Non Opinion
But you know it wasn't as bad as the one we had in Cannes...mmhmm...where your curling irons burnt a hole in my dressing gown.,Statement Non Opinion ,Statement Opinion
Cannes...mmhmm...,Backchannel,Backchannel
Oh it burnt my comb too and all those towels in the bathroom.,Statement Non Opinion ,Statement Non Opinion
Oh that was a rouser wasn't it?,Question,Statement Opinion
The manager came in he found us rolling about the floor.  [LAUGHTER],Answer,Statement Non Opinion
I will never forget the look on his face.,Statement Non Opinion ,Statement Opinion
Scratching and biting like panthers. [LAUGHTER] Oh...,Statement Non Opinion ,Statement Non Opinion
oh...,Backchannel,Backchannel
"Utterly, utterly ridiculous.",Statement Opinion,Disagreement
oh...[LAUGHTER],Backchannel,Backchannel
We were very much younger then.,Statement Non Opinion ,Statement Non Opinion
Very much sillier.,Statement Opinion,Disagreement
"However, I do believe the real cause of that row was Peter Burden.",Statement Non Opinion ,Statement Opinion
Oh you knew there was nothing in that.,Disagreement,Statement Opinion
[LAUGHTER],Others,Backchannel
"[LAUGHTER] Utterly, utterly ridiculous.",Statement Opinion,Disagreement
We were very much younger then.,Statement Non Opinion ,Statement Non Opinion
Very much sillier.,Statement Opinion,Disagreement
Mmhmm.,Backchannel,Backchannel
"However, I do believe the real cause of that row was Peter Burden.",Statement Non Opinion ,Statement Opinion
Oh you knew there was nothing in that.,Disagreement,Disagreement
I knew nothing of the sort. You took presents from him.,Statement Non Opinion ,Disagreement
Presents? It was a trivial little broach.,Statement Non Opinion ,Question
It was bristling with diamonds in the worst possible taste.,Statement Non Opinion ,Statement Opinion
Not at all. It was very pretty. I still wear it often.,Disagreement,Agreement
You sent out of your way to torture me over Peter Burden.,Statement Non Opinion ,Statement Opinion
I did not you worked whole thing up in your jealous imagination.,Disagreement,Disagreement
"Well, you let him kiss you.  You said you did.",Statement Non Opinion ,Statement Non Opinion
"Well, what of it?",Question,Question
What of it?,Backchannel,Question
"It gave him a lot, a great deal of pleasure and it didn't hurt me.",Statement Non Opinion ,Statement Opinion
And what about me?,Question,Question
If you hadn't been so suspicious and nosey you'd never known a thing about it.,Answer,Disagreement
That's a nice point of view I must say.,Statement Opinion,Statement Opinion
I'm bored with this conversation.,Statement Opinion,Statement Opinion
So am I.  I'm bored stiff.  You want some brandy?,Question,Agreement
"No, thank you.",Answer,Disagreement
"I'll have a little, I think.",Statement Non Opinion ,Statement Opinion
I don't see why you want any you already had two glasses.,Statement Non Opinion ,Disagreement
"Oh, you know no particular reason besides they are very small glasses.",Statement Non Opinion ,Statement Opinion
I just think it's silly you know to go on and on and on about such a thing.,Statement Opinion,Statement Opinion
You can hardly call three glasses of liquor in a whole evening going on and on and on.,Statement Opinion,Disagreement
"I just, I just think it's becoming a habit with you.",Statement Opinion,Statement Opinion
"Hmm.  Well, you needn't be so grand just because you don't happen to want any at the moment, okay?",Question,Disagreement
Do be quiet.,Command,Command
"Really, Amanda.",Disagreement,Disagreement
"Don't be stupid, what?",Question,Command
Nothing.,Answer,Acknowledge
Are you going out somewhere dear?,Question,Question
"No, darling I'm just making myself fascinating for you.",Answer,Disagreement
That reply has broken my heart.,Statement Non Opinion ,Disagreement
Well it's a woman's duty to allure the man. Watch me a minute will you?,Statement Opinion,Statement Opinion
As matter the fact that's perfectly true.,Agreement,Agreement
"Oh no, it isn't.",Disagreement,Disagreement
"Yes, it is.",Disagreement,Agreement
"Don't be stupid, shut up.",Command,Command
"You know, it's a pity you didn't have any more brandy. It would have made you just a little less disagreeable.",Statement Opinion,Statement Opinion
"Oh, well that's funny.  It doesn't seem to have worked such wonders with you.",Statement Opinion,Statement Opinion
"You know what?  You snap, you snap, you snap you're like a little adder.",Statement Opinion,Statement Opinion
"Adders don't snap, they sting.",Disagreement,Statement Non Opinion
Nonsense.  They have a bag of venom behind of fangs and they snap.,Disagreement,Disagreement
They sting.,Disagreement,Statement Non Opinion
"I don't care.  I don't care, do you understand?  I don't mind if they bark and they roll about like hoops.",Statement Opinion,Disagreement
Did you see much of Peter Burden after our divorce?,Question,Question
"Yes, I did quite a lot.",Answer,Answer
I suppose you let him just kiss you or good deal more than too.,Statement Opinion,Statement Opinion
"Oh, mind you own business.",Command,Command
"I suppose you two had a riotous time, huh?  No restrain at all, very enjoyable, he never had much any how.",Statement Opinion,Statement Opinion
"You're quite insufferable, I expect it's because you're drunk.",Statement Opinion,Statement Opinion
I am not in the least bit drunk.,Disagreement,Disagreement
You always had a weak head.,Statement Opinion,Statement Opinion
I think I told you once before that I had three minute liquor glasses the whole evening long.  A Child of two cannot get drunk on that.,Statement Opinion,Statement Opinion
"On the contrary, a child two could get violently drunk on only one glass of brandy.",Statement Opinion,Disagreement
"Oh very, very interesting Amanda.  How about the child of uh... four, six or maybe nine---you know, we could work up a splendid little debate about it, you know?  Intemperate tots.",Statement Opinion,Statement Opinion
Shut up.,Command,Command
Not very funny darling.  Why don't you have some more brandy?,Question,Disagreement
That's a very good idea I think I will.,Answer,Agreement
Would you uh...turn that off please? You're going to wake the people upstairs.,Command,Command
Why?,Question,Question
There are no people upstairs. It's a photographer's studio.,Answer,Statement Non Opinion
Well then you'll wake the people downstairs.,Question,Command
They are away in Tunis.,Answer,Statement Non Opinion
This is no time a year for Tunis.,Statement Opinion,Statement Opinion
"Turn it on again, please.",Command,Command
I will do no such thing.,Statement Non Opinion ,Disagreement
Very well if you insist on being boorish and idiotic.,Disagreement,Disagreement
Turn it off. It's driving me mad.,Command,Command
I won't.,Disagreement,Disagreement
Turn it off.,Command,Command
Stop it. No. Go away.,Command,Command
Amanda listen. Listen.,Command,Command
"listen Oh I'm sick and tired of listening to you, you damn sadistic bully.",Statement Opinion,Disagreement
That's very amusing indeed.,Disagreement,Statement Opinion
"Oh you're cruel you're...you're...I hate you, I hate you. Go away. You're conceited. You're overbearing. You're utterly impossible.",Statement Opinion,Disagreement
"You...You're an evil minded, self-centered little wench and I never want to see you again.",Statement Opinion,Disagreement
This is the end do you hear me?  Finally and forever.,Statement Non Opinion ,Command
You're not going like this.,Command,Command
"Oh yes I am...Oh yes I am. Let go of me. You let go. You...urgh...You're a cruel friend. I loathe and I hate you. Marry you again...Ha...Never, never, never, never. I hope you die in torment. You beast.",Statement Opinion,Disagreement
No you're not.,Disagreement,Disagreement
Shut up. Shut up. I wouldn't marry you again if you came crawling back to me on a bended knee. You are an evil tempered little vampire and I never want to see you again as long as I live.,Statement Opinion,Disagreement
Hi.,Greeting,Greeting
"Okay.  Let me see here.  Um, we need--we need your original birth certificate.",Statement Non Opinion ,Statement Non Opinion
My--my original birth certificate?  But I don't carry that with me.,Statement Non Opinion ,Question
Right.  Well.  We still need it.,Statement Non Opinion ,Acknowledge
"Well, I have my driver's license, does that work?",Question,Answer
"No. no  Uh, no one told you that you needed your original birth certificate.",Question,Disagreement
No it doesn't say it on the form.,Answer,Disagreement
"I mean it just says that you need some form of identification, but it doesn't say what kind of identification.",Statement Non Opinion ,Statement Opinion
I mean if I had known--I would have brought it.,Statement Opinion,Apology
um Sorry.,Apology,Apology
"Okay.  Um, I'm sorry but I--I can't help you.  You're gonna have to go back and uh...",Apology,Apology
"Look, I've been waiting in line for a really long time.  I mean, you've seen how long it is.",Statement Non Opinion ,Statement Opinion
It's lunch hour.,Statement Non Opinion ,Statement Non Opinion
Right.  It's the D.M.V..,Agreement,Acknowledge
"I know, it gets long, but I can't do anything without your--do you have Social Security card, maybe?",Question,Question
"Well, no.  I mean, I don't carry my original documents with me because if those things get destroyed, then what do you, you know what I mean, like if I loose my wallet or something, I'll never have them again.",Answer,Disagreement
I have my passport and I have my driver's license. And that's all I have.,Statement Non Opinion ,Statement Non Opinion
"Alright, I don't know what to tell you right.",Statement Opinion,Disagreement
"I think you're just gonna--you're gonna have to get 'em and then you can back and then, we'll help you out.  Maybe, we can-",Statement Non Opinion ,Statement Opinion
"But, isn't there anything you can do.  Can't you make an exception this one time?  My picture is on both of those identifications.  It's not like you don't know that it's me.",Question,Question
I can't.,Answer,Answer
And I can give you my social--,Statement Non Opinion ,Statement Non Opinion
"I make an exception for you and I have to make an exception for everyone.  I mean, I-I've seen this before and I know it's frustrating, but there's nothing I can do. You just have to-",Statement Opinion,Statement Opinion
"Well, I can give you my Social Security Number.",Statement Non Opinion ,Statement Non Opinion
"No, it's--",Disagreement,Disagreement
And I can tell you where I was born and what time and by who and what day.,Statement Non Opinion ,Statement Non Opinion
"Okay.  But how do I--that's- that's not proof to me.  How do I know that, you know, that it's really you.  I need--",Question,Disagreement
I can't go--I have to go back to work.  I don't have time to go back to my house and get all of that stuff and then get back in line and wait for another forty five minutes.,Answer,Statement Opinion
"Well, the weekends are not as busy.  Maybe you can uh, come and try to get here early--",Statement Opinion,Statement Opinion
"Um, I have kids.  I have to take them places on the weekends.  I don't have time to come back here.  Please.  I really need you to help me.",Statement Opinion,Command
I can't.  There's nothing I can do.  I'm sorry.,Apology,Apology
Well.  [BREATHING] I just--I just don't.  I-I'm sorry that I'm standing here-- But I can't leave. I-,Apology,Apology
The line--,Backchannel,Statement Non Opinion
"I really need this done today.  As you can see, the deadline is almost up and I can't come back.",Statement Opinion,Command
"Ok, but you're right now you're holding up more people in line by standing here-- and letting",Statement Non Opinion ,Disagreement
"Well, why didn't the D.M.V. put that you needed your birth certificate on the application then?",Question,Question
"I--when you're going to the D.M.V., you usually need pretty professional identification--",Answer,Statement Opinion
"You know, Official documentation--",Statement Non Opinion ,Statement Non Opinion
"Yeah, but your birth certificate--I mean, who carries around their birth certificate?  Nobody does that.",Statement Opinion,Disagreement
"No, but you come--you come to the D.M.V., it's something-- You should've- You should've figured--",Disagreement,Disagreement
With your driver's license and your passport.  Just like everybody else.,Statement Non Opinion ,Command
"But, without your drive--where-where- what about your identification without your driver's license?  I mean, you need--you needed something before then?",Question,Question
"Who--you always use your driver's license.  I mean, you're not coming to the D.M.V. if you're not over sixteen and that's when you get your driver's license so you're never gonna need it anyway.",Answer,Question
"All right.  Well, um, you know, I'd love to help you, but--nothing I can do.",Statement Non Opinion ,Apology
"So, if you wanna go get your birth certificate, um, maybe come back--I don't--maybe you can talk to the person in the--in the front of line maybe.  I don't know.",Statement Opinion,Command
Do you have a supervisor?,Question,Question
I am the supervisor.  So--,Answer,Statement Non Opinion
"Well, thank you very much.  You've been very helpful.",Greeting,Acknowledge
It's almost time for me to go.,Statement Non Opinion ,Statement Non Opinion
I can't believe that--now--are you sure this is absolutely necessary?  Like--,Question,Question
"There's nothing I can do.  I mean, the government you know--",Answer,Statement Opinion
What--what're we gonna do here?  I can't--I can't do this by myself.  I--,Question,Question
"You're gonna have to.  I mean, you're a great father.  You can do it.  I know you can.",Answer,Answer
"But, I'm--I'm nothing--I'm nothing without you here.  Maybe we can--we can get out of this somehow.",Statement Opinion,Statement Opinion
I don't think so.,Disagreement,Disagreement
"Well, come on.  You've gotta think of something.  A year--a year away, it's gonna tear us apart.  I don't even--I don't even wanna think about it.  I mean, I don't even know if I'll be able to get in touch with you or--",Statement Opinion,Command
"Well, we can do the best we can and-and, with um, you know like wireless internet these days--I think that we could-- Talk every once in awhile.",Statement Opinion,Statement Opinion
You could send me pictures.,Statement Opinion,Command
It's not going to be the same.,Statement Opinion,Disagreement
"What if--maybe--what if, uh, we went somewhere over there?  I don't--I don't know--I--I need to figure something out for this because--",Question,Question
"Their not gonna let you.  You have to stay home and I have to go.  I mean, that's all--",Answer,Disagreement
"and--I mean, my daughter--I don't want to put her in danger.  You know?  She has to stay.",Statement Opinion,Statement Opinion
This is gonna be a--a crucial yet--she's--she's growing up.  She's gonna need you.,Statement Opinion,Statement Opinion
But she's--you're not gonna--you're not gonna be here for--for her first words.  For her first steps.  I mean--it's something that you're supposed to be here for that--,Statement Opinion,Statement Opinion
You can just remember it for me.,Command,Command
I don't know--I don't know--I don't know how--I don't know how this could even be possible for you--I--if I was--,Disagreement,Disagreement
"Well, I need--I need you to be able to do this for me 'cause I can't do anything about it.",Statement Opinion,Command
"I mean, it's just as hard for me, but--I know that we can do it, you know",Statement Opinion,Statement Opinion
"I mean, you just get to--go off and do your thing.  I mean, yeah, we're both--I don't know--it's bad for both of us, but--",Statement Opinion,Statement Opinion
...it would be so much better if we can--if we could stay together somehow.  You know--we could--we could do this together.,Statement Opinion,Statement Opinion
I don't want you in danger.  And I don't want her in danger.,Statement Opinion,Statement Opinion
I don't want you in danger.  Where are you going?  You're going over to war.,Statement Non Opinion ,Statement Non Opinion
I have no choice. There's nothing I can do.,Statement Opinion,Statement Opinion
All right.,Agreement,Acknowledge
"Oh my God.  Guess what, guess what, guess what, guess what, guess what, guess what?",Question,Question
What?,Question,Question
"Well, guess.  Guess, guess, guess, guess.",Command,Command
"Um, you--",Backchannel,Backchannel
Don't look at my left hand.,Command,Command
No.  Let me see.,Disagreement,Disagreement
"Oh, no way.",Statement Non Opinion ,Disagreement
"He proposed.  He proposed.  Well, and I said yes, of course. [LAUGHTER]",Statement Non Opinion ,Statement Non Opinion
That is great.  You look radiant.  I should've guess.,Statement Opinion,Agreement
I'm so excited.,Statement Opinion,Statement Opinion
"Well, Tell me about him.  What happened.",Question,Command
"Remember how we had that date?  And I was like, oh yeah, this is a date, whatever.",Question,Question
"So after we sort of went out dinner and I was already like tired.  I wasn't all that excited and and so he's like let's go down to the beach and I was like no I don't want to the beach, like I'm tired. And he's like no, no we have to go.  And I was like okay, like that's a little weird.",Statement Non Opinion ,Statement Opinion
"So, he--so we walked down to the pier and there's like these lights--like these little, like lights-- and we're like what's that? And he's like I don't know let's go find out.",Statement Non Opinion ,Statement Non Opinion
So we walked down there and there's-[LAUGHTER]-And there's- this huge like ten foot heart in candles on the beach--,Statement Non Opinion ,Statement Non Opinion
What?,Question,Question
"like all they have And I was like, what's going on?  And he like takes my hand and pulls me into the middle and he's like--you know, get's on his knee and everything--And says will you marry me? And I flipped out.",Statement Non Opinion ,Question
That--that is the most romantic thing I have ever heard.,Statement Opinion,Statement Opinion
"I know.  I was like, how did he get--like he must have called someone or had them set--like, I have no idea.",Statement Opinion,Statement Opinion
"Wow.  Yeah, 'cause yeah I don't know I'm sure if he--oh yeah he definitely had--would have had to have someone else--",Agreement,Backchannel
Cause- 'Cause he was with me. You didn't do it did you?,Question,Question
"Yeah.  I mean candles wouldn't stay--No, I didn't--I didn't know anything about it.",Answer,Disagreement
You didn't know anything?,Question,Disagreement
No. I'm just as happy as you are.  This is--,Answer,Disagreement
"I was just--it was so like I thought this might happen eventually, but like not yet, you know what I mean?  Like--",Statement Opinion,Statement Opinion
"So, I mean--it's good though.",Statement Opinion,Statement Opinion
"It is good.  It's totally good.  I mean, it like oh, you know.",Agreement,Statement Opinion
"Yeah, I know.  Wow.  I'm shaking.  I can't even--",Statement Non Opinion ,Acknowledge
I know. So we're gonna take it--Like we're not gonna get married right away--'Cause we want to like have plenty of time to plan everything out,Statement Non Opinion ,Statement Opinion
"...and, um, my parents want to like be part of it and help out and everything--So we want to give it lots of time to like--",Statement Non Opinion ,Statement Opinion
"Oh. Do they--do they know yet? Have you told them? Oh, that's--",Question,Question
"Yeah, yeah, I called them. I called them And, of course, they were so excited 'cause they love him. Like they always have.  Um--",Answer,Acknowledge
That's great.  Yeah.,Agreement,Agreement
"So, yeah, I mean, it'll be good.  We wanna like, uh, I think we're gonna have it in spring time, like early Spring--So it's no too hot yet.  And um--",Statement Non Opinion ,Statement Opinion
Okay. You know--you know where?  Or--,Question,Question
"I don't know.  I mean, I kinda like the idea of having something outside, but--Like--is a- Yeah,",Answer,Disagreement
"Uh, huh. I mean, you know, it's spring--It'll be--",Agreement,Backchannel
Spring's nice though.,Statement Opinion,Statement Opinion
"Yeah, I don't know-[LAUGHTER]-I mean--I can't even--the whole idea of like living--spending my whole life with somebody--that's crazy",Statement Opinion,Statement Opinion
"Yeah, that is--how long you guys been together now?",Question,Question
Two and a half years. [LAUGHTER],Answer,Statement Non Opinion
Okay.  All right.  So-[LAUGHTER]-quite a while.  I mean--That's-  That's good.  I'm so happy for you. [LAUGHTER],Agreement,Acknowledge
Thank you. Thank you so much.,Greeting,Acknowledge
"Yeah, I'd love to be in that same situation some day, but, wow- so-",Statement Opinion,Agreement
"Oh, you will--You'll find just the right girl.  And she'll be perfect for you and everything will be great.",Statement Opinion,Statement Opinion
You guys are awesome together.  It's definitely a--definitely a good couple.  I can see it. I should've guessed--,Statement Opinion,Statement Opinion
You approve?  You approve?,Question,Question
"Oh, I approve. I-[LAUGHTER]-I more than approve.",Answer,Agreement
"I mean, I'm surprised he didn't, ya know--go get a plane to fly over and shine--But candles on the beach, that's okay too I guess--",Statement Opinion,Statement Opinion
"Yeah, it's pretty good.",Agreement,Agreement
"Well--can--I mean, let me know--I want- I want invitations and--",Command,Command
"Of course, of course--you'll be able to be a part of it.  You can come help me pick my colors.",Agreement,Agreement
"Oh, yes.  This is the whole [GARBAGE]",Agreement,Agreement
"It's so girly.  I don't even know how to like--It's so weird, but it'll be fun.  My mom will love to be like--she'll get so into it, I'm sure.",Statement Opinion,Statement Opinion
She'll be like--flowers and the--,Statement Non Opinion ,Statement Non Opinion
"It'll be good.  Wow, that's great.",Statement Opinion,Agreement
"Oh, thank you. [LAUGHTER]",Greeting,Acknowledge
"So, uh, so how's it been going?  I mean, you have any needs or anything?",Question,Question
I'm--every lead that I get ends up just being a dead end.  You know what I mean.  People are sick of me calling--,Answer,Statement Opinion
"No.  You can't think that way.  I mean it's good--it's good that you're--that you're calling, you know. you can't",Statement Opinion,Disagreement
"Yeah, but it--I mean it's the same response you get over and over again.  Like--",Statement Non Opinion ,Disagreement
"Oh, we're not hiring at this time or thank you, we already have your information on file--We'll call you when we're ready.",Statement Non Opinion ,Answer
"Yeah--I know what you mean.  I've gone through like similar stuff, but--",Statement Non Opinion ,Acknowledge
"But, it's been so long, like--I mine as well just take a job at McDonald's.  Like, I don't--",Statement Opinion,Statement Opinion
"No, come on.  Don't [GARBAGE]",Disagreement,Disagreement
"I just--I can't do it anymore.  Like, it just takes it out of you--",Statement Opinion,Statement Opinion
"I know.  I know. It's hard, but you just--you gotta keep going.  I mean, you've been going at it for so long, you know.  Something is definitely going to come up.  I-I know it will, because you're a good worker--",Statement Opinion,Statement Opinion
I just keep getting rejected.  I just keep getting rejected over and over and over again and it starts to make you feel like there must be something wrong with you that you can't get a job.,Statement Non Opinion ,Statement Opinion
"No.  It's--I mean, it's competitive, you know.  That's-That's what it is.  that's what you gotta be is competitive.",Statement Opinion,Disagreement
"Yeah, but maybe--if just because it's competitive, like maybe I'm just not good enough.  Maybe the level is here and I'm here and there's just no way I'm ever gonna do that--",Statement Opinion,Disagreement
"There...There are plenty of people out there with--with like, good jobs, you know, that are a lot...",Statement Non Opinion ,Statement Opinion
...dumber than you.  I mean they're a lot worse off than you.  You are much better off than like a lot of those people in there. I know,Statement Opinion,Statement Opinion
"I didn't have like one of those starts, you know, like a family member who was already in the business or something you know that could like give me a helping hand.",Statement Non Opinion ,Statement Opinion
"I know.  It makes it harder.  I mean it's definitely who you know in a lot of cases, but--",Agreement,Acknowledge
"It's just so frustrating.  Like, I just--I just don't wanna do it anymore.  You know?  I just don't wanna like hit the pavement every single day with my resumes and going out there all the time.  You know, it's just like--",Statement Opinion,Statement Opinion
"But you gotta.  Otherwise, what is--what's your other option?",Question,Command
I feel so worthless.,Statement Opinion,Statement Opinion
"It's not worthless 'cause it's definitely gonna--it's definitely gonna pay off.  I know it.  I mean, I can--I've just--I've seen your work etiquette.  You know, you're a good worker and...",Disagreement,Statement Opinion
... and there's no reason that--that something won't come up like really soon.  All right?  So you just gotta--,Statement Opinion,Command
And what would make you say that?  There doesn't seem to be any indicators that anything's going to get better.,Question,Question
"Because I know you.  You know, and maybe once you get to know some more people, like talking to them and everything, they'll get to know you too and they'll realize they should've hired you three years ago.  You know? but  And- and they'll finally come around and believe me--it'll--you gotta-",Answer,Statement Opinion
"It's just really hard.  I feel like their starting to get like a personal prejudice against me.  You know what I mean?  Like it's like suddenly it starts to feel like it's just you that they say no to and it's not that they're not taking applications and it's not that they're not hiring people, it's just you particularly they have some particular reason for just hating you.  You know?",Statement Opinion,Statement Opinion
"Well maybe yeah, but maybe you get to that point where it's like you bug 'em and then they just don't wanna hear from you anymore, but you keep bugging them and bugging them and then it's gonna annoy them so much that they're gonna be like all right fine. you know",Statement Opinion,Statement Opinion
Or they'll never talk to me again.,Statement Opinion,Statement Non Opinion
"Or, well, no.  Okay. you -[GARBAGE]",Disagreement,Disagreement
"I-I just I think maybe I should try something else.  I mean, I-I don't know.  All growing up this is the only thing that I ever wanted to do and yet I can't.  I'm not physically able apparently.  I mean--",Statement Opinion,Statement Opinion
"That obviously that's not true though.  I mean, you've done this before.  You've done all the work like this before, you know, and and you've gotten people saying oh, you're so good and like you know--",Disagreement,Disagreement
"I guess the money shouldn't matter to me, but--Somehow it does.  You know? It's not like I do it for the money, but",Statement Opinion,Statement Opinion
Right.,Backchannel,Acknowledge
"Well, you've gotta live.",Statement Non Opinion ,Statement Opinion
"you have to--I mean, if you're hired by somebody, then you're not a professional, you're an amateur and that means that you're not good enough.",Statement Opinion,Disagreement
"I mean, it's just, it's really--I don't know, yeah, it's about their opinions and it's about, I don't know, just getting yourself out there and--",Statement Non Opinion ,Statement Opinion
"I just wanna crawl in a hole, you know.  Like it just makes you not wanna even open your eyes in the morning.",Statement Opinion,Statement Opinion
"Well, come on, come on.  Thinking about it like this is definitely not gonna help either though.",Statement Opinion,Command
I don't know how to get out of it.  I don't know how to dig myself out of it.  It's the same hole that I've been digging and digging and digging.  I can't--,Statement Non Opinion ,Statement Opinion
I don't know.,Statement Non Opinion ,Answer
"Hi, um, excuse me, I believe that the airline lost my baggage.",Statement Non Opinion ,Apology
"Um, okay, it didn't--didn't come out on the carrousel--",Question,Backchannel
"No, it didn't. um It didn't come out and I don't see it anywhere around here, so what can you do about that?",Question,Disagreement
"Okay.  Um, well, unfortunately yeah there was a some- some problems with the--",Answer,Acknowledge
Some problems?  What is that supposed to mean?,Question,Question
"Uh, well some-some of the bags were--were lost on the way over here. uh-",Answer,Answer
How do you lose a suitcase?  A huge suitcase?,Question,Question
"You know, I mean, there's a lot of things that go on under the plane and sometimes, you know, that kind of things happen.",Answer,Backchannel
"Uh, But, we are willing to reimburse you for the bag and and for the contents--",Statement Non Opinion ,Apology
How much?,Question,Question
"Um, we'd be willing to give you uh fifty dollars for--",Answer,Statement Opinion
"Fifty dollars?  For my suitcase?  I mean, the suitcase itself was like a hundred and fifty dollar just for the suitcase, but all the things inside, all my clothes, all my personal belongings, the sentimental value, not to mention, which is more-more than all of that together.",Statement Non Opinion ,Statement Opinion
"Right.  Uh We realize, you know, that that it's a bad situation, but I'm sorry, there's nothing that we can really do.",Agreement,Apology
"That's all, that's all, that's all you're going to do is just give me fifty dollars and say go have fun on your vacation without any of your stuff?",Question,Disagreement
"I think, um, maybe you can file a claim if you want and turn it in to our main office--",Statement Non Opinion ,Statement Opinion
"Yes, yes, I would like to file a claim, but what are you gonna--I mean, is it just gonna show up magically out of nowhere?",Question,Question
"Right.  No.  I mean they- they might--they might--if you-if you are argue the case more, maybe they'll reimburse you more, but, right now--",Disagreement,Disagreement
"I need my stuff.  It's--I need my stuff.  I mean, uh...",Command,Command
Haven't you ever lost baggage?  I mean isn't there anything else you do?,Question,Question
"Yes, I know. I know-. It's It's frustrating.  Unfortunately though-- um",Answer,Acknowledge
"Because you don't seem to care very much, you know.",Statement Opinion,Statement Opinion
"By checking your bags, you--you, you know- admit to the liability that's- that's at risk--",Statement Non Opinion ,Statement Opinion
I didn't sign anything.,Statement Non Opinion ,Statement Non Opinion
"Right, well, by checking in your bags, you agreed to, you know, at the will of the--",Statement Non Opinion ,Acknowledge
"I didn't agree.  [GARBAGE] I paid the airline to take care of things for me.  When you pay for something, there should be some sort of guarantee that it's gonna come through.",Statement Opinion,Disagreement
"You paid for the flight and then your bags were checked at--it's a service that the airline provides for us.  So so, really, it's really the risk was taken and, I'm sorry, but there's really nothing else we can do.  So do you want--do you want the reimbursement?",Statement Non Opinion ,Apology
"[BREATHING] Well, sure, yeah, I guess I'll go buy dinner and then be--have nothing for the rest of my entire vacation.  I'm supposed to be here for three weeks.  What am I gonna do without anything for three weeks?",Question,Statement Opinion
"Well, there are-there are some shops here in- in the airport--",Answer,Statement Non Opinion
But fifty dollars isn't going to get me anything.,Statement Non Opinion ,Statement Opinion
"No, um, like I said you can file a claim and, uh, maybe get reimbursed for more-- you",Statement Non Opinion ,Disagreement
Isn't there anything else you can do?,Question,Question
probably even talk to--,Statement Non Opinion ,Statement Opinion
"I mean, is there somebody you can call?  Or the guy that put the stuff on the--on the plane.  I mean, are they--they must be really irresponsible to have just disappeared my baggage.  I mean, did it get stolen?",Question,Question
"Right, that--that gets taken care of-- That gets taken care of.  We get we do, you know, we investigate those and just make sure that um- they're not doing their own thing with them so--uh",Answer,Acknowledge
"Yeah, I'm sure you -- You're like, hmm, do you take baggage?  No.  Oh, okay, thanks.  Great.  I mean how--",Statement Non Opinion ,Backchannel
but Unfortunately sometimes is--,Statement Non Opinion ,Statement Opinion
"Well, that's--that's what I'm saying--",Statement Non Opinion ,Acknowledge
There needs to be better security here.,Statement Opinion,Statement Opinion
"Okay.  Well that that could be something that you put on on the claim--on on the complaint form if you want.  And provide us with your information while you're here and then, maybe, if it turns up, then we'll send it right over.",Statement Opinion,Command
It sounds like it's such a little like oh well no big deal whatever.  It's a big deal to me.,Statement Non Opinion ,Statement Opinion
"All right, Miss, I-I know.  I realize this. But Like I said, there are several people that are in your same situation, so, um, it's not--it's not totally uncommon and I'm actually gonna have to ask you to move so I can help the next person.",Statement Non Opinion ,Command
"Well, can I at least have my fifty dollars, please?",Command,Command
"Yes, all right.  There you go, now you can file a claim over to the left--And they'll help you out.",Statement Non Opinion ,Command
Thank you.,Greeting,Acknowledge
Thank you very much.,Greeting,Acknowledge
"Hey, a what's up?",Greeting,Greeting
"Um, Johnny died yesterday.",Statement Non Opinion ,Acknowledge
"Wow, that's horrible.",Statement Opinion,Statement Opinion
I'm sorry to hear about that.,Apology,Apology
"We knew that it was coming, but--",Statement Non Opinion ,Statement Opinion
Yeah.,Agreement,Acknowledge
"It seemed like he had a little bit longer.  Like just last week, he was doing was so well.",Statement Non Opinion ,Statement Opinion
"I mean, you know, at least he's not in anymore pain now, right?",Statement Opinion,Statement Opinion
Yeah.,Agreement,Acknowledge
"It's good, you know.  you know It hurts I know.  I know what it's like to lose someone like that.",Statement Opinion,Statement Opinion
I just don't want him to be gone.,Statement Opinion,Statement Opinion
It's okay.,Backchannel,Acknowledge
"Cause, you know, you've got all the times that you guys did spend together, you know and that's something good that you can look back on.",Statement Non Opinion ,Statement Opinion
I mean--I don't know.,Statement Non Opinion ,Disagreement
And his whole family was there.,Statement Non Opinion ,Statement Non Opinion
"I mean, he was like really conscious right up until the end. you know",Statement Non Opinion ,Statement Opinion
"Well, that's that's good, you know.  At least, I don't know.  I mean it's- it's better to go- to goout that way than...",Statement Opinion,Statement Opinion
".than you know, in pain and like this gradual, this horrible process.  I mean--",Statement Opinion,Statement Opinion
"He was so young, you know.  And all the stories he used to tell me about...",Statement Non Opinion ,Statement Opinion
...the way he wanted to live and he was gonna go to Africa and he was gonna--,Statement Non Opinion ,Statement Non Opinion
"But look at the--he--look at the life he did get to lead.  I mean, for his age, he'd done so much and--",Statement Non Opinion ,Statement Opinion
Nobody's ever gonna forget him.,Statement Opinion,Statement Opinion
"Yeah, exactly.  He's made a big impact on a lot of people. and",Agreement,Agreement
"And you'll always have that and--you should feel, you know, happy for him that he got to do so much before--I mean, and even after he found out last year.  I mean--",Statement Opinion,Statement Opinion
He did a lot.  But--,Statement Non Opinion ,Statement Opinion
"I know.  It doesn't bring him back, but--",Statement Non Opinion ,Acknowledge
"But It's okay because now, you know, you'll just go on with your life and--",Statement Opinion,Acknowledge
I'm gonna forget him.,Statement Non Opinion ,Statement Opinion
"No, you'll never forget him.",Disagreement,Disagreement
I won't be able to hear his voice or his--,Statement Non Opinion ,Statement Non Opinion
I know. but you're not  I mean you're not going to forget him.  The pain will go away eventually and--or it will subside--,Agreement,Statement Opinion
You start to lose like that image after a while.,Statement Opinion,Statement Opinion
"That will be, It'll be--it'll be better that way. I mean Time will tell.  Time heals, you know, and it's good.  It's okay.  I mean, it wasn't anybody's fault or anything like that so .",Statement Opinion,Statement Opinion
"It's hard to lose someone that way, but he's he's better--he's better off now.",Statement Opinion,Statement Opinion
Thanks.,Greeting,Acknowledge
"Oh, you got what?  Where?",Question,Question
I got into U.S.C.,Statement Non Opinion ,Statement Non Opinion
"Oh, no way.",Statement Non Opinion ,Disagreement
"Yeah, I'm so excited.  So I'm gonna say--",Agreement,Statement Opinion
Are you gonna go? you gonna-,Question,Question
"Yeah, I think, I mean because where else would I gonna go?  Like the other places that I applied to I really didn't like that much anyway.",Answer,Statement Opinion
So--,Backchannel,Backchannel
"Wow, that's...",Statement Non Opinion ,Statement Opinion
"...that's first choice, huh? That's so awesome and now look you're gonna be--you're gonna be here. you know",Statement Non Opinion ,Statement Opinion
"Yeah, I know.",Agreement,Acknowledge
Absolutely. I'm so excited.,Statement Non Opinion ,Agreement
"I know.  I know. And we'll all get to hang out.  And I'm--even though we'll be at like at different parts of the city, we can still, like...",Statement Non Opinion ,Acknowledge
"...hang out and, like, have our different lives--And meet each other's friends and stuff.  So, I'm just so glad 'cause they have such a good school",Statement Non Opinion ,Statement Opinion
"Yeah, no, definitely--It's gonna..",Agreement,Backchannel
Yeah.,Agreement,Acknowledge
"and like-- The football team--And like all the-...you- what I mean, like...",Statement Non Opinion ,Backchannel
Yeah,Backchannel,Acknowledge
Fight on.,Statement Non Opinion ,Command
"You can walk somewhere and be anywhere in the country and be like, oh, yeah, I am at U.S.C.",Statement Non Opinion ,Statement Opinion
"And you know what, you know what I mean, like it's recognizable rather than just being like I went some random school. It's like people really know what you...",Statement Non Opinion ,Statement Opinion
[LAUGHTER],Others,Backchannel
Wow. That's cool.,Statement Opinion,Acknowledge
"...like, they feel like--I feel like it's going to be so like accomplished.  Do you know what I mean?",Question,Question
Like it has some prestige. so,Statement Non Opinion ,Statement Opinion
Yeah. Hey. Prestigious school.,Agreement,Statement Opinion
"So, what, do you have to send in your deposit now?  Or what you-?",Question,Question
"Yeah, I mean there's all the money stuff and my mom's helping me with the financial aid and stuff.  But, it'll be fine--",Answer,Acknowledge
"Like, now that I'm accepted, it's just, like, such a huge load off my mind.",Statement Opinion,Statement Opinion
That's great.,Acknowledge ,Agreement
I don't mind worrying about all the paperwork.  You know--,Statement Non Opinion ,Statement Opinion
Yeah.,Backchannel,Acknowledge
So...,Others,Backchannel
"Because, I don't have to like make that decision anymore.  I don't have to try and decide, like, what the bad school I'm going to go to is. you know",Statement Opinion,Statement Opinion
"Right.  Right.  Right. Oh, man, then you're going to have to do orientation, I guess.",Agreement,Backchannel
"I know. I know.  I think you go and you like stay for a couple of days and you meet people and--And they'll give you like a tour--And show you everything.  Oh, man, I'm just so--I'm so excited.",Statement Non Opinion ,Statement Opinion
That'll be awesome.,Statement Opinion,Agreement
"I mean because you went to the campus before, right?",Question,Question
"Yeah, oh totally.  It's a beautiful campus.  It's gonna be really nice.  Um, and everyone is friendly and like there's ivy on all the walls.  Oh, it's just so--it's so like collegiate.",Answer,Statement Opinion
"You know what I mean?  Like, it's like exactly what I want.",Statement Opinion,Question
So what're you--what're you gonna do there?  Have you decided?  Thought about it?,Question,Question
"Well, you know, I've thought about it but they have so many things that I might--Like try some things out first...",Answer,Statement Opinion
"I know.  I mean, it's good all around.",Agreement,Agreement
"...because also on the list of their, um, like G.E.'s or whatever, you have a lot of choices within every single one.  So you can, like, try things out and not just be like, oh, I have to take math, oh, I have to take this.  You know what I mean?",Statement Non Opinion ,Statement Opinion
"So, um, so I don't know.",Statement Opinion,Backchannel
[LAUGHTER],Others,Backchannel
I mean I'm gonna take a bunch of stuff and see.,Statement Non Opinion ,Statement Opinion
Oh man.,Backchannel,Acknowledge
"I- They have like--they just have so many like prestigious like this school is top ten and like the departments within it, you know what I mean.",Statement Non Opinion ,Statement Opinion
I always see people walking around with like U.S.C stuff on--,Statement Non Opinion ,Statement Opinion
"I know, I get to be one of those now--I'll like walk around and be like a U.S.C..  You know what I mean.",Agreement,Statement Opinion
You know is like.,Statement Non Opinion ,Backchannel
I know.,Agreement,Acknowledge
Ahh. Yeah. [GARBAGE],Backchannel,Backchannel
"You'll be like are you a fan or a student you know? Student. [LAUGHTER] Oh man, that's awesome.",Statement Opinion,Answer
And you'll be like...,Backchannel,Statement Non Opinion
"Student. I'm a student. Yes I am, Thank you very much.",Greeting,Statement Non Opinion
[BREATHING],Others,Others
A U.S.C. graduate now. You're set.,Statement Non Opinion ,Statement Opinion
I know.  I'm excited.,Agreement,Acknowledge
"Well, that'll take a while. [GARBAGE]",Statement Non Opinion ,Statement Opinion
"I know, that's a ways down the road. That's cool.",Agreement,Acknowledge
That's going to be a lot of work.,Statement Non Opinion ,Statement Opinion
"But, it'll be fine, I mean.  I'm so excited. It's going to be so fun.",Statement Opinion,Statement Opinion
In LA. Oh man.,Statement Non Opinion ,Statement Opinion
"I know, and I mean the area's not great, but like the school makes up for it. It'll be fine. It'll be good.",Statement Opinion,Statement Opinion
So much.,Backchannel,Acknowledge
"But it's LA, you know, everything.",Statement Non Opinion ,Statement Opinion
You're getting close to the beach.  I mean geez.,Statement Non Opinion ,Statement Opinion
I know. I know. So fun.  I can't wait.,Statement Non Opinion ,Acknowledge
"Cool.  Well give me a call, you know when--You get in town. definitely Awesome.",Command,Agreement
I will. I will. Thank you.,Acknowledge ,Acknowledge
Thanks.,Greeting,Acknowledge
Ok.  I've- I've just been talking to this machine for the past half hour and I can't-can't get anything done.  I've been trying to book this vacation this entire time.,Statement Non Opinion ,Statement Non Opinion
"All right, sir.",Acknowledge ,Acknowledge
Okay.,Backchannel,Acknowledge
"Um, how may I help you.  You're trying to book a specific flight?",Question,Question
"Well, yeah, I mean I heard there was like these package deals and that maybe I could get a like a hotel or something like that. and-",Statement Non Opinion ,Statement Opinion
"Oh, yeah, absolutely.  You know, and especially because you've been waiting so long and I know that, um, you've been having a difficult time.",Agreement,Agreement
"I want to definitely give you our special package today, which um is usually only for valued customers who have a record of having previous,",Statement Non Opinion ,Command
"um lots of purchases, but we're gonna go ahead and give that to you anyway. uh,  Just to make sure that you're happy with your service here.",Statement Non Opinion ,Acknowledge
You- You can do that--You can do that now? I don't have to get like transferred through or anything like that.,Question,Question
Is that all right?,Question,Question
"I can do that right now for you. No, absolutely.  I can take care of you all the way through to the end.",Answer,Agreement
All I'm going to need is your credit card number but just give me one moment. So-,Statement Non Opinion ,Command
[BREATHING] that's good.,Acknowledge ,Acknowledge
"um, you're scheduling a flight as well--And you would like to, um, we have a highly discounted hotel rate that goes along with that so that everything is all in one deal.  You're taken care of by the time that you get there.",Statement Non Opinion ,Statement Non Opinion
"All right.  I want to make sure it's like a nice hotel--I mean-mean I'm gonna be paying a lot of money for this so I don't wanna-I don't wanna, you know, I don't wanna to be a waste of time.",Statement Non Opinion ,Statement Opinion
Absolutely. we we,Agreement,Agreement
"Yes, I completely understand.  Actually, our-our airline only uses five star hotel and above.  Except we charge at a three star hotel rate because, as a corporation, we are able to get a deal from the hotels themselves.",Statement Non Opinion ,Agreement
"So, you will absolutely be in a high rated great hotel and we can make sure that it's in a area of town that you like as well.",Statement Non Opinion ,Statement Opinion
Okay. So--,Backchannel,Acknowledge
Yeah.,Backchannel,Acknowledge
"Well, you know, we wanted to--we wanted to go to Maui and--That was a",Statement Non Opinion ,Statement Non Opinion
Okay.,Backchannel,Acknowledge
" --you know, the kids wanna go to the beach and stuff and so--um",Statement Non Opinion ,Statement Opinion
Great.  How many seats?,Question,Question
"Well, it's gonna be four of them.",Answer,Statement Non Opinion
Okay.  Great.  Four seats.  I'll book you for four seats.,Acknowledge ,Acknowledge
All right.  And can they like all get together?,Question,Question
"Oh, yeah, absolutely.  Um- Would you like window seats or aisles?",Question,Question
"Um- You know, window is nice. I guess",Answer,Statement Opinion
"Okay, I can do um- a win- -two like a window and a aisle and a window and an aisle next to each other so that each of you can sit two by two. And switch around maybe?",Question,Statement Opinion
"All right, Sure.  A yeah, that- that'd be good.",Answer,Agreement
Okay.  Great.  What time of the day would you like?,Question,Question
"Uh, well, yeah, I think we were just--you know, whenever best available, I guess.  You know--",Answer,Statement Opinion
All right.  Great.  Well we have a very open flight that leaves at nine a.m. and fortunately uh the time change actually goes um backwards from that.,Statement Non Opinion ,Acknowledge
"So, it's a five hour flight, but you'll arrive only at eleven a clock in the morning.  So that day, you can have plenty of time to get to your hotel--Rest up and then still have a nice afternoon your first afternoon in Maui.",Statement Non Opinion ,Statement Non Opinion
"And, like, there's there's shuttles or something that I can get to the hotel.",Question,Statement Opinion
Absolutely.  That actually goes in on the same package with our hotel.  You just give me your address.  We'll come and pick up a time that allows you to get to your flight with plenty of time to spare.,Answer,Agreement
And a there will also be a shuttle waiting for you to take you to the appropriate hotel.,Statement Non Opinion ,Command
"Okay.  Wow.  Sounds good then, I guess.  Thank you very much. It's a lot better than talking to a machine.",Statement Opinion,Acknowledge
Yeah--I completely understand.  It's a difficult process sometimes and we want to make traveling as easy as possible.,Agreement,Acknowledge
All right.  So we're confirmed then or do you--All right.,Question,Acknowledge
Absolutely. Thank you so much for calling and we hope that you will come to us again.,Answer,Agreement
Okay.,Agreement,Acknowledge
Thank you.,Greeting,Acknowledge
What's he gonna say?  Maybe we ought to tell him before he sees it.,Statement Opinion,Question
He saw it.,Statement Non Opinion ,Statement Non Opinion
"How could he see it?  I was the first one up, he was still in bed.",Question,Question
He was out here when it broke.,Answer,Statement Non Opinion
When?,Question,Question
About four this morning.  I heard it cracking and I woke up and looked out. He was standing right here when it cracked.,Answer,Answer
What was he doing out here at four in the morning?,Question,Question
"I don't know.  When it cracked, he ran back in the house and cried in the kitchen.",Answer,Statement Non Opinion
Did you talk to him?,Question,Question
No.  I thought it was best to leave him alone.,Answer,Disagreement
He cried hard?,Question,Question
What was he doing out here at that hour?,Question,Question
He's dreaming about him again.  He's walking around at night.,Answer,Statement Non Opinion
He's getting just like after he died.  What is the meaning of that?,Question,Question
"I don't know the meaning of it.  But, I know one thing Mom, we made a terrible mistake with Dad.",Answer,Statement Opinion
What?,Question,Question
"Being dishonest with him.  I mean, that sort of thing always pays off and now it's paying off.",Answer,Statement Opinion
You know that Larry's not coming back and I know it.  Why do we allow him to go on thinking that we believe with him?,Question,Question
What do you want to do argue with him?,Question,Question
"No, I don't want to argue with him, but it's about time he realized that nobody believes Larry's alive anymore?",Answer,Disagreement
Why shouldn't he dream of him and walk the nights waiting for him?  Do we contradict him?  Do we say straight out that we don't have any hope anymore?  That we haven't had hope for years now?,Question,Question
You can't say that to him.,Answer,Disagreement
We've got to say it to him.,Command,Command
Can you prove it?  How can you prove it?,Question,Question
"For God sakes, it's been three years.  Nobody comes back after three years.  It's insane.",Answer,Statement Opinion
"To you it is and to me, but not to him.  I mean, you can talk yourself blue in the face, but he--there's no body and no grave so where are you?",Question,Disagreement
"Sit down, Mom.  I want to talk to you.",Command,Command
"Trouble is the God damn newspapers.  Every month or so a boy turns up out of nowhere so, you know, the next one is gonna be Larry.",Statement Non Opinion ,Statement Opinion
All right.  All right.  Listen to me.  You know why I brought Annie here don't you?,Question,Command
Why?,Question,Question
You know.,Answer,Backchannel
"I've got an idea, but what's the story?",Question,Statement Opinion
I'm gonna ask her to marry me.,Answer,Statement Non Opinion
"Well, that's only your business, Chris.",Statement Opinion,Statement Opinion
You know it's not only my business.,Disagreement,Statement Opinion
What do you want me to do?  You're old enough to know your own mind.,Statement Opinion,Command
So it's all right then?,Question,Question
I'll go ahead with it?,Question,Command
"Well, you want to make sure that your father isn't going to--",Statement Non Opinion ,Statement Opinion
"Well, then it isn't just my business--",Statement Non Opinion ,Statement Opinion
I'm just saying that--,Statement Non Opinion ,Statement Opinion
"Ah, sometimes you infuriate me.  You know that?  I mean, isn't it your business too if I tell Dad and flips--freaks out about it?  I mean, you have such a talent for ignoring things.",Statement Opinion,Statement Opinion
I ignore what I gotta ignore.  The girl is Larry's girl.,Statement Non Opinion ,Statement Opinion
She's not Larry's girl.,Disagreement,Statement Non Opinion
"From your father's point of view, he isn't dead.  And you've no right to take his girl.",Statement Non Opinion ,Statement Opinion
"And you can go on from there if you know where to go, but I don't know where to go.  See, I don't know.  Now what can I do for you?",Question,Statement Opinion
"I don't know why, but, every time I reach out for something that I want, I have to pull back 'cause someone else will suffer.  My whole bloody life.  Time after time after time.",Statement Opinion,Statement Opinion
You're a considerate fellow.  There's nothing wrong with that.,Statement Opinion,Statement Opinion
To hell with that.,Disagreement,Disagreement
[BREATHING] Have you asked Annie yet?,Question,Question
I wanted to get this settled first.,Answer,Statement Non Opinion
"Well, how do you know she'll marry you?  Maybe she feels the same way your father does.",Question,Question
"Well, if she does, then that's the end of it.  But from her letters, I think she's forgotten him.  I'll find out.  And then we'll thrash it out with Dad, right?  Mom, don't avoid me.",Answer,Statement Opinion
"Trouble is, you don't see enough women.",Statement Opinion,Statement Opinion
You never did.,Statement Non Opinion ,Disagreement
"So what, I'm not fast with women.",Agreement,Statement Opinion
I just don't see why it has to be Annie.,Statement Non Opinion ,Statement Opinion
Because it is.,Statement Non Opinion ,Statement Non Opinion
"Well, that's a good answer, but it doesn't answer anything.  I mean, you've been away for--at war.  It's been five years.",Statement Non Opinion ,Disagreement
"I can't help it.  I know her best.  I mean, I grew up next door to her.",Statement Non Opinion ,Statement Opinion
"These years when I think of a wife, I think of Annie.  What do you want, a diagram?",Question,Statement Opinion
"I don't want a diagram.  Umm-- He thinks he's coming back, Chris.  You marry that girl and you're pronouncing him dead.",Answer,Disagreement
"I mean, what's gonna happen to your father?  Do you know?  I don't.",Question,Question
"All right.  All right, then, Mom.",Acknowledge ,Acknowledge
I just--give it some more thought.,Command,Command
I've given it three years of thought.  I thought that if I waited Dad would forget about Larry and we could have a regular wedding and everything happy.,Statement Non Opinion ,Statement Opinion
"But if I can't--if that can't happen here, then I'll have to get out.",Statement Non Opinion ,Statement Opinion
What the hell is this?,Question,Question
I'll get out.  I'll get married and go live some place else.  Maybe New York.,Answer,Command
Are you crazy?,Question,Question
I've been a good son too long.  A good sucker.  I'm through with it.,Answer,Statement Opinion
What about the business?  What the hell is this?,Question,Question
The business?  The business doesn't inspire me.,Answer,Statement Opinion
Must you be inspired?,Question,Question
"Yes.  I like it an hour a day.  If I'm gonna grub for my money all day long, at least in the evening I want it beautiful.",Answer,Statement Opinion
"I want a family.  I want kids.  I want something that I can give myself to.  Annie's in the middle of that.  Now, where do I find it?",Statement Non Opinion ,Statement Opinion
"Tell me, you'd leave the business?",Question,Command
"Yes, on this I would.",Answer,Agreement
"Well, you don't want to think like that.",Statement Opinion,Disagreement
Then help me stay here.,Command,Command
"All right, but just don't go thinkin' like that 'cause otherwise what did we work for?  I mean, the whole thing is for you, Chris.  The whole shootin' match is for you.",Statement Non Opinion ,Statement Opinion
"I know.  I know, Mom.  Just help me stay here.",Agreement,Acknowledge
"All right.  Just-- just don't go thinkin' that way, you hear me?",Question,Command
I am thinkin' that way.,Answer,Statement Opinion
"I don't understand you, do I?",Question,Disagreement
"No, you don't.  I'm a pretty tough guy.",Answer,Disagreement
I can see that.,Statement Non Opinion ,Acknowledge
She's been in New York for three and half years.  Why all of a sudden?,Question,Question
"Well, maybe he just wanted to see her again.",Answer,Statement Opinion
Nobody comes seven hundred miles just to see.,Statement Non Opinion ,Statement Non Opinion
What do you mean?  He lived next door to the girl all his life.  Why wouldn't he want to see her again?,Question,Question
Don't look at me like that.  He didn't tell me anymore than he told you.,Command,Command
She's not-,Backchannel,Disagreement
How do you know he's even thinking of it?,Question,Question
-he's not gonna marry her.,Command,Statement Opinion
It's got that all about it.,Answer,Statement Opinion
"Well, so what?",Question,Disagreement
"What's going on here, Joe?",Question,Question
"Now, listen Kate.",Command,Command
"She's not his girl, Joe.  She knows she's not.",Statement Opinion,Statement Opinion
You can't read her mind.,Statement Opinion,Statement Non Opinion
"Well then why is she still single?  I mean, New York is full of men.  Why isn't she married?  Probably a hundred people told her she's crazy, but she's waited.",Statement Opinion,Question
How do you know why she's waited?,Question,Question
"She knows what I know, that's why.  She's faithful as a rock.  In my worst moments I think of her waiting and I know again that I'm right.",Answer,Statement Opinion
"Look, it's a nice day.  What are we arguing for?",Question,Question
"Nobody in this house dares take her faith away, Joe?  Strangers might, but not his father, not his brother.",Statement Opinion,Statement Opinion
"Well, what do you want me to do about it?",Question,Command
I want you to act like he's coming back.  Both of you.  Don't you think I haven't noticed since she got here.  I won't stand for any nonsense.,Answer,Command
But Kate--,Backchannel,Backchannel
"Because if he's not coming back, I'll kill myself.  I mean, laugh--laugh at me, but...",Statement Opinion,Statement Opinion
But why did that happen the very night she came here?  She sleeps in his room and his memorial breaks to pieces.  Just look.  Look at it.,Statement Non Opinion ,Question
Calm yourself.,Command,Command
"Believe with me, Joe.  I can't stand all alone.",Statement Non Opinion ,Command
Calm yourself.,Command,Command
"Last week, a man turned up in Detroit missing longer than Larry.  I mean, you read it yourself.",Statement Non Opinion ,Statement Non Opinion
All right.  All right.  Calm yourself.,Command,Command
"You, above all, have to believe.",Command,Statement Opinion
What?- Why- Why me above all?,Question,Question
Just--just don't stop believing.,Answer,Command
What does that mean?  Me above all?,Question,Question
Look at you.  Look at you shaking.,Statement Non Opinion ,Command
I can't help it.,Statement Opinion,Statement Non Opinion
What have I got to hide?  What the hell is the matter with you Kate?,Question,Question
It's all right.  It's a good thing.,Answer,Agreement
"You know, it's lovely here, the air is sweet.",Statement Opinion,Statement Opinion
Why?,Question,Question
"Well, for one thing, your mother as much as told me to go.",Answer,Statement Opinion
Oh.,Backchannel,Acknowledge
"You saw that.  I mean and then, well, you've been kind of, um--",Statement Non Opinion ,Statement Non Opinion
What?,Question,Question
"Well, kind of embarrassed ever since I got here.",Answer,Statement Opinion
"The trouble is, I planned on sort of sneaking up on you over a period of a week or so.  But, they take it for granted that we're all set.",Statement Non Opinion ,Statement Opinion
"I knew they would, your mother anyway.",Agreement,Statement Opinion
"Well,",Backchannel,Backchannel
"from her point of view, why else would I come?",Question,Statement Opinion
"Oh.  Would you want to?  I guess you know, this is why I asked you to come.",Answer,Question
I--I guess this is why I came.,Statement Opinion,Statement Opinion
"Anne, I love you.  I love you a great deal.  I love you.",Statement Opinion,Statement Opinion
I have no imagination.  That's all I know to tell you.,Statement Non Opinion ,Statement Non Opinion
I'm embarrassing you and I didn't want to tell it to you here.  I wanted some place we'd never been before.  A place where we'd be brand new to each other.,Statement Non Opinion ,Apology
"You feel it's wrong here, don't you?  This yard, this chair.  I want you to be ready for me.  I don't want to have to win you away from anything.",Statement Opinion,Question
"Oh, Chris, I've been ready for a long, long time.",Statement Non Opinion ,Statement Opinion
And he's gone forever.  You're sure?,Question,Question
I almost got married two years ago.,Answer,Statement Non Opinion
Why didn't you?,Question,Question
You started to write me and--,Answer,Statement Non Opinion
You felt something that far back?,Question,Question
Every day since.,Answer,Statement Non Opinion
"Anne, why didn't you let me know?",Question,Question
"Well, I was waiting for you.  I mean, till then you never wrote and when you did, I mean, what did you say?  You can sure be ambiguous sometimes.",Answer,Statement Opinion
"Give me a kiss, Anne.  Give me a-",Command,Command
"oh God, I kissed you.  I kissed Annie.  How long--how long I've been waiting to kiss you.",Statement Opinion,Statement Opinion
I will never forgive you.  Why did you wait all these years?  All I did was sit and wonder if I was crazy for thinking of you.,Statement Opinion,Statement Opinion
"Oh, Annie, we're gonna live now.  I'm gonna make you so happy.",Statement Opinion,Statement Opinion
Not like that you're not.,Statement Opinion,Disagreement
I kissed you.,Statement Non Opinion ,Statement Non Opinion
"Like Larry's brother.  Do it like you, Chris.  What is it?",Question,Question
Let's drive someplace.  I want to be alone with you.,Statement Non Opinion ,Command
"No.  What is it, your mother?",Question,Disagreement
No.  Nothing like that.,Answer,Disagreement
"Then, what's wrong?  I mean, even in your letters there was some--something ashamed.",Question,Question
"Yeah, I suppose I have been.  But it's going from me.",Answer,Acknowledge
You've gotta tell me.,Command,Command
I don't know how to start.,Statement Non Opinion ,Statement Opinion
It wouldn't work this way.,Statement Non Opinion ,Disagreement
"It's all mixed up with so many other things.  You remember overseas, I was in command of a company?",Question,Statement Non Opinion
"Yeah, sure.",Answer,Agreement
"Well, I lost them.",Statement Non Opinion ,Answer
How many?,Question,Question
Just about all.,Answer,Statement Non Opinion
"Oh, gee.",Backchannel,Apology
It takes some time for a guy to toss that off.  'Cause they weren't just men.,Statement Opinion,Statement Opinion
"For instance, one time, it had been raining several days and this kid came to me and gave me his last pair of dry socks.  I put them in pocket.  It's only a little thing, but that's the kind of guys I had.",Statement Non Opinion ,Statement Opinion
"They didn't die, they killed themselves for each other.  I mean that exactly.  A little more selfish and they'd have been here today.",Statement Opinion,Statement Opinion
"I got this idea watching them go down.  Everything was being destroyed, see, but it seemed that there was one new thing being made.  A sort of responsibility.  Man for man.",Statement Opinion,Statement Opinion
"You know what I mean?  To show that, to bring that onto the Earth again, like some kind of monument and everyone would feel it standing behind him and it would make a difference to him.",Statement Opinion,Question
Then I came back and it was incredible.  There was no meaning in it here.  The whole thing to them seemed like sort of a bus accident.  I went to work with Dad and that rat race again.,Statement Non Opinion ,Statement Opinion
"And I felt what you said, ashamed somehow 'cause nobody was changed at all.  It seemed to make suckers out of a lot of guys.  I felt wrong to be alive to open the new bank book, drive the new car, see the new refrigerator.",Statement Non Opinion ,Statement Opinion
"I mean, you can take those things out of a war, but when you drive that car, you've gotta know that it came out of the love a man can have for a man.  You've gotta be a little better because of it.",Statement Opinion,Statement Opinion
Because otherwise all you have is really loot and there's blood on it.  And I didn't want to take any of it.  And I guess that included you.,Statement Opinion,Statement Opinion
You still feel that way?,Question,Question
I want you now Annie.,Answer,Command
"Cause you mustn't feel that way.  Because you have a right to everything that you have.  Do you understand that?  Everything, Chris, and me too.",Statement Opinion,Command
"I mean, and your money, there's nothing wrong with your money.  I mean, your father put hundreds of planes in the air.  A man should be paid for that.",Statement Opinion,Statement Opinion
"I know Annie.  Annie, I'm gonna make a fortune for you.",Agreement,Statement Opinion
What'll I do with a fortune?,Question,Question
What time is it?  They're supposed to run around midnight.,Question,Answer
"This is great, isn't it?  Look at the night we've got here, couldn't be better.",Statement Opinion,Statement Opinion
"I would have liked to have gone a little further up the coast to get away from the lights and the people, but I was afraid we'd miss it.",Statement Opinion,Statement Opinion
How you doing?,Question,Question
Fine.,Answer,Acknowledge
Is that--no--is that just foam?  I can't even tell.,Statement Non Opinion ,Question
"Well, I guess we can tell, it probably isn't right?  Probably be unmistakable don't you think?",Question,Statement Opinion
"How you doing?  Aw, you know what I forgot?  I forgot to bring my flashlight.  Oh, how could I be so stupid?  I should've brought my flashlight.",Statement Non Opinion ,Question
What flashlight?,Question,Question
"You know, the flashlight, the silver one.  There's only one isn't there?",Answer,Statement Non Opinion
That's not your flashlight.,Statement Non Opinion ,Disagreement
Who's is it?,Question,Question
It's ours.  It's mine too.,Answer,Agreement
"Oh, well sure.",Agreement,Agreement
"You kept saying my flashlight, if as if somehow it's just yours.  I mean is that supposed to make me feel?",Question,Disagreement
"Right, of course.  Our flashlight.  Mine and yours.  I mean, me flashlight is su flashlight naturally.",Agreement,Acknowledge
How could we forget to bring it?  I hope the moon stays out.,Statement Opinion,Question
"I wonder, do they always run during a full moon?  I can't remember if it was full last year.  Do you remember?",Question,Question
Yeah.,Answer,Acknowledge
"You cold?  Do you want my jacket?  Oh, we should've brought the blanket.  Our blanket.",Statement Non Opinion ,Statement Non Opinion
"This is great, isn't it?  A six pack would be just the ticket right now.",Statement Non Opinion ,Statement Opinion
I can't believe I forgot.  I'm like a kid.  It's amazing I got out of the house with my fly zipped.,Statement Opinion,Apology
You think they can hear us talk?  Or feel the vibrations in the sand when we move around?,Question,Question
I'm cold.,Statement Non Opinion ,Statement Non Opinion
Do you want my jacket?,Question,Question
"It's after eleven, let's just go home.",Statement Non Opinion ,Command
Are you kidding?  We'd miss it.  We just got here.  What's the point of coming down here if we just turn around and go home.,Question,Disagreement
There is no point in coming down here.,Answer,Statement Opinion
Right.,Backchannel,Acknowledge
That's my point.,Statement Non Opinion ,Statement Opinion
That's my point too.,Agreement,Agreement
"So, let's go.",Command,Command
No. No. That's not my point.  The point is there's no point in coming down if we just leave.  Don't you want to see it?,Disagreement,Disagreement
Not particularly.,Answer,Disagreement
Why not?,Question,Question
I just don't.  It's stupid.,Answer,Disagreement
"Honey, this is a natural phenomenon.  I mean this only happens once a year, you know.",Statement Non Opinion ,Statement Opinion
"Think about the people in Kansas, they had to get plane tickets and hotel reservations to see this.  We live forty minutes away.  It's too good to pass up.",Statement Non Opinion ,Statement Opinion
"Pass up what?  These little fish swim onto the beach, they flop around, and swim away.  And then they die.",Statement Non Opinion ,Question
"Yeah, but that moment on the beach, is the highlight of their little lives.  All that flopping is laying eggs or what do you--spawning or mating.  I mean,",Statement Non Opinion ,Statement Opinion
this is a big night for these guys.  Life's last orgy.,Statement Opinion,Statement Opinion
"What are you so excited about?  I mean, it's not a moon landing we're talking about here.  It's fish.  It's a fish nobody even eats.",Statement Opinion,Disagreement
Yeah they do.,Disagreement,Agreement
"Ah, Augie.",Backchannel,Acknowledge
Alright.  But it's fish that do something that none of the other fish do.  Like the swallows returning to Capistrano or the lemmings throwing themselves off the cliffs.,Statement Non Opinion ,Statement Opinion
There's--there's a bit of the magic--some unexplainable here.  I don't see how you can not be interested.,Statement Opinion,Statement Opinion
I'm just not.,Statement Non Opinion ,Statement Non Opinion
For real?,Question,Question
Yeah.,Answer,Acknowledge
"I don't get it.  The first time we came here, you said it was the best night of your life.",Statement Non Opinion ,Disagreement
"And last year, I remember specifically you were so excited to go that you stubbed your toe rushing me out of the house and didn't even notice until we got in the car.",Statement Non Opinion ,Statement Non Opinion
"Last year, you will also remember our shoes got wet, I got sand in my panties, you got a sore throat, we got in a big fight over nothing, and we didn't see the grunions.",Statement Non Opinion ,Statement Non Opinion
We weren't in a good spot.,Statement Opinion,Statement Non Opinion
We didn't see them the first time either.,Statement Non Opinion ,Statement Non Opinion
"We just weren't in a good spot.  This is a much better spot.  Believe me, I've got good instincts for these things.",Statement Opinion,Statement Opinion
There is that--no that's just seaweed isn't it?,Question,Question
"Oh man, this is great, isn't it?  I wouldn't miss this for anything.  Here, think about this, all right, I know you're not interested, but think about this.",Command,Statement Opinion
"Somewhere out there, this huge mass of silver fish swimming this way.",Statement Non Opinion ,Statement Non Opinion
"They don't know why, we don't know why.  Nobody sent them an invitation or a map, it wasn't a decision, just-",Statement Non Opinion ,Statement Opinion
"all as one, this time release instinctual little firecracker went off and they all turned and formed a line as long as the California coast and started swimming.  And they're swimming right now as if that's all that matters.",Statement Non Opinion ,Statement Non Opinion
It's like single mindedness with no mind.  It's urgency that's pure urge.  They don't know what drives them.  They don't ask it a question or give it a name.,Statement Opinion,Statement Opinion
"They just turn as one and start the swim that brings them right here to where we stand, for a massive celebration of sex and death.",Statement Non Opinion ,Statement Non Opinion
"Ah, God, I'm giving myself goose bumps.  Look, all my hairs are popped up.",Statement Non Opinion ,Statement Non Opinion
That's the wind.,Statement Non Opinion ,Statement Non Opinion
"Well, so what do you think?",Question,Question
About what?,Question,Question
What I was saying.,Answer,Question
It's ridiculous.,Statement Opinion,Statement Opinion
"Well, so what do you think?",Question,Question
About what?,Question,Question
What I was saying.,Answer,Question
It's ridiculous.,Statement Opinion,Statement Opinion
It certainly is not.  It's slightly exaggerated scientific fact.,Disagreement,Disagreement
It's PR.  Somebody sold you a bill of goods that this wonderful event is gonna take place on the beach.,Statement Opinion,Statement Opinion
"Well, I'm not the only one.  Look at all these people.",Disagreement,Disagreement
"Sure, everybody's told the same story.  It keeps us all excited.  It keeps us coming back for more.  It keeps us thinking that life is gonna start any second now if we could just find the right spot and get in on the action.",Statement Opinion,Statement Opinion
Are we talking about the same thing?,Question,Question
"Well, I'm sorry, but it's still just fish to me.",Answer,Apology
"Carla, can I ask you something?  Don't take this wrong, but are you having your period?",Question,Question
"God damn it, Augie, don't ask me that.  I hate it when you ask me that.  You always ask me that.  It's insulting.",Answer,Disagreement
"Well, what's bugging you?",Question,Question
We just have different ideas of what this evening is supposed to look like.,Answer,Disagreement
"There's nothing to it.  We come here, the grunion arrive, they do their little fish business, we go ooh, ah, look at the fish.  They go home. We go home.",Statement Non Opinion ,Statement Non Opinion
"For heaven sake, we're not going to see the grunions.",Statement Opinion,Disagreement
Why not?,Question,Question
"We never do, do we?  I mean, have we ever?",Question,Question
We've missed them twice.  That's not ever.,Answer,Statement Non Opinion
Twice is every time we've tried. That's ever.,Statement Non Opinion ,Statement Non Opinion
"Well, we'll see them this year.",Statement Opinion,Statement Non Opinion
"No, we won't.  It's pointless.  It's like waiting up to see Santa Claus.",Disagreement,Disagreement
"I mean, I feel like my whole life is gonna be spent standing on the beach with my eyes wide open and my hands clasped expectantly waiting for the fish to show up.  And the fish won't show up.",Statement Opinion,Statement Opinion
I thought you wanted to see it.,Statement Opinion,Statement Opinion
You don't understand anything I'm saying.,Statement Non Opinion ,Disagreement
"No, of course not.",Disagreement,Disagreement
I did want to see it.  I always do.  I keep thinking that this is gonna be the time and it never is.,Statement Opinion,Statement Opinion
It's just fish.  Nothing to get traumatized about.,Statement Opinion,Statement Opinion
"For heaven sake, this isn't about fish.",Statement Non Opinion ,Statement Opinion
"All right.  Look, I've been trying to work this backwards, but I cannot seem to figure out the exact moment that we took a turn for the worst.",Statement Non Opinion ,Statement Opinion
"I mean, you were-  you were fine during the phone call from Marge.  Dinner was okay.  Doing the dishes was no problem.  Let's see.  I took a shower.  You watched the news.",Statement Non Opinion ,Statement Non Opinion
"You said, ""Hey the grunion are running tonight.""  I said, ""Great, let's go.  I feel lucky.""",Statement Non Opinion ,Agreement
"Okay, so I'm putting on my jacket, putting out the animals, getting the car out of the garage--",Statement Non Opinion ,Statement Non Opinion
"Do you remember the first time we came to see it?  It was about four years ago, right after we got married.",Statement Non Opinion ,Question
"I thought I was pregnant, you had a bottle of champagne, but no glasses.  You asked me to dance, so we kicked off our shoes and you popped the cork.",Statement Non Opinion ,Statement Opinion
"And while we were dancing, you said the softest, most intimate things to me right into my ear so that I could feel them as much as hear them.",Statement Non Opinion ,Statement Opinion
"And I remember thinking, this is it.  You know, at last--at last I am as happy as I am supposed to be.",Statement Non Opinion ,Statement Opinion
Wait a minute.  I've got it.,Command,Command
"Just dancing barefoot in the sand, drinking champagne out of the bottle.",Statement Non Opinion ,Statement Non Opinion
"It was in the car, right?  Driving past the Knickerbocker Liquor Locker, you said, ""let's get some champagne,"" and I said, ""time's a wasting"" or something like that, right?",Question,Question
"Yeah, of course, I see it now.  You want this to be like that other time, right?  That's it, right?",Question,Agreement
I'd rather not remember some things.  I would rather not hope for some things.,Answer,Statement Opinion
"Okay, yeah, sure, I see it now.  Listen, you wanna dance?",Question,Command
No.,Answer,Disagreement
You want me to go get some champagne?,Question,Question
No.,Answer,Disagreement
Take off our shoes?,Question,Question
No. No.,Answer,Disagreement
"Well, what?  You want me to breathe in your ear?",Question,Question
No.,Answer,Disagreement
You wanna get married again?,Question,Question
No.,Answer,Disagreement
What?  What?  You want a divorce?,Question,Question
No.,Answer,Disagreement
A vacation?,Question,Question
No.,Answer,Disagreement
"A new carpet?  A poodle?  Ice cream?  Back rub?  A suicide pact?  What?  What?  Carla, what the hell do you want?",Question,Question
I want something to turn out the way that it's supposed to.,Answer,Statement Opinion
"Well, welcome to the human race.  Do you think this is what I had in mind when I proposed?  That four years down the road, we'd be at the beach yelling at each other over fish?",Question,Question
"No.  You think I knew that there'd be times when you'd look at me like a used Kleenex?  Or that I'd look at you and think, holy hell, when's the next flight to Alaska?",Statement Non Opinion ,Disagreement
"No, Carla, I'm just like you.  I thought it was gonna be all peaches and roses and sand in our toes and wind in our hair and the fish will always come and the bills will pay themselves and we'll have three fat rosy kids and ha, ha, baby, the joke's on us",Statement Opinion,Disagreement
"cause you know what you get, Carla?  You know what you get?  This.",Statement Non Opinion ,Question
This.  What?  What is this?  This isn't even anything.,Statement Non Opinion ,Statement Non Opinion
"Yes, it is.",Disagreement,Answer
"Uh, right this is standing on the beach.  This is waiting.  This is fighting.",Statement Opinion,Statement Non Opinion
Right.,Agreement,Acknowledge
Well.  This isn't anything like I thought anything would be like.,Statement Opinion,Statement Opinion
"I know, me neither.",Agreement,Agreement
"I mean, this is just this.  It includes a lot and everything, but it isn't something else.  Do you have any idea what I'm trying to say?",Question,Question
I'm doing the best I can.,Answer,Statement Non Opinion
"I know that, Augie.  Really, I do.",Agreement,Acknowledge
"I know that you meant this to be special and nice and the sand and the moon and all, but I just couldn't help thinking about being somewhere else.",Statement Opinion,Statement Opinion
Maybe if you were with somebody else too.,Statement Opinion,Statement Opinion
I didn't say that.,Disagreement,Disagreement
"No, I know.  But still.  I know I don't make you happy.",Agreement,Disagreement
"Oh, for heaven sake, whatever I'm doing, I'd rather be doing it with you.",Statement Opinion,Statement Opinion
Yeah?,Question,Backchannel
"Oh, don't be ridiculous.  I mean, don't you know that?",Question,Disagreement
You're the one who probably wishes you were with someone else.  Someone who--you'd rather enjoy yourself and didn't take everything so hard.,Statement Opinion,Disagreement
"Well, now that you mention it.  No, I don't.",Disagreement,Acknowledge
"Okay.  Fine so.  We're in the wrong spot, but we're with the right person.",Statement Opinion,Statement Opinion
"I don't know.  It seemed like a pretty good spot to me.  I mean, look at the view you have of the moon from here.",Statement Opinion,Statement Opinion
"Yeah, I noticed that.  Looks pretty, doesn't it?  Big ol' white moon.",Statement Opinion,Statement Opinion
"Well, look what we have here.",Statement Non Opinion ,Command
"Augie, you brought refreshments.",Statement Non Opinion ,Statement Non Opinion
It's not champagne.,Statement Non Opinion ,Disagreement
"Well, then we don't need glasses.",Statement Non Opinion ,Disagreement
You still cold?  Do you wanna go home?,Question,Question
No.  I think you might be right.  Maybe this is the spot after all.,Answer,Agreement
"Augie, I'm sorry.",Apology,Apology
Shh.  If we're very quiet the fish might come.,Statement Opinion,Command
Or not.,Statement Opinion,Disagreement
Or not.,Agreement,Disagreement
Good God.,Statement Non Opinion ,Statement Non Opinion
Do you think it's them?,Question,Question
I wonder.,Answer,Statement Opinion
"Well, nobody know we're here except Freda and she wouldn't ring up.",Statement Non Opinion ,Statement Opinion
"Must be them, then.",Statement Non Opinion ,Statement Opinion
What're we gonna do?,Question,Question
"We're all right, darling, aren't we?  Whatever happens.",Statement Non Opinion ,Question
"Now and always, sweet.",Agreement,Statement Non Opinion
I don't care then.,Statement Non Opinion ,Disagreement
It was bound to come sooner or later.,Statement Non Opinion ,Statement Opinion
Hello?  Hello?  What?  Wrong number.,Statement Non Opinion ,Question
"Ah, it send shivers up my spine.",Statement Non Opinion ,Statement Opinion
What do we do if they suddenly walk in on us?,Question,Question
Behave exquisitely.,Answer,Command
With the most perfect poise?,Question,Statement Non Opinion
"Oh, of course.  I shall probably do a court curtsy.",Answer,Agreement
Things that ought to matter dreadfully don't matter at all when one's happy.  Do they?,Question,Question
What's so horrible is that one can't stay happy.,Answer,Statement Opinion
"Oh, darling, don't say that.",Command,Command
It's true.  The whole business is a very poor joke.,Statement Opinion,Disagreement
"Meaning that sacred and beautiful thing, love?",Question,Statement Opinion
"Yes, meaning just that.",Answer,Agreement
"Oh, what does it all mean?  That's what I ask myself in my ceaseless quest for ultimate truth.  Dear God, what does it all mean?",Question,Question
Don't laugh at me.  I'm serious.,Command,Command
"You mustn't be serious, my dear one.  That's just what they want.",Statement Opinion,Command
Who's they?,Question,Question
All those futile moralists that try to make life unbearable.  Laugh at them.  Be flippant.  Laugh at everything.  All their sacred shibboleths.,Answer,Command
Flippancy brings out the acid in their damn sweetness and light.,Statement Opinion,Statement Opinion
"If I laugh at everything, then I must laugh at us too.",Statement Opinion,Statement Opinion
"Certainly, you must.  We're figures of fun, alright.",Agreement,Statement Opinion
"Well how long will it last us, this ludicrous overbearing love of ours.",Question,Question
Who knows.,Answer,Question
"Well, shall we always want to bicker and fight?",Question,Question
"No, that desire will fade.  Along with our passion.",Answer,Disagreement
"Oh, dear, shall we like that?",Question,Statement Opinion
Depends on how well we've played.,Answer,Statement Non Opinion
"Well, what happens if one of us dies?  I mean, does the one that's left still laugh?",Question,Question
Yes.  Yes. With all his might.,Answer,Acknowledge
"That's serious enough, isn't it?",Question,Question
"No. No, it isn't.  Death is very laughable.  Such a cunning little mystery.  All done with mirrors.",Answer,Disagreement
"Darling, I believe you're talking nonsense.",Statement Opinion,Disagreement
So is everyone else in the long run.,Statement Opinion,Statement Opinion
"Let's be superficial and pity the poor philosophers.  Let's blow our trumpets and squeakers and enjoy the party as much as we can.  Like quite idiotic, very small school children.  Let's savor the delight of the moment.",Statement Opinion,Statement Opinion
"Come and kiss me, darling, before your body rots and worms pop in and out of your eye sockets.",Statement Opinion,Command
"Elliott, worms don't pop.",Statement Non Opinion ,Statement Non Opinion
"I don't care what you do.  See, you could paint yourself green and dance naked in the Place Vendome and rush off madly with all the men in the world and I shan't say a word.  As long as you love me best.",Statement Opinion,Disagreement
"Oh, thank you, dear.  The same applies to you except that if I catch so much as looking at another woman, I'll kill you.",Statement Opinion,Agreement
You remember that awful scene we had in Venice?,Question,Question
Which particular one?,Question,Question
The one when you bought that little painted wooden snake in the Piazza and put it on my bed.,Answer,Statement Non Opinion
Charles.  That was his name.  Charles.  He did wriggle so beautifully.,Statement Non Opinion ,Statement Non Opinion
"Ah, horrible thing.  I hated it.",Statement Opinion,Disagreement
"Yes, I know you did.  You threw it out of the window into the Grand Canal.  I don't think I'll ever forgive you for that.",Agreement,Disagreement
How long did that row last?,Question,Question
It went in intermittently for days.,Answer,Statement Non Opinion
The worst one was in Cannes when your curling iron burnt a hole in my new dressing gown.,Statement Non Opinion ,Statement Opinion
It burned my comb too and all the towels in the bathroom.,Statement Non Opinion ,Statement Non Opinion
"That was a rouser, wasn't it?",Question,Question
That was the first time you ever hit me.,Answer,Statement Non Opinion
I didn't hit you very hard.,Statement Opinion,Statement Non Opinion
"The manager came in and found us rolling around on the floor, biting and scratching like panthers.",Statement Non Opinion ,Statement Non Opinion
"Oh, I'll never forget his face.",Statement Non Opinion ,Statement Opinion
It was ridiculous.  Completely ridiculous.,Statement Opinion,Statement Opinion
We were very much younger then.,Statement Non Opinion ,Statement Non Opinion
and very much sillier,Statement Opinion,Statement Opinion
"As a matter of fact, the real cause of that row was Peter Burden.",Statement Non Opinion ,Statement Opinion
I knew nothing of the sort.  You took presents from him.,Statement Non Opinion ,Disagreement
Presents?  Just a trivial little broach.,Statement Non Opinion ,Question
"Ah, yes, I remember it well.  Bristling with diamonds in the worst possible taste.",Statement Non Opinion ,Acknowledge
"No, it wasn't.  It was very pretty.  I still have it and I wear it often.",Disagreement,Disagreement
You went out of your way to torture me over Peter Burden.,Statement Non Opinion ,Statement Opinion
"No, I didn't.  You worked the whole thing up in your jealous imagination.",Disagreement,Disagreement
"You must admit, he was in love with you, wasn't he?",Question,Statement Opinion
"Just a little perhaps, nothing serious.",Answer,Statement Non Opinion
You let him kiss you.  You said you did.,Statement Non Opinion ,Command
"Well, what of it?",Question,Question
What of it?,Backchannel,Question
It didn't hurt him at all and I enjoyed it.,Statement Non Opinion ,Statement Opinion
"Well, what about me?",Question,Question
"Well, if you hadn't been so suspicious and nosey, you never would have known a thing about it.",Answer,Disagreement
"Well, that's a nice point of view I must say.",Statement Opinion,Statement Opinion
I'm bored with this conversation.,Statement Opinion,Statement Opinion
"Me, too.  Bored stiff.  You want some brandy?",Question,Agreement
"No, thanks.",Answer,Disagreement
I think I'll have some.,Statement Non Opinion ,Statement Opinion
Don't see why you want any.  You've already had two glasses.,Statement Non Opinion ,Disagreement
No particular reason.  Anyhow they were very small ones.,Statement Non Opinion ,Statement Non Opinion
Just seems so silly to go on and on and on with such a thing.,Statement Opinion,Statement Opinion
You can hardly call three liquor glasses in a whole evening going on and on and on.,Statement Opinion,Disagreement
"Well, it's become a habit with you.",Statement Opinion,Statement Opinion
"You needn't be so grand, just because you don't happen to want any yourself at the moment.",Statement Opinion,Disagreement
Don't be so stupid.,Statement Opinion,Command
"Really, Amanda.",Disagreement,Disagreement
What?,Question,Question
Nothing.,Answer,Acknowledge
Going out somewhere dear?,Question,Question
"No, just making myself fascinating for you.",Answer,Disagreement
That reply has broken my heart.,Statement Non Opinion ,Disagreement
"A woman's job is to allure the man.  Watch me a minute, will you?",Statement Opinion,Statement Opinion
"As a matter of fact, that's perfectly true.",Agreement,Agreement
"No, it isn't.",Disagreement,Disagreement
"Yes, it is.",Disagreement,Agreement
"Oh, be quiet.",Command,Command
"Ah, it's a pity you didn't have any more brandy.  It might have made you a little less disagreeable.",Statement Opinion,Statement Opinion
Doesn't seem to have worked such wonders with you.,Statement Opinion,Disagreement
"Snap, snap, snap, like a little adder.",Statement Opinion,Statement Non Opinion
"Adders don't snap, they sting.",Disagreement,Statement Non Opinion
Nonsense.  They have a little bag of venom behind their fangs and they snap.,Disagreement,Disagreement
They sting.,Disagreement,Statement Non Opinion
They snap.,Disagreement,Command
"I don't care, do you understand?  I don't care.  I don't care if they bark or roll about like hoops.",Statement Opinion,Disagreement
Did you see much of Peter Burden after our divorce?,Question,Question
"Yes, I did.  Quite a lot.",Answer,Answer
"Hmm, I imagine you let him kiss you a good deal more then.",Statement Opinion,Statement Opinion
Mind your own business.,Command,Command
"Oh, must have had a riotous time. No restraint at all.  Very enjoyable and never had much anyhow.",Statement Opinion,Statement Opinion
You're quite insufferable,Statement Opinion,Statement Opinion
I'm not in the least drunk.,Disagreement,Disagreement
You've always had a weak head.,Statement Opinion,Statement Opinion
"On the contrary, a child of two could get violently drunk on only one glass of brandy.",Statement Opinion,Disagreement
"Oh, very interesting.  How about a child of four?  A child of six?  Or a child of nine?",Question,Question
Shut up.,Command,Command
"We could get a good debate going about this, don't you think?  Intemperate tots.",Statement Opinion,Question
"Not very funny, dear.  You'd better have some more brandy.",Statement Opinion,Disagreement
All right.  I will.,Agreement,Command
"You better turn that off, I think.",Statement Opinion,Command
Why?,Question,Question
Because it's late and it'll annoy the people upstairs.,Answer,Answer
There aren't any people upstairs.  It's a photographer's studio.,Statement Non Opinion ,Statement Non Opinion
There are people downstairs I suppose?,Question,Question
They're away in Tunis.,Answer,Statement Non Opinion
This is no time of the year for Tunis.,Statement Opinion,Statement Opinion
"Turn it on again, please.",Command,Command
I'll do no such thing.,Disagreement,Disagreement
"Very well, if you insist on being boorish and idiotic.",Disagreement,Disagreement
Turn it off.  It's driving me mad.,Command,Command
You are far too temperamental.  Try to control yourself.,Statement Opinion,Command
Turn it off.,Command,Command
Stop it.  Go away.  I hate you.,Command,Command
"Amanda, listen. listen",Command,Command
"Listen?  Listen, indeed.  I am sick and tired of listening to you, damn sadistic bully.",Statement Opinion,Disagreement
"Very amusing, indeed.",Disagreement,Statement Opinion
"I hate you.  Stop it.  Stop it.  I hate you, do you hear?  You're conceited and overbearing and utterly impossible.",Statement Opinion,Disagreement
"You're a vile, tempered, loose living, wicked little beast and I hope to never see you again as long as I live.",Statement Opinion,Disagreement
This is the end.  Finally and forever.  Do you hear me?  The end.,Statement Non Opinion ,Command
You're not going like this.,Command,Command
"Oh Yes, I am.",Disagreement,Agreement
You're not.,Disagreement,Disagreement
I am.  Let go of me.  You're a cruel fiend and I hate and loathe you.,Statement Opinion,Disagreement
Shut up. Shut up.,Command,Command
I wouldn't-- I wouldn't marry--,Statement Non Opinion ,Disagreement
I wouldn't marry you if you came in crawling on your knees,Statement Opinion,Disagreement
Thank God I realized what you are-- I'd never marry you again ever in my life. You're a cruel fiend and I hate you. You're a beast. You're a beast--I hate you. Stop it.  Stop it.,Statement Opinion,Disagreement
You're a evil vampire and I hope to God I never see you again as long as I live.,Statement Opinion,Disagreement
All right. Finally. Here you go.,Statement Non Opinion ,Acknowledge
"Hi, How can I help you?",Greeting,Greeting
"Yea. I just want to get this done,",Statement Non Opinion ,Agreement
"Sure, um",Acknowledge ,Acknowledge
get my new license.,Statement Non Opinion ,Command
do you have two forms of ID with you?,Question,Question
"Um, no, I got my driver's license though.",Answer,Disagreement
"I actually need two forms of ID. I need either a passport or a birth certificate, or social security card. I'm sorry.",Statement Non Opinion ,Apology
"Uh, sorry, I forgot them. I mean I've got to -",Apology,Apology
Well,Backchannel,Backchannel
well is the dri-driver's license going to work?,Question,Question
I- I can take your driver's license but I need another form of ID in order to process this paper work.,Statement Non Opinion ,Command
"Okay, so what are you saying? What-",Question,Question
"Um, that you would need to go home and get another form of ID and come back.",Answer,Command
"What? I- You telling me I waited in that huge line to go and sit down and get my number called, like after",Statement Non Opinion ,Disagreement
"Well, I'm sorry sir but",Apology,Apology
three hours and,Statement Non Opinion ,Statement Non Opinion
you need to bring two forms of ID there is nothing we can do about it.,Statement Non Opinion ,Command
Shouldn't they have like told us about that? I mean why - why would they make me go and wait three hours if I have got to go and do it again?,Question,Question
"Well, it's actually-",Statement Non Opinion ,Acknowledge
"It's standard that you bring a couple of forms of ID, I'm sorry.",Statement Non Opinion ,Apology
"It's standard? I mean I don't work at the D.M.V. how am I supposed to know that, like, I stand in line, I get my",Question,Statement Opinion
"Well, I'm sorry, sir, but we're not responsible.",Apology,Apology
"I filled out the application right, didn't I?",Question,Question
"Yes, you did, thank you very much, but we're not responsible if you've forgotten something, and we need to have two forms of ID.",Answer,Acknowledge
Okay. What about - no -- how about you hold that and I'll - I'll go and I can come back-,Question,Command
"I'm sorry, but there is a lot of people waiting so you're just going to have to get in line again.",Apology,Apology
I've been waiting for three hours.,Statement Non Opinion ,Statement Non Opinion
"It just happens to people all the time, I'm sorry sir, but I can't make an exception for you.",Statement Non Opinion ,Apology
This is ridiculous. Come on,Statement Opinion,Disagreement
"I'm sorry, sir.",Apology,Apology
"I cannot go back in that line. I've got stuff I need to do, I mean-",Statement Non Opinion ,Disagreement
there is nothing I can do.,Statement Non Opinion ,Statement Non Opinion
"But my driver's license - I had to have my birth certificate to get my driver's license in the first place right, I mean this - here is my driver's license so",Statement Non Opinion ,Statement Non Opinion
"I know sir, but we have to have two forms. There is nothing I can do about it, I'm sorry.",Statement Non Opinion ,Apology
That doesn't make any sense. Why?,Question,Disagreement
"I'm sorry, sir. There is nothing I can do.",Apology,Apology
You- shouldn't you have like a sign or something maybe like up on the counter when you get the applica- maybe on the application,Statement Non Opinion ,Question
"Well, if you had checked the web site it would have said.",Statement Non Opinion ,Statement Opinion
If you had checked the website it would have said that you needed two forms of identification.,Statement Non Opinion ,Statement Non Opinion
"What web- I didn't go to a website - why would I need to - it's the D.M.V.. You come to the D.M.V., you wait in line for three hours, and then you go home.",Statement Non Opinion ,Statement Opinion
"Well, maybe you should",Statement Opinion,Command
I waited in line now I'm ready to get my stuff and then go home.,Statement Non Opinion ,Statement Non Opinion
Right. So maybe you should go home now and get your paperwork and come back.,Statement Non Opinion ,Command
"I'm sorry sir but there's a lot of people waiting. So if you won't move out of the way, then I'm going to have to call security.",Apology,Apology
"God, oh my-",Backchannel,Backchannel
This is ridiculous.,Statement Opinion,Statement Opinion
"I'm sorry, sir, it's not my choice.",Apology,Apology
"I'm going to miss you too; I don't know what I'm going to do here without you. It's going to be so lonely, and so hard.",Statement Opinion,Agreement
I don't want to be a single mom.,Statement Opinion,Statement Opinion
"You won't be. I'll be back; I'll be back before you know it. All right, and",Disagreement,Command
but,Backchannel,Disagreement
and,Backchannel,Backchannel
It's dangerous; I mean how can you make sure that you'll,Statement Opinion,Statement Opinion
"It's- It's dangerous anywhere, honey. I mean this is -this- I'm just going to go and we'll get it over with,",Statement Non Opinion ,Statement Opinion
"I'll come back we'll have, you know, some good benefits from being in the service and then we'll live - we'll live a happy life, then the rest of us, like the three of us.",Statement Non Opinion ,Statement Opinion
I hope so.,Statement Opinion,Acknowledge
A little family.,Statement Non Opinion ,Statement Non Opinion
I hope so.,Statement Opinion,Acknowledge
You gotta,Command,Command
It's going to be really rough.,Statement Opinion,Statement Opinion
"You gotta take care of our baby for me, alright?",Statement Non Opinion ,Command
I'll send you lots of pictures.,Statement Non Opinion ,Command
"I hope so, because I'm not going to be able to survive without all that. I don't know what I'm going to do.",Statement Opinion,Statement Opinion
I've never been - I've never been away from you for two weeks let alone a year.,Statement Non Opinion ,Statement Opinion
"Well, just promise me that you going to be safe.",Statement Non Opinion ,Command
"I mean can't they put you in like, you know kitchen work or something where you won't get",Question,Question
"No, it doesn't work that way",Answer,Disagreement
"but, I mean, I'm going to do whatever I can and get back here as fast as I can.",Statement Opinion,Statement Opinion
It doesn't make any sense; I don't know why we have to be at war in the first place.,Statement Opinion,Statement Opinion
"I know, but it's not our decision, I guess, you know, I mean",Statement Opinion,Acknowledge
there's people that thought it was the right thing to do so now we have to- we have to do what we have to do for our country,Statement Non Opinion ,Statement Opinion
"and it'll work out you know, go there and do that. Yeah, I'll be back",Statement Non Opinion ,Command
"Will you write me letters, paper ones?",Question,Question
"Yeah, of course. I don't know if we'll have computers or anything like that you know, so probably my only option then.",Answer,Statement Opinion
"Yeah, I'll write you every day 'cause you're the only thing that's going to be on my mind.",Statement Opinion,Agreement
"Our baby needs a dad; you can't leave. Okay, you can't disappear.",Statement Opinion,Command
"Our baby has a dad, alright. Daddy is going to be back soon.",Agreement,Statement Opinion
"I want you to, you know, take lots of video; pictures and I can see you when I get back or while I'm there. I'm going to miss you.",Statement Non Opinion ,Command
I'll miss you too.,Statement Opinion,Answer
"Oh, you're never going to believe it.",Statement Opinion,Statement Opinion
What? What? You look really happy what's going on?,Question,Question
"Well, I finally did it",Answer,Statement Non Opinion
Finally did what?,Question,Question
I-I asked her to marry me.,Answer,Statement Non Opinion
"You did? Oh, my Gosh, I'm so proud of you.",Statement Opinion,Acknowledge
"Yes, I know. [LAUGHTER]",Agreement,Acknowledge
"Oh, my Gosh. Well, and did",Backchannel,Backchannel
"I'm so nervous you know, I'm-",Statement Non Opinion ,Statement Opinion
Did she say yes?,Question,Question
"Yes, she said yes. [LAUGHTER] I know",Answer,Acknowledge
That's like the most definitive.,Statement Opinion,Statement Opinion
"Oh, my gosh, wait so when did you decide to do this, I mean,",Question,Question
I would have thought you would have told me that you were planning on doing this.,Statement Opinion,Statement Opinion
"Yea, I guess so. Oh, my Gosh. Was she surprised?",Question,Question
"Yes, yes. You know, she - she was like - I mean, she was happy, you know",Answer,Backchannel
Yeah.,Agreement,Acknowledge
"I - I think it was about time, I don't know, maybe. You know what, it's been it's been long enough now.",Statement Opinion,Statement Opinion
So what did you do?,Question,Question
"Oh, well, it was -- you know, we were at this- at this concert and yeah",Answer,Backchannel
so I-I talked to some of the crew before hand and-,Statement Non Opinion ,Statement Non Opinion
"Oh, You did not.",Acknowledge ,Disagreement
I-I did.,Statement Non Opinion ,Acknowledge
"Oh, my Gosh. that's so cute",Statement Opinion,Statement Opinion
"So I got the band to do something, you know, like towards the end of the song I got to go up on stage and, uh",Statement Non Opinion ,Statement Non Opinion
"That's so romantic. Oh, my Gosh. She must have died. That's like one of those things you write into a magazine about like my boyfriend did this. Oh my God.",Statement Opinion,Statement Opinion
"I know, so",Agreement,Acknowledge
I got to freak her out.,Statement Non Opinion ,Command
"No, yes -- so",Backchannel,Disagreement
She must have flipped out.,Question,Statement Opinion
"Yea, that way she was guaranteed that she could not say no.",Answer,Agreement
Right exactly because you can't say no in front of thousands of people. [LAUGHTER],Agreement,Agreement
"No, but it was good.",Statement Opinion,Disagreement
Did you bring her up on stage too?,Question,Question
"Yes, yes. [LAUGHTER]",Answer,Acknowledge
"Oh, my Gosh, that's so cute.",Statement Opinion,Statement Opinion
"I know it was, I don't know I was really nervous but I'm really - I'm really glad.",Statement Opinion,Acknowledge
Are your parents excited or...?,Question,Question
"Oh yes, they - they you know they love her and so I mean...",Answer,Backchannel
"Yea, totally. So when is it going to happen?",Question,Question
"Well, we're thinking uh - we're thinking winter time, you know, we're going to do it in the winter and then maybe, you know, maybe",Answer,Statement Opinion
"I don't know either do a honeymoon like in the snow or fly down to like Australia, Southern Hemisphere, [GARBAGE] so we'll decide with that.",Statement Opinion,Statement Opinion
"Ooh, that would be fun.",Statement Opinion,Backchannel
"Do you think you'll get a house or something, like you guys are looking to buy some place or",Question,Question
"Yea, yea, I'm not too sure where yet I guess you know, I kind of got to figure some stuff out here first",Answer,Statement Opinion
Yeah. [LAUGHTER],Agreement,Acknowledge
but like you know it's just - I guess we're just excited right now that we'll get to continue it together.,Statement Opinion,Statement Opinion
"Oh my Gosh. I cannot believe you're getting married, that is so cool.",Statement Opinion,Statement Opinion
I know.,Agreement,Acknowledge
"Golly, it just makes me all like romantic inside, like I really want that to happen to me. [LAUGHTER]",Statement Opinion,Statement Opinion
"Oh, it will, obviously you know. But I know it's something - I don't know, you never really think about it happening, like before hand.",Agreement,Statement Opinion
Did you have a good ring? You better have had a good ring.,Question,Question
"Sure. Oh, yes.",Answer,Backchannel
Good. The ring makes all the difference.,Statement Opinion,Statement Opinion
You know I had my mom come along maybe help me out a little bit because she's got good taste. but,Statement Opinion,Statement Opinion
"Oh, that's awesome.",Statement Opinion,Acknowledge
"Yes, well, Thanks, thanks. Thank you. yeah",Greeting,Acknowledge
"Yay, well congratulations, that's so cool. [BREATHING] I can't wait.",Acknowledge ,Agreement
Hah.,Others,Backchannel
I don't know what I'm going to do about this; I mean,Answer,Statement Opinion
"I have got to get a job, you know? Like-",Statement Non Opinion ,Statement Opinion
"You've been doing a lot of work for it, right?",Question,Question
"Well, yea you know, I get my resumes and I mean I-",Answer,Backchannel
"Right, so the fact you doing the best that you can is -",Statement Opinion,Acknowledge
"I go out all the places I can, every place that'll give an interview you know.",Statement Non Opinion ,Statement Non Opinion
"you know you shouldn't give yourself a hard time for that, it's the best you can.",Statement Opinion,Agreement
"But it's been so long, like what - what am I - what am I waiting -- I should probably just do something else, or",Statement Opinion,Statement Opinion
"Well, but you care about what you do, right?",Question,Question
"I don't know, I mean why - why",Question,Question
"Yea, but it's - it's almost like it's not worth it you know, if I'm going to waste to have my life like trying to get a job, I mean once I actually do get the job it's like oh, retirement or something. I don't know, you know.",Answer,Statement Opinion
"I understand that it's so frustrating but I know that you're here because you really want it you know and, and uh",Statement Opinion,Acknowledge
"Well, and that's what I begin to question after a while is maybe I just don't want it, maybe it's not even worth it, you know, like",Statement Opinion,Statement Opinion
"I don't even know if it's going to be worth it because I can't break myself in, you know like I can't - can't even get a foot in the door you know.",Statement Opinion,Statement Opinion
"Well, I mean you're still here you've tried for this long so I think that says something all in itself.",Statement Opinion,Statement Opinion
"Yea, it says I'm stupid enough to be trying this long and not move on somewhere else.",Statement Opinion,Statement Opinion
You are persistence. I mean that's important. that's,Statement Opinion,Statement Opinion
"I mean, I can't- I can't be persistent forever, you know, you can't not have a job forever, you know, I've got- I've got to do something, I've got to make money and get food on the table.",Disagreement,Statement Opinion
"Well, you're talented so keep that in mind, you know, you shouldn't give yourself too hard of a time.",Statement Opinion,Statement Opinion
"I mean, maybe I'm not, you know. I don't have a job. Maybe - maybe I'm not as good as-as I thought I was and",Statement Opinion,Statement Opinion
I just got a whole skewed opinion on just how this is supposed to work out and,Statement Non Opinion ,Statement Opinion
I'm sorry.,Apology,Apology
"I don't know, it's just not, I don't know - I don't know what to do really, you know, I'm just thinking",Statement Non Opinion ,Statement Opinion
"maybe - maybe take up painting, I don't know, you know.",Statement Opinion,Statement Opinion
"Do something that I don't have to go out and do something, stay at home, I don't know.",Statement Opinion,Command
Seems like the only option at this point because obviously the outer world has just rejected me of all possible employment.,Statement Opinion,Statement Opinion
"That's- I mean. There are more factors then just whether you're good or not, you know what I mean like",Statement Opinion,Statement Opinion
"and the fact that you know there is always different types of things and what kind of people they want in the office and whether it's male or female or you know what I mean, like things are out of your control.",Statement Opinion,Statement Opinion
So you should take that in consideration rather than giving yourself such a hard time.,Statement Opinion,Command
"I know, but I mean- if that's the - you know, I'm either like the worst at this or just the most unlucky person on the planet I mean this doesn't",Statement Opinion,Statement Opinion
"It might be the latter I don't know because you're not the worst, I mean you're great, you very talented at what you do.",Statement Opinion,Statement Opinion
this doesn't happen to a normal person.,Statement Opinion,Disagreement
"You know and the fact you still here and still cooking, like it's good that you're thinking about it, that you're reconsidering.",Statement Opinion,Statement Opinion
"But like, just because you're considering why it's been so difficult doesn't mean you should just stop.",Statement Opinion,Statement Opinion
"I mean, I don't know, I don't see - I don't see any other way - any other way around it right now.",Statement Non Opinion ,Statement Opinion
"Maybe you should take a little break from it, but I don't think you should stop.",Statement Opinion,Statement Opinion
What am I going to do on a break?,Question,Question
"Get out of town or something, I mean you need - you need to clear your head 'cause you seem like you're really frustrated about it. I mean you need to like, be excited about you're doing, rather than, you know upset.",Answer,Command
Right. Thanks for talking to me.,Acknowledge ,Acknowledge
It seems that uh- my-my bag didn't make it out on the carousel.,Statement Non Opinion ,Statement Opinion
"Oh, did you check? Did you make sure as it went around the second time that it-",Question,Question
"Actually I'm looking here at the information, the flight that you were on we had some trouble with some of the baggage, it looks like a few peoples' bags didn't make it through. Um, so-",Statement Non Opinion ,Statement Non Opinion
Okay. So what-what do I have to get you know,Question,Question
"Well, you can fill out this paperwork um- and if for some reason it shows up, we can bring it to you, but-",Answer,Command
"For some reason, so you think it won't show up?",Question,Question
"Well, sometimes it's just late baggage or misplaced baggage and it comes out but it seems to be here and just I'm reading off of this that",Answer,Statement Opinion
Uh- it didn't make it into the second plane so it looks like there - they don't actually know what happened to it.,Statement Non Opinion ,Statement Non Opinion
What? What? How does that happen?,Question,Question
"Um, well, sometimes there is just difficulties with loading on to the plane. Uh- There can be a theft or uh- some sort of you know mishap with a cart or something.",Answer,Statement Opinion
I really - I really need that bag.,Statement Non Opinion ,Statement Opinion
"I- I- I understand, but um.",Agreement,Acknowledge
there are- I have important things in that bag. I've got,Statement Non Opinion ,Statement Opinion
Okay,Agreement,Acknowledge
"I mean -- I've been away for a while and- and now I've- I've gifts for- for you know friends and family I mean, I got stuff in the there",Statement Non Opinion ,Statement Opinion
Right.,Backchannel,Acknowledge
It's worth a lot.,Statement Non Opinion ,Statement Opinion
"I understand that. Um- So I'm going to put down here that you looking for your baggage, but we actually can't, uh this bag is likely not going to show up so what we're going to do-",Statement Non Opinion ,Statement Non Opinion
"Not going to show - well isn't like - wouldn't it just be at the airport, that, like, if it didn't get on the other plane",Question,Question
can they check there?,Question,Question
"Sometimes it gets stolen, sometimes it gets misplaced on another plane and",Answer,Statement Non Opinion
on another-,Backchannel,Others
"they - they, it gets shipped to somewhere else and then it's stuck somewhere and then we have no way of tracking that.",Statement Non Opinion ,Statement Non Opinion
So we'll- what we'll do,Statement Non Opinion ,Question
"But we have the tags on. I mean like it wouldn't you know, if it got stuck somewhere it's like well this is nobodies bag I mean maybe you know look on the tag and",Statement Opinion,Statement Opinion
see where it came from originally. I mean it seems like-,Statement Opinion,Command
Right. Like I said sometimes a theft and things happen like that but we are willing to reim-reimburse you.,Agreement,Acknowledge
Theft?,Question,Question
"Um, so.",Backchannel,Backchannel
"Theft? Don't you know like all these people that are work - you keep like an eye on them, how can they get away with-",Question,Question
"We have very tight security but we -uh- there are times when we just can't uh make sure there aren't absolutely no human error, you know",Answer,Statement Opinion
I'm sorry there is no guarantee on baggage.,Apology,Apology
This is unbelievable. I've got,Statement Opinion,Statement Opinion
you don't realize the stuff that I've got in that - I really need to get the suitcase okay,Statement Non Opinion ,Statement Opinion
"I understand, so-",Agreement,Acknowledge
"so if it's back there or something, if there is something you can do",Command,Question
"I need you to tell me because I really need to get the bag, okay?",Command,Command
"all right, We've already checked back here for your baggage",Statement Non Opinion ,Acknowledge
and we will continue to look for it and because your paper-,Statement Non Opinion ,Command
You've already checked? Can you check again? [garbage],Question,Question
"I've already looked, thank you very much and because we've filled out paperwork if it shows up we will send it to you but otherwise what we can do is reimburse you for fifty dollar.",Statement Non Opinion ,Answer
Fifty- fifty dollars? Come on you have got to be joking.,Statement Non Opinion ,Disagreement
"Well, it's- it's just sort of help with the fact uh that you lost some of your possessions and we rather do that than-",Statement Non Opinion ,Statement Opinion
"Uh huh, yea, lost some of my possessions, yes, so if I lost maybe a shoe that was in the suitcase and like a carry-on",Statement Non Opinion ,Backchannel
"that might be like fifty dollars okay, but this - I- [garbage] I had like thousands of dollars worth of stuff in that suitcase.",Statement Non Opinion ,Statement Opinion
The airline can't afford to give you everything that is in that suitcase. and so-,Statement Non Opinion ,Statement Opinion
The a- what? Talking about a core they can't afford it? I mean-,Question,Question
Well because lots of people get their baggage lost and we don't want to have false claims or anything like that so we have,Answer,Statement Opinion
"we can give you fifty dollar to sort of make up for it, to compensate, and we can definitely let you know if it shows up but likely, more than likely-",Statement Non Opinion ,Apology
I mean you're not helping me here. What do I have to do here? Do I need to sue the airline company is that what I should do,Question,Question
because this is ridiculous?,Statement Opinion,Disagreement
I'm sorry. I don't- I-,Apology,Apology
I don't believe you should sue the airline company but we do have a policy uh- in which we can reimburse you and that's all we can do and I'm sorry I've done everything I can-,Statement Non Opinion ,Apology
All right. I'm sick- I'm sick of this all right. I'm sick of you and keep your fifty dollar.,Statement Opinion,Disagreement
There's other people waiting-,Statement Non Opinion ,Command
Fine.,Agreement,Acknowledge
"Oh my God. Oh my God, I'm so sorry.",Apology,Apology
"yeah, I mean, you know, it was a -",Statement Non Opinion ,Backchannel
"I mean at least she was home, she wasn't in the hospital anymore,",Statement Non Opinion ,Statement Opinion
"Oh, man. I'm so sorry.",Apology,Apology
"She was with- yeah  She was with Gary, and he said that she was just sitting there and went to sleep, closed her eyes, and that was it.",Statement Non Opinion ,Statement Non Opinion
"It's going to be so rough, I'm sorry.",Statement Opinion,Apology
Yeah.,Agreement,Acknowledge
"out to- out to dinner you know and do the troops to California, I mean.",Statement Non Opinion ,Statement Non Opinion
Totally.,Agreement,Agreement
"It's just that- I don't know, it's sort it's sort- of a weird thing you know",Statement Opinion,Statement Opinion
Yeah,Backchannel,Acknowledge
"not being able to see anyone again, who knows where they really went, you know. I mean, I guess we can just hope that wherever they are now if it's anywhere that it's better I mean.",Statement Opinion,Statement Opinion
"Yes. Well, at least you have a lot of good memories.",Agreement,Acknowledge
She was [garbage],Statement Non Opinion ,Statement Opinion
"She really cared about you, you know.",Statement Opinion,Statement Opinion
"Yes, I mean she cared about all of us. She was great",Statement Opinion,Statement Opinion
so loving everybody you know.,Statement Opinion,Statement Opinion
And she was,Statement Non Opinion ,Statement Non Opinion
"Gosh, I just hate I just hate to see her go.",Statement Opinion,Statement Opinion
Yeah.,Backchannel,Acknowledge
We were all going take a trip to Europe you know.,Statement Non Opinion ,Statement Non Opinion
Even if you still do she'll- she'll be there.,Statement Opinion,Statement Opinion
Yes.  [BREATHING] God.,Agreement,Acknowledge
Are you going to be okay?,Question,Question
"I just -- I just don't get it, like there is just nothing you can do about it you know, it's like just out of your control and it",Answer,Statement Opinion
"just makes it that much harder to deal 'cause as much as you want to, you know, make her better, see her not in any pain, it's like, just I don't know, just has a mind of its own.",Statement Opinion,Statement Opinion
Then she's gone.,Statement Non Opinion ,Statement Non Opinion
"It's going to be okay, I promise.",Statement Opinion,Statement Opinion
"Well, you know I appreciate you coming over and talking to me, I mean it definitely helps",Acknowledge ,Acknowledge
Sure,Agreement,Agreement
to talk to somebody but,Statement Non Opinion ,Question
you shouldn't be alone,Statement Opinion,Disagreement
"It's just going to take a while, I think.",Statement Opinion,Statement Opinion
Yes.,Agreement,Answer
Ah.,Backchannel,Acknowledge
Thank you.,Greeting,Acknowledge
Yes.,Backchannel,Agreement
"[BREATHING] So, you know I've been hearing back from some colleges.",Statement Non Opinion ,Statement Opinion
"Oh, yeah? Have you gotten letters yet?",Question,Question
Yeah. And guess who accepted me?,Question,Question
"Um, I don't know, where?",Question,Question
U.S.C..,Answer,Statement Non Opinion
"Oh, U.S.C.? Oh my Gosh, that's awesome, that was your top choice, right?",Question,Acknowledge
"Oh my Gosh, that's so cool.",Statement Opinion,Statement Opinion
"God, I-I got this big packet you know, in the mail and it's like-",Statement Non Opinion ,Statement Non Opinion
"yes, this is [LAUGHTER], it says U.S.C., like registrar, I mean like, I got-I got some like little letters before you know, it's like oh rejection",Statement Non Opinion ,Acknowledge
"Oh my Gosh, that's so cool.",Statement Opinion,Statement Opinion
"but big packet, big packet is nice",Statement Opinion,Statement Opinion
big packet is gotta be the real thing. yeah,Agreement,Agreement
"So it's like, yes, rip it open and there it is big - oh, yes.",Agreement,Backchannel
That's so cool.,Statement Opinion,Acknowledge
"Yeah. I know, I know.",Agreement,Acknowledge
it was you know I wasn't too sure I mean you know it was kind of last minute for like the application,Statement Opinion,Statement Opinion
and everything like but,Statement Non Opinion ,Backchannel
"Yeah, totally.",Backchannel,Agreement
"it was good, yeah. I mean-",Statement Opinion,Agreement
"I know, I know, yea. It'll be interesting you know, I've never -- I mean getting out of Vegas and everything but LA",Statement Opinion,Backchannel
I'm looking forward to it.,Statement Opinion,Statement Opinion
So can we hang out?,Question,Question
"Hey, yes, you know that's - that's what I'm coming for.",Answer,Acknowledge
Yay.,Agreement,Acknowledge
You're half the reason I'm going. [LAUGHTER],Statement Non Opinion ,Statement Opinion
"Oh, yay. Thank you. [LAUGHTER].",Acknowledge ,Acknowledge
No but that's an awesome school. That's so cool.,Statement Opinion,Agreement
"I know ahh- yeah-, I'm definitely looking forward to it, and I mean they had a great football season last year",Statement Non Opinion ,Agreement
"Oh, totally totally.",Agreement,Agreement
"You know what I mean, I bet the home games, are just like nuts you know.",Statement Non Opinion ,Statement Opinion
you get to like be a part of that.,Statement Non Opinion ,Statement Opinion
"Like you get to be a part of that. Like the, like the- Like a cult.",Statement Non Opinion ,Statement Opinion
What?,Question,Question
[LAUGHTER] I know. I mean part of-,Agreement,Acknowledge
"[LAUGHTER] like a- like a- [LAUGHTER] No, but I mean like everywhere you go people know who you are.",Statement Opinion,Statement Opinion
Yeah. Right. A cult. I'm looking forward to being in the cult.,Agreement,Disagreement
"Right I know, like you, it won't hurt, I mean national champions last year, wow, you know",Statement Non Opinion ,Acknowledge
Maybe we'll do it again this year.,Statement Opinion,Statement Opinion
So you know what you are going to do there?,Question,Question
"What's that? ahh Well, you know I'm I'm thinking um I'm leaning towards like communications",Statement Non Opinion ,Question
"I-I don't know. Kind of a broad,",Statement Opinion,Answer
"Okay. They have a lot of good schools, right?",Question,Question
"yeah, I mean a lot-a lot  of good stuff oh, yeah, I mean it's- it's just a really good school; so really, whatever I pick I can't go wrong. I mean I'm just",Answer,Agreement
"I'm looking forward to getting there. I mean, God, the campus is cool, you know it's like all just very confined I mean just you know it's a college campus you know it's like",Statement Non Opinion ,Statement Opinion
"Yes, it's intimate.",Statement Opinion,Answer
"It's college- oh my God it's college, [GARBAGE] so it's like crazy.",Statement Opinion,Statement Opinion
I know. It's so cool.,Agreement,Agreement
"Oh man. So, I don't know you know, we'll see - we'll see how it goes and, yeah, I'm looking forward to it",Statement Opinion,Statement Opinion
"Fair for you, Wow, oh my Gosh.",Statement Opinion,Backchannel
I mean you got to - you got to show me the ropes 'cause I've never been there before so I mean you know your way around already and- [LAUGHTER],Command,Command
I will do the best I can.,Statement Opinion,Answer
"Well, there are all kinds of awesome secrets so you'll really enjoy it. It's really great. I'm so glad.",Statement Opinion,Statement Opinion
"Oh, alright.",Agreement,Acknowledge
"I'm-I'm looking forward to that. [BREATHING] man, So yeah, I think I'm going to come out a little early so I mean I'll give you a call and we'll definitely-",Statement Non Opinion ,Statement Opinion
Yay,Backchannel,Acknowledge
"Okay. Yes, totally come visit",Agreement,Agreement
"and we'll explore and you going to have such a good time, you're going to fit in so well, it's going to be awesome",Statement Opinion,Statement Opinion
"[LAUGHTER] Thanks, yes, thanks, yes That'll be cool.",Agreement,Acknowledge
So Congratulations. That's awesome.,Statement Opinion,Acknowledge
All right. Customer service this is Steve.,Statement Non Opinion ,Acknowledge
"Hi. Thank you so much, you're a real person, right, you're not like a recording?",Question,Question
"I'm a real person, yes.",Answer,Statement Non Opinion
"Okay. Before I get into it, um your menu or whatever like where you choose the different thing depending on the-",Statement Non Opinion ,Statement Non Opinion
"it leads you around in circles, you can't, there is no way to like get to a real person if you don't already know how to get to there.",Statement Non Opinion ,Statement Opinion
"Right. No, yes I know. It is-It is a little frustrating.",Agreement,Statement Opinion
"So is there any way to like bypass that because that is so, like I've been going around in circles",Question,Question
"like press nine, press zero, press back to the menu, like I can't get through to what I'm supposed to get through to.",Statement Non Opinion ,Command
"pretend like your on a rotary phone, goes straight through to a person.",Statement Non Opinion ,Command
"Okay. Oh, that would just make it so much better, 'cause I cannot handle it's just like oh, my God I can't sit here any longer and talk to this lady with this pleasant voice.",Statement Opinion,Statement Opinion
I know they don't tell you that kind of thing.,Agreement,Acknowledge
"Sorry. Okay. Um-, yes",Apology,Apology
Alright. Well you got me now.,Agreement,Acknowledge
"Thank you very much. Um  So I have a charge on my credit card that, um, isn't mine.",Statement Non Opinion ,Statement Non Opinion
"Uh, I don't know where it came from and it's actually quite large, and I don't have the money for it so",Statement Non Opinion ,Statement Opinion
it really freaks me out when I got my bill because it was like I don't -- I didn't spend this. This is not my charge.,Statement Non Opinion ,Statement Opinion
"Yea. All right. Well, let me-let me look it up here for a second. Uh, so i think",Statement Non Opinion ,Backchannel
"Okay, it was um- at the [GARBAGE] sorry, it was at a department store, I think it was Macy's or something",Statement Non Opinion ,Apology
"Okay, Alright, yeah. I- I see it on here.",Agreement,Backchannel
"and it was like something like eight hundred dollars. I don't remember. It was just a lot and I have thing in front of me right now, but-",Statement Non Opinion ,Statement Non Opinion
"All right. Well, you know that's, that's what we have all of our protection plans for and everything like that so I mean it's",Statement Non Opinion ,Acknowledge
Okay. So is there something I can do to get rid of it?,Question,Question
it- it'll work out fine.,Answer,Statement Opinion
"Yes, we'll get- we'll get rid of it right now. I mean just we're going to have to have you, um, submit something you know, we're going to have to have you mail something in for us, okay.",Statement Non Opinion ,Command
"So- So you can um find that application. You have the Internet, you can go to our website.",Statement Non Opinion ,Command
"Oh I can get the form right now? Oh, that'll be so much better.  Okay.",Question,Agreement
Yeah. Yeah. You get the form right now. and- yeah,Answer,Command
"We could mail it to you as well, but-",Statement Non Opinion ,Statement Non Opinion
 -But online is faster I can do that.,Statement Non Opinion ,Statement Opinion
"Right. You can go online, print it out, and just fill out the form and um- send it to us um- you know,  regarding the grievance and-",Statement Non Opinion ,Command
and it'll get taken off um- no problem you know,Statement Non Opinion ,Acknowledge
Okay.,Backchannel,Acknowledge
Cause I-I just don't know how someone could have gotten my charge information,Statement Non Opinion ,Question
I mean I still have my card.,Statement Non Opinion ,Statement Non Opinion
Right. I mean we might,Backchannel,Acknowledge
Okay.,Backchannel,Acknowledge
So is there any- I mean what if they spend something again?,Question,Question
"Uh, I mean have you been shopping around on the Internet and stuff? I mean that you gave-",Question,Question
I did buy one thing on ebay I don't know that might-,Answer,Statement Non Opinion
"Uh-ha, I mean usually sites are pretty well protected but sometimes I mean information gets out, so",Statement Non Opinion ,Statement Opinion
so it is a little a little hard in that situation if you want -- you know you can -um- we can- we can issue another credit card.,Statement Opinion,Statement Opinion
"Oh, really?",Question,Backchannel
"Yeah, yeah. Maybe we'll, uh-",Answer,Backchannel
"Oh that'll be great 'cause I could just get a new number, would that be okay because that way I don't have to worry about it happening again?",Statement Opinion,Question
it's a different number and everything,Statement Non Opinion ,Statement Non Opinion
Yeah. yeah.,Agreement,Backchannel
"Yes, um but  for- for that- for that charge we will need you to send something in but we can get you processed immediately for this, for this, for this new card. It still goes to the same address, right?",Statement Non Opinion ,Answer
"Yes, absolutely.",Agreement,Agreement
Okay. All right. Then we'll get it sent out there. And,Statement Non Opinion ,Acknowledge
Great.,Acknowledge ,Acknowledge
And you know just I mean be careful in the future if um,Statement Non Opinion ,Command
Yeah.,Backchannel,Acknowledge
if you're ever online or anything like that I mean just make sure it's a secure site and,Statement Non Opinion ,Command
"and never you know, give it to anyone out, never even give out your number to any like unreliable company that you haven't heard of or anything like that, all right? Because, um, we want to- we definitely want to help you out, but-",Statement Non Opinion ,Command
"Right, right.",Agreement,Backchannel
"Okay, great.",Acknowledge ,Agreement
"Yeah, totally.",Agreement,Agreement
you know it gets- it gets difficult you know so Alright.,Statement Opinion,Statement Opinion
Well thank you so much. You've been very helpful. I really appreciate it.,Statement Opinion,Acknowledge
"Alright Yes, I'm sorry for all the inconvenience but we'll get it taken care of.",Apology,Apology
[BREATHING] Thank you.,Greeting,Acknowledge
Thank you very much bye.,Greeting,Acknowledge
How could he see it? I was the first one up he was still in bed.,Question,Question
He was out here when it broke.,Answer,Statement Non Opinion
When?,Question,Question
About four this morning. I heard it cracking and I woke up and looked out. He was standing right here when it cracked.,Answer,Statement Non Opinion
What was he doing out here at four in the morning?,Question,Question
I don't know. When it cracked he ran into the house and cried in the kitchen.,Answer,Statement Non Opinion
So you talked to him?,Question,Question
No. I figured it was best to leave him alone.,Answer,Disagreement
He cried hard?,Question,Question
I could hear him right through the floor in my room.,Answer,Statement Non Opinion
"What was he doing out here at that hour? He's dreaming about him again, he's walking around at night.",Question,Question
I guess he is.,Answer,Statement Opinion
He's getting just like after he died. What is the meaning of that?,Question,Question
"I don't know the meaning of it, but I know one thing mom, we've made a terrible mistake with dad.",Answer,Statement Opinion
What?,Question,Question
Being dishonest with him. I mean that sort of thing always pays off and now it's paying off.,Answer,Statement Opinion
What do you mean dishonest?,Question,Question
You know that Larry is not coming back and I know it. Why do we allow him to go on thinking that we believe with him?,Answer,Question
"What do you want to do, argue with him?",Question,Question
"No I don't want to argue with him, but it's about time he realized that nobody believes Larry is alive anymore.",Answer,Disagreement
"Why -- why shouldn't he dream of him? Walk around, waiting for him at night I mean do we contradict him, do we say straight out that we don't have any hope anymore that we haven't had hope for years now?",Question,Question
You can't say that to him.,Answer,Disagreement
We've got to say it to him.,Disagreement,Command
"Can you prove it, how can you prove it?",Question,Question
"For God sakes it's been three years, nobody comes back after three years, that's insane.",Answer,Statement Opinion
To you it is and to me. You can talk yourself blue in the face but there is no body and no grave so where are you?,Question,Disagreement
Sit down mom; I want to talk to you.,Command,Command
"The trouble is the god damned newspapers, every month or so a boy turns up out of nowhere, so the next one is going to be Larry.",Statement Non Opinion ,Statement Opinion
All right. All right. Listen to me.,Command,Command
You know why I brought Annie here don't you?,Question,Question
You know.,Answer,Backchannel
I got an idea but what's the story?,Question,Question
I'm going to ask her to marry me.,Answer,Statement Non Opinion
"Well that's only your business, Chris.",Statement Opinion,Disagreement
No it's not only my business.,Disagreement,Disagreement
What do you want me to do; you're old enough to know your own mind.,Question,Command
So it's all right then I'll go ahead with it?,Question,Command
"Well, you want to make sure that your father isn't-",Statement Non Opinion ,Statement Opinion
See it isn't just my business-,Statement Non Opinion ,Statement Opinion
I'm just saying,Statement Non Opinion ,Statement Opinion
Sometimes you infuriate me you know that. Isn't it your business to if I tell dad and he throws a fit about it? You have such a talent for ignoring things.,Statement Opinion,Statement Opinion
I ignore what I got to ignore. The girl is Larry's girl.,Statement Non Opinion ,Statement Opinion
She's not Larry's girl.,Disagreement,Statement Opinion
From father's point of you he isn't dead and you have no right to take his girl.,Statement Non Opinion ,Statement Opinion
"You can go on from there if you know where to go but I don't know where to go, see I don't know. So what can I do for you?",Question,Question
"I don't know why but every time I reach out for something that I really want, I have to pull back 'cause someone else will suffer. My whole bloody life, time after time after time.",Statement Opinion,Statement Opinion
You're a considerate fellow.  There's nothing wrong with that.,Statement Opinion,Statement Opinion
To hell with that.,Disagreement,Disagreement
Have you asked Annie yet?,Question,Question
I wanted to get this settled first.,Answer,Statement Non Opinion
How do you know she'll marry you? Maybe she feels the same way your father does.,Question,Question
"Well, if she does then that's the end of it. From her letters I think she's forgotten him.",Answer,Statement Opinion
"I don't know, I'll find out. Then we'll trash it out with dad, right? Mom, don't avoid me.",Command,Command
"Trouble is you don't see enough women, you never did.",Statement Opinion,Statement Opinion
So what I'm not fast with women.,Statement Non Opinion ,Statement Opinion
I just don't see why it has to be Annie.,Question,Statement Opinion
Because it is.,Answer,Answer
That's a good answer but it doesn't answer anything. I mean you haven't seen her since you went away to war it's five years.,Statement Non Opinion ,Disagreement
"I can't help it I know her best. I mean lived next door to her my whole life. These years when I think of a wife, I think of Annie.",Statement Opinion,Statement Opinion
"What do you want, a diagram?",Question,Question
"I don't want a diagram. He thinks he's coming back. Chris, you marry this girl you're pronouncing him dead.",Answer,Disagreement
"Do you know what's going to happen to your father because I don't, see?",Question,Question
All right. All right. Mom.,Acknowledge ,Acknowledge
Just give it some more thought.,Command,Command
"I've given it three years of thought. I thought that if I waited, dad would forget about Larry and we could have a regular wedding and everything happy.",Statement Opinion,Statement Opinion
"If I can't do that here well, then I'll have to get out.",Statement Opinion,Statement Opinion
What the hell is this?,Question,Question
"I'll get out. I'll get married and go live some place else, maybe New York.",Answer,Statement Non Opinion
"What the hell is this, are you crazy?",Question,Disagreement
"I've been a good son too long a good sucker, I'm through with it.",Answer,Statement Opinion
What about the business? What is this?,Question,Question
The business?  The business doesn't inspire me.,Answer,Statement Opinion
Must you be inspired?,Question,Question
"Yes, I like it and hour a day. If I'm going to grub for money all day long, at least in the evening I want it beautiful.",Answer,Statement Opinion
"Tell me, you'd leave the business?",Question,Command
"Yes, on this I would.",Answer,Agreement
"Well, you don't want to think like that.",Statement Opinion,Disagreement
Then help me stay here.,Command,Command
"All right. But you don't want to be thinking like that 'cause otherwise what did we work for, I mean the whole thing is for you, Chris, the whole shooting match is for you.",Agreement,Statement Opinion
I know I know mom. All right. Just help me stay here.,Agreement,Acknowledge
Just don't go thinking that way.,Command,Command
"Well, I am thinking that way.",Disagreement,Statement Opinion
"I don't understand you, do I?",Question,Disagreement
"No, you don't. I'm a pretty tough guy.",Answer,Disagreement
"Yea, I can see that.",Agreement,Acknowledge
Why did he invite her here?,Question,Question
Why does that bother you?,Question,Question
She's been in New York three and half years why all of a sudden-,Answer,Statement Opinion
"Well, maybe he just wanted to see her again.",Statement Opinion,Statement Opinion
Nobody comes seven hundred miles just to see.,Statement Opinion,Statement Non Opinion
"What do you mean? He lived next door to the girl all his life, why wouldn't he want to see her again?",Question,Question
"Don't look at me like that, he didn't tell me any more than he told you.",Statement Non Opinion ,Command
He's not going to marry her.,Command,Disagreement
How do you know he's even thinking of it?,Question,Question
It's got that all about it.,Answer,Statement Opinion
"Well, so what?",Question,Disagreement
What's going on here Joe?,Question,Question
"All right. Now, listen kid-",Backchannel,Command
-She's not his girl Joe; she knows she's not.,Statement Non Opinion ,Statement Opinion
You can't read her mind.,Statement Opinion,Statement Non Opinion
"Then why is she still single, I mean New York is full of men, why isn't she married? Probably a hundred people told her she's crazy but she's waited.",Statement Opinion,Question
How do you know why she has waited?,Question,Question
"She knows what I know, that's why. She's faithful as a rock. In my worst moments I think of her waiting and I know again that I'm right.",Answer,Statement Opinion
"Look it's a nice day, what are we arguing for?",Question,Statement Opinion
"Nobody in this house dares take her faith away Joe. Strangers might, but not his father, not his brother.",Answer,Statement Opinion
What do you want me to do about it?,Question,Question
"I want you to act like he's coming back, both of you. Don't you think I haven't noticed since he invited her, I won't stand for any nonsense",Answer,Command
But Kate,Backchannel,Statement Non Opinion
"Because if he's not coming back, I'll kill myself. And laugh -- laugh at me but",Statement Non Opinion ,Statement Opinion
"why did that happen the very night she came back she sleeps in his room and suddenly his memorial breaks to pieces, just look at it, look.",Statement Non Opinion ,Question
Calm yourself.,Command,Command
I need you to believe with me; I can't stand all alone.,Statement Opinion,Command
Calm yourself.,Command,Command
"Even last week there was a man who showed up in Detroit missing longer than Larry, you read it yourself.",Statement Non Opinion ,Statement Opinion
All right. All right. Calm yourself.,Command,Command
Just you above all need to believe.,Statement Opinion,Statement Opinion
"Wait, why my above all?",Question,Question
Don't stop believing.,Answer,Command
"What does that mean, me above all?",Question,Question
Look at you -- look at you shaking.,Statement Non Opinion ,Command
I can't help it.,Statement Non Opinion ,Statement Non Opinion
"What have I got to hide? What the hell is the matter with you, Kate?",Question,Question
You're the only one I know who loves his parents.,Statement Opinion,Statement Opinion
"I know, it went out of style, didn't it?",Question,Disagreement
It's all right.  It's a good thing.,Answer,Agreement
"You know, it's lovely here, the air is sweet.",Statement Opinion,Statement Opinion
You're not sorry you came?,Question,Disagreement
"No, not sorry.  But, um. But I'm not gonna stay.",Answer,Disagreement
Why?,Question,Question
"For one thing, your mother as much as told me to go.",Answer,Statement Opinion
Oh.,Disagreement,Acknowledge
"You saw that.  I mean and then, well, you've been kind of, um--",Statement Non Opinion ,Statement Non Opinion
What?,Question,Question
"Well, kind of embarrassed ever since I got here.",Answer,Statement Opinion
"The trouble is, I planned on sort of sneaking up on you on a period of a week or so.  But they take it for granted that we're all set.",Statement Non Opinion ,Statement Opinion
"I knew they would, your mother anyway.",Agreement,Statement Opinion
How'd you know?,Question,Question
"Well, from her point of view, why else would I come?",Answer,Statement Opinion
"Oh.  Would you want to?  I guess you know, this is why I asked you to come.",Statement Opinion,Question
I guess this is why I came.,Statement Opinion,Statement Opinion
"Ann, I love you.  I love you a great deal.  I love you.",Statement Opinion,Statement Opinion
I have no imagination.  That's all I know to tell you.,Statement Non Opinion ,Statement Non Opinion
I'm embarrassing you and I didn't want to tell it to you here.  I wanted some place we'd never been before.  A place where we'd be brand new to each other.,Statement Opinion,Apology
"You feel wrong here, don't you?  This yard, this chair.  I want you to be ready for me.  I don't want to have to win you away from anything.",Statement Opinion,Question
"Oh, Chris, I've been ready for a long, long time.",Statement Opinion,Statement Opinion
And he's gone forever.  You're sure?,Question,Question
I almost got married two years ago.,Answer,Statement Non Opinion
Why didn't you?,Question,Question
"Well, you started to write me",Answer,Statement Non Opinion
You felt something that far back?,Question,Statement Non Opinion
Every day since.,Answer,Statement Non Opinion
"Ann, why didn't you let me know?",Question,Question
"Well, I was waiting for you.  I mean, till then you never wrote and when you did, what did you say?  I mean, you can sure be ambiguous sometimes, you know?",Answer,Statement Opinion
"Give me a kiss, Anne.  Give me a-",Command,Command
"God, I kissed Annie.  How long--how long I've been waiting to kiss you.",Statement Opinion,Statement Opinion
"I'll never forgive you.  Why did you wait all these years?  I mean, all I did was sit and wonder if I was crazy for thinking of you.",Statement Opinion,Statement Opinion
"Oh, Annie, we're gonna live now.  I'm gonna make you so happy.",Statement Opinion,Statement Opinion
Not like that you're not.,Statement Opinion,Disagreement
I kissed you.,Statement Non Opinion ,Statement Non Opinion
"Like Larry's brother.  Do it like you, Chris.  What is it?",Question,Command
Let's drive someplace.  I want to be alone with you.,Statement Non Opinion ,Command
"No.  What is it, Chris. Your mother?",Question,Question
No.  Nothing like that.,Answer,Disagreement
"Well, what's wrong?  I mean, even in your letters there was some--something ashamed.",Question,Question
"Yeah, I suppose I have been.  But it's going from me.",Answer,Acknowledge
You've gotta tell me.,Command,Command
I don't know how to start.,Statement Non Opinion ,Statement Opinion
It wouldn't work this way.,Statement Non Opinion ,Disagreement
"It's all mixed up with so many other things.  You remember overseas, I was in charge of a company?",Question,Statement Opinion
"Yeah, sure.",Answer,Agreement
"Well, I lost them.",Statement Non Opinion ,Answer
How many?,Question,Question
Just about all.,Answer,Answer
gee.,Backchannel,Acknowledge
It takes some time for a guy to toss that off.  'Cause they weren't just men.,Statement Opinion,Statement Opinion
"For instance, this one time, it had been raining several days and this kid came to me and gave me his last pair of dry socks.  I put them in pocket.  It's only a little thing, but those are the kind of guys I had.",Statement Non Opinion ,Statement Opinion
"They didn't die, they killed themselves for each other.  I mean that exactly.  I mean, a little more selfish and they'd have been here today.",Statement Opinion,Statement Opinion
"To show that, to bring that onto the Earth again, like some kind of monument and everyone can feel it standing behind him and it would make a difference to him.",Statement Opinion,Statement Non Opinion
"Then I came back and it was incredible.  There was no meaning in it here. I mean, the whole thing to them seemed like it's sort of a bus accident.  I went to work with Dad and that rat race again.",Statement Non Opinion ,Statement Opinion
"And I felt what you said, ashamed somehow 'cause nobody had changed at all.  It seemed to make suckers out of a lot of guys.  I felt wrong to be alive to open the new bank book, drive the new car, see the new refrigerator.",Statement Non Opinion ,Statement Opinion
"I mean, you can take those things out of a war, but when you drive that car, you've gotta realize that it came out of the love a man can have for a man.  You've gotta be a little better because of it.",Statement Opinion,Statement Opinion
Otherwise all you have is really loot and there's blood on it.  And I didn't want to take any of that.  And I guess that included you.,Statement Opinion,Statement Opinion
Do you still feel that way?,Question,Question
I want you now Annie.,Answer,Command
"Cause you mustn't feel that way.  Because you have a right to everything you have, Chris.  Everything, you understand that?  Me too.",Statement Opinion,Command
"I mean, and your money, there's- there's nothing wrong with your money.  I mean, your father put hundreds of planes in the air.  A man should be paid for that.",Statement Opinion,Statement Opinion
I know Annie.  I'm gonna make a fortune for you.,Agreement,Statement Opinion
What'll I do with a fortune?,Question,Question
What time is it? They're supposed to run around midnight.,Question,Question
"God, this great, isn't it? Like look at the night we go here, it couldn't be better.",Statement Opinion,Statement Opinion
"I would have wanted to go a little further up the coast, get away from the lights and the people but I was afraid we'd miss it.",Statement Opinion,Statement Opinion
How you doing?,Question,Question
Fine.,Answer,Acknowledge
"Is that -- is that, no? Was that just foam? I can't even tell.",Statement Non Opinion ,Question
"Although, I guess you can't tell it probably isn't them. Probably be unmistakable don't you think?",Question,Statement Opinion
How you doing? You know what I forgot? I forgot to bring my flashlight. How - how could I forget to bring my flashlight? How could I be so stupid?,Statement Non Opinion ,Question
What flashlight?,Question,Question
"You know the flashlight, the silver one, there is only one, isn't there?",Answer,Question
That's not your flashlight.,Statement Non Opinion ,Disagreement
Who's is it?,Question,Question
It's ours; it's mine too.,Answer,Agreement
"Oh well, sure, yes.",Agreement,Backchannel
But you kept saying my flashlight as if somehow it's just yours. I mean how is it supposed to make me feel?,Question,Disagreement
"No. No. Of course our flashlight yours and mine. Mi flashlight, es su flashlight, naturally.",Agreement,Disagreement
How could we forget to bring it?  I hope the moon stays out.,Statement Opinion,Question
"I wonder do they always run during a full moon? I can't remember if it was full last year, do you remember?",Question,Question
Yea.,Answer,Acknowledge
"You cold, you want my jacket? We should've - we should've brought our blanket, our blanket, how could we forget to bring the blanket?",Statement Non Opinion ,Question
"Oh, a six-pack, that's, should've brought a -- a six-pack be just the ticket right now. How could I forget,",Statement Non Opinion ,Statement Opinion
"oh man. Like a kid, it's amazing I got out of the house with my fly zipped.",Statement Opinion,Statement Opinion
You think they can hear us talk or feel the vibrations in the sand when we move around?,Question,Question
I'm cold.,Statement Non Opinion ,Statement Non Opinion
What you want my jacket?,Question,Question
It's after eleven. Let's just go home.,Statement Non Opinion ,Command
"Are you kidding, we'd miss it. We, we just got here. What's the point in coming down here if we just turn around and go home?",Question,Disagreement
There is no point in coming down here.,Answer,Statement Opinion
Right.,Backchannel,Acknowledge
That's my point.,Statement Non Opinion ,Agreement
That's my point too.,Agreement,Agreement
So let's go.,Command,Command
No. No. That's not my point. The point is there is no point in coming down here if we just leave. Don't you want to see it?,Disagreement,Disagreement
Not particularly.,Answer,Disagreement
Why not?,Question,Question
"I don't, it's just stupid.",Answer,Disagreement
"Honey, this is a natural phenomenon. I mean it only happens once a year.",Statement Non Opinion ,Statement Opinion
"Think about the people in Kansas, they- they'd have to get a plane ticket and hotel reservations to see this. We live forty minutes away it's too good to pass up.",Statement Non Opinion ,Statement Opinion
"Pass up what? These little fish swim onto the beach flop around and swim away, and then they die.",Statement Non Opinion ,Question
"Yea, but that moment on the beach is the highlight of their little lives. I mean all that flopping is laying eggs or what do you, mating or spotting or something like that.",Statement Non Opinion ,Statement Opinion
"This is a big night for these guys, life's last orgy.",Statement Opinion,Statement Non Opinion
What are you so excited about? I mean it's not a moon landing we're talking about here it's fish. It's a fish nobody even eats.,Statement Opinion,Disagreement
Yes they do.,Disagreement,Agreement
Augie,Backchannel,Greeting
"Okay. But it's fish that do something none of the other fish do. Like the swallows returning to Capistrano, or the Lemmings throwing themselves off the cliffs",Statement Non Opinion ,Statement Opinion
"you know there is like, there is a certain mystery here, a magic, a bit of the unexplainable. I don't see how you cannot be interested.",Statement Opinion,Statement Opinion
I'm just not.,Statement Non Opinion ,Statement Non Opinion
For real?,Question,Question
Yes.,Answer,Agreement
I don't get it. The first time we came here you said it was the best night of your life.,Statement Non Opinion ,Disagreement
"And then last year I remember specifically you were so excited that you stubbed your toe on the way pushing me out of the house, and you didn't even notice until we got in the car.",Statement Non Opinion ,Statement Non Opinion
"Last year you'll also remember our shoes got wet, I got sand in my panties, you got a sore throat, we got into a big fight over nothing, and we didn't see the Grunions.",Statement Non Opinion ,Statement Non Opinion
We weren't in a good spot.,Statement Opinion,Statement Non Opinion
We didn't see them the first time either.,Statement Non Opinion ,Statement Non Opinion
We just weren't in a good spot; this is a much better spot. I've got good instincts for these things.,Statement Opinion,Statement Opinion
"There is that, oh no that's just seaweed, isn't it?",Question,Question
"This is, this is great, isn't it? I wouldn't miss this for anything. Now listen to this, I know you're not interested but just listen.",Command,Statement Opinion
"Out there somewhere there is this huge mass of silver fish headed this way,",Statement Non Opinion ,Statement Non Opinion
"they don't why, we don't know why. They didn't take a vote or anything; they didn't get a map or an invitation.",Statement Non Opinion ,Statement Non Opinion
"Just all as one. This little time sensitive firecracker, instinctual firecracker in their body just went off and all as one they turned and formed a line as long the California coast and started swimming. They're swimming right now as if that's the only thing that matters.",Statement Non Opinion ,Statement Non Opinion
"It's single mindedness, with no mind, it's urgency that's pure urge, they don't know what drives them. They don't ask it a name or ask it a question,",Statement Opinion,Statement Opinion
"they just turn as one and start the swim and brings them right here to this spot where we stand, for a massive celebration of sex and death.",Statement Non Opinion ,Statement Non Opinion
Look at me; I'm giving myself goose bumps all my hairs are popping up.,Statement Non Opinion ,Command
That's the wind.,Statement Non Opinion ,Statement Non Opinion
"Well, so what do you think?",Question,Question
About what?,Question,Question
What I was saying.,Answer,Question
It's ridiculous.,Statement Opinion,Statement Opinion
So what do you think?,Question,Question
About what?,Question,Question
What I was saying.,Answer,Question
It's ridiculous.,Statement Opinion,Statement Opinion
Certainly it's not. Slightly exaggerated scientific fact.,Disagreement,Disagreement
It's PR. Someone sold you a bill of goods that this wonderful event is going to take place on the beach.,Statement Opinion,Statement Opinion
"Well, I'm not the only one look at all these people.",Disagreement,Disagreement
"Yea, sure everyone was sold the same story. I mean it keeps us all excited, keeps us coming back for more, keeps us thinking that life is going to start any second now if we can just get in on the action and find the right spot.",Statement Opinion,Statement Opinion
Are we talking about the same thing?,Question,Question
I'm sorry but it's still just fish to me.,Answer,Apology
"Carla, can I ask you something? Don't take this wrong but are you having your period?",Question,Question
Goddamn it Augie don't ask me that. I hate it when you ask me that. You always ask me that. It's insulting.,Answer,Disagreement
"Well, what's bugging you?",Question,Question
We just have different ideas of what this evening is supposed to look like.,Answer,Disagreement
"There is nothing to it, we come here, the Grunion arrive, then do their little fish business, we go oh ah look, they go home, we go home.",Statement Non Opinion ,Statement Non Opinion
For heavens sake we are not going to see the Grunions.,Statement Opinion,Disagreement
Why not?,Question,Question
"We never do, do we? I mean have we ever?",Question,Question
We've missed them twice; that's not ever.,Answer,Statement Non Opinion
"Twice is every time we've tried, that's ever.",Statement Non Opinion ,Statement Non Opinion
"Well, we'll see them this year.",Statement Opinion,Statement Non Opinion
"No we won't; it's pointless. It's like waiting up to see Santa Claus,",Disagreement,Disagreement
I mean I feel like my whole life is going to be spent standing on the beach waiting for the fish to show up with my eyes open and my hands clasped expectantly and the fish won't show up.,Statement Opinion,Statement Opinion
I thought you wanted to see them.,Statement Opinion,Statement Opinion
You don't understand anything I'm saying.,Statement Non Opinion ,Disagreement
No of course not.,Disagreement,Disagreement
"I did want to see them, I always do. I mean I keep thinking that this is going to be the time and it never is.",Statement Opinion,Statement Opinion
"It's just fish, I mean nothing to get traumatized over.",Statement Opinion,Statement Opinion
For heavens sake this isn't about fish.,Statement Non Opinion ,Disagreement
All right. I've been trying to work this backwards but I cannot seem to pinpoint the moment that we took a turn for the worst.,Statement Non Opinion ,Statement Opinion
"You were fine during the phone call from Marge, dinner was okay, doing the dishes was no problem, let's see, I took a shower, you watched the news, you said",Statement Non Opinion ,Statement Non Opinion
"the Grunion are running tonight, I said ""great, let's go, I feel lucky,""",Statement Non Opinion ,Agreement
"okay so I'm getting on my jacket and putting out the animals, getting the car out of the garage-",Statement Non Opinion ,Statement Non Opinion
Do you remember the first time we came to see it? It was about four years ago right after we got married.,Statement Non Opinion ,Question
"We thought I was pregnant and we opened a bottle of champagne but no glasses, you asked me to dance, we kicked off our shoes and you popped the cork.",Statement Non Opinion ,Statement Non Opinion
And when we were dancing you said the softest most intimate things to me right into my ears so I could feel them as much as hear them,Statement Non Opinion ,Statement Non Opinion
"and I remember thinking that this is it you know. At last, at last I am as happy as I am supposed to be",Statement Non Opinion ,Statement Opinion
Wait a minute I've got it,Command,Command
"Just dancing barefoot in the sand, drinking champagne out of the bottle.",Statement Non Opinion ,Statement Non Opinion
"It was in the car, right? Driving past the Knickerbocker Liquor Locker you said, let's get some champagne and I said times are wasting or something like that, right?",Question,Question
"Of course, I see it now; you want this to be like that other time, right? That's it, right?",Question,Agreement
I'd rather not remember some things. I would rather not hope for some things.,Answer,Statement Opinion
"Yea. Okay, sure, no. I see. Listen, you want to dance?",Question,Backchannel
No.,Answer,Disagreement
You want to go get some champagne?,Question,Question
No.,Answer,Disagreement
Take off our shoes?,Question,Question
No.,Answer,Disagreement
"What, you want me to breathe in your ear?",Question,Question
No.,Answer,Disagreement
Get married again?,Question,Question
No.,Answer,Disagreement
What? What? You want a divorce?,Question,Question
No.,Answer,Disagreement
A vacation?,Question,Question
No.,Answer,Disagreement
"A new carpet? A poodle, a ice cream, backrub, a suicide pact, what, what Carla, what the hell do you want?",Question,Question
I want something to turn out the way that it supposed to.,Answer,Statement Opinion
"Well welcome to the human race, all right. Do you think this is what I had in mind when I proposed? You think I had this great fantasy going that four years down the road we'd come to the beach and yell at each other over fish?",Question,Statement Opinion
"You think I knew that there be times when you'd look at me like I'm a used Kleenex, or that I'd look at you and think holy hell when is the next flight to Alaska?",Statement Non Opinion ,Statement Opinion
"No, no, just like you I thought it was going to be all like peaches and roses and sand in our toes, and wind in our hair, and the fish will always come and the bills will pay themselves and we'll have three, fat, rosy kids and ha-ha baby the joke is on us",Statement Opinion,Disagreement
"cause you know what you get Carla, you know what you get? This.",Statement Non Opinion ,Question
"This? What, what is this? This isn't even anything.",Statement Non Opinion ,Question
"Yes, it is.",Disagreement,Agreement
"I'm sure, this is standing on the beach, this is waiting, this is fighting.",Statement Opinion,Statement Opinion
Right.,Agreement,Acknowledge
"Well, but this isn't anything like I thought anything would be like.",Statement Opinion,Disagreement
"No, I know. Me neither.",Agreement,Disagreement
I mean it's -- this is just this. I mean it includes a lot and everything but isn't something else. Do you have any idea what I'm trying to say?,Question,Statement Opinion
I'm doing the best I can.,Answer,Statement Non Opinion
I know that Augie. Really I do.,Agreement,Acknowledge
"I know that you meant this to be special and nice, and there's the sand and the moon and everything but I just couldn't help thinking about being somewhere else.",Statement Opinion,Statement Opinion
Maybe if you were with somebody else too.,Statement Opinion,Statement Opinion
I didn't say that.,Disagreement,Disagreement
"No, I know. But still, I know I don't make you happy.",Agreement,Disagreement
"For heavens sake, whatever I'm doing I'd rather be doing it with you.",Statement Opinion,Statement Opinion
Yeah?,Question,Backchannel
Don't be ridiculous. I mean don't you know that?,Question,Disagreement
"You're the one who probably wishes he was with someone else, someone who knew how to enjoy herself and didn't take everything so hard.",Statement Opinion,Disagreement
"Now that you mention it. No, I don't.",Disagreement,Disagreement
"Okay.  Fine, so we're in the wrong spot but we're with the right person.",Statement Opinion,Agreement
I don't know it seemed like a pretty good spot to me. Look at the moon - view the moon view I got from here.,Statement Opinion,Statement Opinion
"Yes, I noticed that. It looks pretty on the water doesn't it? Big old white moon.",Statement Opinion,Statement Opinion
What have we got here?,Statement Non Opinion ,Question
"Augie, you brought refreshments.",Statement Non Opinion ,Statement Non Opinion
It's not champagne.,Statement Non Opinion ,Disagreement
"Well, I guess we don't need glasses.",Statement Non Opinion ,Statement Opinion
You still cold? Do you want my jacket? Do you want to go home?,Question,Question
No. No. I think you might be right. I think this may be the spot after all.,Answer,Agreement
"Augie, I'm sorry.",Apology,Apology
"Shh, if we're very quiet the fish might come.",Statement Opinion,Command
Or not.,Statement Opinion,Disagreement
Or not.,Agreement,Disagreement
Hmm.,Backchannel,Backchannel
Good God.,Statement Non Opinion ,Statement Non Opinion
Do you think it's them?,Question,Question
I wonder.,Answer,Statement Opinion
"Well, nobody knows we're here except Freda and she wouldn't ring up.",Statement Non Opinion ,Statement Opinion
Must be them then.,Statement Opinion,Statement Opinion
What are we going to do?,Question,Question
"We're all right darling, aren't we whatever happens?",Statement Non Opinion ,Statement Opinion
Now and always sweet.,Agreement,Statement Opinion
I don't care then.,Statement Non Opinion ,Disagreement
It's bound to come sooner or later.,Statement Non Opinion ,Statement Opinion
Hello? Hello? What? Wrong number.,Statement Non Opinion ,Statement Non Opinion
Oh. It sends shivers down my spine.,Statement Non Opinion ,Statement Opinion
What do we do if they suddenly walk in on us?,Question,Question
With the most perfect poise.,Question,Statement Non Opinion
"Yes, I should probably to a court curtsey.",Answer,Agreement
"Things that ought to matter dreadfully don't matter at all when one's is happy, do they?",Question,Question
What's so horrible is that one can't stay happy.,Answer,Statement Opinion
Oh darling don't say that.,Command,Apology
It's true; the whole business is a very poor joke.,Statement Opinion,Disagreement
Meaning that sacred and beautiful thing love?,Question,Statement Opinion
Yes. Meaning just that.,Answer,Agreement
What does it all mean that's what I ask- that's what I ask myself in my ceaseless quest for ultimate truth?  Good God what does it all mean?,Question,Question
Don't laugh at me. I'm serious.,Command,Command
"You mustn't be serious my dear one, that's just what they want.",Statement Opinion,Command
Who's they?,Question,Question
"All those futile moralists, who try to make life unbearable, laugh at them, be flippant. Laugh at everything all their sacred shibboleths",Answer,Command
flippancy brings out the acid in their damned sweetness in light.,Statement Opinion,Statement Non Opinion
"Well, if I laugh at everything then I must laugh at us too.",Statement Opinion,Statement Opinion
"Certainly you must, we figures of fun all right.",Agreement,Statement Opinion
"Well, shall we always want to bicker and fight?",Question,Question
"No, that desire will fade along with our passion.",Answer,Disagreement
"Oh dear, should we like that?",Question,Statement Opinion
Depends on how well we play it.,Answer,Answer
"Well, what happens if one of us dies, does the one that's left still laugh?",Question,Question
"Yes, yes, with all his might.",Answer,Agreement
"Well that's serious enough, isn't it?",Question,Statement Opinion
"No, no it isn't, death is very laughable, such a cunning little mystery, all done with mirrors.",Answer,Disagreement
"Darling, I believe you're talking nonsense.",Statement Opinion,Disagreement
So is everyone else in the long run.,Statement Opinion,Statement Opinion
"Let's be superficial and pity the poor philosophers, let's blow our trumpets and squeakers and enjoy the party as much as we can. Like quite idiotic, very small, school children. Let's savor the delight of the moment.",Statement Opinion,Command
Come kiss me darling before your body rots and worms pop in and out of your eye sockets.,Statement Opinion,Command
"Elliot, worms don't pop.",Statement Non Opinion ,Statement Non Opinion
"I don't care what you do see. You can paint yourself green and dance naked in the Place Vendome, and rush off madly with all the men in the world and I shan't say a word, as long as you love me best.",Statement Opinion,Disagreement
"Thank you dear, the same applies you, except that if I catch you so much as looking at another woman, I'll kill you.",Statement Opinion,Agreement
You remember that awful scene we had in Venice?,Question,Statement Opinion
Which particular one?,Question,Question
"The one when you bought that little, painted, wooden snake in the Piazza and put it on my bed.",Answer,Statement Non Opinion
"Oh Charles, that was his name Charles. It did wiggle so beautifully.",Statement Non Opinion ,Statement Non Opinion
"Horrible thing, I hated it.",Statement Opinion,Statement Opinion
I know you did. You threw it out of the window into the Grand Canal; I don't think I'll ever forgive you for that.,Agreement,Disagreement
How long did that row last?,Question,Question
It went on intermittently for days.,Answer,Statement Non Opinion
The worst one was in Cannes when your curling iron burned a hole in my new dressing gown.,Statement Non Opinion ,Statement Opinion
It burned my comb too and all the towels in the bathroom.,Statement Non Opinion ,Statement Non Opinion
"That was a rouser, wasn't it?",Question,Question
That was the first time you ever hit me.,Answer,Statement Non Opinion
I didn't hit you very hard.,Statement Opinion,Statement Non Opinion
The manager came in and found us rolling around on the floor biting and scratching like panthers.,Statement Non Opinion ,Statement Non Opinion
I'll never forget his face.,Statement Non Opinion ,Statement Opinion
"Oh it was ridiculous, completely ridiculous.",Statement Opinion,Statement Opinion
We were very much younger then.,Statement Non Opinion ,Statement Non Opinion
And very much sillier.,Statement Opinion,Statement Opinion
As a matter of fact the real cause of that row was Peter Burden.,Statement Non Opinion ,Statement Opinion
You knew there was nothing in that.,Disagreement,Statement Opinion
I knew nothing of the sort. You took presents from him.,Statement Non Opinion ,Disagreement
"Presents, just a trivial little broach.",Statement Non Opinion ,Statement Non Opinion
"Yes, I remember it well, bristling with diamonds in the worst possible taste.",Statement Non Opinion ,Statement Opinion
No it wasn't. It was very pretty I still have it and I wear it often.,Disagreement,Disagreement
You went out of your way to torture me over Peter Burden.,Statement Non Opinion ,Statement Opinion
"No I didn't, you worked the whole thing up in your jealous imagination.",Disagreement,Disagreement
"You must admit he was in love with you, wasn't he?",Question,Question
"Just a little perhaps, nothing serious.",Answer,Statement Non Opinion
You let him kiss you; you said you did.,Statement Non Opinion ,Statement Non Opinion
What of it?,Question,Question
What of it?,Backchannel,Question
"It gave him a lot of pleasure, it didn't hurt me any.",Statement Non Opinion ,Statement Opinion
What about me?,Question,Question
"Well, if you hadn't been so nosey and suspicious you never wouldn't have known anything about it.",Answer,Disagreement
That's a nice point of view I must say.,Statement Opinion,Agreement
I'm bored of this conversation.,Statement Opinion,Disagreement
"Yes, me too, bored stiff. You want some Brandy?",Question,Agreement
No thanks.,Answer,Acknowledge
I have a little I think.,Statement Non Opinion ,Statement Opinion
I don't see why you want any you've already had two glasses.,Statement Non Opinion ,Disagreement
"No particular reason. Anyhow, they are very small ones.",Statement Non Opinion ,Statement Non Opinion
It just seems so silly to go on and on and on with such a thing.,Statement Opinion,Statement Opinion
You can hardly call three liquor glasses in a whole evening going on and on and on.,Statement Opinion,Statement Opinion
"Well, it's become a habit with you.",Statement Opinion,Statement Opinion
You needn't be so grand just because don't happen want any yourself right now.,Statement Opinion,Disagreement
Don't be so stupid.,Statement Opinion,Command
"Really, Amanda.",Disagreement,Disagreement
What?,Question,Question
Nothing.,Answer,Acknowledge
No I'm just making myself fascinating for you.,Answer,Disagreement
"Going out somewhere, dear?",Question,Question
It's a woman's job to allure the man,Statement Opinion,Statement Opinion
That reply has broken my heart.,Statement Non Opinion ,Statement Opinion
"watch me a minute, will you?",Question,Command
"As a matter of fact, that's perfectly true.",Agreement,Agreement
"Oh, no it isn't.",Disagreement,Disagreement
Yes it is.,Disagreement,Agreement
Be quiet.,Command,Command
It's a pity you didn't have any more Brandy it might have made you a little less disagreeable.,Statement Opinion,Statement Opinion
It doesn't seem to work such wonders with you.,Statement Opinion,Statement Opinion
"Snap, snap, snap, like a little adder.",Statement Opinion,Statement Non Opinion
Adders don't snap they sting.,Disagreement,Statement Non Opinion
Oh nonsense they have a little bag of venom behind their fangs and they snap.,Disagreement,Statement Opinion
They sting.,Disagreement,Statement Non Opinion
They snap.,Disagreement,Statement Non Opinion
I don't care. Do you understand? I don't care. I don't care if they bark or roll about like hoops.,Statement Opinion,Disagreement
"Tell me, did you see much of Peter Burden after our divorce?",Question,Question
"Yes, I did quite a lot.",Answer,Answer
I imagine you let him kiss you good deal more then.,Statement Opinion,Statement Opinion
Mind your own business.,Command,Command
What riotous time you must have had.,Statement Opinion,Statement Opinion
"No restraint at all, very enjoyable, never had much anyhow.",Statement Opinion,Statement Opinion
You're quite insufferable. I expect it's because you're drunk.,Statement Opinion,Statement Opinion
I am not in the least drunk.,Disagreement,Disagreement
"I imagine, as I may have already mentioned, I've had three minute liquor glasses of Brandy the whole evening long a child of two couldn't get drunk on that.",Statement Opinion,Statement Opinion
On the contrary a child of two could get violently drunk on only one glass of Brandy.,Statement Opinion,Disagreement
"Oh very interesting. How about a child of four, a child of six or a child of nine?",Question,Question
Oh be quiet.,Command,Command
"We can get a good little debate going about that, don't you think? Intemperate tots.",Statement Opinion,Statement Opinion
"Not very funny my dear, you better have some more Brandy.",Statement Opinion,Command
All right. I will.,Agreement,Command
Better turn that off I think.,Statement Opinion,Command
Why?,Question,Question
Because it's late and it'll annoy the people upstairs.,Answer,Answer
There aren't any people upstairs it's a photographer's studio.,Statement Non Opinion ,Statement Non Opinion
There are people downstairs I suppose?,Question,Question
They're away in Tunis.,Answer,Statement Non Opinion
This is no time of the year for Tunis.,Statement Opinion,Statement Opinion
"Turn it on again, please.",Command,Command
I'll do no such thing.,Disagreement,Disagreement
"Very well, if you insist on being boorish and idiotic.",Disagreement,Disagreement
Turn it off it's driving me mad.,Command,Command
You are far too temperamental. Try to control yourself.,Statement Opinion,Command
Turn it off.,Command,Command
Stop it. Stop it. I hate you.,Command,Command
"Amanda, listen. Listen.",Command,Command
"Listen indeed. I'm sick and tired of listening to you, damn sadistic bully.",Statement Opinion,Disagreement
Very amusing indeed.,Disagreement,Acknowledge
"Stop it. Stop it. I hate you, do you hear? You're overbearing and conceited and utterly impossible.",Statement Opinion,Command
"You're a vile tempered, loose living, wicked little beast and I hope I never see you again as long as I live.",Statement Opinion,Disagreement
"This is the end, do you hear? The end finally and forever.",Statement Non Opinion ,Command
You're not going like this.,Command,Command
Oh yes I am.,Disagreement,Agreement
You're not.,Disagreement,Disagreement
"Yes, I am. Let go of me you're cruel fiend and I hate and loathe you. Thank God I realized who you really are before I would ever, ever marry you again. I would never marry you again. I'd rather die in torment.",Statement Opinion,Disagreement
Shut up.,Command,Command
Shut up.,Command,Command
I wouldn't marry you again if you came to me on your bended knees. You're a evil minded little vampire. I hope to God I never see you again as long as I live.,Statement Opinion,Disagreement
You're a beast. I hate you. Stop it. Stop it.,Statement Opinion,Command
"God, finally I got to the line, the front of the line. I've been waiting there for like half an hour.",Statement Non Opinion ,Statement Opinion
[BREATHING] It's so hot in here. Hoo.,Statement Non Opinion ,Statement Non Opinion
Yeah.,Agreement,Acknowledge
"Oh, um-",Backchannel,Backchannel
What's wrong?,Question,Question
"You didn't fill this out right. All right. It says that you have to fill out the back sheet of this, but you filled out the yellow sheet of it.",Answer,Disagreement
"No, no, no, no, no, no. The lady over there, she told me to fill out the front and she said to wait in this line.",Disagreement,Disagreement
Who?,Question,Question
I don't know. Some lady. Sonya or something.,Answer,Statement Non Opinion
She- she probably doesn't even work here.,Statement Non Opinion ,Statement Opinion
"Excuse me? No, no. I waited in the line over there..",Statement Non Opinion ,Disagreement
All right  Uh-,Backchannel,Acknowledge
and she told me to come over here and she said to fill out everything on the application and I did that.,Statement Non Opinion ,Command
It's not right.,Statement Non Opinion ,Disagreement
"Look, I-- No, no, no, I--you don't understand. I have to go back to work.",Statement Non Opinion ,Disagreement
You just take--all right.,Backchannel,Command
"Well, you didn't fill this paper at work out right and it's going to take another fifteen minutes to do it and look at how long the line we got here so just-",Statement Non Opinion ,Statement Opinion
I am not-,Statement Non Opinion ,Disagreement
"okay, just go back and fill it out real quick and I'm sorry, you have to get back in line and wait. I can't let you cut.",Command,Command
But you don't understand. I cannot get back in line because I have to go back to work. I will get fired if I don't leave here.,Disagreement,Statement Opinion
"Well, maybe you should have got here earlier than so you had a lot of time to do this.",Statement Opinion,Disagreement
But I was at work and the lady told me to come and work it and to stand in the line.,Statement Non Opinion ,Statement Non Opinion
I don't know who this lady is.,Statement Non Opinion ,Statement Non Opinion
[LAUGHTER],Others,Backchannel
"I really want to say that. Well I, so, you know, at the center department they called me in and I talked to-",Statement Non Opinion ,Statement Opinion
"Oh, yeah? What did they say?",Question,Question
Well umm- actually they--I was promoted.,Answer,Statement Non Opinion
"Oh, wow. That's great.",Statement Opinion,Acknowledge
And Uh- Yeah. Uh- They're going to need um- more nurses on call for uh- to go overseas to help out with the war.,Statement Non Opinion ,Statement Opinion
"And uh - seeing as I was uh- promoted and head of the department now, and so- well, they asked me to go.",Statement Non Opinion ,Statement Non Opinion
yeah.,Backchannel,Acknowledge
when?,Question,Question
It's going- It's going to be probably in about three weeks.,Answer,Statement Non Opinion
What? You can't do that. Three weeks?,Question,Disagreement
yeah,Backchannel,Acknowledge
"Well, I'm leaving in three weeks, but-- Yeah.",Answer,Backchannel
"God, we're supposed to take a look at a house next week.",Statement Non Opinion ,Statement Opinion
Maybe we can still do that,Statement Opinion,Statement Opinion
"I can't- No, I can't do this alone.",Statement Opinion,Disagreement
"Yeah, and uh--",Backchannel,Acknowledge
Amy's starting school in a month.,Statement Non Opinion ,Statement Non Opinion
"I know, but look, I have to take this. I mean, if I don't, I mean, I could get fired.",Statement Opinion,Statement Opinion
And we know you need-we need the money. We couldn't even- purchase a house if I didn't take this.,Statement Opinion,Statement Opinion
God.,Others,Statement Non Opinion
You know what happened to my cousin. She went and she never came back.,Statement Non Opinion ,Statement Non Opinion
"Honey, I'm going to come back. It's not like that.",Statement Opinion,Statement Non Opinion
But it- it is for a year.,Statement Non Opinion ,Statement Non Opinion
Oh,Disagreement,Backchannel
"Babe, I'm sorry. But I don't want to do.",Apology,Apology
I can't-,Statement Non Opinion ,Acknowledge
"You know as much as -as much as me that I-I want to stay here with you and Amy so bad, but I can't.",Statement Opinion,Statement Opinion
You remember the last time you went? You know how hard it was for me? Now we have a kid.,Statement Non Opinion ,Question
"But you're so good with her. You know, she knows you better than she knows me 'cause I'm at work every day.",Statement Opinion,Statement Opinion
I have to work.,Statement Non Opinion ,Statement Non Opinion
[BREATHING],Others,Others
"Babe, I love you.",Statement Opinion,Statement Opinion
You can't leave your daughter alone like this.,Statement Opinion,Command
"But she has you. I mean, that's what you're there for. You're my right-hand man.",Statement Opinion,Statement Opinion
It's going to be okay.,Statement Opinion,Statement Non Opinion
You can't postpone it?,Question,Disagreement
"No, I have to go.",Answer,Disagreement
"Wait, you can write me and as you know, send me pictures.",Statement Non Opinion ,Command
I don't know if I can handle you going another year.,Statement Opinion,Statement Opinion
What do you mean?,Question,Question
I don't know if I- if I could take it.,Answer,Statement Opinion
"Look, I need you to be strong for me. 'Cause I can't be the only one that's strong right now, really, I--",Statement Opinion,Command
I can't be that strong. A whole year.,Disagreement,Statement Opinion
"me, oh my god.",Backchannel,Acknowledge
"But we can work, you know, we--you can write me and we could see pictures",Statement Non Opinion ,Statement Opinion
What if you don't come back?,Question,Question
"and if we survive, if we survive that then babe, you know you know we could survive any--",Statement Non Opinion ,Statement Opinion
I will come back.,Answer,Statement Non Opinion
"What am I supposed--oh, one out of five people aren't coming back.",Statement Non Opinion ,Question
It doesn't look very good.,Statement Opinion,Statement Opinion
I can do it. I'm going to do it. And I'll be back safe and sound and-,Statement Opinion,Statement Opinion
we'll have all the money that we ever needed.,Statement Non Opinion ,Statement Non Opinion
And- And then I'll stop working and- I'll stay home with the baby.,Statement Opinion,Statement Non Opinion
I don't want the money. I want-you here,Statement Opinion,Disagreement
"we'll get money, all right? You don't need the job, all right?",Statement Opinion,Command
If your life is going to be in danger and this family is going to be in danger we don't need the job. We'll find the money.,Statement Opinion,Statement Opinion
It's all I ever knew how to do. I can't quit now.,Statement Opinion,Statement Opinion
How are we supposed to tell Amy? How's she supposed to understand that?,Question,Question
"Well, we- we tell her mommy's going on va- on a trip for for- a while.",Answer,Statement Non Opinion
"How is she going to feel the first year in school, no mom.",Question,Question
Don't do that to me.,Answer,Command
"It's hard enough already, Brian, I can't.",Statement Opinion,Statement Opinion
I'm not thinking about just me; I'm thinking about our child.,Statement Opinion,Statement Opinion
I know.,Agreement,Acknowledge
"I didn't expect this to happen. I never planned for this. Some things you just don't plan for, you know.",Statement Opinion,Statement Opinion
"I'm sorry, babe.",Apology,Apology
I'm so sorry.,Apology,Apology
"All right, then.",Agreement,Acknowledge
"Oh, my God, look at that. Huh-oh, how many carats is that?",Question,Question
"I know. [LAUGHTER]. Dude, I don't know. It's- Probably. It's huge. I don't even know how to like wear it. My hand is like going down like really low. I can't believe it.",Answer,Statement Opinion
Is it-,Backchannel,Question
"I- Yeah, it's-",Agreement,Backchannel
yeah [LAUGHTER],Backchannel,Acknowledge
"Yeah, The Lousy Chaperone. [LAUGHTER] Uh huh.",Answer,Backchannel
"at the end of the performance, you know, like we're all clapping and stuff. And all of a sudden I look over and",Statement Non Opinion ,Statement Non Opinion
"Joe's gone. -where did he go, you know?",Statement Non Opinion ,Question
Uh huh. Oh-,Backchannel,Backchannel
"And I'm like oh, he went to the- -the bathroom, but he didn't tell me, I didn't even notice him leaving. And all of a sudden, I swear to God, I'm sitting there and-",Statement Non Opinion ,Statement Opinion
he comes up onstage-- And the entire cast everyone just like,Statement Non Opinion ,Statement Non Opinion
oh-,Backchannel,Backchannel
goes up there and everyone's clapping and he's standing there and they put a spotlight on him.,Statement Non Opinion ,Statement Non Opinion
"Oh, my God.",Backchannel,Acknowledge
"And I'm like freaking out. I'm like what the hell's going on, you know. I don't know what's going on. And so he's like standing there and then all of a sudden they give him a microphone-",Statement Non Opinion ,Statement Opinion
and he just starts doing like this little spiel about me and like,Statement Non Opinion ,Statement Opinion
"he asked me to marry him, like- onstage. I was like, I couldn't believe--and I had to walk up there and I was, like I think I tripped or something.",Statement Non Opinion ,Statement Opinion
Are you kidding me?,Question,Disagreement
"Wha- What'd you say? You said yes, right? [LAUGHTER]",Question,Question
"Yeah, I said yes, but I, yeah, I mean,",Answer,Backchannel
"I don't know- it just like took me, took me by surprise.",Statement Opinion,Statement Opinion
He scored points.,Statement Non Opinion ,Statement Non Opinion
Did you get a standing ovation?,Question,Question
"Oh, yeah. Everyone--yeah. And people--friends of ours were in the audience, I didn't know about, like family members.",Answer,Backchannel
Yeah. It was great.,Answer,Agreement
Are you serious?,Question,Question
"It was--I cried,",Statement Non Opinion ,Statement Non Opinion
"No, you deserve to cry. I mean, tears of happiness.",Statement Opinion,Disagreement
"like a loser, I cried.",Statement Non Opinion ,Statement Non Opinion
"But, I don't know, I--it's so weird to think I'm marrying somebody 'cause I feel so young, you know?",Statement Opinion,Statement Opinion
So where- where- where is this--have you talked about where it's going to be?,Question,Question
No. No plans. or any- and probably,Answer,Disagreement
"like I think I want to get married--I want to have two weddings. One here, then one in Europe.",Statement Non Opinion ,Statement Opinion
Hawaii? No.,Question,Disagreement
No. Hawaii's for honeymoons. But uh--,Answer,Disagreement
Oh. Like Paris? On the Eiffel Tower?,Question,Question
"Oh, maybe. I don't know. I've been there so many times. I think it's--we're going to get married in Spain and then we're going to get married here.",Answer,Statement Opinion
He's rich enough. Maybe you can rent out the Eiffel Tower for your--,Statement Opinion,Statement Opinion
"Oh, Jesus.",Backchannel,Acknowledge
That's awesome. [LAUGHTER] Marriage.,Statement Opinion,Agreement
Yeah. I'm so excited. [LAUGHTER].,Statement Opinion,Acknowledge
"I don't know, Brian, if they uh--it's been three years.",Statement Non Opinion ,Statement Opinion
"Hey, you just got to keep on going.",Statement Opinion,Statement Non Opinion
"No, I don't know, I--maybe this isn't for me. You know, maybe this isn't the right business for me.",Statement Opinion,Disagreement
"No, don't think like that.",Disagreement,Disagreement
Russel Crowe wasn't forty until he got his big stuff.,Statement Non Opinion ,Statement Non Opinion
"If you really want to do it-I mean,",Statement Opinion,Statement Opinion
So I'll have to wait twenty five years-,Statement Opinion,Statement Non Opinion
you got to do.,Statement Opinion,Command
we're just pooling our funds together.,Statement Non Opinion ,Statement Non Opinion
"I know, I just don't know if I can handle it. I mean, you're helping me so much financially it's like I can't survive on my own without you. I don't like that.",Agreement,Statement Opinion
You don't owe me anything.,Statement Non Opinion ,Disagreement
I feel like I'm not doing anything. Like I'm not giving anything into this world.,Statement Opinion,Statement Opinion
"You are, you're going to class, you're learning, you're getting better. When you finally get that role you're going to be prepared.",Disagreement,Statement Opinion
"Yeah, but what if I never make it? What if I studied all my life, this theatre, this acting, and I'm never going to get anywhere. I'm never going to be able to have a job.",Statement Opinion,Question
"Oh my God, Anna, you're still young. Don't even think about that.",Command,Command
Time is passing by. Every year it's,Statement Non Opinion ,Statement Non Opinion
a part left than I can do.,Statement Non Opinion ,Statement Non Opinion
"You're only twenty five, okay? Some people don't start until they're thirty five.",Statement Opinion,Statement Opinion
Really?,Question,Question
Yeah.,Answer,Acknowledge
"I don't know, I just [BREATHING] I get frustrated",Statement Opinion,Statement Opinion
What would you do- What would you do if you didn't? You can go to law school.,Question,Question
That's the thing. I don't know. I don't know anything.,Answer,Statement Opinion
Law school? Maybe.,Statement Opinion,Statement Opinion
"I don't know. I don't know anything other than this, though, is the problem. This is my life. This is what I built everything about, you know.",Statement Opinion,Statement Opinion
See? So you can't just quit now.,Statement Opinion,Command
"I mean, I could go to law school, but I'm just not passionate about it, you know? Like I'm not--it doesn't drive me, it doesn't motivate me. I--",Statement Opinion,Statement Opinion
Have you been going to auditions and stuff?,Question,Question
"Yeah. I mean, I get a call-back and stuff, but-",Answer,Acknowledge
"I just, I need a break. I need something to break me out.",Statement Opinion,Statement Opinion
How's the job? Still waiting tables at Denny's?,Question,Question
Yeah. Unfortunately.,Answer,Acknowledge
"Yeah, so I go to--get an education for four years and I'm waiting tables at Denny's.",Statement Non Opinion ,Statement Opinion
"Well, they tip well.",Statement Non Opinion ,Statement Opinion
[BREATHING] Brian-,Backchannel,Others
it's not funny. I just don't know what I'm going to do.,Statement Opinion,Disagreement
Maybe you could start teaching. I don't know.,Statement Opinion,Statement Opinion
"Yeah, I guess I could.",Agreement,Agreement
"Go back to school. You know? Another three more years, get your master's.",Statement Opinion,Command
Yeah,Agreement,Acknowledge
"Close to thirty. Oof, it's going to be tough.",Statement Opinion,Statement Opinion
Thanks.,Greeting,Acknowledge
[LAUGHTER],Others,Backchannel
[BREATHING],Others,Others
"Look sir, I've been waiting for about an hour and my luggage still hasn't come. What's going on?",Question,Question
"I'm sorry, Mrs. Rosenkrantz, but uh- I don't know what to tell you.",Apology,Apology
"What do you mean, you don't know what to tell me? I have two luggage that I've been coming--they're coming--from France and I need them here. I'm home now. I need to go start working.",Statement Non Opinion ,Question
Did you- Did you check with the lost and found?,Question,Question
"Where? I don't know. The lost and found. What do you mean, lost and found?",Question,Question
I had my luggage transferred here from Paris to L.A. and now I'm here and I need to be working and I have all my stuff in there.,Statement Non Opinion ,Statement Non Opinion
"Oh, not--we didn't lose it; maybe the airport lost it. Maybe someone stole it.",Statement Opinion,Statement Opinion
"Wait, sir. You're- You're completely not--what do you mean, stole it? How can they just steal it from an airplane? It was up in the air?",Question,Disagreement
"No, I mean, maybe in the little--going around thingy thing where bopper stole it from there.",Answer,Disagreement
Okay. All I know is that I am supposed to have my language here right now. Right now. And it's not there. And you're supposed to help me because you work at the airport. So give me my luggage or tell me where the hell it is.,Statement Non Opinion ,Command
Okay. What can we do is we can get your name and information and if it shows up we can send it to you so-- Wherever you stay,Statement Non Opinion ,Statement Non Opinion
"What do you mean, if it shows up? No, I need it now. I have my keys, I have my wallet, I have my money. I have thousands and thousands of dollars worth of stuff in there.",Statement Non Opinion ,Disagreement
Not to mention I have my work in there.,Statement Non Opinion ,Statement Opinion
"Well, I'll have you fill out some paperwork and see if you can get started on something.",Statement Non Opinion ,Command
"And what if- what if it is lost? Well, what are you guys going to do for me?",Question,Question
"You know, we'll file a complaint and we could possibly, you know, replace some of the things. I think-",Answer,Statement Opinion
and when you sign your ticket we could replace about fifteen percent of what's in the bag.,Statement Non Opinion ,Command
Fifteen percent?,Question,Question
Up to a limit of twenty five dollars.,Answer,Command
What? There- There's hundreds of thousands of dollars worth of stuff in there.,Statement Non Opinion ,Statement Non Opinion
"Whoa, maybe you should uh- have thought of a better way to send it than just in a bag, hmm? Did you think about that?",Question,Disagreement
"No, no, no. You don't understand. This is--these are my belongings in the luggage. And I went to Paris.",Answer,Disagreement
"Sir, why are you laughing at me? This isn't funny.",Statement Opinion,Question
"I think that's kind of stupid, that you put a hundred thousands of dollars in the bag.",Statement Opinion,Statement Opinion
"Well I'm sorry, if I--no, it's not stupid. You are supposed to have my luggage.",Disagreement,Apology
Did you lock- Did you lock it even? You probably didn't even lock it.,Question,Disagreement
"No, they said I couldn't lock it.",Answer,Disagreement
"[LAUGHTER], That's what they say.",Statement Non Opinion ,Acknowledge
Give me--I'm going to talk to your supervisor. Give me your supervisor. I want to talk to your supervisor right now.,Command,Command
"Okay, let me get him.Oh, guess who the supervisor is? It's me.",Statement Non Opinion ,Statement Opinion
"What, do you have questions?",Question,Question
"Well, get- I want the C.E.O. then.",Statement Non Opinion ,Command
How you doing?,Question,Question
Okay.,Answer,Acknowledge
Yeah. Wow.,Backchannel,Backchannel
We're all going to miss him.,Statement Opinion,Statement Opinion
"Mmm hmm. I never knew it was going to be this hard, you know.",Statement Opinion,Statement Opinion
It's weird 'cause it's like you expected it to happen and eventually-,Statement Opinion,Statement Opinion
"he had cancer, you know?",Statement Non Opinion ,Question
"Mmm, Hmm.",Acknowledge ,Backchannel
"They thought he got--would get better and he did, and then it just- things turned bad.",Statement Non Opinion ,Statement Non Opinion
"Turned around for the worst, you know.",Statement Non Opinion ,Statement Opinion
"I didn't know him, Tricia, but uh- I heard that he was a great man.",Statement Non Opinion ,Statement Opinion
He was amazing.,Statement Opinion,Statement Opinion
I loved that boy.,Statement Opinion,Statement Opinion
"We did everything together, you know.",Statement Non Opinion ,Statement Non Opinion
"It's weird, I think. I feel so alone, you know? What am I going to do now? Now that he's gone.",Question,Statement Opinion
He's so young. It seems so--,Statement Non Opinion ,Statement Opinion
so wrong in so many ways.,Statement Opinion,Disagreement
"His poor parents. You know, it's their only son.",Statement Non Opinion ,Statement Opinion
yeah.,Backchannel,Acknowledge
"Kind of a whole year. I mean, he suffered with this, this monster, this thing, this disease.",Statement Non Opinion ,Statement Opinion
"He was in chemo the whole time, right?",Question,Question
Yeah.,Answer,Acknowledge
And he just got that baseball scholarship.,Statement Non Opinion ,Statement Non Opinion
"I know. He was, he had so much going for him.",Agreement,Acknowledge
"So handsome, so young, so gifted.",Statement Opinion,Statement Opinion
So talented.,Statement Opinion,Statement Opinion
"Such a sweet person, you know?",Statement Opinion,Statement Opinion
How's his parents doing?,Question,Question
Not very good.,Answer,Statement Opinion
"Can you imagine, though, you know, as a parent, just losing a kid? Twenty-two years old.",Statement Opinion,Statement Opinion
He was my brother.,Statement Non Opinion ,Statement Non Opinion
"Just seems so unfair, is the way it is.",Statement Opinion,Statement Opinion
"You know, he had that really pretty girlfriend for like about a year and-",Statement Non Opinion ,Statement Opinion
What was her name?,Question,Question
Kelly. Kelly Uveny.,Answer,Statement Non Opinion
Kelly.,Backchannel,Greeting
They talked about getting married and--,Statement Non Opinion ,Statement Non Opinion
Trying to have a baby.,Statement Non Opinion ,Statement Non Opinion
"Yeah. But then when he got cancer and it got bad, you know, she just took off and-",Agreement,Acknowledge
so I was there for him.,Statement Non Opinion ,Statement Non Opinion
Some people.,Statement Opinion,Statement Non Opinion
"Yeah, but you were there all the hospital days. By his bed-",Statement Non Opinion ,Disagreement
"Yeah. God, I loved that kid.",Statement Opinion,Statement Opinion
"So nice, so positive.",Statement Opinion,Statement Opinion
yeah.,Agreement,Acknowledge
We need more people like him.,Statement Opinion,Statement Opinion
"Joe, do you think he knew I loved him?",Question,Question
I don't know.,Answer,Answer
"I never told him, I love you, but-",Statement Non Opinion ,Statement Non Opinion
I loved him so much.,Statement Opinion,Statement Opinion
I don't know if Benny was smart like that- but-,Statement Opinion,Statement Opinion
I'm sure he loved you too. He just didn't know it.,Statement Opinion,Statement Opinion
"Yeah, man.",Agreement,Acknowledge
"Hey, Isabella.",Greeting,Greeting
"Uh-, So I got some good news.",Statement Non Opinion ,Statement Opinion
You're not pregnant or anything.,Question,Statement Non Opinion
I have some better news than that.,Answer,Statement Opinion
"Oh, really?",Question,Backchannel
"Yes, What would you want more than anything in this world?",Question,Question
A chocolate cake?,Answer,Question
How about maybe for me to possibly stay in L.A.?,Question,Question
"Oh, wow. You got in?",Question,Question
Which one?,Question,Question
"I got--U.S.C.. I got- Yeah, I got the acceptance letter.",Answer,Statement Non Opinion
oh really?,Question,Backchannel
You got in? Wow.,Question,Acknowledge
"Yes, me, I got in. Thank you very much.",Answer,Answer
Good for you.,Statement Opinion,Acknowledge
"Yeah, I know, my mom called me. I was with my girlfriend in Boston, and uh- she got the letter and she called me, she said I don't know, do you want me to open it? And I was like yes, open it. And she opened it and she goes oh, I'm sorry, Nat.",Statement Non Opinion ,Acknowledge
"And I was like what? She's like, you know, you didn't get in. Totally plays it off. Like I didn't get in. And I'm like, I start almost crying.",Statement Non Opinion ,Statement Non Opinion
"Uh-huh, uh-huh.",Backchannel,Backchannel
"And my mom was like Natalie, Natalie, it's [GARBAGE], you know-",Statement Non Opinion ,Statement Non Opinion
oh yeah.,Backchannel,Backchannel
"and so, I mean, I got in.",Statement Non Opinion ,Statement Non Opinion
"Oh, Jesus. That is so amazing.",Statement Opinion,Statement Opinion
So now I can stay here and now we can party. I know.,Statement Opinion,Statement Opinion
Party. You want to get drunk tonight?,Question,Question
"Yeah, why not.",Answer,Agreement
"Yeah, we're going to celebrate.",Statement Opinion,Statement Non Opinion
"We're not twenty one yet, but whatever.",Statement Non Opinion ,Statement Opinion
"Yeah, I'm only eighteen so it's--go get drunk.",Statement Non Opinion ,Command
"[LAUGHTER]. I'm so excited, Joe. Oh, man, I-- And I got in--I got into the school of theatre, so it's like-",Statement Non Opinion ,Statement Opinion
Shit. That's-,Backchannel,Apology
"Oh, my God. That's--I heard it's top five-- --in the Grauman scale or something.",Statement Non Opinion ,Statement Opinion
Yeah. It's really cool.,Agreement,Agreement
Yeah.,Agreement,Acknowledge
Top five in the nation.,Statement Non Opinion ,Statement Non Opinion
Who-whooooo. Miss Acti- Acting Pants.,Statement Non Opinion ,Question
"Acting Pants? So what are you going to do? Are you--you're be--you're going to stay here, right?",Question,Question
Acti- acting pants.,Statement Non Opinion ,Statement Non Opinion
I got into film school at the Art Academy.,Answer,Statement Non Opinion
Awesome. We're both going to be in L.A.,Statement Non Opinion ,Acknowledge
Uh-huh.,Backchannel,Backchannel
So I'm going to be--yeah. I'm going to make films; you're going to be in them.,Statement Opinion,Statement Opinion
"I'm so excited. Yeah, I thought I was going to go to Boston, but then--",Statement Non Opinion ,Statement Opinion
Fuck Boston.,Statement Opinion,Statement Opinion
"Oh man, I'm so excited. So much to do.",Statement Opinion,Statement Opinion
Boston smells bad. L.A. is so much cooler.,Statement Opinion,Statement Opinion
"There's so much culture here, you know? It's just like-- --all great restaurants and-",Statement Opinion,Statement Opinion
Yeah.,Agreement,Acknowledge
I'm just so excited to start my life.,Statement Opinion,Statement Opinion
We should uh- go to Little Ethiopia.,Statement Non Opinion ,Statement Opinion
"Oh, and you sit down and you have the sponge bread-- --and eat the--drink the beer. Ugh, I love that stuff. I'm so excited.",Statement Opinion,Statement Opinion
Yeah.,Agreement,Acknowledge
Are you going to come stay in my dorm with me sometime?,Question,Question
"Hell, yeah. Pass out.",Answer,Agreement
Yeah. I'll get like one of those little--,Statement Non Opinion ,Acknowledge
Yeah. Those little-- --mattresses. I'll put it by my bed.,Statement Non Opinion ,Acknowledge
 -drunk.,Statement Non Opinion ,Statement Non Opinion
"No, I'll sleep in your bed. Cuddle up.",Statement Non Opinion ,Command
"Oh, I don't think so. Hmm-mm. No.",Disagreement,Disagreement
Uh-oh.,Backchannel,Apology
That's going to--that'll be reserved for somebody else.,Statement Opinion,Statement Non Opinion
"Oh, hey. Freshman slut. That's you gona need.",Statement Opinion,Greeting
[LAUGHTER] Hello? I am not.,Disagreement,Greeting
"That's what you got to be though, freshman year.",Statement Opinion,Statement Opinion
"No, I don't. I'm not like that.",Disagreement,Disagreement
Yeah.,Backchannel,Acknowledge
"Well, get used to it.",Statement Opinion,Command
"[LAUGHTER]. No, you'd get used to it.",Statement Opinion,Statement Opinion
"Hey, I'm already getting used to it.",Agreement,Statement Opinion
"[LAUGHTER]. Oh, Joe, I'm so happy.",Statement Opinion,Statement Opinion
"Me too, Isabella.",Acknowledge ,Agreement
"Hey, you stupid dumb shit machine, give me a fucking operator, huh?",Question,Command
"Hello sir, can I help you?",Question,Question
"Yeah, I've been on the-with the machine for like thirty minutes--",Answer,Acknowledge
"Yes, sir, I'm very sorry, but we've had some trouble here.  There's been a lot of calls and the system has-",Answer,Apology
"Fuck, do you think I have all day?  Jesus",Statement Non Opinion ,Question
"Sir, please calm down.  There's no reason to use profanity like that.  It's not-",Command,Command
Yeah.,Answer,Acknowledge
"Well, um- we have a little problem with the system going on.  One of our satellites is down, and I-",Statement Non Opinion ,Statement Non Opinion
You know what?  I'm just going to- Patient?  I'm a busy man.,Statement Non Opinion ,Statement Opinion
"You're going to have to just be patient with us, sir, as we",Statement Non Opinion ,Command
"Well, I know sir, and we all are busy.",Agreement,Acknowledge
But I'm going to definitely have to- uh--get your contact information,Statement Non Opinion ,Statement Opinion
" -have to, have to what?",Question,Question
What?  It's my phone.  You can't even call me on it. I don't have another phone.,Answer,Disagreement
"Well, I don't-",Backchannel,Disagreement
"Okay, well, if you would like, um- we will be turning on the systems in probably about ten hours.",Statement Non Opinion ,Statement Non Opinion
What?  Are you kidding me?,Question,Disagreement
"Sir, I'm very sorry, but this is the way it is.  This- We have no control over it.  It's going to take-  -but you have to be patient with us.  You can use a calling card.  We will give you a free calling card to use.",Answer,Apology
"Oh, my God.",Backchannel,Acknowledge
I- I'm going to kill myself right now.,Statement Opinion,Apology
A free calling card?,Question,Question
"Do you have a land line, sir?",Question,Question
"No, I don't have a land line.",Answer,Disagreement
"Okay, well, we will send you- We will reimburse you for the amount of minutes that you-",Statement Non Opinion ,Statement Non Opinion
 -on average would use.,Statement Non Opinion ,Question
"That's it? Okay, yeah.  What else?",Question,Backchannel
"And we will probably send you a calling card.  I'm very sorry.  You're just going to have to be patient, sir.",Answer,Command
"Okay, I need more than this.  Are you going to give me a little bit more?",Question,Question
"No, we don't just give you things.  We're- we're-",Answer,Disagreement
we compensating you for all your-,Statement Non Opinion ,Apology
So you take things from me and you expect me just to wait around.,Statement Opinion,Disagreement
"No no, we're not taking anything from you sir.  This is- This is unbeknownst to us.  The problem had just happened.",Disagreement,Disagreement
The satellite-is down in your area.,Statement Non Opinion ,Statement Non Opinion
"Okay, so you think you're going to-  -get me back some minutes, and that's going to make up for three days of business that I lost?  Okay, great.",Statement Opinion,Disagreement
"No, three days, sir.  It's not three days. It's- It's only been about a day now. Let's not exaggerate.",Disagreement,Disagreement
"No, it's been--three days.",Disagreement,Disagreement
"Fine, it's been a day.  Okay?",Agreement,Acknowledge
Three days?,Question,Question
A day?,Statement Non Opinion ,Question
A day's worth of business.  You know how much I make in a day?,Question,Statement Non Opinion
"I don't know, sir.",Answer,Answer
About three million dollars.,Statement Non Opinion ,Answer
"Oh, well, I'm sorry about that. Umm- We-",Apology,Apology
"So, you're going to give me back ten dollars worth of minutes--",Question,Command
 -to make up the three million dollars.,Question,Command
"Well, ten hours worth of minutes--",Answer,Statement Non Opinion
is what's going to happen.,Statement Non Opinion ,Statement Non Opinion
"Ten hours? So, basically, a day's worth of minutes which I pay forty dollars a month from it.",Statement Non Opinion ,Statement Opinion
Yeah.,Backchannel,Acknowledge
"Sir,",Backchannel,Greeting
So you're giving me a dollar back.,Statement Non Opinion ,Statement Non Opinion
"what I would like what I'm advising you to do now is just to write down all of your problems that you-you feel that--You know, haven't been addressed, fax it to us-",Statement Non Opinion ,Command
"Oh, my God.",Backchannel,Acknowledge
and we will take care of it if anything happens.  But all we can do now is ask for your patience.,Statement Non Opinion ,Command
Okay? Thank you for calling.  Goodbye.,Greeting,Acknowledge
What's he going to say? Maybe we ought to talk to him before he sees it.,Statement Opinion,Question
He saw it.,Statement Non Opinion ,Statement Non Opinion
"What-how did he see it? I mean, I was the first one up. He was still in bed.",Question,Question
He was out there when it happened.,Answer,Statement Non Opinion
When?,Question,Question
I don't know. But after it cracked he went back in the house and he cried in the kitchen.,Answer,Statement Non Opinion
Did you talk to him?,Question,Question
"No, I uh-, I figured the best thing to do was to leave him alone.",Answer,Disagreement
"He cried hard, huh?",Question,Question
I could hear it right through the floor.,Answer,Statement Non Opinion
What was he doing out there at that time? He was dreaming about him again. He's walking around at night again.,Question,Question
I guess he is.,Answer,Statement Opinion
"Could he-he's acting just like he did after he died, you know?",Statement Opinion,Question
What's the meaning in that?,Question,Question
I don't know.,Answer,Answer
"But I know one thing, mom. We've made a terrible mistake with dad.",Statement Opinion,Statement Opinion
"Well, what do you mean? What?",Question,Question
Being dishonest with him. That kind of thing always pays off and now it's paying off.,Answer,Statement Opinion
"What do you mean, dishonest?",Question,Question
You know Larry's not coming back and I know that too. Why do we go on letting him think that we believe with him?,Answer,Disagreement
"What, you're going to argue with him?",Question,Question
"No, I don't want to argue with him, but it's time that he realized that no one believes that Larry's coming back anymore.",Answer,Disagreement
You can't tell him that.,Command,Disagreement
We got to tell him that.,Disagreement,Command
We can't. It just won't work.,Statement Opinion,Disagreement
"You know, for God's sakes it's been three years. No one comes back after three years. It's insane.",Statement Opinion,Statement Opinion
They do come back.,Disagreement,Statement Non Opinion
"I know, but he doesn't know that.",Statement Non Opinion ,Acknowledge
Three years has been a long time.,Statement Non Opinion ,Statement Non Opinion
"All right. Just- Sit down, mom. I want to talk to you.",Command,Command
"It's those Goddamn newspapers, you know? I mean, it's like every day they come out with this new person that comes along. And the next one's going to be Larry.",Statement Non Opinion ,Statement Opinion
"All right. All right. Just come on, sit down.",Command,Command
What?,Question,Question
"You know-you know why I asked Annie here, right?",Question,Question
Why?,Question,Question
You know.,Answer,Backchannel
"Well, I have an idea, but go on, tell me, what's the story?",Question,Backchannel
I want to ask her to marry me.,Answer,Statement Opinion
"Well, that's only your business, Chris.",Statement Opinion,Statement Opinion
"Come on, you know that's not only my business.",Disagreement,Disagreement
"Well, it is. I mean, what do you want me to do? You're grown up; you know what's going on in your mind.",Question,Statement Opinion
So it's all right. I'll just go ahead with it.,Answer,Statement Non Opinion
"Well, you better make sure your father's not- No- I'm just saying.",Statement Non Opinion ,Statement Opinion
"See, then it's not just my business. God, you have",Statement Non Opinion ,Statement Opinion
"-Oh, you infuriate me sometimes. You know, it's not just my business too if dad throws a fit.",Statement Opinion,Statement Opinion
God. You have such a talent for ignoring things.,Statement Opinion,Disagreement
"Yeah, well I ignore what I got to ignore.",Agreement,Disagreement
And she-she's Larry's girl.,Statement Non Opinion ,Statement Non Opinion
"No, she is not Larry's girl.",Disagreement,Disagreement
"Well, from your father's point of view she is. I mean, he's still alive. You've got no right to take her.",Disagreement,Statement Opinion
"If you go on from that point, I don't know where you go.",Statement Opinion,Disagreement
"Cause listen, I'm telling you, I don't know where to go from there. Do you?",Question,Question
"Oh, I don't know.",Answer,Statement Opinion
What do you want from me?,Question,Question
"Every time I reach out for something I have to pull back because other people will suffer. My whole entire life, time and time after time.",Statement Opinion,Statement Opinion
You're a considerate fella and there's nothing wrong in that.,Statement Opinion,Statement Opinion
To hell with that.,Disagreement,Disagreement
There's nothing wrong with it.,Statement Opinion,Statement Opinion
I didn't ask Annie yet.,Answer,Statement Non Opinion
You didn't ask her yet?,Question,Question
I wanted to get this settled first.,Statement Non Opinion ,Statement Non Opinion
"Well, how do you know she's going to marry you? I mean, what if she feels the same way as your father?",Question,Question
Well then I guess it's over then. But from her letters I think she's forgotten him.,Answer,Statement Opinion
"I'll find out. But then after it's all over we'll thrash it out with dad, right?",Question,Question
"Mom, don't avoid me.",Command,Command
"You know, the trouble is you've never had enough women. No, you never did.",Statement Opinion,Statement Opinion
So what? I'm not fast with women.,Statement Non Opinion ,Disagreement
I don't understand why it has to be her.,Question,Disagreement
Because it is.,Answer,Statement Non Opinion
"That's a good answer, but it doesn't answer anything.",Statement Opinion,Disagreement
I just-,Backchannel,Others
"I mean, you haven't seen her since the war. I mean, it's been five years.",Statement Non Opinion ,Statement Opinion
It just is. I-,Backchannel,Statement Non Opinion
"I grew up with her. Okay. All these years, when I think of someone I want to be my wife I think of Annie. What do you want, a diagram?",Question,Question
"No, I don't want a diagram.",Answer,Disagreement
"He thinks he's coming back. You go-go on and marry her, I mean, you're pronouncing her dead. And what's going to happen to your father, huh? I don't know. Do you?",Statement Non Opinion ,Disagreement
"Okay. All right, then.",Acknowledge ,Acknowledge
"Just, listen. Give it more thought, is all.",Command,Command
"No, I've given it three years of thought.",Statement Non Opinion ,Disagreement
And I thought that if I waited then dad would forget about Larry and then we could have a regular wedding and everything happy.,Statement Opinion,Statement Opinion
But if I can't have that here then I'll get out.,Statement Opinion,Statement Opinion
What the hell is this?,Question,Question
I'll get out. I'll marry her somewhere else. Maybe New York.,Answer,Command
You're crazy.,Statement Opinion,Disagreement
I've been a sucker too long. I'm through with it.,Statement Opinion,Statement Opinion
You're what-you're going to leave the business? But you can't do that. What the hell is this?,Question,Disagreement
The business. The business doesn't inspire me.,Answer,Statement Opinion
"Oh, you have to be inspired.",Question,Command
Yes. I like it an hour out of the day. If I have to grub for money all day long at least that evening I want it beautiful. I want a wife. I want a family. I want some kids. I want to build something I can give myself to.,Answer,Statement Opinion
"Now, Annie's in the middle of all that.",Statement Non Opinion ,Statement Non Opinion
"Now, where do I find it?",Question,Question
Tell me something.,Command,Command
You'd leave that business.,Question,Command
Yes. On this I would.,Answer,Agreement
You can't do that.,Disagreement,Disagreement
Then help me stay here.,Command,Command
"All right, but you can't do that. You can't talk like that.",Agreement,Disagreement
Okay. Just-,Agreement,Acknowledge
"We've worked all our lives for you. Only for you, Chris. The whole shootin' match is for you.",Statement Opinion,Statement Opinion
"Yeah, I know, I know, just help me stay here, all right?",Agreement,Acknowledge
I'm going to.,Acknowledge ,Statement Non Opinion
You just can't talk like that.,Command,Disagreement
I am thinking like that.,Disagreement,Statement Opinion
"I don't know you, do I?",Question,Question
"No, you don't. I'm a pretty tough guy.",Answer,Disagreement
Yeah. I can see that.,Agreement,Acknowledge
Why did you invite her here?,Question,Question
Why? Does that bother you?,Question,Question
She's been in New York for three-and-a-half years. She don't just suddenly come and-,Answer,Statement Non Opinion
"Well, maybe, maybe he just wanted to see her.",Statement Opinion,Statement Opinion
You don't travel seven hundred miles just to see.,Statement Opinion,Disagreement
"What do you mean? They lived next door to each other their entire lives. Why shouldn't he want to see her? Hey, don't look at me like that. I don't know anymore than you do.",Question,Question
He's not going to marry her.,Command,Disagreement
How do you know he's even thinking about it?,Question,Question
It's got that about it.,Answer,Statement Opinion
"Well, so what?",Question,Disagreement
"What's going on here, Joe?",Question,Question
"Listen, kid-",Backchannel,Command
She's not Larry's girl. She knows that.,Statement Non Opinion ,Disagreement
You can't read her mind.,Statement Opinion,Statement Non Opinion
Then why is she married? Then why isn't she married? She's been in New York and there's hundreds of single men there.,Statement Opinion,Question
"I'm sure hundreds of them asked her and told her that she's foolish, but no.",Statement Opinion,Statement Opinion
She's waited.,Statement Non Opinion ,Statement Non Opinion
How do you know why she's waited?,Question,Question
"Because she thinks like me, that's why.",Answer,Statement Opinion
"She's faithful as a rock, don't you know. In my worst moments I can think of her-",Statement Opinion,Statement Opinion
"I think again, that I'm-I'm right.",Statement Opinion,Statement Opinion
"Look, it's a nice day. What are we arguing for?",Question,Question
"Nobody in my house better ever dare-dare to challenge her faith. Maybe strangers, but not his father, not his brother.",Answer,Command
Calm yourself.,Command,Command
Because he's not coming back. Then what do I got to live for? I'll kill myself.,Statement Non Opinion ,Statement Opinion
Calm yourself.,Command,Command
"Don't, don't laugh at me, don't laugh at me.",Command,Command
"Look at it. Because why, when she came here and she slept in his room, the memorial broke into pieces. Look at it, look at it, Joe.",Statement Non Opinion ,Command
All right. All right. Calm yourself.,Command,Command
"You got to believe, believe with me because I can't stand all alone.",Statement Opinion,Statement Opinion
Okay. Just calm yourself.,Command,Command
"No, you've got to believe.",Command,Disagreement
"Believe, Joe. You above all people have got to believe.",Statement Opinion,Command
"Why me, above all?",Question,Question
Huh?,Question,Question
Why me above all?,Question,Question
You got to keep believing.,Answer,Statement Opinion
"Look at you, you're shaking.",Statement Non Opinion ,Command
I can't help it.,Statement Non Opinion ,Statement Non Opinion
What have I got to hide?,Question,Question
"Huh? What the hell's the matter with you, Kate?",Question,Disagreement
"No, it's all right. There's nothing wrong in that, you know.",Answer,Disagreement
It's really lovely here. The air is sweet.,Statement Opinion,Statement Opinion
You're not sorry you came?,Question,Disagreement
No. I'm not sorry. It's-,Answer,Disagreement
I can't stay.,Statement Non Opinion ,Statement Non Opinion
Why not?,Question,Question
"Well, for one thing, your mother so much has told me to go. [LAUGHTER].",Answer,Statement Opinion
Well-,Backchannel,Backchannel
"Look,",Command,Command
"you've been acting kind of, well, you know.",Statement Non Opinion ,Statement Opinion
What?,Question,Question
"Well, you've been embarrassed ever since I came.",Answer,Statement Opinion
"Yes, I guess I have been. But it's going from me now.",Agreement,Agreement
"Oh look, um, well, the thing is, I was planning on, planning on sort of sneaking up on you over a week or so, and they-they take it for granted we're all set.",Statement Non Opinion ,Statement Opinion
Yeah.,Agreement,Acknowledge
How did you know?,Question,Question
"Yeah, they would. Especially your mom.",Answer,Agreement
"Well, uh- would you want to?",Question,Question
"I, I guess that's why I asked you to come.",Statement Opinion,Statement Opinion
"Well, I mean,",Agreement,Backchannel
"Oh, Annie.",Acknowledge ,Acknowledge
"from her opinion, why else would I come here?",Statement Opinion,Question
"Annie, I love you.",Statement Opinion,Statement Opinion
I love you a great deal.,Statement Opinion,Statement Opinion
I-I love you. I have no imagination. That's all I know how to tell it.,Statement Non Opinion ,Statement Opinion
"Well, I guess that's why I came.",Statement Opinion,Statement Opinion
"I'm embarrassing you. I didn't want to tell you it here. I wanted to go somewhere that would be brand-new to each other. It feels wrong here, don't you? This yard and this chair.",Statement Opinion,Apology
I don't want to win you from anybody. I want you to be ready for me.,Statement Opinion,Statement Opinion
"I've been ready for a long, long time.",Statement Opinion,Statement Non Opinion
Then he's gone forever. You're sure?,Question,Question
Look,Command,Command
I was almost married two years ago.,Answer,Statement Non Opinion
Why didn't you?,Question,Question
Cause you started to write me.,Answer,Question
You felt something that far back?,Question,Statement Non Opinion
Every day since.,Answer,Statement Non Opinion
Why didn't you let me know?,Question,Question
"Well, I don't know, you didn't write until then and then when you did, what'd you say?",Answer,Statement Opinion
You always can be so ambiguous.,Statement Opinion,Statement Opinion
"Give me a kiss, Annie.",Command,Command
Give me-,Command,Command
"[LAUGHTER]. God, I kissed Annie. I kissed Annie. How long, how long I've been waiting to kiss you.",Statement Opinion,Statement Opinion
I don't know if I ever can forgive you for that. Why'd you wait so long? I sat in my room wondering if I was crazy for thinking about you.,Statement Opinion,Disagreement
We're going to live now. I'm going to make you so happy.,Statement Opinion,Statement Non Opinion
"Not like that, you're not.",Statement Opinion,Disagreement
I kissed you.,Statement Non Opinion ,Statement Non Opinion
"Like Larry's brother. Do it like you, Chris.",Statement Opinion,Command
What is it?,Question,Question
Let's drive somewhere. I want to be alone with you.,Answer,Command
No. What is it? Is it your mother?,Question,Question
"No, no, no, no. Nothing like that.",Answer,Disagreement
"Well then tell me what's wrong. I mean, even in your letters there's something ashamed.",Question,Command
"Yeah. I guess there is. I guess I was, but uh- it's going from me now.",Answer,Acknowledge
You should tell me.,Statement Opinion,Command
I don't know where to start.,Statement Non Opinion ,Statement Opinion
"But, Chris, it wouldn't work like this.",Statement Non Opinion ,Disagreement
You know when I went overseas. I said I was in command of a company.,Statement Non Opinion ,Statement Non Opinion
"Yeah, sure.",Agreement,Agreement
"Well, I lost them.",Statement Non Opinion ,Answer
How many?,Question,Question
Just about all.,Answer,Statement Non Opinion
Geez.,Backchannel,Acknowledge
It takes a little while to toss that off. Because they weren't just men.,Statement Opinion,Statement Opinion
"For instance, one time, it had to have been raining several days. There was this one kid, he came up to me and he gave me his last pair of dry socks. Put them in my pocket.",Statement Non Opinion ,Statement Non Opinion
"I mean, that's-that's only a little thing, but that's the kind of guys I had. They didn't just die. They killed themselves for each other. And I mean that exactly. A little more selfish and they'd still be here today.",Statement Opinion,Statement Opinion
"And I, and I thought something watching them go down.",Statement Opinion,Statement Opinion
"Everything was being destroyed, see, but there was one new thing that was being created. A kind of responsibility, man for man. You understand me?",Statement Opinion,Question
And to show that-to bring that onto the earth like some sort of monument standing right behind us where everyone could feel it and it would make a difference to him.,Statement Opinion,Statement Non Opinion
And I came back here and it was incredible. There was no meaning in that here. The whole thing to them was a bus accident.,Statement Non Opinion ,Statement Opinion
And I went to work with dad and that rat race again. And I felt what you said-ashamed somehow. Because nobody was changed at all. It seemed to make a sucker out of a lot of guys.,Statement Non Opinion ,Statement Opinion
"And I felt wrong to be alive. To drive the car, to see the new checkbook, to see the new refrigerator. I mean, you can take those things out of the war. But you got to know that when you drive that car that that came out of the love a man can have for another man. And you got to be a little bit better because of that.",Statement Non Opinion ,Statement Opinion
"Otherwise, what you have here is loot; and there's blood on it.",Statement Opinion,Statement Opinion
And I didn't want to take any of it.,Statement Opinion,Statement Non Opinion
And I guess that included you.,Statement Opinion,Statement Opinion
And you still feel that way?,Question,Question
"I want you now, Annie.",Answer,Command
"Because you can't feel that way, never again, Chris. You hear me? Never. I mean, the money and me too.",Statement Opinion,Command
"I mean, there's nothing wrong in that money, and your father put good planes up in the air and you should be proud of that. A man should be paid for that.",Statement Opinion,Statement Opinion
"Annie,",Backchannel,Greeting
"Annie, I'm going to make a fortune for you.",Statement Opinion,Command
What am I going to do with a fortune?,Question,Question
"Hey, what time is it? They're supposed to run around midnight, right? God, this is great, isn't it?",Question,Question
Look at the night we got; couldn't be better.,Statement Opinion,Statement Opinion
"You know actually, I wanted to go a little further up the coast to get away from all the, the people and the lights, and uh- but I thought we'd miss it. Hey, how you doing?",Question,Greeting
Fine.,Answer,Acknowledge
"Oh, is that-is that-now, is that just foam, uhh, I can't even tell.",Statement Non Opinion ,Question
"Oh, though if I can't tell it probably isn't them, right? It probably would be unmistakable, wouldn't you think? Hey, how you doing?",Question,Question
"Oh, do you know what I forgot? I forgot my flashlight. How could I be so stupid. Oh, I-I should have brought my flashlight.",Statement Non Opinion ,Apology
What flashlight?,Question,Question
"Uh- you know, the flashlight. The silver one. There's only one, isn't there?",Answer,Question
That's not your flashlight; it's ours. It's mine too.,Statement Non Opinion ,Disagreement
"Oh, well, sure.",Agreement,Agreement
"I don't understand why you're always saying oh, it's mine, it's mine. It's not like it's just your flashlight. I mean, how do you think that makes me feel?",Question,Disagreement
"No, of course. Yours and mine. Our flashlight. Yours and mine. Mi flashlight is su flashlight. Naturally.",Agreement,Disagreement
We should have brought our flashlight. I can't believe we forgot to bring it.,Question,Statement Opinion
I hope the moon stays out.,Statement Opinion,Statement Opinion
"Hey, do they always run during a full moon? I can't remember if it was full last year. Do you remember?",Question,Question
Yes.,Answer,Agreement
Are you cold? Do you want my jacket?,Question,Question
"We should have brought the blanket. Oh, why didn't we bring the blanket? Our blanket.",Statement Non Opinion ,Statement Opinion
"You know what would be good right now? A six-pack. Ah, I can't believe I forgot a six-pack. A six-pack would be just the ticket right about now.",Statement Non Opinion ,Statement Opinion
I'm so stupid. I'm like a little kid. I-it's amazing I get out of the house with my fly zipped. Oh- [LAUGHTER].,Statement Opinion,Apology
I wonder if they can hear us talk. Or hear the vibrations in the sand when we move.,Question,Question
I'm cold.,Statement Non Opinion ,Statement Non Opinion
Do you want my jacket?,Question,Question
"It's past eleven, let's go home.",Statement Non Opinion ,Command
What? Are you kidding me? We just got here. We'd miss it. What's the point of coming down there if we just turn around and go home?,Question,Disagreement
There is no point in coming down here.,Answer,Statement Opinion
Right.,Backchannel,Acknowledge
That's my point.,Statement Non Opinion ,Agreement
"Yeah, that's my point too.",Agreement,Agreement
"Well, so let's go.",Command,Command
"No. No, no, no, that's not my point. My point is there's no point in coming down here if we just turn around and leave.",Disagreement,Disagreement
"I mean, don't you want to see it?",Question,Question
Not particularly.,Answer,Disagreement
Why not?,Question,Question
I don't know. I just don't.,Answer,Disagreement
"Honey, this is a natural-this is a natural phenomenon. I mean, it only happens once a year. This is, this is a great opportunity. Think about the people in Kansas. They would have to get a plane ticket and hotel reservation to come and see this. We're only forty minutes away. This is too good to pass up.",Statement Non Opinion ,Statement Opinion
Pass up what? A bunch of fish. They swim up to the beach and they flop around and they swim away and then they die.,Statement Non Opinion ,Question
Yeah. But that moment on the beach is the highlight of their little lives. And all that flopping around is laying eggs or what you-spawning or mating or something like that.,Statement Non Opinion ,Statement Opinion
"I mean, this is the big night for these guys. Life's last orgy.",Statement Opinion,Statement Opinion
"I don't know why you're getting so excited. I mean, it's not like the landing of the moon or something. It's just fish. Fish that nobody eats.",Statement Opinion,Disagreement
"Yeah, they do.",Disagreement,Agreement
"Oh, God, Augie.",Backchannel,Acknowledge
"What, okay, then it's fish that do something no other fish do. Like the swallows in Capistrano or the lemmings who throw themselves off the cliffs.",Statement Non Opinion ,Question
"There's magic here and mystery and a little bit of the unexplainable. I mean, I don't see how you cannot be interested.",Statement Opinion,Statement Opinion
"I'm just not. I mean, I'm sorry, it just-they're still fish to me.",Statement Non Opinion ,Apology
For real?,Question,Question
Yes.,Answer,Answer
I don't get it. The last time-the first time that we came to see it you said it was the best night of your life.,Statement Non Opinion ,Disagreement
And then last year when we came to see it you ran out of the house so fast that you stubbed your toe. And you didn't even notice until you got in the car.,Statement Non Opinion ,Statement Non Opinion
"Yes, and if you also remember, I got sand in my panties. We got into an argument about nothing. You got a sore throat and we never saw the grunions.",Statement Non Opinion ,Statement Non Opinion
We weren't in a good spot.,Statement Opinion,Statement Non Opinion
"No, for God's sakes, we've never seen the grunions. We're not going to see them.",Statement Non Opinion ,Disagreement
"We just weren't in a good spot, all right? This is a much better spot. I have a good instinct for these things. Look, is that-",Statement Opinion,Statement Opinion
"no, that's just seaweed, isn't it? This is great, isn't it?",Question,Disagreement
"I wouldn't miss this for anything. I mean, think about this. Okay, I know you're not interested, but just think about this for a minute.",Command,Statement Opinion
Somewhere out there there's this huge silver mass of fish heading this way. They don't know why. And we don't know why. Just some little instinctual time-release firecracker went off-went off in their bodies.,Statement Non Opinion ,Statement Non Opinion
"And they all, all as one, turned as one and formed this line as big as the California coast and started swimming this way. Swimming as if that's the only thing that matters.",Statement Non Opinion ,Statement Non Opinion
"You know, they didn't ask it a question. They didn't, they didn't take a vote. They didn't have an invitation or a map; they just started swimming as one.",Statement Non Opinion ,Statement Non Opinion
"its single-mindedness with one mind. Urgency that's pure urge. You know, they don't give it a name.",Statement Opinion,Statement Opinion
"They don't ask it a question. They just, they just, they don't know what drives them. They just turn as one and start the swim that brings them to here",Statement Non Opinion ,Statement Opinion
"where we stand for a massive celebration of sex and death. Oh, God, I'm giving myself goosebumps. Look, I'm all-all my hairs on my arms is sticking up.",Statement Non Opinion ,Statement Opinion
"Yeah, that's the wind.",Statement Non Opinion ,Acknowledge
So what do you think?,Question,Question
About what?,Question,Question
About what I just said.,Answer,Question
It's ridiculous.,Statement Opinion,Statement Opinion
And you whispered so intimately in my ear so I could feel your words.,Statement Non Opinion ,Statement Non Opinion
"Oh, that moment-that was it.",Statement Non Opinion ,Statement Opinion
"I told myself finally, this is how happy I'm supposed to be.",Statement Non Opinion ,Statement Opinion
Wait a minute. I got it.,Command,Command
Dancing barefoot in the sand. Drinking out of a bottle of champagne.,Statement Non Opinion ,Statement Non Opinion
"It was driving past the Knickerbocker Liquor Locker, right? You said let's get some champagne, and I said time's-a-wasting or something like that.",Statement Non Opinion ,Question
"You want this to be like the other time, right? That's it. Right?",Question,Question
I don't want to remember something.,Answer,Statement Opinion
Hope for some things.,Statement Non Opinion ,Statement Non Opinion
"Right. I got it. Of course. Listen, do you want to dance?",Question,Question
No.,Answer,Disagreement
Do you want me to get some champagne?,Question,Question
No.,Answer,Disagreement
Take off our shoes?,Question,Question
"No, no.",Answer,Disagreement
What? What? Do you want me to breathe in your ear?,Question,Question
No.,Answer,Disagreement
Do you want to get married again? What? What? Do you want to get a divorce?,Question,Question
No.,Answer,Disagreement
No.,Answer,Disagreement
A vacation?,Question,Question
No.,Answer,Disagreement
A new carpet? A poodle?,Question,Question
"A-a back rub, some ice cream, a suicide pact. What the hell do you want, Carla?",Question,Question
I want things to turn out the way that they're supposed to be.,Answer,Statement Opinion
"Jesus, welcome to the human race.",Statement Opinion,Statement Non Opinion
Did you think this is how I thought it was going to turn out? Do you think I had some great fantasy down the line? That four years down the line that we'd come to the beach and argue with each other over fish?,Question,Question
"No, I was just like you. I thought it was going to be all peaches and roses and everything great. And the wind in our hair and the sand in our toes, and the fish will always come and the bills will pay themselves, and we'll have three big fat rosy kids. And oh God.",Statement Non Opinion ,Disagreement
"You know what you get? The jokes on us, baby. Because do you know what you get? Huh? Carla? Do you know what you get? You get this.",Statement Non Opinion ,Question
This what? What is this? This is nothing.,Statement Non Opinion ,Question
"Yes, it is.",Disagreement,Agreement
"No, it's not. It's standing on the beach waiting and fighting.",Disagreement,Disagreement
Right.,Agreement,Acknowledge
Things have never turned out anything the way that I thought they would be.,Statement Opinion,Statement Opinion
"No, I know. Me neither.",Agreement,Disagreement
"I mean, this is, this is everything, and it's a lot, but",Statement Opinion,Statement Opinion
it's not something else. Do you know what I'm trying to say?,Question,Disagreement
"Well, I'm doing the best I can.",Answer,Statement Opinion
"I know you are, Augie, and I know you wanted this evening to be nice, but I can't help thinking of being somewhere else.",Agreement,Statement Opinion
"Yeah, maybe if you were with someone else too.",Statement Opinion,Agreement
I didn't say that.,Disagreement,Disagreement
"No, I know. But I know I don't make you happy.",Agreement,Disagreement
"Augie, anything I do I'd rather be doing with you.",Statement Opinion,Statement Opinion
Yeah?,Question,Backchannel
"God, don't you know that? I mean, you're the one that probably wants to be with somebody else. Somebody that didn't take herself so seriously, could enjoy herself more.",Answer,Disagreement
"Actually now that you mention it, no, I don't.",Disagreement,Disagreement
"Well, I guess we're just in the wrong spart-spot with the right person.",Statement Opinion,Statement Opinion
"Seemed like a pretty good spot to me. I mean, look at the view of the moon we've got from here.",Statement Opinion,Statement Opinion
I noticed that. It's beautiful.,Statement Opinion,Acknowledge
You can see right over the water.,Statement Non Opinion ,Statement Non Opinion
"God, big old white moon.",Statement Opinion,Statement Non Opinion
Look what we got here.,Statement Non Opinion ,Statement Non Opinion
You brought refreshments?,Statement Non Opinion ,Question
It's not champagne.,Statement Non Opinion ,Disagreement
At least we won't need glasses.,Statement Non Opinion ,Statement Opinion
Are you still cold? Do you want to go home?,Question,Question
So I was thinking you might be right.,Answer,Agreement
Maybe this is the right place after all.,Statement Opinion,Statement Opinion
"I'm sorry, Augie.",Apology,Apology
Shh.,Backchannel,Command
If we're very quiet the fish might come.,Statement Opinion,Statement Non Opinion
Or not.,Statement Opinion,Disagreement
Or not.,Agreement,Disagreement
Oh.,Backchannel,Acknowledge
[BREATHING],Others,Others
I wonder.,Answer,Statement Opinion
"I mean, nobody knows we're here except for Freda and she wouldn't ring up.",Statement Non Opinion ,Statement Opinion
"We're all right, aren't we darling? Whatever happens.",Statement Non Opinion ,Question
"Yes. Now and always, sweet.",Agreement,Agreement
"Hello? Hello? What? Ugh, wrong number.",Statement Non Opinion ,Greeting
"[LAUGHTER] God, it sent shivers up my spine.",Statement Non Opinion ,Statement Opinion
"Ooh darling, don't say that.",Command,Apology
"You mean that sacred and beautiful thing, love?",Question,Statement Opinion
Don't laugh at me. I'm serious.,Command,Command
"[LAUGHTER]. You mustn't be serious, my dear one, that's what they want.",Statement Opinion,Statement Opinion
"Well, if I laugh at everything I'm going to have to laugh at us too.",Statement Opinion,Statement Opinion
"Ooh, certainly you must. We're figures of fun, all right.",Agreement,Statement Opinion
Shall we always want to bicker and fight?,Question,Question
No. The fire will fade along with our passion.,Answer,Disagreement
"Well, what if happens if one of us is to die? Does the one that's left still laugh?",Question,Question
"Yes, yes. Yes, he must with all his might.",Answer,Agreement
"Darling, I believe you're talking nonsense.",Statement Opinion,Disagreement
So is everyone else in the long run. Let's be superficial and pity the poor philosophers.,Statement Opinion,Statement Opinion
"I don't care what you do, see? As long-you can paint yourself bright green all over and dance naked in the Place Vendome and rush off madly with all the men in the world and I shan't say a word as long as you love me best.",Statement Opinion,Statement Opinion
"Thank you, dear. The same applies to you. Except that if I ever so much as catch you looking at another woman I'll kill you.",Statement Opinion,Statement Opinion
The one when you bought that little painted wooden snake in the Piazza and put it in my bed.,Answer,Statement Non Opinion
Oh Charles. That was his name. Charles. He did wiggle so beautifully.,Statement Non Opinion ,Statement Non Opinion
How long did that row last?,Question,Question
It went on intermittently for days.,Answer,Statement Non Opinion
yeah. And that was the first time you ever hit me.,Answer,Disagreement
"That was a rouser, wasn't it?",Question,Question
I know. Oh man. Couldn't believe it.,Agreement,Acknowledge
"Oh, I will never forget his face. Ooh-rah [LAUGHTER].",Statement Non Opinion ,Statement Opinion
"Oh, the real cause of that row was Peter Burden.",Statement Non Opinion ,Statement Opinion
"As a matter of fact, the real cause of that row was Peter Burden.",Statement Non Opinion ,Statement Opinion
Presents? It was only a small trivial little broach.,Statement Non Opinion ,Statement Opinion
You went out of your way to torture me over Peter Burden.,Statement Non Opinion ,Statement Opinion
"Just a little perhaps, but it was nothing serious.",Agreement,Statement Non Opinion
What of it?,Backchannel,Question
"Oh come on, it gave him a lot of pleasure and it didn't harm me.",Statement Non Opinion ,Disagreement
What about me?,Question,Question
"Well, if you hadn't been so suspicious and nosey you'd have never known anything about it.",Answer,Disagreement
Are you bored with this conversation?,Question,Question
"I definitely, most definitely am.",Answer,Statement Opinion
So am I. Bored stiff. Want some brandy?,Question,Agreement
"No, thanks.",Answer,Disagreement
"No particular reason. Anyhow, they were very small ones.",Statement Non Opinion ,Statement Non Opinion
I don't see what's the point of going on and on about something like this.,Statement Opinion,Statement Opinion
"Oh, my-you can hardly call three minute liquor glasses in the evening going on and on and on.",Statement Opinion,Statement Opinion
It's become a habit with you.,Statement Opinion,Statement Opinion
"Really, Amanda.",Disagreement,Disagreement
What?,Question,Question
Nothing.,Answer,Acknowledge
"Going somewhere, dear?",Question,Question
"It's a woman's job to allure the man. Watch me, won't you, a minute?",Statement Opinion,Command
"As a matter of fact, that's perfectly true.",Agreement,Agreement
"No, it isn't.",Disagreement,Disagreement
"Yes, it is.",Disagreement,Agreement
"Well, it didn't seem to do such wonders with you, now did it?",Statement Opinion,Disagreement
"Oh, snap, snap, snap, like a little adder.",Statement Opinion,Statement Non Opinion
"Adders don't snap, they sting.",Disagreement,Statement Non Opinion
"Yes, they do. They have a big bag of venom behind their fangs and they snap.",Disagreement,Answer
"I don't care. I don't care, do you understand? I don't care if they bark, if they roll over on the floor like hoops.",Statement Opinion,Disagreement
"Uhh,",Backchannel,Backchannel
did you see much of Peter Burden after our divorce?,Question,Question
"Yes, I did, quite a lot actually.",Answer,Agreement
You had a riotous-must have had a riotous time. No restraint at all. Very enjoyable. You never had much anyhow.,Statement Opinion,Statement Opinion
You are quite insufferable. I suppose it's because you're drunk.,Statement Opinion,Statement Opinion
I'm not in the least bit drunk.,Disagreement,Disagreement
You've always had a weak head.,Statement Opinion,Statement Opinion
"Oh, very interesting indeed. How about a child of four or a child of six or a child of nine. We might have a splendid little debate about this intemperate tots.",Question,Statement Opinion
Do shut up. Shut up.,Command,Command
I don't want to talk about this anymore.,Statement Opinion,Disagreement
You better turn that off.,Statement Opinion,Command
There aren't any people upstairs. It's a photographer's studio.,Statement Non Opinion ,Statement Non Opinion
"Well, I suppose the people downstairs then.",Question,Statement Opinion
They're away in Tunis.,Answer,Statement Non Opinion
This is no time of the year for Tunis.,Statement Opinion,Statement Opinion
Turn it on.,Command,Command
No.,Disagreement,Disagreement
You've always had far too temperamental for yourself. You should try to control it.,Statement Opinion,Command
Turn it off.,Command,Command
"Listen, indeed. No, no, no, no. I am sick and tired of listening to you, you sadistic bully.",Statement Opinion,Disagreement
Very amusing indeed.,Disagreement,Acknowledge
"Stop it, stop it, I hate you, I loath you, you are overbearing and conceited and utterly impossible.",Statement Opinion,Command
"You know, you're a vile, ill-tempered, wicked little beast and I hope that I never see you again as long as I live.",Statement Opinion,Disagreement
"Oh, yes I am.",Disagreement,Agreement
"Yes I am. Let go of me. I hate you and I loath you. God, I can't believe I just finally realized how you are. I am never marry you. Never. Never, never, never. I would rather die in torment.",Statement Opinion,Disagreement
"Oh, shut up. Shut up. Shut up.",Command,Command
"I wouldn't marry you again if you came back crawling to me on your hands and knees because you're vile. You're a mean, evil-minded little vampire and I hope to God I never set eyes on you again.",Statement Opinion,Disagreement
Is that a demand sir?,Question,Question
It's not a demand it's a request.  Will you just take it?  Come on.,Answer,Command
I must see it before I just take it.,Statement Non Opinion ,Command
Oh.  Look at it.,Agreement,Backchannel
"No, no, no, no, no.  You're going to have to go back over on the other side-- --second door, up the stairs...",Statement Non Opinion ,Disagreement
Okay.,Backchannel,Acknowledge
Oh my God. Can you just transfer it yourself?,Question,Command
No I can't just transfer it myself sir.  You got to do this.  Everyone else is doing the same thing.,Answer,Disagreement
You don't know! you can't write?  You don't know how to write?,Question,Disagreement
I think you're being a little condescending.,Statement Opinion,Statement Opinion
You need to go back over there and fill it out again.,Statement Non Opinion ,Command
The information is on there.  Here I'll just fill it out right here.,Statement Non Opinion ,Statement Non Opinion
"No, no, no, because there are other people in line.  You have to go get a complete new application.",Disagreement,Disagreement
"This will take like a minute, okay? Jesus.",Statement Opinion,Statement Opinion
"No, no, no. Sir,you need to get out of the line--",Disagreement,Disagreement
"Hey,uh-- Well that's too bad cause I'm getting my license right now.",Statement Opinion,Statement Opinion
"You will get your license, sir, you have to go fill out-- --another copy...excuse me?",Statement Non Opinion ,Command
Give me my--,Statement Non Opinion ,Command
"Hey, no, give me that back.",Command,Command
No.  Now I'm going to take this from you because you are obviously misleading,Disagreement,Disagreement
-- No.  I'm not waiting...I'm not coming back again.  I don't have time to come back five days.,Statement Non Opinion ,Disagreement
I'll have a license.,Answer,Command
Well not from this department you won't.,Disagreement,Disagreement
Yes I will.  I'll have this [GARBAGE],Disagreement,Agreement
Sir-,Backchannel,Command
just as I want.  Ugh.,Statement Opinion,Disagreement
Sir?  I'm going to ask you one more time and then I'm going to call my supervisor,Statement Non Opinion ,Command
and I'll tell her how you've been behaving.,Statement Opinion,Command
Really?,Question,Question
How would you like that hmm?,Question,Question
"She's not actually in the building.  She's only on the phone. Sir, please leave this line immediately.",Statement Non Opinion ,Statement Non Opinion
"Oh, okay.  Wow.",Backchannel,Backchannel
No.  I'm not going anywhere.  I'm staying here-- I am filling out right now okay just calm down. I'm filling out right now-- Just take the god damn piece of paper.,Statement Non Opinion ,Disagreement
Okey This is a new one.  Take the new one.,Statement Non Opinion ,Command
Do you own the D.M.V.?,Question,Question
I'm sorry she's--these people they just want to get their license--,Statement Opinion,Apology
"No, You cannot get your license.  You filled out the wrong part of the form.",Statement Non Opinion ,Disagreement
What are you talking about?  Just transfer it over.  I filled out the new one.,Command,Command
"This entire time you're fighting with me sir, you could've finished the form and already been half way-- No.  Get out.",Statement Opinion,Command
Hey sweetie.,Greeting,Greeting
Hey.,Greeting,Greeting
Um.,Backchannel,Backchannel
"How's it- going?  Oh I'm so tired.  Oh, I just woke up. Mmm.",Statement Non Opinion ,Statement Non Opinion
What's going on?,Question,Question
"Uh, -Um",Backchannel,Backchannel
Next week?,Question,Question
Overseas?,Question,Question
For--,Backchannel,Question
For how long this time?,Question,Question
They said anywhere from two to three years.,Answer,Answer
What?  What do you mean two to three years?  Don't they know that you have a wife and an expectant child?,Question,Disagreement
"I don't want to go but,-",Statement Non Opinion ,Disagreement
I don't care about the money.,Statement Opinion,Disagreement
but they said they'd increase my pay by triple-there promotion.,Statement Non Opinion ,Statement Non Opinion
And you're leaving next week so you won't even be here for Anna's birth?,Statement Non Opinion ,Question
No.,Agreement,Disagreement
Do this whole thing by myself?,Statement Non Opinion ,Question
It's not the same thing.  It's not like having you here.,Statement Opinion,Disagreement
I can't do this.,Statement Non Opinion ,Statement Non Opinion
"You can do it.  Alright?  You can, you can be strong, you can be strong for both of us alright?",Disagreement,Command
I'm sick of being strong-- --for us.,Statement Opinion,Statement Opinion
I don't know what to do.,Statement Non Opinion ,Statement Opinion
I don't want to - I don't- I don't want to go.,Statement Non Opinion ,Disagreement
The last guy who said no was fired.,Statement Non Opinion ,Command
I put in fifteen years in this job.,Statement Non Opinion ,Statement Non Opinion
I know.,Agreement,Acknowledge
I'm so close.  Five more years and I retire-,Statement Opinion,Statement Opinion
and we'll have that happy life.,Statement Opinion,Statement Opinion
Happiness for me is having you here with me,Statement Opinion,Statement Opinion
maybe get some vacation-- --once it quiets down there.,Statement Opinion,Command
A whole year? --We're not talking about like a couple months here.  I mean this is a whole year.,Statement Non Opinion ,Question
I know.  I know.  But they really need some good guys there.,Agreement,Statement Opinion
What could happen in a year?,Question,Question
And this isn't the first time you know?  I mean you always...sending you off to different places and...,Statement Non Opinion ,Statement Opinion
Well that's the kind of work I'm in honey.,Statement Non Opinion ,Statement Opinion
You tell her-- [BREATHING],Statement Non Opinion ,Command
I'm done.  I can't honey.,Statement Non Opinion ,Statement Non Opinion
What do you mean?,Question,Question
It's over.,Statement Non Opinion ,Statement Non Opinion
What?,Question,Question
Honey I can't do it anymore.,Answer,Statement Non Opinion
What am I going to do?,Question,Question
"Priorities honey, priorities.",Statement Opinion,Command
I want to--what am I going to do if I leave this job?,Question,Question
You're smart.  You could go back to school--,Answer,Statement Opinion
finish your Master's that you were started never finished.,Statement Opinion,Command
Fine.  I'll see if I can talk to them.,Agreement,Agreement
[LAUGHTER] Guess who just got hitched?,Question,Question
Shut up. Oh my God.  Really? Just like that?  You just asked the question and what...how did you ask?,Question,Disagreement
This guy. Yeah.  Can you believe it? She said yes too. Yeah.  She said yes.,Statement Non Opinion ,Statement Opinion
Okay we were at Chuck E. Cheese.,Answer,Statement Non Opinion
"Chuck E. Cheese?  Ah, man that is so lame.",Statement Opinion,Disagreement
Are you serious [GARBAGE] man?,Question,Disagreement
American Pie? Ah.,Question,Backchannel
"oh, I don't remember.  Everybody Says I Love You with Drew Barrymore...no you haven't seen it?  Okay.",Statement Non Opinion ,Statement Opinion
"Barry what's this?  And I go, I don't know.  She goes--",Statement Non Opinion ,Question
She calls you Barry?,Question,Question
That's my name.,Answer,Answer
"Oh, okay.  Well I call you Joe cause you're middle name Joseph.",Statement Non Opinion ,Statement Opinion
"Barry Joe, B.J. [LAUGHTER] Oh you dirty, dirty girl. you're so dirty.",Statement Opinion,Statement Opinion
[LAUGHTER] So nasty. No you... dirty me?,Question,Disagreement
Sara and I--,Statement Non Opinion ,Statement Non Opinion
She actually asked if it was real?  I would've probably asked the same thing considering you were in Chuck E. Cheese.,Statement Opinion,Statement Opinion
"Oh, man. How old are you? Five?",Question,Question
She wanted...she always wants something spontaneous.,Statement Non Opinion ,Statement Opinion
"Yeah.  That's, you know, okay.",Agreement,Acknowledge
"I couldn't, I couldn't afford the Red Lobster. [LAUGHTER] What anyway?",Statement Non Opinion ,Apology
"Oh god! You are damn cheap, cheap, cheap. Anyways, moving on. It's not like you're poor.  I mean your dad makes... okey",Statement Opinion,Disagreement
So Okay then and.,Backchannel,Backchannel
You had the mouse?,Question,Question
Isn't it a rat?  It's a rat.  Chuck E. Cheese?,Statement Non Opinion ,Question
Okay. [LAUGHTER],Agreement,Acknowledge
"You're my guiding light, then they put on that song the I've had the time of my life, that song.",Statement Non Opinion ,Statement Opinion
Oh my God.,Backchannel,Statement Opinion
"Okay, that is really cheesy Joe.",Statement Opinion,Disagreement
"And I go, I want to spend the rest of my life with you.",Statement Non Opinion ,Statement Opinion
Oh that's kind of sweet.,Statement Opinion,Statement Opinion
"You marry me. I man I Jane, you Tarzan.",Statement Opinion,Command
"No. Well that's what I said, spur of the moment--and she goes, she goes,",Statement Non Opinion ,Disagreement
Sure?  Who says sure?  You say yes...I don't like--,Statement Opinion,Disagreement
"Yeah, she goes--",Statement Non Opinion ,Acknowledge
Cause she was a little confused at first but then she said yes.,Statement Non Opinion ,Statement Non Opinion
How long have you guys been going out?,Question,Question
About two and a half weeks.,Answer,Answer
What?,Question,Question
Okay.  I haven't seen you in about two and a half years and I come back and you're getting engaged to somebody you only knew for,Statement Non Opinion ,Acknowledge
"You got to meet her, she's wonderful.",Statement Opinion,Statement Opinion
What? Oh my god.,Question,Acknowledge
She must be hot.,Statement Opinion,Statement Opinion
"Yeah, that's it.  She's hot and you are- getting married.",Statement Opinion,Statement Opinion
"Yeah, she is good-looking.",Agreement,Agreement
I cannot believe you.  Why do you want to get married?  You're a boy.  You're a little boy.,Statement Opinion,Disagreement
I'm twenty eight years old.,Statement Non Opinion ,Statement Non Opinion
Oh man.,Backchannel,Acknowledge
What?  Eighteen?,Question,Question
She just...she just...we're in a good position too.  She just got promoted to assistant manager at Jack In The Box,Statement Non Opinion ,Statement Non Opinion
 -and so... yeah.,Backchannel,Backchannel
Wow. Very promising.  Yeah.  Very promising future and what are you doing?,Question,Question
I'm still working at my parents' restaurant. Busing tables.,Answer,Statement Non Opinion
Alright. Yeah.  Have a kid.  Make a beautiful life.,Agreement,Command
Oh that's great. My mom said we can move in with her again if we run out of money.,Statement Non Opinion ,Agreement
What's going on man?  What's wrong?,Question,Question
I'm just so tired all the time.,Answer,Statement Opinion
"Well have you been trying to get a job, look for a job or...?",Question,Question
I've been looking for like eight months.,Answer,Statement Non Opinion
I know.  It- It's really tough out there.  It's really hard to find a job.,Agreement,Acknowledge
"I'm tired of the same excuses.  No, no you're not qualified enough, wish you had more education.",Statement Opinion,Disagreement
Well what are you looking for?  I mean--,Question,Question
Last time someone told me I was too qualified.,Statement Non Opinion ,Statement Non Opinion
"Well, okay. Well that's--",Backchannel,Acknowledge
Cause I went to Harvard.,Statement Non Opinion ,Answer
You know what?  I've been working at temp jobs for the past six months.  You know how degrading it is?,Question,Statement Opinion
Yeah.,Answer,Acknowledge
To be a receptionist?  Oh I spent forty thousand dollar a year for my college degree and I'm a receptionist.  God.,Statement Non Opinion ,Disagreement
Yeah.,Agreement,Acknowledge
I'm smarter than half the people I work for.,Statement Opinion,Statement Opinion
"Well, what do you...what would ideally like to do, you know?",Question,Question
I don't know astronaut?  I don't know something crazy like that.,Answer,Question
Well what'd you major in?,Question,Question
Biomedical Engineering.,Answer,Statement Non Opinion
"You-You can't be working as a restaurant manager, I mean, come on.",Statement Opinion,Disagreement
"You know if you need any help finding a place I can, I can talk to my work you know I work at that law firm downtown and I can ask if they're looking for anybody.",Statement Opinion,Statement Opinion
Oh yeah?  What kind of jobs they got?,Question,Question
I am...just like a law clerk.,Answer,Statement Non Opinion
I don't want to be a law clerk.,Statement Non Opinion ,Disagreement
Yeah.,Backchannel,Acknowledge
"Well, I'm moving up.  I mean it could be...",Statement Non Opinion ,Statement Opinion
"To be a lawyer?  You go to law school now?  God this is, all these dead ends.",Statement Opinion,Question
And plus my car is breaking down-,Statement Non Opinion ,Statement Non Opinion
-they're evicting me from my apartment.,Statement Non Opinion ,Statement Non Opinion
"Well it doesn't make any sense though.  Like, with a Harvard degree you should be able to--",Statement Opinion,Disagreement
No. I got a sixteen hundred on my S.A.T..,Statement Non Opinion ,Disagreement
Something-- How are you going...?,Question,Question
I'm freaking----typing sixty words a minute.,Answer,Statement Non Opinion
How many words a minute?,Question,Question
"Sixty words.  Sixty words a minute.  Hey how are you doing Mr. Smith?  Oh, you know, it's just like God, I just want to shoot you Mr. Smith.",Answer,Statement Non Opinion
Sixty words a minute.  That's a min...a word per min uh second.,Statement Non Opinion ,Statement Non Opinion
Yeah.  It's alright.  But--,Agreement,Agreement
You could be an amazing receptionist.,Statement Opinion,Statement Opinion
I'm not cut to be a receptionist.,Statement Non Opinion ,Statement Opinion
No.,Disagreement,Disagreement
Oh I know.  But--,Agreement,Acknowledge
"-it's going to get better I promise you. You just got to hang in there. Everyone, I mean, you know?",Statement Opinion,Statement Opinion
Yeah.,Backchannel,Acknowledge
Maybe I'll just kill myself.,Statement Opinion,Statement Opinion
What?  You can't...what?  Now come on.  Stop it.  Don't be talking like that.,Statement Opinion,Command
I was just joking...,Statement Non Opinion ,Apology
I don't know.,Statement Non Opinion ,Answer
"My, what I would do was just, you know, what about can you call Harvard and see...don't they have connections?  Don't they have like career center and you can find some stuff that's going on?",Question,Question
Yeah.  I--they said Brian you're too smart.  You don't need us.,Answer,Statement Opinion
Go out and take over the world by yourself and I'm like what?,Statement Non Opinion ,Command
But you got to be real about it.  You have to...,Statement Opinion,Command
Yeah.  I got eighteen hundred on my S.A.T..,Statement Non Opinion ,Acknowledge
Sixteen hundred.,Disagreement,Answer
Same difference.,Statement Non Opinion ,Acknowledge
Twenty-one hundred on my S.A.T..,Statement Non Opinion ,Statement Non Opinion
Twenty-one hundred?,Question,Question
But I'm doomed.  Yeah I got so good I was over twenty one hundred.  Now what am I doing?,Question,Statement Opinion
"Like, wow you're really smart we're going to give you an extra [GARBAGE].",Statement Non Opinion ,Statement Opinion
Can I help you sir?,Question,Question
Yes you can help me.  Where is my luggage?,Question,Question
Okay.  Sir?  Can you...if you just give me one moment and let me just check okay?,Question,Question
Okay.  Check.,Answer,Acknowledge
"Alright.  And you're coming-- Wait, hold on sir.  You're coming from Baltimore into LAX right?",Question,Question
Is it there?,Question,Question
Yes.,Answer,Answer
Okay and this is direct flight?,Question,Question
You don't know where we're at?,Question,Question
God.,Backchannel,Statement Non Opinion
"and it's not here, they told me to go to this person, go to this person.  Now I'm at this person.",Statement Non Opinion ,Command
You're at me and I'm going to try to help you out sir but you just have to cooperate with me--,Statement Non Opinion ,Command
Okay.  What do you want?,Question,Question
How many pieces of luggage do you have checked in?,Question,Question
And what are you going to do about it?  You going to call someone?  You going to send me somewhere else?,Question,Question
No.  I'm just going to check--,Answer,Disagreement
It's my mother's funeral tomorrow and the urn is in the suitcase.,Statement Non Opinion ,Statement Non Opinion
I'm sorry sir.,Apology,Apology
Yeah.,Backchannel,Acknowledge
I'm very sorry but let's check on this immediately.  This is definitely an emergency.  It seems--,Apology,Apology
What am I going to do tomorrow without the urn?,Question,Question
Sir it seems to me that your luggage is um- is not here,Answer,Statement Opinion
"Sherlock Holmes.  God, where's my luggage?",Question,Question
"Sir, Please please, I would ask you to just calm down for a second--",Statement Non Opinion ,Command
Calm down?  It's my mother's funeral tomorrow.  I'm the one responsible for this.,Statement Non Opinion ,Disagreement
"Okay.  We will find your luggage.  Apparently because it somehow...what flight you were taking, you were on Delta?",Question,Answer
What is the matter with you?,Question,Question
"Sir, I just...you need to calm down is what needs to happen right now.",Answer,Command
Don't yell at me.,Command,Command
"Okay.  I'm not.  I'm sorry, I am being--",Apology,Apology
"calm.  Sir, okay basically what- what's going to happen here is you're going to give me your contact information and we will contact you--",Statement Non Opinion ,Command
Oh my God.  I think a blood vessel burst in my head.,Statement Opinion,Statement Opinion
"Please, please",Backchannel,Command
"sir, listen to me.  Your luggage is still in Baltimore.",Statement Non Opinion ,Command
What?  Are you kidding me?,Question,Disagreement
"Yes.  Well, because--",Answer,Acknowledge
Give- Give me your manager right now.,Command,Command
I am the manager sir.,Statement Non Opinion ,Statement Non Opinion
Whose daughter are you?,Question,Question
Sir?,Question,Question
Sir. Sir. Sir. Sir,Backchannel,Command
What is your name?,Question,Question
My name is Brent Caption.,Answer,Statement Non Opinion
Now what are you going to do about it?,Question,Question
Can I help you sir?,Question,Question
Yeah.,Answer,Acknowledge
Baltimore.,Answer,Statement Non Opinion
Baltimore and this is a direct flight to LAX,Question,Statement Non Opinion
Yes.,Answer,Agreement
Okay.  Let's look up here,Statement Non Opinion ,Command
Now what are you going to do for me different? Hmm?,Question,Question
"What I can do for you is uh we can uh report lost, lost property.",Answer,Question
You can report lost property?,Question,Command
Yes.,Answer,Agreement
"Okay.  I'm leaving LA tomorrow for San Diego, driving there.  So, I'm going to leave without all my lost property?  That's what you want me to do? um",Question,Question
"Well sir, if if...what I believe has happened is most of the flight was left--",Answer,Statement Opinion
"Like the luggage, the luggage on the flight.",Statement Non Opinion ,Statement Non Opinion
Wow.  This is an incompetent airline isn't it?  Are you--?,Question,Statement Opinion
We- I mean-,Others,Backchannel
"Well, we can give you um- hotel lodging for a night if that--",Answer,Statement Non Opinion
I'm going to San Diego tomorrow to stay with my family.  What do I need hotel lodging for hmmm?  Can you tell me that?,Question,Question
For tonight- For tonight sir.  Would you need to stay somewhere tonight?,Question,Question
Wow.  Thank you.  Holiday Inn.  Wow.  Thank...the flight cost five hundred dollars.,Answer,Acknowledge
Sir I understand that but just--,Statement Non Opinion ,Acknowledge
"Okay, so you can put me in Holiday Inn for twenty dollar a night?",Question,Question
Did you have your name tags on the luggage?,Question,Question
Of course I had my name tags on the luggage.,Answer,Statement Opinion
"Okay.  So if you can just give me your name, your name and your address and your phone number I can contact you as soon as we find out more information.",Statement Non Opinion ,Command
I need you to help me out here.  Can you get on the phone and get the luggage over on the fastest flight you can and then maybe I won't get you fired.,Statement Opinion,Command
"If not, I'm going to get your name, I'm going to talk to your boss, whoever...I'm never going to fly...my business is never going to fly Delta again.",Statement Opinion,Command
I work for IBM.,Answer,Statement Non Opinion
"Okay.  Sir?  I am sorry to tell you this but this does happen. Uh- This is not uh- really,",Apology,Apology
"I mean, our airline's fault.  I don't know what happened, misplaced, something happened but we will get you--",Statement Non Opinion ,Apology
"You misplace a lot of, eight pieces of luggage.",Statement Non Opinion ,Statement Non Opinion
Are you kidding me?,Question,Disagreement
Who are you going to fire because of that?,Question,Question
"Well we have some people back there that need some firing so, but I would just really appreciate--",Answer,Command
"Wow.  This has never happened before.  I've not lost,",Statement Non Opinion ,Statement Opinion
in all thousand flights I've been on probably I can't even count how many flights I've been on.  This has never happened before.,Statement Non Opinion ,Statement Opinion
This is the worst customer service I've ever gotten before.,Statement Opinion,Statement Opinion
Okay.  Get on the phone and figure out where my luggage is and tell me when it's going to get there alright?,Question,Command
We already have been confirmed that it will be arriving in--uh--in about two days.,Answer,Statement Non Opinion
"Uh, we can't--",Answer,Acknowledge
Can you get it to the San Diego airport?  You get someone to drive it to my place alright? Then I get a refund for some...I get a free flight alright? I get free whatever.,Question,Command
"Yes sir, Yes.",Answer,Acknowledge
We can have them direct your luggage to San Diego.,Statement Non Opinion ,Command
Okay.  And you're going to give me what for my inconvenience?,Question,Question
Uh--,Backchannel,Backchannel
Some refreshments in the lobby?,Answer,Question
Some peanuts?  Wow.  That helps a lot.,Statement Opinion,Agreement
"Thanks you, thank you I don't have my luggage so you gave me a Holiday Inn stay and peanuts.  Wow.  You know what?",Statement Opinion,Acknowledge
eh- we actually--,Backchannel,Backchannel
I will never do business with Delta again.,Statement Non Opinion ,Disagreement
How's it going?  How are you feeling?,Question,Question
Hanging in there?,Question,Question
Yeah.,Answer,Acknowledge
Yeah.,Agreement,Acknowledge
You guys were real close huh?,Question,Question
He was my only friend growing up.,Answer,Statement Non Opinion
no one else would talk to me but he would.,Statement Non Opinion ,Statement Opinion
He was supposed to be the best man at my wedding.,Statement Non Opinion ,Statement Non Opinion
I'm so sorry.,Apology,Apology
Yeah.,Backchannel,Acknowledge
You know I was always the one to tell him to be more wild you know?,Statement Non Opinion ,Statement Opinion
Yeah.,Backchannel,Acknowledge
And he just took it overboard.,Statement Non Opinion ,Statement Non Opinion
What happened?  What went wrong?,Question,Question
his girlfriend got killed too.,Statement Non Opinion ,Statement Non Opinion
How are they?,Question,Question
The mother and father died--,Answer,Statement Non Opinion
" -do I miss him or do I hate him, you know?",Statement Opinion,Question
Yeah.  Like I mean if you need anyone to talk to or anything I'm here for you okay?,Statement Opinion,Acknowledge
Thanks.,Greeting,Acknowledge
We're all here for you.,Statement Opinion,Acknowledge
I was supposed to see him last summer,Statement Non Opinion ,Statement Non Opinion
then I got busy with work and stuff and three years go by,Statement Non Opinion ,Statement Non Opinion
and then something like this happens you know?,Statement Non Opinion ,Statement Opinion
I mean I haven't even talked to him on the phone for the past three months.,Statement Non Opinion ,Statement Opinion
He's supposed to be my best friend.,Statement Opinion,Statement Opinion
I know.,Agreement,Acknowledge
just things happen in life and you just...there's just no explanation you know?  We just don't...,Statement Opinion,Statement Opinion
I'm so sorry.,Apology,Apology
"I mean he was...he wanted to help people in poor countries, that is his goal.  He didn't care about the money.  He just wanted to go and help people.",Statement Non Opinion ,Statement Opinion
What the...what am I doing?,Question,Question
"Well now you can follow his footsteps, you know?  Carry out what he wanted to do.",Statement Opinion,Command
I can't do that.,Disagreement,Disagreement
Well sure you could.,Disagreement,Agreement
You should've met him.,Statement Non Opinion ,Statement Opinion
He is the greatest...everyone liked him.,Statement Opinion,Statement Opinion
Yeah.,Agreement,Acknowledge
I would've loved to.,Statement Opinion,Statement Opinion
Now I can't.,Statement Non Opinion ,Answer
Hey.,Greeting,Greeting
Hey.  How's it going?  I haven't seen you in awhile.,Question,Question
Pretty good Susanna.,Answer,Acknowledge
Um--,Backchannel,Backchannel
Yeah.,Agreement,Acknowledge
I got into the...,Statement Non Opinion ,Statement Non Opinion
Yeah.,Disagreement,Acknowledge
No.  It's like it's harder than getting into Harvard.,Statement Non Opinion ,Disagreement
I know.  Oh my God.  Oh my God Joe I am so happy for you.  Well you know what that means?,Question,Acknowledge
What does that mean?,Question,Question
You're going to be here and I'm going to be in LA so we can be together now.  I mean we can be in the same city.,Answer,Statement Non Opinion
Holy shit...,Statement Non Opinion ,Statement Opinion
We can party.  We can have fun.,Statement Opinion,Statement Non Opinion
This will be like high school but even better.,Statement Opinion,Statement Opinion
I-I came home and my mom was like Joe uh-,Answer,Statement Non Opinion
"I have some bad news.  I was like what?  She's like not really you got into U.S.C. and I was like, I was like oh my God.  I was about to tear my own hair out.",Statement Non Opinion ,Statement Non Opinion
Oh man.,Statement Opinion,Acknowledge
Oh my God the first minute I got it I sent it back in.,Answer,Statement Opinion
"This is so great, you know, because I gone fit on downtown so I'm going to be like right here.  I think I'm going to be living at City Lights downtown.",Statement Opinion,Statement Opinion
This is so exciting.  This is like a new chapter in our lives.,Statement Opinion,Statement Opinion
"Yeah, it really is.",Agreement,Agreement
"We're doing what we want to do, then four years later we're going to be working professionals, making money, sipping martinis every day.",Statement Opinion,Statement Opinion
God hopefully.,Agreement,Statement Opinion
Man I'm just so happy for you.  I just--,Statement Opinion,Acknowledge
Thank you,Greeting,Acknowledge
"Well, I'm happy for you but I'm happy for me cause that means you're going to stay.",Statement Opinion,Disagreement
And tonight my parents want to take me out to sushi and they said I could bring you.,Statement Non Opinion ,Statement Non Opinion
Oh great. I would love to go.,Statement Opinion,Statement Opinion
Yeah.,Agreement,Acknowledge
Yeah and they said get whatever you want and...,Statement Non Opinion ,Acknowledge
Ah man.,Backchannel,Acknowledge
This is going to be so great.  I have so many great ideas.,Statement Opinion,Statement Opinion
Yeah. Did you...I mean do send in like how long after you send in your application did you hear?,Question,Question
You were like...,Backchannel,Statement Non Opinion
Hello.  This is Viacom Services.  How can I help you?,Question,Greeting
"Hello?  God finally somebody, look, this is ridiculous.  I've been waiting online for like a half an hour now.",Answer,Statement Opinion
"I'm sorry ma'am, what can I help you with?",Question,Apology
"Look my, my phone isn't working.  I don't understand what's going on.  I am trying to call out.  I'm not receiving any calls",Answer,Statement Non Opinion
"and I need assistance with my...not only is my work phone, it's my home phone and look,",Statement Non Opinion ,Statement Opinion
this is my business.  This is how I make money is through my phone.  It needs to be working.  Can you please help me?,Question,Question
Okay.  Can you give me the last four digits of your social security number so I can verify who I'm speaking with?,Question,Question
two two six six.,Answer,Others
Okay.  And your name is?,Question,Question
Olivia.,Answer,Statement Non Opinion
Olivia. Um. Okay.  So how long has this problem been?,Question,Question
"This has been going on for the past two weeks.  I called every single day.  Nobody is helping me.  You guys tell me the same thing over and over, call again, call again, call again--",Answer,Statement Opinion
Um- I think part of it has to do with the network being down.  It's been having some trouble the last few weeks--,Statement Opinion,Statement Opinion
"Okay.  Well that is, that is fine and all.  I don't care.  I really don't care because I want my phone to work that's all.",Statement Opinion,Disagreement
"That is I am paying you guys for service and I'm not getting any service.  I get, I get just dropped calls all the time and now it's completely not working at all.  I can't even call out, nine one one probably wouldn't even work.",Statement Non Opinion ,Statement Opinion
Well you better.  You better give me a whole freaking new phone that's what you better do.,Statement Non Opinion ,Command
"You sign the contract and then down the line the phone doesn't work and you're stuck, you can't go to a new...no.  No contracts for me.  You give me a new phone.",Statement Non Opinion ,Disagreement
"Besides, it's sort of out of hands at the moment----The whole electrical power outage.",Statement Non Opinion ,Statement Opinion
I want to talk to a supervisor,Statement Non Opinion ,Command
I would like to talk to your supervisor.  Obviously you're incompetent and don't understand what I'm asking.,Statement Non Opinion ,Disagreement
"Um- Let me connect you to my supervisor.  Actually, he's out right now so I'm supervisor until he comes back. Um-",Statement Non Opinion ,Statement Non Opinion
What?,Question,Question
"So you could----speak with me some more, you could call back later on maybe.",Statement Non Opinion ,Command
That's ridiculous.  You know?,Statement Opinion,Disagreement
"No I don't want to call back, you put me on hold for like hours and hours----and it's money, money, money, money and out of my pocket, out of my pocket--",Statement Non Opinion ,Disagreement
I didn't put you on hold.,Disagreement,Disagreement
There are a lot of people calling us having problems.  Every phone company is having the same problems ma'am,Statement Non Opinion ,Statement Non Opinion
Every phone...every single phone company?,Question,Question
"I am a realtor and this is my business.  People are calling me all the time but you know, and I don't have a land line.  I can't afford to have a land line",Statement Non Opinion ,Statement Opinion
don't you-,Backchannel,Question
I'm really sorry ma'am.  There's not----a lot we can do for it.,Apology,Apology
"What I can do for you, if you want to make a call right now I could contact you through our computer.  I can call through my phone and you can speak through me.",Statement Non Opinion ,Statement Non Opinion
What?  No.  That's way too complicated.  Look--,Statement Opinion,Disagreement
you need to fix my phone.  I don't care what you have to do--,Command,Command
"Well, okay I'm going to give you a free phone card that you can use at any payphone and that's on us. Okay?",Statement Non Opinion ,Command
"Yeah yeah, woman going out in South Central on the payphone at night.  Oh that's real safe.",Disagreement,Statement Opinion
"I'm, I'm sorry you chose to live there um--",Apology,Apology
"No, no, no.  I didn't choose to live here.  I work there.  Okay?  Yeah. work work work",Disagreement,Disagreement
okay.,Backchannel,Acknowledge
Well I'm sure maybe there's a phone at work you could use.,Statement Opinion,Statement Opinion
"We can't call out.  We can't make out-- line.  I don't work, I work at another office.",Disagreement,Disagreement
A law firm.  Thank you very much.,Greeting,Acknowledge
All right um--,Agreement,Backchannel
"I work out of my home as a realtor and because I don't have a land line, I need a phone and because of now I don't have one I don't know what to do.  And you're not helping me at all.",Statement Non Opinion ,Statement Opinion
"In fact, give me your name sir, what's your name again?",Question,Command
My name is Sara.,Answer,Statement Non Opinion
"Sara Brown.  Sara Brown, um- yeah, I'm going to get off the phone with you. And then I'm going to call back and I'm going to give your supervisor your name because you're obviously incompetent to work here.",Statement Non Opinion ,Command
Okay.,Backchannel,Acknowledge
"You know maam, we record this conversation so anything you say can be proven in a law of court so keep that in mind.",Statement Non Opinion ,Command
Hello?,Greeting,Greeting
Oh God I finally got...you know how long I've been waiting on line?  You put on hold for like five hours.  Geez.,Statement Non Opinion ,Statement Opinion
I'm sorry ma'am.  What's the nature of your problem?  But first can I get you to tell me your first and last name?,Question,Question
Olivia Brown.,Statement Non Opinion ,Statement Non Opinion
Alright Ms. Brown what's the nature of your problem?,Question,Question
Well my phone isn't working and it hasn't been working for the last five days.,Answer,Statement Non Opinion
Oh.  I'm sorry. Um- Did you drop it in water?,Question,Apology
"Yeah, yeah, yeah you better be sorry.",Statement Opinion,Disagreement
No I did not drop my phone in water.  I'm not five years old and just dropped my phone anywhere I see it.  Okay this is my business.,Answer,Disagreement
Okay?  And it [GARBAGE]. My business is failing because my phone isn't working and I don't have a land line and I really can't handle this right now.,Statement Non Opinion ,Statement Opinion
Okay.,Agreement,Acknowledge
"Um- well it's probably easy.  Can you any more symptoms either you're not receiving calls----ok, you're not receiving calls, not getting calls.",Question,Statement Opinion
"the symptoms- This [GARBAGE] a doctor's office. I'm not receiving calls...I can't receive- no, it's, it cuts me off--",Answer,Statement Non Opinion
Is the phone turned on?,Question,Question
Yes the phone turns on.  No I mean I'm using it not turning on the phone.  Of course it turns on.,Answer,Statement Opinion
Alright.  Um- Well that could be the problem. cause--,Statement Opinion,Statement Opinion
you might have an older phone where we would use sim cards but probably not.,Statement Non Opinion ,Statement Opinion
"Okay no.  Sir, this is the deal.  My phone isn't working and I don't care what the problem is but it needs to work.  That's why I'm paying you guys to fix it.",Statement Non Opinion ,Disagreement
Tell them my name.  My name is Brent Backersen.,Statement Non Opinion ,Command
"Brent Backersen, I am writing this down, Brent Backersen.  Alright.",Agreement,Acknowledge
Okay.  Tell them my - my ID number is two one three five.,Statement Non Opinion ,Command
It will be free.  No contract okay?,Agreement,Statement Non Opinion
Really?  No contract?,Question,Disagreement
"Go in there, yeah, go in there.  Tell them Brent Backersen sent you.",Answer,Command
I want the best freaking camera phone there is though.  I want the really good kind--,Command,Command
"the top of the line camera phone, game boy, anything you want. For free. And palm pilot.",Agreement,Statement Non Opinion
And palm pilot.,Command,Statement Non Opinion
And charger and accessories and I want a cover that's pink.,Command,Command
They might only have orange.,Disagreement,Statement Opinion
no,Disagreement,Disagreement
"Okay.  They can figure out pink for you.  So go in there and just tell them that and they'll hook you up with other goodies, stuff like that free service, no contract, no nothing.  Just for being a good customer",Agreement,Command
and battling through with us.,Statement Non Opinion ,Acknowledge
"Alright. Well-  I guess - I guess that's okay but,",Statement Opinion,Disagreement
Okay.,Agreement,Acknowledge
Alright?  Great.  Have a nice evening.,Statement Opinion,Question
Alright Thanks.,Greeting,Acknowledge
What's he going to say?  Maybe we ought to talk to him before he sees it.,Statement Opinion,Question
He was out there when it happened.,Answer,Statement Non Opinion
When?,Question,Question
About four in the morning.  I heard a crack and I looked out and he was standing right there when it happened.,Answer,Statement Non Opinion
Well what was he doing out at four in the morning?,Question,Question
No.  I figured the best thing to do was leave him alone.,Answer,Disagreement
He cried hard?,Question,Question
I could hear it right through the floor.,Answer,Statement Non Opinion
"God, what was he doing out there anyway?",Question,Question
Starting to dream about him again.  He's walking around at night again.,Answer,Statement Non Opinion
I guess he is.,Agreement,Statement Opinion
"He's getting just like he did after he died, you know?  What, what, what's the meaning of this?",Question,Question
"I don't know.  But I know one thing mom, we made a terrible mistake with dad.",Answer,Disagreement
What?,Question,Question
Being dishonest with him.  That kind of thing always pays off and now it's paying off.,Answer,Statement Opinion
What do you mean dishonest?,Question,Question
You know that Larry's not coming back and I know that too.  Why we both go on letting him think that we both believe with him.,Question,Question
"Why shouldn't he walk around and dream at him at night.  Walk around.  Why shouldn't he walk around?  Why shouldn't he dream of him, walk around at night waiting for him?  Do we contradict him?  Do we say flat out that we don't have anymore hope?",Question,Question
That we haven't had any hope for years now?,Question,Statement Opinion
You can't say that to him.,Answer,Disagreement
Larry's been gone for three years.  For god sakes no one comes back after three years.  It's insane.,Answer,Statement Opinion
"Listen mom, just, sit down.  I want to talk to you.",Command,Command
No.  It's his god damned newspapers is what it is.  Now every month there's a new boy comes home and Larry's going to be the next one.,Statement Non Opinion ,Disagreement
Alright. Alright. Alright just listen.,Command,Command
"You know why I asked Annie here, right?",Question,Question
Well I have an idea but I don't know.  What's the story?,Question,Question
I want to ask her to marry me.,Answer,Statement Opinion
Well that's your business Chris.,Statement Opinion,Statement Non Opinion
You know it's not just my business.,Disagreement,Statement Opinion
"Well what do you want me to do?  I mean, you're old enough to know your own mind.",Statement Opinion,Question
Okay.  So then it's alright.  I'll go ahead with it.,Statement Non Opinion ,Agreement
"Well, I mean, you got to make sure your dad's not going--",Statement Non Opinion ,Statement Opinion
Oh see then it's just not my business. God you infuriate me sometimes.  Isn't my business too if dad throws a fit?  Huh?  God you have such a talent for ignoring things.,Statement Opinion,Disagreement
Well I'm just saying--,Statement Non Opinion ,Statement Opinion
You know I ignore what I got to ignore.,Statement Non Opinion ,Statement Opinion
She's not...she's Larry's girl.,Statement Non Opinion ,Disagreement
She's not Larry's girl.,Disagreement,Statement Non Opinion
From your father's point of view he is still alive and if you try and take her that's just not fair.  You can't do that.,Statement Non Opinion ,Statement Opinion
I don't know why it is but every time I reach out for something I want I have to pull back,Statement Opinion,Statement Opinion
"And-And-And if you go on from there if you know already to go on from there, then you can.  But I'm telling you something that I don't know where to go.  You got it?  I mean, do you?",Question,Question
Because other people will suffer.,Statement Opinion,Statement Non Opinion
"My whole entire, bloody life time and time again.",Statement Opinion,Statement Non Opinion
Did you ask Annie yet?,Question,Question
Then I guess that's the end of it.,Answer,Statement Opinion
But from her letters I think she's forgotten him.  I'll find out.,Statement Opinion,Statement Opinion
"And then we'll thrash it out with dad right?  Mom, don't avoid me.",Command,Question
"Look, you never had seen many, many women.  You know?  I mean...",Statement Opinion,Statement Opinion
Because it is.,Statement Non Opinion ,Statement Non Opinion
"Well that's a good answer but, it doesn't answer anything.  You haven't seen her since you left to go to the war and it's been five years.",Statement Non Opinion ,Disagreement
It's just...that's just the way it is.  That's how I feel.  You know these years when I think of someone I want to marry I think of Annie.  What do you want a diagram?,Question,Statement Opinion
No I don't want a diagram.,Answer,Disagreement
"He thinks he's coming back. And you go off and marry that girl and you're just pronouncing him dead and what's going to happen to him?  I don't know.  Do you?  I mean, I don't know.",Statement Non Opinion ,Question
Alright then.,Acknowledge ,Acknowledge
"Look, just give it some thought okay?",Question,Command
I've given it three years of thought and I thought that if I waited then dad would forget about Larry and then we could have a regular wedding and everything happy.,Answer,Statement Opinion
But if I can't have that here I'll get out.,Statement Non Opinion ,Statement Opinion
What the hell is this?,Question,Question
I'll get out.  I'll marry her somewhere else.  Maybe New York.,Answer,Command
Are you crazy?,Question,Question
I've been a good son too long.  A good sucker and I'm through with it.,Answer,Statement Opinion
You're just going to leave the business?  You have a business here.  You can't do that.,Question,Disagreement
The business doesn't inspire me.,Answer,Statement Opinion
"Oh, you have to be inspired.",Question,Command
Yes.  I like it an hour out of the day.  If I have to grub for money all day long at least at evening I want it beautiful.  I want a family.  I want a wife.  I want some kids.  I want to build something I can give myself to.,Answer,Statement Opinion
Yes.  On this I would.,Answer,Agreement
Alright but you can't talk like that you hear?,Statement Non Opinion ,Command
"I mean what the hell have we worked for then?  I mean, it's all for you Chris.  The whole shooting match is for you.",Statement Non Opinion ,Statement Opinion
I know.  Just you help me stay here.,Agreement,Command
Alright but you don't talk like that you hear?  You don't.,Command,Command
I am thinking like that.,Disagreement,Statement Opinion
I don't understand you do I?,Question,Disagreement
No you don't.  I'm a pretty tough guy.,Answer,Disagreement
Yeah.  I can see that.,Agreement,Acknowledge
Why did he invite her here?,Question,Question
Why does that bother you?,Question,Question
Well she's been away for three and a half years in New York and suddenly she just shows up.,Question,Statement Opinion
"Well maybe, maybe he just wanted to see her.",Answer,Statement Opinion
Nobody travels seven hundred miles just see.,Statement Non Opinion ,Statement Non Opinion
uh-uh What do you mean?  They grew up next to each other their entire lives.  Why shouldn't he want to see her?,Question,Question
Hey don't look at me like that.  I don't know anymore than you.,Command,Command
He's not going to marry her.,Command,Disagreement
Who said he even thought about that?,Question,Question
I see it.  It has the appearance of it.,Answer,Acknowledge
"Well, so what?",Question,Disagreement
What's going on here Joe?,Question,Question
Now listen kid...,Command,Command
No.  She's not his girl Joe and she knows that.,Statement Opinion,Disagreement
You can't read her mind.,Statement Opinion,Statement Non Opinion
"Because she knows what I know, that's why.",Answer,Statement Opinion
it's like I know as long as she's waiting I'm right again.,Statement Opinion,Statement Opinion
Look at how nice the day is.  What are we arguing for?,Question,Statement Opinion
"No.  Nobody in my house better dare and challenge her faith.  You know and maybe strangers but not his father, not his brother.",Answer,Command
What do you want me to do?  What do you want?,Question,Question
I want-I want you to act like he's still alive.  I mean don't think I haven't seen the way that you've been since he invited her here.,Answer,Command
But Kate...,Backchannel,Statement Non Opinion
But I won't have any of this nonsense because you know what happens?  If he doesn't come back I'll kill myself.,Statement Opinion,Command
"Laugh, laugh at me but I will.  Because you know what happened when she came here?  When she came back she slept in his room, the memorial broke into pieces. Joe, look. Look at it. You got to believe with me.",Statement Non Opinion ,Statement Opinion
"Calm yourself, alright?",Command,Command
"Look, it was just last week that Detroit, some boy came back he had been away longer than Larry, you can read it for yourself. You above all people have got to believe.",Statement Non Opinion ,Statement Opinion
"Alright, alright, calm yourself okay?  Calm yourself. Wait, wait.  What do you mean, me above all?",Command,Command
"Look, just keep believing okay?",Command,Command
"Wait, what does that mean?  Me above all?",Question,Question
"Look at you, you're shaking.",Statement Non Opinion ,Command
I can't help it.,Statement Opinion,Statement Non Opinion
What do I got to hide?  Huh?  What the hell's the matter with you Kate?,Question,Question
You're the only one I know that still loves his parents.,Statement Non Opinion ,Statement Opinion
I know.  It sort of went out of style didn't it?,Question,Acknowledge
"No.  It's alright.  It's a good thing, you know?",Answer,Disagreement
It's lovely here.,Statement Opinion,Statement Opinion
The air is so sweet.,Statement Opinion,Statement Non Opinion
You're not sorry you came?,Question,Disagreement
No.  I'm not sorry.  But I'm not going to stay.,Answer,Disagreement
Well...,Backchannel,Backchannel
"Look,",Command,Command
"you saw the way that she acted and then well, I mean, you, you were acting kind of...",Statement Non Opinion ,Statement Opinion
What?,Question,Question
"Well, I don't know, embarrassed of her since I came.",Answer,Statement Opinion
Well the trouble is I was planning on sneaking up on you over a week or so and they take it for granted that we're all set.,Statement Non Opinion ,Statement Opinion
"Yeah.  I know they would, especially your mother.",Agreement,Agreement
How did you know?,Question,Question
"Well what other reason, from her point of view, would I be coming here?",Answer,Statement Opinion
"So, would you want to?",Question,Question
"I mean, that's the reason why I asked you here.",Statement Opinion,Statement Opinion
I love you.,Statement Opinion,Statement Opinion
I guess that's why I came.,Statement Opinion,Statement Opinion
I don't...I have no imagination that's the only way I know how to tell it.,Statement Non Opinion ,Statement Opinion
I'm embarrassing you.  I didn't want to tell you this here.  I wanted to drive someplace brand new where we'd be brand new to each other.  It feels wrong here don't you?,Statement Non Opinion ,Apology
"This yard and this chair.  I don't want to win you from anything, I want you to be ready for me.",Statement Opinion,Statement Opinion
"Look, I've been ready for a long, long time now.",Statement Non Opinion ,Command
"Then he's gone forever, you sure?",Question,Question
"Look, I almost got married two years ago.",Answer,Statement Non Opinion
You felt something that far back.,Question,Statement Non Opinion
Every day since.,Answer,Statement Non Opinion
Why didn't you let me know?,Question,Question
"I was waiting for you Chris, I mean, till then you never wrote and then when you did what did you say?",Answer,Statement Opinion
You'd always be so ambiguous.,Statement Opinion,Statement Opinion
"Give me a kiss Ann, just give me...",Command,Command
"Oh God.  Annie, I kissed Annie.  I kissed Annie.",Statement Non Opinion ,Statement Non Opinion
I'll never forgive you for that.,Statement Opinion,Disagreement
"How long, how long I've been waiting to do that.",Statement Opinion,Statement Opinion
"I mean,  Why did you wait all these years?  There I was sitting around and wondering if I was crazy for thinking about you.",Statement Opinion,Question
We're going to live now.  I'm going to make you so happy.,Statement Opinion,Statement Non Opinion
Not like that you're not.,Statement Opinion,Disagreement
I kissed you.,Statement Non Opinion ,Statement Non Opinion
Like Larry's brother.  Do it like you Chris.,Statement Opinion,Command
"Nothing.  Hey, let's drive somewhere.  I want to be alone with you.",Answer,Statement Opinion
What is it?,Question,Question
"No, what is it?  Your mother?",Question,Disagreement
"No, nothing, nothing like that.",Answer,Disagreement
"Tell me what's wrong.  I mean, even in your letters you seemed ashamed.",Question,Command
"Well, yes I guess I've been ashamed but, it's going from me.",Answer,Statement Opinion
Okay.  It wouldn't work like this?,Statement Non Opinion ,Acknowledge
You remember overseas I was in command of a company?,Question,Statement Non Opinion
"Yeah, sure.",Answer,Agreement
Well I lost them.,Statement Non Opinion ,Statement Non Opinion
How many?,Question,Question
Just about all.,Answer,Answer
Geez.,Backchannel,Acknowledge
Takes a little while to toss that off cause they weren't just men.,Statement Opinion,Statement Non Opinion
A little more selfish and they'd still be here today.  And I got this idea watching them go down.  See everything was being destroyed but there was one new thing that was being created.,Statement Opinion,Statement Opinion
"It was a kind of responsibility, man for man.  You understand me?",Statement Opinion,Statement Opinion
And to show that and to bring that onto the earth again like some sort of monument standing right behind all of us and we could feel it and it would make a difference to him.,Statement Opinion,Statement Non Opinion
And then I came here and it was incredible.  There was no meaning in it here.  The whole thing to them was a kind of bus accident.,Statement Non Opinion ,Statement Opinion
"And I went to work with dad and that rat race again and I felt what you said, ashamed.  Somehow because nobody was changed at all.",Statement Non Opinion ,Statement Opinion
"It seemed to make a sucker out of a lot of guys.  I felt wrong to be alive.  I felt wrong to have that new checkbook,",Statement Non Opinion ,Statement Opinion
"open that new bank account, drive the new car and see the new refrigerator",Statement Non Opinion ,Command
"cause you can take those things out of the war.  But you got to know, when you drive that car that it came out of the love that a man can have for a man and you got to be a little bit better because of that.",Statement Opinion,Statement Opinion
Otherwise what you have is loot and there's blood on it.,Statement Opinion,Statement Opinion
And I didn't want to take any of it and I guess that included you.,Statement Opinion,Statement Opinion
And you still feel that way?,Question,Question
I want you now Annie.,Answer,Command
Cause you must not feel that way again.  You hear me?  You can't.  You deserve everything you have Chris.,Statement Opinion,Command
"that includes me too, I mean and the money, you have right to that money.  Your father put planes up in the air, good planes and he deserves it, you should be proud of that.  A man should be paid for that.",Statement Opinion,Agreement
[GARBAGE] Annie,Agreement,Others
Annie I'm going to make a fortune for you.,Statement Opinion,Command
What am I going to do with a fortune?,Question,Question
Buy some hats?,Question,Command
"Hey, what time is it?  This pokes around midnight right?  God this is great isn't it?",Question,Question
Look at the night we got.  I wouldn't trade this for anything.,Statement Opinion,Statement Opinion
"Is that, is that, nah, is that just Paul?  I can't even tell.",Statement Non Opinion ,Question
"But if I can't tell, it probably isn't them isn't it?  Probably would be unmistakable wouldn't you think?  How are you doing?",Question,Question
"Oh, you know what I forgot?  I forgot my flashlight.  How could I be so stupid?  I should've brought my flashlight.",Statement Non Opinion ,Question
What flashlight?,Question,Question
"You know, the flashlight, the silver one?  There's only one isn't there?",Answer,Question
It's not your flashlight.,Statement Non Opinion ,Disagreement
"Well, whose is it?",Question,Question
It's ours.  Mine too.,Answer,Agreement
"No.  Of course, our flashlight.  Yours and mine.  Me flashlight is su flashlight, naturally.",Agreement,Disagreement
How could we have not thought to bring it?  I hope the moon stays out.,Statement Opinion,Question
Was it a full moon last year when they were running?  I can't remember.  Do you remember?,Question,Question
Yes.,Answer,Agreement
Are you cold?  Do you want my jacket?,Question,Question
"We should've brought the blanket, our blanket.",Statement Non Opinion ,Statement Opinion
"God.  Oh, you know what would be good right about now?  A six-pack.  A six-pack would be just the ticket.",Statement Non Opinion ,Statement Opinion
"I'm so stupid, I should've brought a six-pack.  God, I'm like a little kid.  It's amazing I get out of the house with my fly zipped up. Oh- [LAUGHTER]",Statement Opinion,Statement Opinion
I wonder if they can hear us talk?  Or feel the vibrations in the sand when we move around?,Question,Question
"Look, I'm cold.",Statement Non Opinion ,Command
Do you want my jacket?,Question,Question
"It's past eleven, let's go.",Answer,Command
What?  Are you kidding me?  We just got here.  We miss it.  What's the point of coming down here if we just turn around and go home?,Question,Disagreement
There is no point in coming down here.,Answer,Statement Opinion
Right.,Backchannel,Acknowledge
That's my point.,Statement Non Opinion ,Statement Opinion
That's my point too...No.  No.  That's not my point.  My point is what's the point if we come down here if we just turn around and leave?,Agreement,Disagreement
So let's go.,Command,Command
Why not?,Question,Question
I don't know.  I just don't.,Answer,Answer
"Honey, this is a natural phenomenon.  It only happens once a year.  I mean think about the people in Kansas, they would have to get hotel reservations and plane tickets to come and see this.  We're only forty minutes away.  This is too good to pass up.",Statement Non Opinion ,Statement Opinion
"Pass up what?  These fish swim up to shore, on the beach and then they flop around a little, they swim away and then they die.",Statement Non Opinion ,Question
"Well this is like the highlight, the one night of their lives and that flopping around, that's laying eggs or spawning or mating or whatever you call it.",Statement Non Opinion ,Statement Opinion
"But this is the big night for these guys.  Their last, life's last orgy.",Statement Opinion,Statement Opinion
"What are you getting so excited about?  I mean, it's not like it's like the landing on the moon or something.  I mean, it's just fish, fish that nobody eats.",Statement Opinion,Question
Yeah they do.,Disagreement,Agreement
Augie.,Backchannel,Statement Non Opinion
"Okay.  But it's fish that do something that no other fish do.  Like the swallows in Capistrano or the Lemmings that throw themselves off the cliffs, there's magic here and some mystery and a little bit of unexplainable.",Statement Non Opinion ,Statement Opinion
"I mean, I can't see how you can not be interested.",Statement Opinion,Statement Opinion
I'm just not.,Statement Non Opinion ,Statement Non Opinion
For real?,Question,Question
Yes.,Answer,Agreement
"I don't get it.  I mean the first time we came to see it, you said it was the best night of your life.",Statement Non Opinion ,Disagreement
And last year when we came you ran out of the house so fast you stubbed your toe and you didn't even notice it until we got in the car.,Statement Non Opinion ,Statement Non Opinion
"You also could remember that I got sand in my panties, we got in an argument over nothing, you got a sore throat and we didn't even get to see the Grunions.",Statement Non Opinion ,Statement Non Opinion
Okay.  We're in a good spot.,Statement Opinion,Statement Opinion
You didn't see them the first time either.,Statement Non Opinion ,Disagreement
"We just weren't in the good spot.  This is a much better spot.  You know, I have a good instincts for these things.",Statement Opinion,Statement Opinion
"Look, is that...no is that just seaweed?",Question,Question
"You know, this is great isn't it?  You know, I wouldn't trade this for anything.",Statement Opinion,Statement Opinion
"I mean, think about this, I know you're not interested but just think about this for a minute.",Command,Command
"Somewhere out there, there's this huge silver mass of fish heading this way, they don't why, we don't know why, they just some little instinctual fire cracker went off in their bodies...",Statement Non Opinion ,Statement Opinion
"...like and they all just turned at once and formed a line as long as the California coast and started swimming this way.  They didn't, you know, they didn't make a decision, they didn't, you know, have boats or anything.  No one sent them an invitation or a map, they just started swimming as if that's the only thing that matters.",Statement Non Opinion ,Statement Opinion
"It's single mindedness with no mind.  It's urgency that's pure urge and they don't, they don't ask it a question, they don't give it a name, they just swim.",Statement Opinion,Statement Opinion
They just start swimming to this place right here where we stand for massive celebration of sex and death.,Statement Non Opinion ,Statement Non Opinion
"Oh, I'm giving myself goose bumps.  Look, all my hairs are standing up.",Statement Non Opinion ,Statement Non Opinion
That's the wind.,Statement Non Opinion ,Statement Non Opinion
[BREATHING] So what do you think?,Question,Question
About what?,Question,Question
About what I just said?,Answer,Question
So what do you think?,Question,Question
About what?,Question,Question
About what I just said?,Answer,Question
It's ridiculous.,Statement Opinion,Statement Opinion
It certainly is not.  It's a slightly exaggerated scientific fact.,Disagreement,Disagreement
"It's PR.  I mean, somebody sold you a good bill about this wonderful event that going to happen on the beach.",Statement Opinion,Statement Opinion
I'm not the only one.  Look at all these people.,Disagreement,Disagreement
"Yeah.  Everyone else was sold the same thing.  I mean, look, it keeps us excited, it keeps us coming back for more and you know, keeps us thinking life's going to start any minute now.",Statement Opinion,Statement Opinion
Are we talking about the same thing?,Question,Question
"Look, I'm sorry but it's still just fish to me.",Answer,Apology
I thought you wanted to see it.,Statement Opinion,Statement Opinion
It's just...,Backchannel,Statement Non Opinion
"Look, we just have different ideas of what this night is supposed to be like.",Statement Opinion,Disagreement
"There's nothing to it.  The Grunions arrive, they do their little fish business, you know?  We go oh, ahh, look at the fish and they go home and we go home.",Statement Non Opinion ,Statement Non Opinion
"For heavens sake, grow up.  We're not going to see the Grunions.",Statement Opinion,Command
Why not?,Question,Question
"We never do, do we?  Have we ever?",Question,Question
"Oh my gosh.  We missed them twice, that's hardly ever.",Answer,Statement Opinion
Okay.  Twice is as many times as we've tried and that's ever.,Statement Non Opinion ,Statement Non Opinion
"Carla, can I ask you something?",Question,Question
What?,Question,Question
"Don't take this wrong but, are you having your period?",Question,Question
"Augie, god dammit, don't ask me that.  You always ask me that.  I hate it when you ask me that.  It's insulting.",Answer,Disagreement
What's bugging you then?,Question,Question
"Look, it's pointless.  It's...we're not going to see the Grunions I mean, it's like waiting around to see Santa Claus, you know, it's...",Answer,Statement Opinion
"Listen, I've waiting my entire life on this beach just standing there waiting for this fish to show up and these fish never show up.",Statement Non Opinion ,Statement Opinion
I thought you wanted to see it.,Statement Opinion,Statement Opinion
"God, you don't understand anything.",Statement Non Opinion ,Disagreement
"No, of course not.",Disagreement,Disagreement
"I do.  I always do.  I keep thinking, this time will be the time and it never is.",Statement Opinion,Statement Opinion
"Well, we're going to see it.",Statement Opinion,Statement Opinion
"No we won't.  I mean, God, this isn't about the fish Augie.",Disagreement,Disagreement
"What...I've been trying to, I've been trying to figure out the point where we went wrong and I can't seem to pinpoint that moment.",Statement Non Opinion ,Statement Opinion
"You were fine during the phone call with Marge, dinner was okay, doing the dishes was no problem.",Statement Non Opinion ,Statement Non Opinion
"Look, do you remember the first time we came here?",Question,Question
We thought I was pregnant.,Statement Non Opinion ,Statement Non Opinion
We brought a bottle of champagne and we took off our shoes and danced barefoot in the sand...,Statement Non Opinion ,Statement Non Opinion
Under the moon and you whispered so softly into my ear so I could feel your words.,Statement Non Opinion ,Statement Non Opinion
"And I thought, this is it.  This is how happy I'm supposed to be.",Statement Non Opinion ,Statement Opinion
Wait a minute.  I've got it.,Command,Command
What?  Dancing barefoot in the sand?  Drinking out of a bottle of champagne?,Question,Question
It was in the car right?  Driving past the Knickerbocker Liquor Locker...,Question,Question
And you said let's get some champagne and I said time's a wasting or something like that.,Statement Non Opinion ,Statement Non Opinion
You want this to be like the other time right?  That's it right?,Question,Question
I'd rather not remember something...,Answer,Statement Opinion
Rather not hope for something.,Statement Non Opinion ,Statement Opinion
"Okay, right.  I got it.  Sure.  Of course.  Listen, do you want to dance?",Question,Question
No.,Answer,Disagreement
Do you want me to get some champagne?,Question,Question
No.,Answer,Disagreement
Take off our shoes?,Question,Question
No.,Answer,Disagreement
What?  Do you want me to breathe in your ear?,Question,Question
No.,Answer,Disagreement
Do you want to get married again? What? What?  Do you want a divorce? A vacation? What?  A carpet?  A poodle?  A basket of fruit?  What?  A suicide pact?  What the hell do you want Carla?,Question,Question
No...No...No...,Answer,Disagreement
No...,Statement Non Opinion ,Disagreement
I want things to turn out the way that they're supposed to be.,Statement Opinion,Statement Opinion
Welcome to the human race.,Statement Non Opinion ,Greeting
Do you think that this is what I had in mind?  That four years down the line that we'd get married and come to the beach and argue with each other over fish?  No.,Question,Question
I was just like you.  I thought it was going to be all peaches and roses and everything great and the sand in our toes and the wind in our hair and the fish will always come and the bills will pay themselves and we'd have three big fat rosy kids...,Statement Opinion,Statement Opinion
...and you know?  Baby the jokes on us.  Because you know what you get?  Do you know what you get Carla?  You get this.,Statement Non Opinion ,Question
"This what...what's this?  This isn't anything. Alright.  Sure.  Standing on the beach, fighting and waiting.",Statement Opinion,Question
Yes it is.,Agreement,Agreement
Right.,Agreement,Acknowledge
Cause everything isn't anything like I thought it would be.,Statement Opinion,Statement Opinion
No.  I know.  Me neither.,Agreement,Disagreement
This is just this.  You know?  I mean it's a lot and everything but it isn't somewhere else.  Do you know what I'm trying to say?,Question,Statement Opinion
I'm trying to do the best I can.,Answer,Statement Opinion
I know you are Augie.  I know you wanted this evening to be nice.,Agreement,Statement Opinion
I can't help thinking about being somewhere else.,Statement Opinion,Statement Opinion
Maybe if you were with someone else too.,Statement Opinion,Statement Opinion
I didn't say that.,Disagreement,Disagreement
I know.  But I know I don't make you happy.,Agreement,Acknowledge
"Augie, whatever I'm doing I'd rather be doing with you.",Statement Opinion,Statement Opinion
Yeah?,Question,Backchannel
Yeah.  Don't you know that?,Answer,Answer
If anybody wants to be with anybody else it's probably you.  Probably somebody who enjoys herself a little more and is not so hard.,Statement Opinion,Statement Opinion
"Actually, now that you mention it, no I don't.",Disagreement,Disagreement
"Well, I guess this is the wrong spot for the right people.",Statement Opinion,Statement Opinion
It seemed like a good spot to me.,Statement Opinion,Statement Opinion
I mean look at the view of the moon we got from here.,Statement Non Opinion ,Statement Opinion
Yeah.  I noticed that.  It's real pretty on the water.,Statement Opinion,Acknowledge
Big old white moon.,Statement Opinion,Statement Non Opinion
"Hey, look what we got here.",Statement Non Opinion ,Command
Oh you brought refreshments.,Statement Non Opinion ,Acknowledge
It's not champagne.,Statement Non Opinion ,Disagreement
Well at least we won't need glasses.,Statement Non Opinion ,Statement Opinion
Are you still cold?  Do you want to go home?,Question,Question
No I'm beginning to think you might be right.,Answer,Disagreement
I think this may be the place for us after all.,Statement Opinion,Statement Opinion
I am sorry Augie.,Apology,Apology
Shh.  If we're very quiet the fish might come.,Statement Opinion,Command
Or not.,Statement Opinion,Disagreement
Or not.,Agreement,Disagreement
Good God.,Statement Non Opinion ,Statement Opinion
Do you think it's them?,Question,Question
I wonder.,Answer,Statement Opinion
And nobody knows we're here except for Freda and she wouldn't ring up.,Statement Non Opinion ,Statement Non Opinion
Well it must be them then.,Statement Non Opinion ,Statement Opinion
What are you going to do?,Question,Question
We're fine right?  Aren't we?  Whatever happens darling.,Statement Non Opinion ,Question
Now and always sweet.,Agreement,Statement Opinion
I don't care then.,Statement Non Opinion ,Disagreement
"I mean, it was, it's bound to come out sooner or later.",Statement Non Opinion ,Statement Opinion
Hello?  Hello?  What?,Statement Non Opinion ,Greeting
That sent shivers up my spine.,Statement Non Opinion ,Statement Opinion
"No, wrong number.",Statement Non Opinion ,Disagreement
What are we to do if they suddenly walk in on us?,Question,Question
Behave exquisitely.,Answer,Command
With the most perfect poise?,Question,Statement Non Opinion
Certainly.  And I shall probably do a court courtesy.,Answer,Agreement
um- Things that should matter dreadfully don't seem to matter at all when one's happy do they?,Question,Statement Opinion
What is so horrible is that one cannot stay happy.,Answer,Statement Opinion
"Oh, darling.  Don't say that.",Command,Command
"It's true.  I mean, the whole business it's a very poor joke.",Statement Opinion,Statement Opinion
"You mean that, that sacred and beautiful thing love?",Question,Question
Yes.  I mean just that.,Answer,Agreement
What does that all mean?  That's what I asked myself on my quest for ultimate truth.  What does it all mean?,Question,Question
Don't laugh at me.  I'm serious.,Command,Command
"[LAUGHTER] Oh, darling.  You mustn't be serious, that's just what they want.",Statement Opinion,Statement Opinion
Who's they?,Question,Question
All the futile moralists who try to make life unbearable.  Laugh at them.  Be flippant.,Answer,Statement Opinion
Laugh at all their sacred shibboleths.  Flippancy brings the acid in their damn sweetness and light.,Statement Opinion,Command
So if I'm to laugh at everything then I must laugh at us too.,Statement Opinion,Statement Opinion
"Oh, certainly, you must.  We're figures of fun alright.",Agreement,Agreement
How long will it last?  This ludicrous overbearing love of ours?,Question,Question
Who knows?,Answer,Question
Shall we always want to bicker and fight?,Question,Question
No.  That fire will fade along with our passion.,Answer,Disagreement
"Well, dear, shall we want that?",Question,Question
"Well, it depends on how well we've played.",Answer,Statement Opinion
"What happens if one of us dies?  I mean, does the other one still laugh?",Question,Question
"Of course, yes, yes, with all his might.",Answer,Agreement
That's serious enough.,Statement Opinion,Statement Opinion
"No.  No it isn't.  That's very laughable, a cunning little mystery all done with mirrors.",Disagreement,Disagreement
Darling I believe you're talking nonsense.,Statement Opinion,Disagreement
"Oh, and who isn't talking nonsense?",Statement Opinion,Question
Let's be superficial and pity the poor philosophers hmmm?  Let's blow trumpets and squeakers and party as much as we can like quite idiotic school children.,Statement Opinion,Statement Opinion
Let's savor the delight of the moment.  Come kiss me darling before worms pop in and out of your eye sockets.,Statement Opinion,Command
"Elliot, worms don't pop.",Statement Non Opinion ,Statement Non Opinion
"I don't care what you do, you see?  As long, no I don't care what you do, see?",Statement Opinion,Disagreement
You can put green paint all over your body and dance naked in the Place Vendome and rush off madly with all the men in the world and I shan't say a word as long as you love me best.,Statement Opinion,Statement Opinion
Thank you dear.  The same applies to you...,Statement Opinion,Acknowledge
...only if you ever so much as look at another woman I'll kill you.,Statement Opinion,Command
Remember that awful scene we had in Venice?,Question,Statement Non Opinion
Which particular one?,Question,Question
The one when you bought a little painted wooden snake in the Piazza and put it in my bed.,Answer,Statement Non Opinion
"Charles, that was his name, Charles.  Oh, God he was so wiggled so beautifully.",Statement Non Opinion ,Statement Opinion
Horrible little thing.,Statement Opinion,Statement Opinion
Yeah.  I know you did.  You threw it out the window and into the Grand Canal.  I don't think I'll ever forgive you for that.,Agreement,Disagreement
I hated it.,Statement Opinion,Statement Opinion
How long did that rile last?,Question,Question
It went on intermittently for days.,Answer,Statement Non Opinion
"Oh, the worst one was in Cannes when you-",Statement Non Opinion ,Statement Opinion
I burnt a hole in my comb too and all the towels in the bathroom.,Statement Non Opinion ,Statement Non Opinion
you're curling iron burnt a hole in my dressing gown.,Statement Non Opinion ,Statement Non Opinion
That was a rouser wasn't it?,Question,Question
[LAUGHTER] Yeah.  That was the first time you ever hit me.,Answer,Acknowledge
I didn't hit you very hard.,Statement Opinion,Statement Non Opinion
"The manager came in and saw us rolling on the floor, scratching and biting like panthers.",Statement Non Opinion ,Statement Non Opinion
I will never forget his face. Ooh-rah [LAUGHTER].,Statement Non Opinion ,Statement Opinion
"How ridiculous.  How utterly, utterly ridiculous.",Statement Opinion,Disagreement
We were very much younger then.,Statement Non Opinion ,Statement Non Opinion
And much sillier too.,Statement Opinion,Statement Opinion
The real cause of that rile was Peter Burden.,Statement Non Opinion ,Statement Opinion
Yes.  The real cause of that rile was Peter Burden.,Statement Non Opinion ,Statement Opinion
"Oh, come on, you knew there was nothing in that.",Disagreement,Disagreement
I knew nothing of the sort.  You took presents from him.,Statement Non Opinion ,Disagreement
Presents?  A trivial little broach.,Statement Non Opinion ,Question
Mmm Hmm.  I remember it well.  Bristling with diamonds in the worst possible taste.,Statement Non Opinion ,Acknowledge
Not at all.  It was very pretty.  I still have it and I wear it often.,Disagreement,Agreement
You went out of your way to torture me over Peter Burden.,Statement Non Opinion ,Statement Opinion
No I didn't.  You made up the whole thing in your jealous imagination.,Disagreement,Disagreement
You must admit he was in love with you.,Command,Command
Just a little perhaps but nothing serious.,Agreement,Statement Opinion
You let him kiss you. You said so.  What of it?,Question,Statement Opinion
Well what of it?,Backchannel,Disagreement
"Well it didn't harm him, in fact, it pleasured him a lot and it didn't hurt me.",Statement Non Opinion ,Statement Opinion
And what about me?,Question,Question
"Well, if you hadn't been so suspicious and nosey you would've never known anything.",Answer,Statement Opinion
"Oh, that's a nice point of view I must say.",Statement Opinion,Statement Opinion
"Look, I'm bored with this conversation.",Statement Opinion,Statement Opinion
"Yeah, so am I.  Bored stiff.",Agreement,Agreement
You want some brandy?,Question,Question
No thanks.,Answer,Acknowledge
I'll have a little I think.,Statement Non Opinion ,Statement Opinion
I don't know why you want it.  You've already had two glasses.,Statement Non Opinion ,Disagreement
No particular reason.  Anyhow they were very small ones.,Statement Non Opinion ,Statement Non Opinion
I don't see what you have to go on and on with this kind of thing.,Statement Opinion,Disagreement
Oh my...just because I just...okay...,Backchannel,Backchannel
...having three small minute liquor glasses in the evening is hardly going on and on and on.,Statement Opinion,Statement Opinion
It's become a habit with you.,Statement Opinion,Statement Opinion
You needn't be so grand just because you don't happen to want any yourself at the moment.,Statement Opinion,Disagreement
Don't be so stupid.,Statement Opinion,Command
Really Amanda.,Disagreement,Disagreement
What?,Question,Question
Nothing.,Answer,Acknowledge
[BREATHING],Others,Others
Going out somewhere dear?,Question,Question
"No, just making myself beautiful for you.",Answer,Disagreement
That reply has broken my heart.,Statement Non Opinion ,Statement Opinion
That's the woman's job to lure the man.  Watch me a moment won't you?,Statement Opinion,Statement Opinion
Actually that's perfectly true.,Agreement,Agreement
No it isn't.,Disagreement,Disagreement
Yes it is.,Disagreement,Agreement
"Oh, be quiet.",Command,Command
I think you should have some more brandy...,Statement Opinion,Command
I think that,Agreement,Statement Opinion
...cause really,Statement Non Opinion ,Statement Opinion
it doesn't seem to be working on you.,Statement Opinion,Statement Opinion
"perhaps maybe you should've had more brandy, it might've made you a little less disagreeable.",Statement Opinion,Statement Opinion
Well it really hasn't worked wonders with you.,Statement Opinion,Disagreement
"Hmm, snap, snap, snap like a little adder.",Statement Opinion,Backchannel
"Adders don't snap, they sting.",Disagreement,Statement Non Opinion
Yes they do.  They have a bag of venom behind their fangs and they snap.,Disagreement,Agreement
They sting.,Disagreement,Statement Non Opinion
They snap.,Disagreement,Statement Non Opinion
I don't care.  I don't care.  Do you understand?  I don't care if they roll around and bark like hoops.,Statement Opinion,Disagreement
Did you see much of Peter Burden after our divorce?,Question,Question
"Yes, I did.  Quite a lot.",Answer,Answer
I suppose you let him kiss you a great deal more then?,Statement Opinion,Statement Opinion
Mind your business.,Command,Command
"Mmm, you must've had a riotous time.  No restraint at all, very enjoyable.  You never had much anyhow.",Statement Opinion,Statement Opinion
You're quite insufferable.  I expect it's because you're drunk.,Statement Opinion,Disagreement
I'm not in the least bit drunk.,Disagreement,Disagreement
You've always had a weak head.,Statement Opinion,Statement Opinion
"Okay, like I mentioned before I had three very small, minute liquor glasses of brandy.  That's not even enough to get a child of two drunk.",Statement Opinion,Statement Non Opinion
"On the contrary, a child of two can get violently drunk off just one glass of brandy.",Statement Opinion,Disagreement
"Oh, what an interesting topic.  What about a child of four and a child of six?  A child of nine?",Question,Question
Shut up.,Command,Command
We might be able to bring up a splendid little debate about this intemperate tots.,Statement Opinion,Statement Opinion
"Not very funny dear.  In fact, maybe you better have some more brandy.",Statement Opinion,Disagreement
"Oh, thanks.  I think I will.",Agreement,Agreement
You better turn that off.,Statement Opinion,Command
Why?,Question,Question
Because people upstairs will get annoyed.,Answer,Answer
There aren't any people upstairs.  This is a photographer's studio.,Statement Non Opinion ,Statement Non Opinion
Well there are people downstairs I suppose.,Question,Statement Opinion
They are away in Tunis.,Answer,Statement Non Opinion
"Oh, this is no time to be in here for Tunis.",Statement Opinion,Statement Opinion
"Turn it on again, please.",Command,Command
No I'll do no such thing.,Disagreement,Disagreement
Very well.  If you insist on being a boorish and idiotic.,Disagreement,Disagreement
"Come on, turn it off.  It's driving me mad.",Command,Command
You are far too temperamental.  Try to control yourself.,Statement Opinion,Command
Turn it--Turn it off.,Command,Command
Go away.  Go away.  I hate you.,Command,Command
Very amusing indeed.,Disagreement,Acknowledge
"I hate you.  Listen I'm sick and tired of listening to you, you sadistic bully.",Statement Opinion,Disagreement
"You know what?  You're a vile, little, evil-minded, little, wicked beast and I never want to see you again.",Statement Opinion,Disagreement
"This is the end.  Understand?  This is the end, here and now, forever and always.",Statement Non Opinion ,Command
You're not going nowhere. No you're not.,Command,Disagreement
"Oh, yes I am. Yes I am and you can't stop me.",Disagreement,Disagreement
Just shut up.,Command,Command
shut up. shut up.  I would-I would never marry you again if you came crawling back to me on your hands and knees because you're an evil-minded little vampire and I hope to God I never see you again.,Statement Opinion,Command
"Listen, you're a cruel fiend and I hate, loathe you.  Thank God finally, finally thank God I've realized just how horrible you are--and marry you?  Marry you?  Never. I will never marry you.  I will die die in torment-",Statement Opinion,Disagreement
Beast. Brute. Cad. Swine. Beast. Beast. Brute. Devil. Sorry.,Statement Opinion,Apology
Oh.,Backchannel,Acknowledge
"Hi.  Um, excuse me I've been to, like, five of the desks here and nobody seems to be able to tell me what it is I need to do.  I've been here for over an hour.  Can you possibly help me?",Question,Question
"Uh, lets- What do you need exactly?",Question,Question
Well I filled out all the forms and I've given them to everyone and they keep sending me to someone else.,Answer,Statement Non Opinion
"You need a new license, is that what you're telling me?",Question,Question
Yes.  I'm just trying to get a new license.,Answer,Answer
Let me see the form. Just let me see the form. Yeah.  You filled this out wrong.  I can't - I can't - I can't do anything with this.,Statement Non Opinion ,Command
Okay.  I did-,Backchannel,Acknowledge
Ma'am I cannot help you.  You need to fill out a new form and you need to get in the back of the line.,Statement Non Opinion ,Command
I did exactly what they told me to do.,Statement Non Opinion ,Statement Non Opinion
I have done everything everyone in this entire place has told me to do.  I've been here for over an hour.  They make me wait in line.  Every single time I start over again.,Statement Non Opinion ,Statement Opinion
Ma'am I can't help you.  Do you understand?,Question,Command
I have a life.  I have things to do.  I have places to go.  Can you not just put this through please?,Statement Non Opinion ,Command
I've got a life too ma'am,Statement Non Opinion ,Statement Non Opinion
and I got to - i got to work here all day long.  Okay.  I've got to deal with you people all day.,Statement Non Opinion ,Statement Non Opinion
So what I need you to do is I need you to fill out this form correctly and go to the back of the line.,Statement Non Opinion ,Command
"Okay, that's nice. That's nice but I have done everything you people have told me to do. I don't understand why you can't just help me get this done.  It's simple, right?  License.  I need it. Can we just do this please?",Question,Disagreement
There's nothing I can do for you.  Do you understand that?  Nothing.,Answer,Command
"What I need you to do is go to the back of the line,",Statement Non Opinion ,Command
I've been to the back of the line five times.,Statement Non Opinion ,Statement Non Opinion
fill out this form and wait,Statement Non Opinion ,Command
You're going to have to go back again.,Statement Non Opinion ,Command
Okay.  What is it that I did wrong on the form that I have to start all over again?,Question,Question
This whole area here you didn't initial,Answer,Command
and you filled out-,Statement Non Opinion ,Question
"Okay.  Well, I can do that right here right now without going to the back of the line again.  See look initialed.  All done. Ready to go.",Statement Non Opinion ,Statement Non Opinion
Ma'am I have other people waiting in line right now.  I have other people waiting in line right now.,Statement Non Opinion ,Command
I have been waiting for over an hour.,Statement Non Opinion ,Statement Non Opinion
This whole area of the form was not supposed to be filled out and you put the address in the wrong place,Statement Non Opinion ,Command
"Uhh, and you spelled your own name wrong.  So I need you to take that",Statement Non Opinion ,Command
I'm not starting over again.  No I have done this five times.  I am not starting over again.,Disagreement,Disagreement
"and, uh, throw it away. I need you to fill out a new form.",Statement Non Opinion ,Command
Ma'am you're going to have- you- look. You really- you really,Statement Non Opinion ,Command
Look can you not just help me?,Question,Command
I can't help you right now.  Do you understand that?,Answer,Question
I mean look she's -she's perfectly nice.  She doesn't mind waiting for a couple of minutes because I've been here all day. I have a job to get back to.  I have kids to pick up from school.  I can't just stay here.,Statement Non Opinion ,Statement Opinion
Look I'm going on my lunch break right now.  So you're just going to have to take this form and go to the back of the line.,Statement Non Opinion ,Command
No.  No.  No. No. You have to help me.,Command,Disagreement
like I said before right now.,Statement Non Opinion ,Acknowledge
This is your job is to help people like me who need to get a new license.,Statement Opinion,Command
That's like the whole purpose of you being here.,Statement Opinion,Statement Opinion
Ma'am you are testing my patience.  Do you understand me?,Statement Opinion,Command
I- I- I'm testing your patience?,Question,Apology
You're testing my goddamn patience.,Statement Opinion,Statement Opinion
I'm testing your patience?,Question,Statement Non Opinion
"I work in this fucking building all day. And I'm sick of it, okay?",Statement Opinion,Statement Opinion
Yeah.  You have to be here all day.,Statement Opinion,Agreement
I don't need to be.  I need to go and do other things with my time.  Okay.,Statement Non Opinion ,Disagreement
"Please just put the form in, take the picture, let me get my license and get the hell out of here.  Please.",Command,Command
I've walked away already.  I'm not here anymore.,Statement Non Opinion ,Statement Non Opinion
So you're leaving tomorrow.,Question,Statement Non Opinion
Yeah.  They just called.,Answer,Acknowledge
This is really-this is unfair.,Statement Opinion,Statement Opinion
I know.,Agreement,Acknowledge
I don't see [BREATHING],Statement Non Opinion ,Disagreement
I don't know what to say.  I don't want to go but I don't have a lot of choice.,Statement Opinion,Statement Opinion
"I mean we both knew that this was going to happen.  It's just that I feel that, you know, I don't want Susie growing up without a mother.",Statement Opinion,Statement Opinion
"And, uh, I'm afraid that if you, you know, when you leave, you won't come back.",Statement Opinion,Statement Opinion
I'm going to come back.  I need you to believe that.,Disagreement,Command
You don't know that.,Statement Opinion,Disagreement
I need you to believe that too.  How am I supposed to believe everything's going to be okay if you don't?,Question,Command
"I'll believe it, but- I'll believe it but it- I don't know that that's going to happen.",Answer,Disagreement
Well you have to have faith because I don't have a choice and I have to go.,Statement Opinion,Statement Opinion
You do have a choice.  You don't have to go.,Disagreement,Command
Do you think I want to leave you?,Question,Question
You have a choice.,Answer,Command
I have to do this.  I don't want to leave.  Do you think I want to miss seeing her grow up?,Question,Statement Opinion
I know.  It's just you don't have to do this for a living you know.,Answer,Acknowledge
You're a smart person.  There are other things you can do.,Statement Opinion,Statement Opinion
Look we both knew what this meant when I signed on,Statement Non Opinion ,Statement Opinion
And now- and now it's really shitty timing but now I have to go.,Statement Opinion,Statement Opinion
I mean I'm the one who has to leave here.  I'm the one who has to leave the two of you.  At least you get to be together.,Statement Non Opinion ,Statement Opinion
It's just not going to work out without you here.,Statement Opinion,Statement Opinion
What's that supposed to mean?,Question,Question
I mean we can't-we're not a complete family without you here.,Answer,Statement Opinion
Well I'll come back.  What is that supposed to mean?  You're not willing to wait for me to come back?,Question,Question
Of course I'm going to wait.  I just- I just don't like the idea of this happening because this isn't the last time this is going to happen. You're going to go on more tours and stuff.  I just- I can't-,Answer,Disagreement
I can't deal with this emotionally.,Statement Opinion,Statement Opinion
What do you want me to do?,Question,Command
I want you to leave.  I want you to leave the service.,Answer,Command
Well I can't very well do it today.  I still have to leave tomorrow.,Statement Opinion,Statement Non Opinion
You can do it today.  You don't have to do anything.  You don't have to do anything you don't want to do.,Disagreement,Command
"You're not making this any easier for me, you know.  I'm the one who has to go and you're really not helping.",Statement Opinion,Statement Opinion
Look I'm just telling you that you don't have to go.,Statement Non Opinion ,Statement Opinion
I do have to go. And I need to know that you're here waiting for me and that you believe that I'm coming back.,Disagreement,Statement Opinion
That's all I'm saying... No you don't.,Disagreement,Disagreement
Thanks that helps.,Greeting,Acknowledge
It's just really unfair.  This is- this is bullshit.,Statement Opinion,Statement Opinion
I feel much better now.,Statement Opinion,Statement Opinion
"You're acting like, you know, you're the one who's going all through, you know, all this shit and it's really- it's really not.",Statement Opinion,Disagreement
I know I'm leaving you here with all the responsibility but at least you get to be with her.,Statement Opinion,Statement Opinion
Yeah.  Of course I do because I didn't enlist in this stupid thing.  Why don't you just get out now and then-,Agreement,Disagreement
I will but I can't right now.,Statement Non Opinion ,Answer
Yes- You don't have to go.  What are they going to do?  Huh?  Put a gun to your head?,Disagreement,Question
You know- you know how this works.  I have to go.,Disagreement,Command
Then go.  We'll be here when you get back.,Agreement,Command
That's how you want to leave it?,Question,Question
"I don't know how else to leave it.  What, do you want me to lie to you?",Question,Disagreement
You want me tell you that I'm okay with it?,Question,Question
I want you to be okay with it as much as you can be.  I mean it's not a great situation but we don't have an option here.,Answer,Statement Opinion
Well I can't be okay with it the same way you can't not go.  It just doesn't work that way.,Statement Opinion,Disagreement
Fine.,Backchannel,Acknowledge
It's really exciting.  Don't you want to guess?,Question,Statement Opinion
"Uh, you got a new car, a new house. Uh, a dog.",Answer,Statement Non Opinion
Look.,Command,Command
Are you serious?  You're getting married.,Question,Disagreement
Yes.  He finally proposed.  I'm getting married.,Answer,Answer
Holy shit that's amazing.,Statement Opinion,Statement Opinion
I know. I'm so-,Agreement,Acknowledge
Congratulations.,Statement Non Opinion ,Acknowledge
Thank you. [LAUGHTER],Greeting,Acknowledge
"I'm invited, right.",Question,Question
You think. [LAUGHTER],Answer,Statement Opinion
"I'll have to, uh, I'll have to get myself a new tux.  My, uh, the old one is a little worn and dirty.  That's awesome.  Where are you guys going to have it?",Question,Question
"Well actually we were just talking about today and I don't really want to do like the traditional church thing, you know.  So we are going to get married in the meadow.",Answer,Statement Opinion
Do you remember up by Yosemite? Yeah.,Question,Acknowledge
"Well, that's- that's- that's beautiful. That's a beautiful place to do it.",Answer,Statement Opinion
We're going to get married in the middle of a meadow. [LAUGHTER],Statement Non Opinion ,Statement Non Opinion
"Everybody's going to come up. We're going to stay in all the pretty cabins up there and, um, everybody's going to have, you know, really flowery sort of naturey stuff.",Statement Non Opinion ,Statement Non Opinion
So pretty.,Statement Opinion,Statement Opinion
That's great,Statement Opinion,Acknowledge
I hope- they're not like,Statement Opinion,Statement Opinion
Very Midsummer Night's wedding.,Statement Non Opinion ,Statement Opinion
"Right.  Nice.  That's great.  I hope while we're up there nobody gets attacked by any, like, bears or wolves or anything.",Statement Opinion,Statement Opinion
Thanks. Thanks a lot.  You're really helping the Excitement here. I hope no one dies.,Statement Opinion,Acknowledge
"Well no, I am- I'm trying to be positive",Statement Opinion,Disagreement
I'm trying to be positive.  I'm trying to say I hope that doesn't happen.,Statement Opinion,Statement Opinion
"Okey Well- well-, you know what?  I was hoping that you would help",Statement Opinion,Question
We're going to be in the middle of the wilderness. These kind of things happen,Statement Opinion,Statement Opinion
plan everything.  So then you can make sure that no one gets attacked by bears.,Statement Opinion,Command
Yeah.  I'll help plan.,Agreement,Agreement
Yeah?,Question,Backchannel
Yeah.,Answer,Acknowledge
Really?,Question,Backchannel
Sure.,Answer,Acknowledge
"Okay.  It's going to be in, like, six months.  So we don't have a really long time.",Statement Non Opinion ,Statement Non Opinion
"I'm thinking greens, lots of greens. Greens and browns.  We're nature.",Statement Opinion,Statement Opinion
Okay.,Agreement,Acknowledge
No.  No browns.,Statement Non Opinion ,Disagreement
Why not browns?,Question,Question
It's a wedding.,Answer,Statement Non Opinion
"It's a light brown, tanish.",Statement Non Opinion ,Statement Non Opinion
Blue for the sky.,Statement Non Opinion ,Statement Non Opinion
Come on.,Statement Non Opinion ,Command
I just think browns are really what you want to go with.  I mean I think there's more contrast between brown and green than there is-,Statement Opinion,Statement Opinion
who- Who's getting married though?,Question,Question
I know but you just asked me to-,Answer,Answer
to help plan because I'm getting married. [LAUGHTER],Statement Non Opinion ,Statement Non Opinion
So we're going to go greens and browns.,Statement Opinion,Command
No.,Disagreement,Disagreement
"Come on.  Please will you do the greens and browns, just the browns for me?",Question,Command
Just for me.  Come on.  I'm your best friend.,Statement Non Opinion ,Command
It's not your wedding. You can-,Statement Non Opinion ,Disagreement
I'm your best friend,Statement Non Opinion ,Statement Opinion
You know what? You know what?,Question,Question
Give me the browns.,Statement Non Opinion ,Command
"You can't ruin my mood today.  If you want to wear a brown tux, you go ahead and wear a brown tux",Statement Non Opinion ,Statement Opinion
Okay.  Fine.  So green and what?,Question,Acknowledge
but bridesmaids aren't wearing brown and I'm not wearing brown.,Statement Non Opinion ,Disagreement
Blue?,Question,Question
Maybe,Answer,Statement Opinion
"Okay, fine. Greens and blues.",Agreement,Acknowledge
I like blue.,Statement Non Opinion ,Statement Opinion
Greens and blues and maybe a little light yellow?,Question,Statement Opinion
That would work.,Answer,Agreement
Yeah?,Question,Backchannel
"Throw in a little- little, uh, trim in yellow.  Maybe some yellow flowers.",Answer,Command
"Okay.  That sounds good. Um, and, uh, we're going to get like a five, uh, story cake, right?",Question,Question
"Yeah.  I hadn't actually thought about the cake yet, but",Answer,Acknowledge
"I mean, you know, you're going to have at least, like, two hundred and fifty people come.  So we're going to need, you know, just a huge buffet.",Statement Opinion,Statement Opinion
Yes.,Agreement,Agreement
"Fried chicken, mashed potatoes.",Statement Non Opinion ,Statement Non Opinion
See this is why you have to help.,Statement Opinion,Command
because you're going to take care of everything.  You're going to think of all the details that I forget.,Statement Opinion,Command
Well I can't be in charge of this.  I mean I got things I got to do.,Disagreement,Disagreement
Well right but you can help.,Statement Non Opinion ,Command
Well this is really exciting.  I mean- I just- I couldn't be happier right now.,Statement Opinion,Statement Opinion
I'm thrilled.  God.,Statement Opinion,Statement Opinion
Ha ha ha.,Backchannel,Backchannel
Ha ha.,Backchannel,Backchannel
Just ecstatic.  I can't believe you're my best friend,Statement Opinion,Statement Opinion
Just couldn't be any cooler.,Statement Opinion,Statement Opinion
"You're my best friend, we're growing up and now you're getting married. that's amazing",Statement Opinion,Statement Opinion
I know.  I've been waiting forever.  I can't believe it's finally happening.,Statement Opinion,Statement Opinion
Wow.  I just- I- I- I feel like I'm going to faint.,Statement Opinion,Statement Opinion
I'm so- all the blood,Statement Opinion,Apology
You don't look like you're going to faint.,Statement Opinion,Statement Opinion
"has just rushed to my head, and I, and I mean honestly.",Statement Opinion,Statement Opinion
I'm getting a little weak in the knees.,Statement Opinion,Statement Non Opinion
So- So when are you getting married Mr. Excited?,Question,Question
"You know that I've never-I- I have a long run of bad relationships but, you know, I mean, you got to work through it.  It's fine.",Answer,Statement Opinion
What about Kathy?  I mean you guys have been dating for a while.,Question,Question
"Yeah, but",Answer,Disagreement
You haven't ruined it yet.,Statement Non Opinion ,Disagreement
"Yeah.  I know but it's, you know, maybe we'll get married.  I don't know.  Should be pretty-",Statement Opinion,Statement Opinion
You really like,Statement Non Opinion ,Statement Opinion
"I don't know.  Okay.  I mean gosh.  There's just- look there's a lot of pressure in getting married, okay.",Statement Opinion,Statement Opinion
What?  She could be just as excited as I am right now.,Statement Opinion,Disagreement
You could make her that excited.  You really like her.  You guys have been together for a really long time now.,Statement Opinion,Statement Opinion
"Oh, I've made her that excited.",Agreement,Statement Opinion
[LAUGHTER] That's more than I needed to know.,Statement Opinion,Acknowledge
What?  You've heard me talk about it before.,Statement Non Opinion ,Question
[laughter],Others,Backchannel
I'm a monster in bed.,Statement Opinion,Statement Opinion
Hey.  Get out of the way.  I'm watching TV.,Command,Command
That's helpful.,Statement Opinion,Acknowledge
I just don't think I can do this anymore.  It's been a really long time and it's not like I'm not trying.,Statement Opinion,Statement Opinion
Well I guess you're not trying hard enough.,Statement Opinion,Disagreement
I am try-  it's been three years,Disagreement,Statement Non Opinion
and I have gone everywhere I can think of.  I have given resumes.  I have done interviews.  I've tried to pull in favors.  I've asked everybody I know for help.  I don't know what else to do.,Statement Non Opinion ,Statement Opinion
"Just, I don't know, maybe you're not smart enough.",Statement Opinion,Disagreement
I mean I don't know just go out and keep trying. Just-,Statement Opinion,Command
I don't know.,Statement Opinion,Answer
"Okay but I've been trying for three years.  Three years and I haven't gotten a bite much less actually gotten hired, and I am smart enough.  Thank you very much.",Statement Non Opinion ,Statement Opinion
"Hey.  Look, I mean- you know.",Command,Backchannel
I'm really good at what I do.  I just don't know how to make someone else see that.,Statement Opinion,Statement Opinion
Look bananas don't grow overnight.  Okay.,Statement Opinion,Statement Opinion
What?  Who says that?  Bananas don't grow overnight.,Question,Disagreement
You need that- Time-,Statement Non Opinion ,Command
"You know- You need to just- you need, I mean it takes time to get a good job.  I mean-",Statement Opinion,Statement Opinion
Okay.  I think three years is a little excessive.,Statement Opinion,Statement Opinion
"look at me, like, you know. I mean, Hey, I- it took me, you know, like six years to get where I am now. I mean-",Statement Non Opinion ,Command
"Yeah but you weren't unemployed for three years trying to find any job.  I mean at this point I'm going to go drive a cab or, you know, work at the gas station or something.  I don't even- I don't know what to do anymore.",Statement Non Opinion ,Disagreement
I don't know.  I mean whatever.,Statement Non Opinion ,Disagreement
Nothing I'm trying seems to work. Just-,Statement Non Opinion ,Statement Opinion
Clearly.,Agreement,Acknowledge
Okay that's helpful.  Thanks.,Statement Opinion,Acknowledge
Look I'm sorry okay. It's just-,Apology,Apology
Clearly everything you're doing is completely wrong.,Statement Opinion,Disagreement
"I mean, well I mean i don't know; it doesn't really affect my life, you know.",Statement Opinion,Statement Opinion
Well don't you understand that this is-,Question,Question
"Yeah, I understand, but-",Answer,Disagreement
I don't even- I mean you have to have some kind of an idea.  Something you could possibly throw out there that I could maybe use.,Statement Opinion,Statement Opinion
"I don't know. Well like, I don't know. I mean-",Statement Non Opinion ,Acknowledge
I mean it's not like this is an,Statement Opinion,Statement Opinion
extreme request.  I want to find a job.  Everybody wants to find a job. It's really not that.,Statement Opinion,Command
Clearly- cle- clearly you're doing something wrong.,Statement Opinion,Disagreement
"Okay. Okay, Fine.",Agreement,Acknowledge
"Cause if you've been looking, you've been applying for jobs for three years. And-",Statement Non Opinion ,Statement Opinion
Okey So I'm doing something wrong.  What am I doing wrong?,Question,Question
I'm really good at what I do.  I'm smart.  I'm trained.  I have the education.  I'm talented.  I cannot-,Statement Opinion,Statement Opinion
Are you- I mean do you like get dressed up and everything when you go to the job interview?,Question,Question
Well yeah I mean I like take a shower and stuff.,Answer,Agreement
"And you like- you know, you shave your legs and everything?",Question,Question
[LAUGHTER] Yeah.  Usually.,Answer,Acknowledge
"and I want- I mean you know you've got to, like, do your hair.  I mean- I don't know, it's like,",Question,Statement Opinion
"Yeah, I- I make my",Answer,Acknowledge
I make myself very presentable before I go to any kind of interview.,Statement Non Opinion ,Statement Opinion
"you know what I mean? You know, it's like they say presentation is, like eighty percent.",Statement Opinion,Question
or some- some large percent of- of success.,Statement Non Opinion ,Statement Non Opinion
"Uhuh. Uhuh. Yeah, yeah. Good quote.",Statement Opinion,Backchannel
"Because I don't know I mean just, you know, just keep- keep- keep at it.  Keep trying.  Go-",Statement Opinion,Command
Buck-O. That's really helpful.  Just keep chugging along.  The little engine that could.,Statement Opinion,Acknowledge
"What do you want me to? Look, Hey look if I could- Don't get all sassy.",Command,Command
Well you- just you're doing something wrong.,Statement Non Opinion ,Disagreement
"Look if I could give you a job,if I could give you a job I would but I mean I'm not in that position. I'm-",Statement Opinion,Statement Non Opinion
Well maybe you could help.  I mean you've got a job.  I'm willing to look outside of my realm.  I could try something else.,Statement Opinion,Question
"Hey, I'd love to help you but I- you don't have the kind of training that I-",Statement Opinion,Greeting
I'll get it.  I just need a job.  I don't care what it is.,Statement Non Opinion ,Command
"So, go to McDonalds.",Statement Opinion,Command
Well I mean I need to make a little bit more than the minimum wage fry flipper.,Statement Opinion,Statement Opinion
Well you've got to start somewhere.  I mean-,Statement Opinion,Statement Opinion
I did start somewhere.  I worked my way up.  I'm not going to start at the bottom again.,Statement Non Opinion ,Statement Opinion
Well you're going to have to.  You don't really have an option.  What's your problem?,Question,Command
What's my problem?  What's my problem? I don't have a job.,Answer,Question
I don't know it's like I'm trying to be-,Statement Non Opinion ,Statement Opinion
I thought I was pretty clear about what the problem was.,Statement Opinion,Statement Opinion
I'm trying to be helpful.,Statement Opinion,Statement Opinion
"I'm trying to be helpful and you're just, like, coming at me with, like, attacks.",Statement Opinion,Statement Opinion
Well maybe you could be a little helpful.  I mean obviously you don't have any problems so would it really take so much time out of your day to just go ahead and help somebody else.,Statement Opinion,Command
I'm trying to watch TV.,Statement Non Opinion ,Statement Non Opinion
I'm trying to watch TV. TV.,Statement Non Opinion ,Statement Non Opinion
That's important.  That's really important.,Statement Opinion,Acknowledge
Where?  Did you do it at the front desk or by the baggage claims?,Question,Question
"I-I don't know.  The place where they told me to go.  Look they told me to come talk to you because you guys lost my bag.  Not it's late.  Not it will be here soon, lost it completely.  What are you going to do about that?",Question,Disagreement
"Ma'am, first of all I'd like you to calm down.  Second of all-",Answer,Command
Look that bag has my entire life in it and you just lost it.,Statement Non Opinion ,Statement Opinion
I understand that ma'am.,Agreement,Acknowledge
"Lost it just, like, I mean,",Statement Non Opinion ,Backchannel
"Ma'am, I understand that.",Agreement,Acknowledge
it's not like it just disappeared into thin air. Somebody wasn't paying attention,Statement Opinion,Disagreement
"because my bag was very easy to keep track of.  It's got big, you know, rainbow colored crap all over it and no one was paying attention because now it's just gone.",Statement Non Opinion ,Statement Opinion
"I understand that.  The best I can do for you, at this moment, is give you fifty dollar check courtesy of Northwest Airlines for inconveniencing you in losing your luggage.",Statement Non Opinion ,Acknowledge
Wait.  What?,Question,Question
"At this moment in time, all I can do for you is give you-",Answer,Statement Non Opinion
No. No. I heard- I heard what you said.,Statement Non Opinion ,Disagreement
"You're kidding me, right.  You're going to give me fifty dollars to completely cover my bag, everything that was in it, the inconvenience that I've gone through.  I paid for my ticket.  All I expect is to safely get to my destination with my stuff.  Is that so much to ask?  I mean I really don't think that's that big a deal to ask you guys to have my bag in the place where I leave and then put my bag where I end up.",Statement Non Opinion ,Disagreement
you're getting very excited right now,Statement Opinion,Statement Opinion
"Yeah, well that's got everything I have in it.",Agreement,Statement Opinion
"I understand that, ma'am but there's not really much I can do for you right now.",Statement Non Opinion ,Acknowledge
Look fifty dollars is unacceptable.  My bag itself cost over a hundred and fifty dollars.  You can't just give me fifty dollar gift certificate to Percoes or whatever the hell and then send me off like that's- that's good enough.  Like that's all I needed was fifty dollars.  My bag is worth more than that.,Statement Non Opinion ,Disagreement
What I need you to do is file another complaint form. There's a form that you can fill out over by the front desk near the baggage claim.,Statement Non Opinion ,Command
If you'd like to take that over to the front desk- Ma'am.,Statement Non Opinion ,Command
We're just talking over each other.,Statement Non Opinion ,Statement Opinion
We're not going to communicate anything this way.,Statement Non Opinion ,Disagreement
I expect your airline who was responsible for my bag to give me the equivalent of the bag and all of the things in it.,Statement Opinion,Statement Opinion
Ma'am in flying with Northwest Airlines you agreed to,Statement Non Opinion ,Command
sign away your luggage to the,Statement Non Opinion ,Command
I didn't sign anything. I didn't sign anything. And you people have got to make-,Disagreement,Disagreement
"It's part of the small- it's part of the agreement when you're purchasing an airline ticket, there's- when you-",Statement Non Opinion ,Statement Non Opinion
You have to make amends for what you did for losing my bag and all of my stuff.  Fifty dollars is unacceptable.,Statement Non Opinion ,Command
"Ma'am, please calm down.  When you purchase a ticket, there is a terms and agreement,",Statement Non Opinion ,Command
No.  No.  I don't know. You know what? I'm going to call my lawyer. You know what?  That's what I'm going to do.  I'm going to call my lawyer and have him get down here and explain to you that this is an unacceptable option.,Statement Opinion,Disagreement
terms and conditions- in the agreement of purchasing a ticket. Most people frequently look it over,Statement Non Opinion ,Command
The best that we can do for you is give you-,Statement Non Opinion ,Command
Ma'am.,Backchannel,Greeting
I want to talk to your supervisor.,Statement Non Opinion ,Command
I am- I am- I am my own supervisor.,Statement Non Opinion ,Statement Opinion
"I've had enough.  I want to talk to-no, no unacceptable I want to your supervisor. I am done with this.",Command,Command
"I am the supervisor, ma'am.",Statement Non Opinion ,Statement Non Opinion
"Really, you don't work for anybody.  It's just you?",Question,Disagreement
I am the current manager on duty.,Answer,Statement Non Opinion
"Okay.  Well I want to call whoever you report to, whoever your boss is because I have had enough with this airline and I am finished waiting for my fifty dollar gift certificate.",Statement Opinion,Command
"Ma'am, I own Northwest Airlines.",Statement Non Opinion ,Command
"Hey, I'm, uh. I'm really sorry about what happened.  I don't um- I mean what you can you do?  I mean it's-",Apology,Apology
Thanks.,Greeting,Acknowledge
Mmhmm. Yeah.  Yeah.  I mean it's- it's hard.  It's hard.,Agreement,Backchannel
"I just- I just thought he would have longer, you know, because I'm- I mean when he found out he was sick, we knew that wasn't good but I just- I just thought that it would take longer, you know?",Statement Opinion,Statement Opinion
Yeah.,Agreement,Acknowledge
"Well I mean, you know, I mean it was I mean with that kind of condition,",Statement Non Opinion ,Backchannel
Yeah. I know. I know.,Agreement,Acknowledge
"you know, it's inevitable  and I mean honestly it's- it's almost like",Statement Opinion,Statement Opinion
"you know, you don't- you know, how long do you want the person to go through that, you know.",Statement Opinion,Question
It's sort of- it's almost better off to rest in peace than he is to live in pain.,Statement Opinion,Statement Opinion
"Yeah, I know. But I'd rather have him here with me, you know. It's just not fair.  I mean he- he didn't get to do like anything. I mean he was-",Statement Opinion,Statement Opinion
"He was only twenty four and just so many things that we were going to do, you know, and now he won't get to do them and he won't get to be here when I do.  You know, like I'll get married some day and he won't be there, like, he won't get to see that.",Statement Opinion,Statement Opinion
Yeah.,Agreement,Acknowledge
It just doesn't seem fair.,Statement Opinion,Statement Opinion
"It's not fair but I mean that's, you know, the course of life is that, you know, you meet people and you lose them.",Statement Opinion,Statement Opinion
You're okay,Question,Statement Non Opinion
Thank you for being here.,Acknowledge ,Acknowledge
You know I think- I think we should celebrate because I think that's what he would have wanted.,Statement Opinion,Statement Opinion
[LAUGHTER] You're probably right.  He probably would be pissed if we were all sitting around being upset about it. He'd want us to have a party.,Agreement,Agreement
Yeah.,Agreement,Acknowledge
And to drink in his honor. [LAUGHTER],Statement Non Opinion ,Statement Non Opinion
"That's right.  That's right.  I mean he would want us to, you know, celebrate the life that he- that he lived and, you know, enjoy the rest of ours as much as we can.",Statement Opinion,Agreement
"Yeah, I know.",Agreement,Acknowledge
So-,Statement Non Opinion ,Backchannel
"Hey, what's up?",Question,Question
Guess what came today?,Question,Question
What?,Question,Question
My acceptance letter.,Answer,Statement Non Opinion
Get out.,Statement Non Opinion ,Command
From U.S.C..,Statement Non Opinion ,Statement Non Opinion
You serious?,Question,Question
"Yes, I am.",Answer,Answer
"Oh, my god what happened.  You got in. Otherwise you wouldn't be so happy. [LAUGHTER]",Statement Opinion,Statement Opinion
"Well yeah, that's the general idea. [LAUGHTER]",Agreement,Agreement
That's awesome.  Congratulations.,Statement Opinion,Agreement
Big bad acceptance packet with all the information.  I'm going to U.S.C..,Statement Non Opinion ,Statement Opinion
That's amazing.  Wow.,Statement Opinion,Acknowledge
I know. [LAUGHTER],Agreement,Acknowledge
You're going to have to get like a nine millimeter because U.S.C.'s like in South Central.,Statement Non Opinion ,Statement Opinion
"[LAUGHTER] Yeah, uh. No.",Disagreement,Disagreement
[LAUGHTER] It's safe around there.,Statement Non Opinion ,Statement Non Opinion
"No, seriously. No, seriously, you should do it.",Disagreement,Disagreement
The campus is beautiful. I'm so excited.,Statement Opinion,Statement Opinion
I know but you should get like a taser or something.  I mean walking around the campus at night-,Agreement,Statement Opinion
"Do you want to buy me some mace for my, you know, going away present?",Question,Question
I'll get you- I'll get you a bottle of mace.,Answer,Command
There we go.  Perfect.,Statement Opinion,Acknowledge
And a taser and a knife.,Statement Non Opinion ,Command
And a taser.  Excellent.  Just make sure it's a big knife.,Statement Opinion,Agreement
And you'll be fully loaded.,Statement Opinion,Command
I don't want any of those little puny ones.,Statement Opinion,Disagreement
"So, um- so what are you going to- what are you going to major in?",Question,Question
Well I was thinking maybe underwater basket weaving.,Answer,Statement Opinion
"Underwater basket weaving, my god.",Statement Opinion,Statement Opinion
"U.S.C. has a major in that, right.",Statement Non Opinion ,Acknowledge
They have- they have that,Question,Statement Non Opinion
They have - U.S.C. has everything because U.S.C. is the best school ever.,Answer,Statement Opinion
they have that as a major?,Question,Question
That's ridiculous.  I don't believe that.,Statement Opinion,Disagreement
Okay.  Well I'm lying but-,Agreement,Acknowledge
"Seriously, what's your major?",Question,Question
"Well, I haven't decided yet.  I want to try some things out.",Answer,Statement Opinion
So you're undecided?,Question,Question
Yeah.,Answer,Acknowledge
"Hey, that's cool.",Statement Opinion,Acknowledge
"I know 'cause then I can do whatever I want, right.  I can try classes in this and then try classes in that and then pick whatever I like best.",Agreement,Statement Opinion
"No, no.  It's totally cool.  I mean, like, this friend of mine he was- he's been undecided now for, like, the past like eleven years of his life.",Statement Opinion,Statement Opinion
okay.  Well I'm not going to be undecided forever. [LAUGHTER],Statement Opinion,Statement Opinion
"Uh, well-",Backchannel,Backchannel
And it's so close so you can come visit me all the time.,Statement Opinion,Statement Opinion
You- you- you'll find.,Statement Non Opinion ,Statement Non Opinion
"Yeah, I know.  That's right. Yeah, yeah. Because I live in LA.",Agreement,Backchannel
Right.,Agreement,Acknowledge
and I like living in LA.,Statement Opinion,Statement Opinion
"So this works out perfectly.  Because I was worried if I didn't get in to U.S.C., then I would have to go somewhere far away and then-",Statement Opinion,Agreement
"You'd have to, like go somewhere else, and, you know, we would be apart, and that would suck.",Statement Opinion,Statement Opinion
I would miss you.,Statement Opinion,Statement Opinion
Yeah. But now we don't have to.,Statement Non Opinion ,Disagreement
Right.,Agreement,Acknowledge
Everything worked out perfectly.,Statement Opinion,Statement Non Opinion
That's awesome.,Statement Opinion,Agreement
I know.  We should have a party.,Agreement,Agreement
We should have a party.,Statement Non Opinion ,Statement Opinion
An I got accepted to U.S.C. party.,Statement Non Opinion ,Statement Non Opinion
You got accepted-what?  to a U.S.C. party?,Question,Question
No.  An I got accepted to U.S.C. party. [LAUGHTER],Answer,Disagreement
"Oh, that's right. Okay, I see. Right, right, right.",Agreement,Backchannel
A party celebrating your acceptance.,Statement Non Opinion ,Statement Non Opinion
Right.  Now you're with me.,Agreement,Acknowledge
That's cool.,Statement Opinion,Acknowledge
That is why I got accepted.,Statement Opinion,Answer
"Well, that's really cool that you're going to be staying in the same city and everything. so umm",Statement Opinion,Acknowledge
I know.,Agreement,Acknowledge
"I don't know are you, like, I don't know.  Are you, like, available or anything?",Question,Question
[LAUGHTER] Are you asking me on a date?,Question,Question
"Well I mean I don't know.  It's like you know I kind of had a crush on you throughout high school and, like",Answer,Statement Opinion
"I don't know I just thought that, you know, maybe we could, you know, I don't know.  It's like, you know, just test the waters anyway.  I don't see what the problem is.",Statement Opinion,Statement Opinion
What- what did you have in mind?,Question,Question
"Movies- movie, we'll go to a movie and a dinner and- and",Answer,Statement Non Opinion
"actually, you know, there's this- there's this really cool restaurant, um, I don't know if you-  it's Red Lobster.  It's like down on",Statement Non Opinion ,Statement Opinion
[LAUGHTER],Others,Backchannel
Vermont.,Statement Non Opinion ,Statement Non Opinion
You just did not ask me on a date to Red Lobster.,Statement Non Opinion ,Statement Non Opinion
"Wait, you've been there before?",Question,Question
On occasion I've heard of it.,Answer,Acknowledge
"Oh, so well then you know that it's awesome.",Question,Statement Opinion
Yeah.  Totally.,Answer,Agreement
"Right, so we'll go there and then- and then we'll get some ice cream and maybe we'll go putt-putt golfing.",Statement Non Opinion ,Statement Non Opinion
I am totally down with the ice cream.,Statement Opinion,Agreement
Okay.  Putt-putt golfing?,Question,Backchannel
"Eh, we can work that part out.",Answer,Agreement
"Yeah, you want to go.  No, you want to go. You want to go.",Statement Opinion,Agreement
Alright.,Agreement,Acknowledge
I can see it in your eyes.  You want to go.,Statement Opinion,Statement Non Opinion
I think that'd be really fun actually.,Statement Opinion,Statement Opinion
Yeah.  So we'll do that and then- and then- and then tomorrow we'll have your,Statement Non Opinion ,Statement Non Opinion
party.,Statement Non Opinion ,Statement Non Opinion
your I got into U.S.C. graduate party. Yeah.,Statement Non Opinion ,Acknowledge
Well look at that.  What a great day.  I got into college and I got asked out on a date.,Statement Non Opinion ,Statement Opinion
Good. Alright we're so happy.,Statement Opinion,Statement Opinion
Yay for me.,Statement Non Opinion ,Statement Opinion
"That's right.  Um, so U.S.C. is a really nice school.",Statement Non Opinion ,Statement Opinion
I know.,Agreement,Acknowledge
Are you going to take out loans or-,Question,Question
Okay well that's not a happy part.  We don't want to talk about that.,Answer,Statement Opinion
"Well hey, it's okay, fine, gees.",Statement Opinion,Acknowledge
"Well no.  I mean I have some scholarships and some financial aid and stuff but I'll have to, you know, I'll get a job",Statement Non Opinion ,Disagreement
while I'm in school.  It'll be good.,Statement Non Opinion ,Statement Non Opinion
Sweet.,Statement Opinion,Acknowledge
Yeah.  It will work out.  Maybe I could work at Red Lobster.,Statement Opinion,Statement Opinion
"Well, it's not far.",Statement Non Opinion ,Statement Opinion
I know.  Right down the street.,Agreement,Acknowledge
"That's right.  There's lots of like, there's lots of doughnut shops, like, everywhere.",Statement Non Opinion ,Agreement
"Right, there's always that option. The doughnut thing.",Agreement,Acknowledge
I mean There's pretty much doughnut shops everywhere in LA.,Statement Non Opinion ,Statement Opinion
Right,Agreement,Acknowledge
"But, um-",Backchannel,Backchannel
and like most places really.,Statement Opinion,Statement Non Opinion
"I mean, like, I don't know.  I'm just saying if you need to make some extra cash.  You can, you know",Statement Non Opinion ,Statement Opinion
Work at a doughnut shop.,Statement Non Opinion ,Command
Or library.,Statement Opinion,Statement Non Opinion
"Maybe on campus, I hear they have jobs on campus.",Statement Opinion,Statement Opinion
I just said the library,Statement Non Opinion ,Statement Non Opinion
"or, um, campus cruiser.  You can drive people around.",Statement Opinion,Backchannel
Excellent.  Drive drunk people around because you know that's all campus cruisers for.,Statement Opinion,Disagreement
Right or you can run for student counsel.,Statement Opinion,Statement Non Opinion
"Okay.  No, that's dorky.",Disagreement,Disagreement
Dorky?,Question,Statement Opinion
Yeah.,Answer,Acknowledge
It's important.,Statement Opinion,Statement Non Opinion
Student counsel?,Question,Question
Yes.,Answer,Agreement
"No, it's dorky.",Disagreement,Disagreement
Fine.  It's dorky.,Agreement,Statement Opinion
Social life.  Hello.,Statement Non Opinion ,Greeting
But that'll fit you  because you're a dork.,Statement Opinion,Statement Opinion
[LAUGHTER].,Others,Backchannel
[LAUGHTER].,Others,Backchannel
[LAUGHTER].,Others,Backchannel
[LAUGHTER].,Others,Backchannel
I dork.,Statement Non Opinion ,Statement Non Opinion
"No.  But I'm thinking I might, you know, like audition for a play or something.  I don't really want to do the sorority thing.  I'm not really feeling that vibe with the",Statement Opinion,Disagreement
"Yeah, you don't want to do the sorority thing because you'll probably get used and abused by",Statement Opinion,Statement Opinion
ditsy valley girls and,Statement Opinion,Statement Opinion
lots of money and,Statement Opinion,Statement Non Opinion
lots of drunk frat boys,Statement Opinion,Statement Non Opinion
Right.,Agreement,Acknowledge
Yeah.,Agreement,Acknowledge
"But, hey. They have- they have- they have free, uh",Statement Non Opinion ,Greeting
What have you heard about the Greek system?,Question,Question
free buffets and free events.,Statement Non Opinion ,Statement Non Opinion
Free nothing. 'Cause you have to pay tons of money anyway.,Disagreement,Disagreement
"I mean it's not really free because you have to pay for it, but yeah.",Statement Opinion,Statement Opinion
Well do you think you're going to live on campus or off campus your first year?,Question,Question
"I think I'll live on campus the first year cause you  meet more people that way, right?",Answer,Statement Opinion
"Oh, yeah? In a dorm?",Question,Question
"Well, yeah.  I mean that's where you meet people, right.  Everybody lives in the dorms, right.",Answer,Statement Opinion
"I hate to break this to you but you meet people by being cool, so-",Statement Opinion,Statement Opinion
"Oh, oh, I'm sorry, my bad.  I'll have to, like, sign up for summer lessons from you before I go.  You can teach me how to be cool before I go to college.",Statement Opinion,Apology
"No, no, no.  You're right though.  I mean, you know, dorms are definitely the way to meet people.  I know that I was in an apartment off campus",Agreement,Agreement
"and I mean, you know, I knew my roommates and stuff but I there wasn't really that sense of community-",Statement Non Opinion ,Statement Opinion
Right.,Agreement,Acknowledge
"that happened, you know, that was going on.",Statement Non Opinion ,Acknowledge
So basically what you're saying is that I was right,Question,Agreement
I was just joking.  Gosh.  You don't have to take everything so- so seriously.,Answer,Disagreement
"I'm- I'm right, right.",Question,Statement Opinion
"Yes, you're right.",Answer,Agreement
That's what you're saying. I'm right. [LAUGHTER],Statement Non Opinion ,Disagreement
All hail to the,Statement Non Opinion ,Command
me.,Statement Non Opinion ,Statement Non Opinion
"to you, yes.",Agreement,Answer
"Sir, can- can you tell me which branch you went to.  We can start there.",Question,Question
"Yeah, Beverley Hills.",Answer,Acknowledge
"Okay.  Um, and what was the complaint?",Question,Question
The food was prepared incorrectly.,Answer,Statement Non Opinion
I asked for no tomatoes.,Statement Non Opinion ,Disagreement
"Can you be a little more specific, sir?",Question,Question
"I asked for no tomatoes on six tacos.  I got tomatoes and onions on all of them,",Answer,Command
"Um, hairs were found in three out of the six.",Statement Non Opinion ,Statement Non Opinion
"Did you try to take them back and get your order fixed, sir?",Question,Question
"Yeah.  I did and they're like you've got to take it up with corporate, and I'm like well fine.  I'll have your ass by the end of the day and so now I'm trying to do that.",Answer,Statement Opinion
"Well I'm very sorry, sir.  They should have dealt with it at that particular branch.  I apologize for that, uh, but we can help you.  That's no worries.  We can take care of that.  So how much did you need to be refunded?",Apology,Apology
"It was a hundred a sixty dollars.  I'm sorry, uh, sixteen dollars.",Statement Non Opinion ,Apology
"Okay.  Um, I'm going to go ahead and transfer you over to another department.  They'll need your address.",Statement Non Opinion ,Command
"Look, I don't want to be transferred over to another- All I want to do is just give you my name and address so you can send me a check.",Disagreement,Statement Opinion
"Okay.  You understand that's all I want. Just don't give me a problem with this.  Okay, please because I'm very sensitive right now",Statement Non Opinion ,Command
"and if I get sent to another operator, I'll have to tell them the same damn story again.  I don't- I think I'm just going to lose my mind.  So if you could please just not do that, that would be great.  Thank you.",Statement Opinion,Statement Opinion
"I understand, sir.  I will explain to them what the situa-",Statement Non Opinion ,Acknowledge
You don't understand because you've never gone to Del Taco and gotten the service that I've gotten.  You don't understand.,Disagreement,Disagreement
You're right sir.  It is your particular situation but I will call the other operator.  I will explain to them what's going on. You won't have to tell your story again.,Statement Non Opinion ,Agreement
You're not going to call the other operator. You're not going to call the the other operator.,Statement Non Opinion ,Command
You're going to fill out a form on your desk,Statement Non Opinion ,Command
because I know you're at a desk right now in your stupid corporate building and you're going to send me a check for sixteen dollars and forty two cents.,Statement Non Opinion ,Command
"Okay, sir.  They- they have to-",Statement Non Opinion ,Acknowledge
Sir.,Backchannel,Greeting
"Sir, they have to take down your address at the other station.  I will transfer.  I will explain everything to them.  It will all be fine.  I promise.",Statement Non Opinion ,Command
What's your name?,Question,Question
Cindy?,Answer,Question
Cinnee?,Question,Question
Cindy.,Answer,Statement Non Opinion
Cindy?  Cindy what?,Question,Question
"Sir, I don't think my name is really relevant-",Answer,Statement Opinion
"Cindy, look.  If you don't get your ass a piece of paper that has a check",Statement Non Opinion ,Command
"attached to it and you don't send it to me, I'm going to get very upset.",Statement Opinion,Command
"Alright, sir. Sir.  I'm going to transfer you to the address.",Statement Non Opinion ,Command
"Alright.  You know what, sir.  The customer is always right.",Agreement,Agreement
"You know what.  I- You know what? You know what? No, it's fine. it's fine it's fine You know what?",Statement Non Opinion ,Acknowledge
I will go ahead and I will take- I will take,Statement Non Opinion ,Command
"Hey, Cindy. Cindy, look I know this is not your fault.  Do whatever you want.",Statement Non Opinion ,Apology
Send me to whatever operator. I just- You know what?  I'm just done.  I'm just done.  I've lost all hope.,Statement Opinion,Command
"Sir, customer satisfaction is our first goal.  I will go ahead and take your number and your address down myself.",Statement Non Opinion ,Command
"of getting my sixteen dollars back. It fine, no honestly.",Statement Opinion,Acknowledge
"No, Cindy just don't even-look don't even.  Cuz I- look Cindy I know you don't care about me, okay.  I know that I'm just like another person who calls-",Statement Non Opinion ,Disagreement
Wait. But I-,Command,Command
But I'm giving you what you want.,Statement Non Opinion ,Command
No it doesn't matter.  It's fine.  It's fine.  Just send me to the next operator.  That's fine.,Statement Non Opinion ,Disagreement
"Okay.  If that's what you want, you want to go to the next person?",Question,Disagreement
Yes.,Answer,Agreement
Okay.  Great.,Acknowledge ,Acknowledge
What's he going to say?  Maybe we should tell him before he sees it.,Statement Opinion,Question
He saw it.,Statement Non Opinion ,Statement Non Opinion
When?,Question,Question
About four this morning.  I heard it cracking and I woke up and looked out.  He was standing right there when it cracked.,Answer,Answer
Did you talk to him?,Question,Question
"No, I figured the best thing was to leave him alone.",Answer,Disagreement
What was he doing out here at that hour?  He's dreaming about him again.  He's walking around at night.,Statement Opinion,Question
I guess he is.,Agreement,Statement Opinion
"I don't know the meaning of this, mom.  But I know one thing you made a terrible mistake with dad.",Answer,Disagreement
What?,Question,Question
"Being dishonest with him, that kind of thing always pays off and now it's paying off.",Answer,Statement Opinion
What do you mean dishonest?,Question,Question
You know that Larry's not coming back and I know it.  Why do we allow him to go on thinking that we believe with him?,Question,Question
"What do you want to do, argue with him?",Question,Question
I don't want to argue with him but it's time that he realizes that Larry's not coming back anymore.,Answer,Statement Opinion
"Why shouldn't he dream of him?  Walk the nights waiting for him?  Do we contradict him?  Do we say straight out that we have no hope anymore, that we haven't had any hope for years now?",Question,Question
You can't say that to him.,Answer,Disagreement
We've got to say it to him.,Command,Command
How are you going to prove it?  Can you prove it?,Question,Question
For God's sake three years.  Nobody comes back after three years.  It's insane.,Answer,Statement Opinion
To you it is and to me but not to him.  You can talk yourself blue in the face but there's no body and no grave so where are you?,Question,Disagreement
Sit down mom.  I want to talk to you.,Command,Command
The trouble is the goddamn newspapers.  Every month some boy turns up from nowhere so the next one is going to be Larry.,Statement Non Opinion ,Statement Opinion
"Alright, alright, alright.  Listen. You know why I asked Annie here don't you?",Question,Command
Why?,Question,Question
You know why.,Answer,Statement Non Opinion
Well I got an idea but what's the story?,Question,Question
I'm going to ask her to marry me.,Answer,Statement Non Opinion
"Well that's only your business, Chris.",Statement Opinion,Disagreement
You know it's not only my business.,Disagreement,Statement Opinion
What do you want me to do?  You're old enough to know your own mind.,Statement Opinion,Command
Then it's alright.  I'll go ahead with it.,Statement Non Opinion ,Agreement
Well you want to make sure that father isn't going to-,Statement Non Opinion ,Command
Then it isn't just my business.,Statement Non Opinion ,Statement Opinion
I'm just saying.,Statement Non Opinion ,Statement Opinion
Sometimes you infuriate me.  You know that?  Isn't it your business too if I tell this to father and he throws a fit about it.,Statement Opinion,Statement Opinion
Sometimes you have a- Sometimes you have a talent for ignoring things.,Statement Opinion,Statement Opinion
I ignore what I got to ignore. The girl is Larry's girl.,Statement Non Opinion ,Statement Opinion
She's not Larry's girl.,Disagreement,Statement Non Opinion
"From father's point of view, he's not dead and you have no right to take his girl.",Statement Non Opinion ,Statement Opinion
"Now you can go on from there and you know where to go, but I'm telling you I don't know where to go.  See I don't know.  Now what can I do for you?",Question,Statement Opinion
"I don't know why it is but every time I reach out for something I want, I have to pull back because other people will suffer. My whole bloody life time after time after time.",Statement Opinion,Statement Opinion
You're a considerate fellow.  There's nothing wrong in that.,Statement Opinion,Statement Opinion
To hell with that.,Disagreement,Disagreement
Did you ask Annie yet?,Question,Question
I wanted to get this settled first.,Answer,Statement Non Opinion
How do you know she'll marry you?  Maybe she feels the same way father does.,Question,Question
"Well if she does, then that's the end of it.  From her letters, I think she's forgotten him.  I'll find out.",Answer,Statement Opinion
"and then we'll thrash it out with dad, right mom.  Don't avoid me.",Command,Command
The trouble is you don't see enough women.  You never did.,Statement Opinion,Statement Opinion
So what I'm not fast with women.,Agreement,Statement Opinion
I don't see why it has to be Annie.,Statement Non Opinion ,Disagreement
Because it is.,Statement Non Opinion ,Statement Non Opinion
Well that's a good answer but it don't answer anything.  You haven't seen her since you went to war.  It's been five years.,Statement Non Opinion ,Disagreement
I can't help it.  I know her best.  I was brought up next door to her.,Statement Non Opinion ,Statement Opinion
"These years when I think of someone for my wife, I think of Annie.  What do you want, a diagram?",Question,Statement Opinion
"I don't want a diagram.  He thinks he's coming back, Chris.",Answer,Disagreement
You marry that girl.  You're pronouncing him dead.  Now what happens to your father?  Do you know because I don't?,Question,Command
Alright then mom.,Acknowledge ,Acknowledge
Just give it some more thought.,Command,Command
"I've given it three years of thought.  I hoped that if I waited, dad would forget about Larry",Statement Non Opinion ,Statement Opinion
"and everything would be happy and we would have a regular wedding.  But if that can't happen here, then I'll have to get out.",Statement Non Opinion ,Statement Opinion
What the hell is this?,Question,Question
"I'll get out.  I'll get married and live someplace else, maybe New York.",Answer,Command
Are you crazy?,Question,Question
I've been a good son too long.  A good sucker I'm through with it.,Answer,Statement Opinion
You've got a business here.  What the hell is this?,Question,Question
"The business, the business doesn't inspire me.",Answer,Statement Opinion
Must you be inspired?,Question,Question
"Yes, I like it an hour a day.  If I have to grub for money all day long, at least at evening I want it beautiful.",Answer,Answer
I want- I want a family.  I want some kids.  I want to build something I give myself to.  Annie is in the middle of that.  Now where do I find it?,Statement Non Opinion ,Statement Opinion
You mean-tell me something you mean you'd really leave the business?,Question,Question
Yes on this I would.,Answer,Agreement
Well you don't want to think that way.,Statement Opinion,Disagreement
Then you help me stay here.,Command,Command
Alright but don't think that way,Statement Non Opinion ,Command
"because what the hell did we work for?  This whole shooting match is just for you, Chris.",Statement Non Opinion ,Question
I know.  Just you help me stay here.,Agreement,Acknowledge
But don't think that way.  You hear me?,Question,Command
I am thinking that way.,Answer,Statement Opinion
I don't understand you do I?,Question,Disagreement
No.  I'm a pretty tough guy.,Answer,Disagreement
Yeah.  I can see that.,Statement Non Opinion ,Acknowledge
Why did he invite her?,Question,Question
Why does that bother you?,Question,Question
It's been three years.  Why all of a sudden?,Question,Question
Well maybe- maybe he just wanted to see her again.,Answer,Statement Opinion
Don't look at me like that.  He didn't tell me anymore than he told you.,Command,Command
She's not going to marry him.,Command,Statement Opinion
How do you know he's even thinking about it?,Question,Question
It's got that about it.,Answer,Statement Opinion
Listen kid.,Command,Command
"No, line.",Disagreement,Disagreement
"Uh, Then why is she still-she's not his girl, Joe",Statement Opinion,Question
"She's not his girl, Joe.  She knows she's not.",Statement Opinion,Statement Opinion
Probably a hundred people told her she's foolish but she's waited.,Answer,Statement Opinion
How do you know why she waited?,Question,Question
Because she knows what I know that's why.  She's faithful as a rock.,Answer,Statement Opinion
"In my worst moments, I think of her waiting and I know again that I'm right.",Statement Opinion,Statement Opinion
Look it's a nice day.  What are we arguing for?,Question,Question
"Nobody in this house dares take her faith away, Joe.  Strangers might but not his father, not his brother.",Statement Opinion,Statement Opinion
What do you want me to do?,Question,Command
"I want you to act like he's coming back, both of you.  Don't think I haven't noticed you since he invited her.  I won't stand for any nonsense.",Answer,Command
But Kate-,Backchannel,Backchannel
"Because if he's not coming back, I'll kill myself.",Statement Opinion,Statement Opinion
"Laugh, laugh at me, but why did that happen the very night she came back?",Statement Non Opinion ,Question
"She goes to sleep in his room and his memorial breaks in pieces.  Look, look at it.  Joe-",Statement Non Opinion ,Command
Calm yourself.,Command,Command
"Believe with me, Joe.  I can't stand alone.",Statement Non Opinion ,Command
Calm yourself.,Command,Command
Just last week a man showed up in Detroit missing longer than Larry.  You read it yourself.,Statement Non Opinion ,Statement Non Opinion
Alright.  Alright.  Calm yourself.,Command,Command
You above all have got to believe.  You.,Command,Command
Why me above all?,Question,Question
Just don't stop believing.,Answer,Command
"What does that mean, me above all?  Look at you.  You're shaking.",Statement Non Opinion ,Question
I can't help it.,Statement Opinion,Statement Non Opinion
What have I got to hide?  What the hell is matter with you Kate?,Question,Question
You're the only one I know who loves his parents.,Statement Non Opinion ,Statement Opinion
I know it went out of style didn't it?,Question,Statement Opinion
It's okay.  It's a good thing.,Answer,Agreement
You know it's lovely here.  The air is sweet.,Statement Opinion,Statement Opinion
You're not sorry you came.,Question,Statement Opinion
"Not sorry, no but I'm not staying.",Answer,Disagreement
Well.,Backchannel,Backchannel
You saw that and you- you've been kind of-,Statement Non Opinion ,Statement Non Opinion
What?,Question,Question
Well kind of embarrassed ever since I got here.,Answer,Statement Opinion
The trouble is I planned on sneaking up on you over a period of a week or so but they take it for granted that we're all set.,Statement Non Opinion ,Statement Opinion
"I knew they would, your mother anyway.",Agreement,Statement Opinion
Wouldn't you want to?,Question,Question
I guess you know this is why I asked you to come.,Statement Opinion,Statement Opinion
I guess this is why I came.,Statement Opinion,Statement Opinion
"Ann, I love you.  I love you a great deal.  I love you.",Statement Opinion,Statement Opinion
I have no imagination that's all I know to tell you.,Statement Non Opinion ,Statement Opinion
I'm embarrassing you.  I didn't want to tell it to you here.  I,Statement Non Opinion ,Apology
"wanted some place we'd never been, a place where we'd be brand new to each other.",Statement Opinion,Statement Non Opinion
"You think this is wrong, this chair, this yard.  I want you to be ready for me.  I don't want to win you away from anything.",Statement Opinion,Statement Opinion
"Chris, I've been ready a long, long time.",Statement Non Opinion ,Command
And he's gone forever.  You're sure?,Question,Disagreement
I almost got married two years ago.,Answer,Statement Non Opinion
Why didn't you?,Question,Question
You started to write me.,Answer,Statement Non Opinion
You felt something that far back?,Question,Statement Non Opinion
Every day since.,Answer,Statement Non Opinion
"Ann, why didn't you let me know?",Question,Question
"I was waiting for you, Chris.  Till then you never wrote and then when you did what did you say.  I mean you sure can be ambiguous you know.",Answer,Statement Opinion
"Give me a kiss, Ann.  Give me a-God I kissed you.",Command,Command
"I kissed Annie.  How long, how long I've been waiting to kiss you.",Statement Opinion,Statement Opinion
I'll never forgive you.  Why did you wait all these years?  All I've done is sit and wonder if I was crazy for thinking of you.,Statement Opinion,Statement Opinion
"Annie, we're going to live now.  I'm going to make you so happy.",Statement Opinion,Command
Not like that you're not.,Statement Opinion,Disagreement
I kissed you.,Statement Non Opinion ,Statement Non Opinion
"Like Larry's brother.  Do it like you, Chris.",Statement Opinion,Command
What is it Chris?,Question,Question
Let's drive some place.  I want to be alone with you.,Answer,Command
"No.  What is it Chris, your mother?",Question,Disagreement
"No, nothing like that.",Answer,Disagreement
Well then what's wrong?  Even in your letters there was something ashamed.,Question,Question
Yes.  I suppose I have been but it's going from me.,Answer,Statement Opinion
You've got to tell me.,Command,Command
I don't know where to start.,Statement Non Opinion ,Statement Non Opinion
It wouldn't work this way.,Statement Non Opinion ,Disagreement
There's so many things mixed up.,Statement Non Opinion ,Statement Opinion
You remember overseas I was in command of a company?,Question,Statement Non Opinion
"Yeah, sure.",Answer,Agreement
Well I lost them.,Statement Non Opinion ,Statement Non Opinion
How many?,Question,Question
Just about all.,Answer,Statement Non Opinion
"Oh, gees.",Backchannel,Apology
It takes a lot of time to toss that off because they weren't just men.,Statement Opinion,Statement Opinion
"For instance, one time it had been raining several days and this kid came to me and gave me his last pair of dry socks.",Statement Non Opinion ,Statement Non Opinion
I put them in my pocket. that's only a little thing but these are the kind of guys I had.,Statement Non Opinion ,Statement Non Opinion
They didn't die.  They killed themselves for each other.  I mean that exactly.  A little more selfish and they'd have been here today.,Statement Opinion,Statement Opinion
"And I got this idea watching them go down.  Everything was being destroyed see, but it seemed to me that there was one new thing that was made",Statement Opinion,Statement Opinion
a sort of responsibility man for man.  You understand me?,Question,Question
And then I came home and it was amazing.,Statement Non Opinion ,Statement Opinion
There was no meaning in it here.,Statement Opinion,Statement Non Opinion
The whole thing to them was sort of a bus accident. Then I went to work with father and that whole rat race again.,Statement Non Opinion ,Statement Non Opinion
"I felt, what you said, ashamed somehow",Statement Non Opinion ,Statement Opinion
because nobody was changed at all.  It seemed to make suckers out of a lot of guys.,Statement Non Opinion ,Statement Opinion
"I felt wrong to be alive, to open the new bank book, to drive the new car, to see the new refrigerator.",Statement Non Opinion ,Statement Opinion
I mean you can take those things out of war but,Statement Opinion,Statement Opinion
"when you drive the new car, you have to know that it came out of the love a man can have for a man.  You've got to be a little better because of that.",Statement Opinion,Statement Opinion
Otherwise what you have is really just loot and there's blood on it.  I didn't want to take any of it.,Statement Opinion,Statement Opinion
I guess that included you.,Statement Opinion,Statement Opinion
And do you still feel that way?,Question,Question
"I want you now, Annie.",Answer,Command
"Because you mustn't feel that way anymore because you have a right to whatever you have, Chris, do you understand, everything",Statement Opinion,Command
that includes me.  And your money there's nothing wrong in your money.  Your father put hundreds of planes in the air.,Statement Opinion,Statement Opinion
You should be proud.  A man should be paid for that.,Statement Opinion,Statement Opinion
"Annie, Annie I'm going to make a fortune for you.",Statement Opinion,Command
What'll I do with a fortune?,Question,Question
What time is it?  They're supposed to run around midnight.  This is great isn't it?  Look at this night we've got here.  It couldn't be better.,Question,Question
"Actually, I wanted to go a little farther up the coast, get away from the lights and the people, but I was afraid to miss it.  How you doing?",Question,Answer
Fine.,Answer,Acknowledge
"Is that, is that-that's just foam isn't it?  I can't even tell",Statement Non Opinion ,Question
"although if you can't tell, it probably isn't them.  It will probably be unmistakable.  Don't you think?  How you doing?",Question,Question
"Oh, no you know what I did?  I forgot my flashlight.  How could I be so stupid I forgot my flashlight.",Statement Non Opinion ,Apology
What flashlight?,Question,Question
"The flashlight, the silver one.  There's only one isn't there?",Answer,Question
It's ours.  It's mine too.,Answer,Agreement
Well sure.,Agreement,Agreement
You kept saying my flashlight as if it somehow is just yours.  How's that supposed to make me feel?,Question,Disagreement
"No of course our flashlight, yours and mine, mi flashlight es su flashlight naturally.  How could we not think to bring it?",Answer,Agreement
I hope the moon stays out.  I wonder do they always run during a full moon.  I can't remember if it was full last year.  Remember?,Question,Statement Opinion
Yes.,Answer,Agreement
"Are you cold?  Do you want my jacket?  We should have brought the blanket, our blanket.",Statement Non Opinion ,Question
"Ah, this is great, isn't it?  I didn't even think to bring a six-pack.  A six-pack would be just the ticket right about now.",Statement Non Opinion ,Statement Opinion
I can't believe I forgot.  I'm like a kid.  It's amazing I got out of the house with my fly zipped.,Statement Opinion,Apology
"Oh, I wonder if they can hear me talk or feel the vibrations in the sand when we move around?",Question,Question
I'm cold.,Statement Non Opinion ,Statement Non Opinion
Do you want my jacket?,Question,Question
It's after eleven let's go home.,Statement Non Opinion ,Command
Are you kidding?  We'd miss it.  We just got here.  What's the point of coming down here if we just turn around and go home?,Question,Disagreement
There is no point in coming down here.,Answer,Statement Opinion
Right.,Backchannel,Acknowledge
That's my point.,Statement Non Opinion ,Statement Opinion
That's my point too.,Agreement,Agreement
So let's go home.,Command,Command
"No, no, no.  That's not my point.  My point is is that there's no point in coming down here if we just leave.  Don't you want to see it?",Question,Disagreement
Not particularly.,Answer,Disagreement
Why not?,Question,Question
I just don't.  It's stupid.,Answer,Disagreement
Honey this is natural phenomenon.  I mean this only happens once a year.  This is a great opportunity.,Statement Non Opinion ,Statement Opinion
Think about the people in Kansas.  They'd have to get plane tickets and hotel reservations to come see this.  We're just forty minutes away.  It's too good to pass up.,Statement Non Opinion ,Statement Opinion
"Pass up what?  These little fish swim onto the beach, flop around, and then swim away and then they die.",Statement Non Opinion ,Question
"Yeah but that moment on the beach is the highlight of their little lives.  All that flopping around is laying eggs or what do you, spawning or mating something like that.",Statement Non Opinion ,Statement Opinion
This is the big night for these guys.  Life's last orgy.,Statement Opinion,Statement Non Opinion
What are you so excited about?  This isn't a moon landing we're talking about.  It's fish.  It's fish nobody even eats.,Statement Opinion,Disagreement
"Yeah, they do.",Disagreement,Agreement
"Oh, Augie.",Backchannel,Acknowledge
Okay but it's fish who do something none of the other fish do,Statement Non Opinion ,Statement Opinion
"like the swallows returning to Capistrano or the lemmings throwing themselves off the cliffs, like that.  There's mystery here and magic",Statement Non Opinion ,Statement Opinion
a little bit of the unexplainable.  I don't see how you cannot be interested.,Statement Opinion,Statement Opinion
I'm just not.,Statement Non Opinion ,Statement Non Opinion
For real?,Question,Question
Yes.,Answer,Agreement
I don't get it.  The first time we came here to see it you said it was the best night of your life and last year I remember distinctly you were so excited to get here.  You stubbed your toe rushing me out the door and didn't even notice until we were in the car.,Statement Non Opinion ,Disagreement
Last year you will also remember our shoes got wet.  I got sand in my panties.  We got in a big fight over nothing.  You got a sore throat and we did not see the Grunions.,Statement Non Opinion ,Statement Non Opinion
We weren't in a good spot.,Statement Opinion,Statement Non Opinion
We didn't see them the first time either.,Statement Non Opinion ,Statement Non Opinion
We just weren't in a good spot.  This is a much better spot.,Statement Opinion,Statement Opinion
"I've got good instincts for these things.  Look there. What's that.  Is that?  Is that, is that-no it's just seaweed isn't it.",Question,Question
"Ah, man this is great.  I wouldn't miss this for anything.  I mean think about this.  I know you're not interested but just think about this for a minute.",Command,Statement Opinion
Out there someplace there's this huge mass of silver fish heading this way.  They don't know why.  We don't know why.  It wasn't a decision.  They didn't take a vote.,Statement Non Opinion ,Statement Non Opinion
No one sent them a map or an invitation.  Just some little instinctual time release firecracker went off in their little bodies and all as one. They turned and formed a line as long as the California coast and started swimming.,Statement Non Opinion ,Statement Non Opinion
They're swimming right now as if that's the only thing that matters.,Statement Non Opinion ,Statement Opinion
It's single mindedness with no mind.  Urgency that's pure urge.,Statement Opinion,Statement Opinion
They don't know what drives them.  They don't give it a name or ask question.  They just turn as one and start the swim that brings them here to this place,Statement Non Opinion ,Statement Non Opinion
where we stand for massive celebration of sex and death.,Statement Non Opinion ,Statement Opinion
"Ah, I'm giving myself goose bumps.  All my hairs are popping up.",Statement Non Opinion ,Statement Non Opinion
That's the wind.,Statement Non Opinion ,Statement Non Opinion
Well so what do you think?,Question,Question
About what?,Question,Question
What I said.,Answer,Question
It's ridiculous.,Statement Opinion,Statement Opinion
"Well, so what do you think?",Question,Question
About what?,Question,Question
What I said.,Answer,Question
It's ridiculous.,Statement Opinion,Statement Opinion
It certainly is not.  It's slightly exaggerated scientific fact.,Disagreement,Disagreement
It's PR.  Somebody sold you a bill of goods that this wonderful event is going to take place on the beach.,Statement Opinion,Statement Opinion
I'm not the only one.  Look at these people.,Disagreement,Disagreement
"Well sure everybody's told the same story.  It keeps us all coming back for more.  It keeps us all excited, keeps us thinking that life is going to start any minute now if we can just find the right spot and get in on the action.",Statement Opinion,Statement Opinion
Are we talking about the same thing?,Question,Question
Well I'm sorry but it's still just fish to me.,Answer,Apology
"Carla, can I ask you something?  Don't take this the wrong way but are you having your period?",Question,Question
Goddamn it Augie don't ask me that.  You always ask me that.  I hate it when you ask me that.  It's insulting.,Answer,Disagreement
Well then what's bugging you?,Question,Question
We just have different ideas about what this evening is supposed to look like.,Answer,Disagreement
"There's nothing to it.  We come down here.  The grunions arrive.  They do their little fish business.  We go oh, ah look at the fish.  They go home.  We go home.",Statement Non Opinion ,Statement Non Opinion
"For heaven's sake, this is not about fish.",Statement Opinion,Disagreement
Why not?,Question,Question
We totally skipped. Right.,Answer,Acknowledge
"There's nothing to it.  We come down here.  The grunions arrive.  They do the little fish business.  We go oh, ah look at the fish.  They go home.  We go home.",Statement Non Opinion ,Statement Non Opinion
"For heaven's sake, grow up we are not going to see the Grunions.",Statement Opinion,Command
Why not?,Question,Question
We never do.  Do we have we ever?,Question,Disagreement
We've missed them twice that's not ever.,Answer,Disagreement
Twice is every time we've tried that's ever.,Statement Non Opinion ,Statement Non Opinion
We'll see them this year.,Statement Opinion,Statement Non Opinion
"No, we won't.  It's pointless.  It's like waiting up to see Santa Clause.",Disagreement,Disagreement
"God I feel as though my entire life is going to be spent standing on the beach with my eyes wide open and my hands clasped expectantly waiting for the fish to show up,",Statement Opinion,Statement Opinion
and the fish won't show up.,Statement Non Opinion ,Disagreement
I thought you wanted to see it.,Statement Opinion,Statement Opinion
You don't understand anything I'm saying.,Statement Non Opinion ,Disagreement
"No, of course not.",Disagreement,Disagreement
I did want to see it.  I always do.  I keep thinking that this time will be the time but it never is.,Statement Opinion,Statement Opinion
It's just a fish.  Nothing to get traumatized over.,Statement Opinion,Statement Opinion
"For heaven's sake, this is not about fish.",Statement Non Opinion ,Disagreement
I've been trying to work this backwards but I can't seem to pinpoint the moment when we took a turn for the worse.  You were fine during the phone call from Marge.  Dinner was okay.  Doing the dishes was no problem.,Statement Non Opinion ,Statement Opinion
Let's see I took a shower.  You watched the news.  You said the Grunions are running tonight. I said great let's go.  I feel lucky tonight.,Statement Non Opinion ,Statement Opinion
"Okay.  Uh, so I'm putting on my jacket, putting out the animals.  We're getting the car out of the garage.",Statement Non Opinion ,Statement Non Opinion
Do you remember the first time we came to see it?  It was about four years ago right after we got married.,Statement Non Opinion ,Question
We thought I was pregnant and we had a bottle of champagne but no glasses.  You asked me to dance.  So we took off our shoes,Statement Non Opinion ,Statement Non Opinion
"and you popped the cork and while we were dancing, you said the softest most intimate things to me",Statement Non Opinion ,Statement Non Opinion
right into my ear so that I could hear them as much as- so that I could feel them as much as hear them.,Statement Non Opinion ,Statement Non Opinion
"And I remember thinking this is it.  At last, at last I'm as happy as I'm supposed to be.",Statement Non Opinion ,Statement Opinion
Wait a minute.  I've got it.,Command,Command
"Dancing barefoot in the sand, drinking champagne from the bottle.",Statement Non Opinion ,Statement Non Opinion
"It was in the car right.  Driving past the Knickerbocker Liquor Locker, you said let's get some champagne and I said times a wasting or something like that.  Right?",Question,Question
"That's it, right?  You want this to be like the other time, right.  That's it.",Answer,Question
I would rather not remember some things.  I would rather not hope for some things.,Statement Opinion,Statement Opinion
Okay.  Right.  I got it.  Sure.  Of course.  Listen you want to dance?,Question,Backchannel
No.,Answer,Disagreement
You want me to get some champagne?,Question,Question
No.,Answer,Disagreement
Take off our shoes?,Question,Question
No.  No.,Answer,Disagreement
Well what?  Want me to breath in your ear?,Question,Question
No.,Answer,Disagreement
Want to get married again?,Question,Question
No.,Answer,Disagreement
What?  What do you want a divorce?,Question,Question
No.,Answer,Disagreement
A vacation?,Question,Question
No.,Answer,Disagreement
"A new carpet, a poodle, a backrub, ice cream, a suicide pact.  What?  What?  Carla what the hell do you want?",Question,Question
I want something to turn out the way it's supposed to.,Answer,Statement Opinion
Well welcome to the human race.  You think this is what I had in mind.,Question,Greeting
"Do you think that when I proposed, I had this great fantasy going that four years down the line we'd come to the beach and yell at each other over fish.",Question,Question
Do you think that I knew that there'd be times when you'd look at me like I'm a used Kleenex and times I would look at you and think holy hell when's the next flight to Alaska.,Question,Question
"No, no I'm just like you.  I thought it was going to be all peaches and roses and sand in our hair and wind in our",Statement Opinion,Disagreement
"Sand in our toes and wind in our hair and the fish will always come and the bills will always pay themselves and ha, ha baby the jokes on us.  Because you know what you get,",Statement Opinion,Statement Opinion
"you know what you get Carla, this.",Statement Non Opinion ,Statement Opinion
"This what, what is this?  This isn't even anything.",Statement Non Opinion ,Question
Yes it is.,Disagreement,Agreement
"Oh, right, sure this is standing on the beach.  This is waiting.  This is fighting.",Statement Opinion,Statement Non Opinion
Right.,Agreement,Acknowledge
But this isn't anything like I thought anything would be like.,Statement Opinion,Disagreement
"No, I know me either.",Disagreement,Disagreement
"This is just this.  I mean it includes a lot in everything but it's just not, you know, something else.  Do you have any idea what I'm trying to say?",Question,Question
I'm doing the best I can.,Answer,Statement Non Opinion
"I know you are, Augie.  Really I do.  I know you wanted this to be special and nice and it's the full moon and the sand and all but I just couldn't help thinking about being somewhere else.",Agreement,Acknowledge
Maybe if you were with somebody else too.,Statement Opinion,Statement Opinion
I didn't say that.,Disagreement,Disagreement
"No, I know but still.  I know I don't make you happy.",Agreement,Disagreement
"For heaven's sake, whatever I'm doing I'd rather be doing it with you.",Statement Opinion,Statement Opinion
Yeah?,Question,Backchannel
Well don't be ridiculous.  Don't you know that?  You're the one who probably wishes you were with somebody else,Answer,Disagreement
somebody who knew how to enjoy herself and didn't take everything so hard.,Statement Opinion,Statement Opinion
"Actually now that you mention it, no I don't.",Disagreement,Disagreement
Okay.  Fine.  So we're in the wrong spot but we're with the right person.,Statement Opinion,Acknowledge
I don't know.  It seemed like a good spot to me.,Statement Opinion,Statement Opinion
I mean look at the view you've got of the moon from here.,Statement Non Opinion ,Statement Opinion
"Yeah, I noticed that.  Looks pretty on the water doesn't it, big old white moon.",Statement Opinion,Statement Opinion
Well look at what we got here.,Statement Non Opinion ,Statement Non Opinion
"Oh, Augie you brought refreshments.",Statement Non Opinion ,Acknowledge
It's not champagne.,Statement Non Opinion ,Disagreement
Well then I guess we don't need glasses.,Statement Non Opinion ,Disagreement
You still cold?  Do you want to go home?,Question,Question
I'm beginning to think you might be right.  I think this may be the spot after all.  Augie I'm sorry.,Answer,Agreement
"Shh.  If we're very quiet, the fish might come.",Statement Opinion,Command
Or not.,Statement Opinion,Disagreement
Or not.,Agreement,Disagreement
I wonder.,Answer,Statement Opinion
Nobody knows we're here except Freda and she wouldn't ring up.,Statement Non Opinion ,Statement Non Opinion
It must be them then.,Statement Non Opinion ,Statement Opinion
Well what are we going to do?,Question,Question
"We'll be alright, darling.  Whatever happens, aren't we?",Statement Non Opinion ,Statement Opinion
Now and always sweet.,Agreement,Statement Opinion
I don't care then.,Statement Non Opinion ,Disagreement
It was bound to come sooner or later.,Statement Non Opinion ,Statement Opinion
Hello.  Hello.  What?  Wrong number.,Statement Non Opinion ,Statement Non Opinion
Ahh.  It sent shivers up my spine.,Statement Non Opinion ,Statement Opinion
What shall we do if they suddenly walk in on us?,Question,Question
Behave exquisitely.,Answer,Command
With the most perfect poise.,Statement Non Opinion ,Statement Non Opinion
Certainly I shall probably do a court curtsy.,Agreement,Statement Opinion
"Things that ought to matter dreadfully don't matter at all when one's happy, do they?",Question,Question
What is so horrible is that one can't stay happy.,Answer,Statement Opinion
"Don't say that, my darling.",Command,Command
It's true the whole business is very poor joke.,Statement Opinion,Disagreement
Meaning that sacred and beautiful thing love.,Question,Statement Opinion
"Yes, meaning just that.",Answer,Agreement
What does it all mean?  That's what I asked myself in my ceaseless quest for ultimate truth.  Dear God what does it all mean?,Question,Question
Don't laugh at me.  I'm serious.,Command,Command
"You mustn't be serious, my darling.  It's just what they want.",Statement Opinion,Command
Who's they?,Question,Question
All the futile moralists who try to make life unbearable.,Answer,Statement Opinion
"Laugh at them, be flippant, laugh at everything, all their sacred shibboleths",Statement Opinion,Command
flippancy brings out the acid in their damn sweetness and light.,Statement Opinion,Statement Opinion
"If I must laugh at everything, I must laugh at us too.",Statement Opinion,Statement Opinion
Certainly you must.  We are figures of fun alright.,Agreement,Statement Opinion
"Oh, how long will it last, this ludicrous, over-bearing love of ours?",Question,Statement Opinion
Well who knows?,Answer,Question
We always want to bicker and fight.,Statement Opinion,Statement Opinion
No that fire will fade long with our passion.,Disagreement,Disagreement
"Oh, dear shall we like that?",Question,Statement Opinion
It all depends on how well we've played.,Answer,Statement Opinion
What happens if one of us dies?  Does the one that's left still laugh?,Question,Question
Yes.  Yes.  with all his might.,Answer,Agreement
"Well that's serious enough, isn't it?",Question,Statement Opinion
"No, no it isn't.  Death is very laughable such a cunning little mystery.  All done with mirrors.",Answer,Disagreement
"Darling, I believe you're talking nonsense.",Statement Opinion,Disagreement
So is everyone else in the long run.  Let's be superficial and pity the poor philosophers.,Statement Opinion,Statement Opinion
Let's blow trumpets and squeakers and enjoy the party as much as we can like small quite idiotic little school children.,Statement Opinion,Command
Let's savor the delight of the moment.  Come and kiss me darling before your body rots and worms pop in and out of your eye sockets.,Statement Opinion,Command
"Elliott, worms don't pop.",Statement Non Opinion ,Statement Non Opinion
"I don't mind what you do, see. you can paint yourself green all over",Statement Opinion,Statement Opinion
and dance naked in the place Place Vendome and rush away with all the men in the world and I shan't say a word as long as you love me best.,Statement Opinion,Command
"Thank you, dear.  The same applies to you except that if I catch you so much as looking at another woman, I'll kill you.",Statement Opinion,Statement Opinion
Do you remember that awful scene in Venice?,Question,Question
Which particular one?,Question,Question
The one where you bought that little painted wooden snake and put it on my bed.,Answer,Statement Non Opinion
"Oh, Charles.  That was his name.  Charles he did wriggle so beautifully.",Statement Non Opinion ,Statement Opinion
Horrible thing.  I hated it.,Statement Opinion,Statement Opinion
"Yes, I know you did.  You threw him out of the window into the Grand Canal.  I don't think I'll ever forgive you for that.",Agreement,Disagreement
How long did that row last?,Question,Question
It went on intermittently for days.,Answer,Statement Non Opinion
The worst one was in Cannes when your curling irons burnt holes in my dressing gown.,Statement Non Opinion ,Statement Opinion
It burnt my comb too and all the towels in the bathroom.,Statement Non Opinion ,Statement Non Opinion
"Ah, we were much younger then.  That was a rouser wasn't it?",Question,Statement Opinion
That was the first time you ever hit me.,Answer,Statement Non Opinion
You didn't hit me- I didn't hit you very hard.,Statement Opinion,Disagreement
Then the manager came in and found us rolling about on the floor biting and scratching like panthers.,Statement Non Opinion ,Statement Non Opinion
I shall never forget his face.,Statement Non Opinion ,Statement Opinion
"How ridiculous.  How utterly, utterly ridiculous.",Statement Opinion,Disagreement
We were very much younger then.,Statement Non Opinion ,Statement Non Opinion
And very much sillier.,Statement Opinion,Statement Opinion
"As a matter of fact, the real cause of that row was Peter Burden.",Statement Non Opinion ,Statement Opinion
"As a matter of fact, the real cause of that row was Peter Burden.",Statement Non Opinion ,Statement Opinion
"There was nothing in that, you know that.",Disagreement,Disagreement
I knew nothing of the sort.  You took presents from him.,Statement Non Opinion ,Disagreement
Presents a trivial little broach.,Statement Non Opinion ,Statement Non Opinion
I remember it well bristling with diamonds in the worst possible taste.,Statement Non Opinion ,Statement Opinion
Not at all.  It was very pretty.  I still have it and I wear it often.,Disagreement,Agreement
You went out of your way to torture me over Peter Burden.,Statement Non Opinion ,Statement Opinion
I did not.  You made the whole thing up in your jealous imagination.,Disagreement,Disagreement
"You must admit that he was in love with you, wasn't he?",Question,Question
"Just a little perhaps, nothing serious.",Answer,Answer
You let him kiss you.  You said you did.,Statement Non Opinion ,Command
What of it?,Question,Question
What of it?,Backchannel,Question
It gave him a lot of pleasure and it didn't hurt me.,Statement Non Opinion ,Statement Opinion
What about me?,Question,Question
"If you hadn't been so nosey, you never would have known a thing about it.",Answer,Statement Opinion
"That's a nice point of view, I must say.",Statement Opinion,Statement Opinion
"Oh, dear.  I'm bored with this conversation.",Statement Opinion,Statement Opinion
So am I.  Bored stiff.  Want some brandy?,Question,Agreement
No thanks.,Answer,Acknowledge
"I'll have some myself, I think.",Statement Non Opinion ,Statement Opinion
I don't see why you want it.  You've already had two glasses.,Statement Non Opinion ,Disagreement
No particular reason.  Anyway they were very small ones.,Statement Non Opinion ,Statement Non Opinion
seems so silly to go on and on and on with such a thing.,Statement Opinion,Statement Opinion
You can hardly call three liquor glasses in the whole evening going on and on and on.,Statement Opinion,Disagreement
It's become a habit with you.,Statement Opinion,Statement Opinion
You needn't be so grand just because you don't happen to want any at the moment.,Statement Opinion,Disagreement
"Oh, don't be so stupid.",Statement Opinion,Disagreement
"Really, Amanda.",Disagreement,Disagreement
What?,Question,Question
Nothing.,Answer,Acknowledge
"Going somewhere, my dear?",Question,Question
Just making myself fascinating for you.,Answer,Statement Non Opinion
"Ah, that reply has broken my heart.",Statement Non Opinion ,Disagreement
The woman's job is to allure the man.  Watch me a minute will you.,Statement Opinion,Statement Opinion
"As a matter of fact, that's perfectly true.",Agreement,Agreement
"Oh, no it isn't",Disagreement,Disagreement
"Yes, it is.",Disagreement,Agreement
"Oh, be quiet.",Command,Command
It's a pity you don't have anymore brandy.  It might have made you a little less disagreeable.,Statement Opinion,Statement Opinion
It doesn't seem to have worked such wonders with you.,Statement Opinion,Disagreement
"Snap, snap, snap like a little adder.",Statement Opinion,Command
Adders don't snap they sting.,Disagreement,Statement Non Opinion
Non-sense they have bags of venom behind their fangs and they snap.,Disagreement,Disagreement
They sting.,Disagreement,Statement Non Opinion
They snap.,Disagreement,Command
"I don't care, okay.  Do you understand?  I don't care.  I don't mind if they bark and roll about like hoops.",Statement Opinion,Disagreement
Did you see much of Peter Burden after our divorce?,Question,Question
"Yes, I did quite a lot.",Answer,Answer
I suppose you let him kiss you a good deal more then.,Statement Opinion,Statement Opinion
Mind your own business.,Command,Command
"You must have had a riotous time.  No restraint at all, very enjoyable, you never had much anyhow.",Statement Opinion,Statement Opinion
You're quite insufferable.  I expect it's because you're drunk.,Statement Opinion,Disagreement
I'm not in the least drunk.,Disagreement,Disagreement
You always had a weak head.,Statement Opinion,Statement Opinion
I think I mentioned once before that I had three minute liquor glasses of brandy the whole evening long.  A child of two couldn't get drunk on that.,Statement Opinion,Statement Opinion
"On, the contrary.  A child of two could get violently drunk on only one glass of brandy.",Statement Opinion,Disagreement
Very interesting and how about a child of six and a child of four and a child of nine.,Question,Question
"Oh, shut up.",Command,Command
"They'd get up a splendid little debate about that, you know.  Intemperate tots.",Statement Opinion,Statement Opinion
"Not very funny, dear.  You'd better have some more brandy.",Statement Opinion,Disagreement
Very good idea.  I will.,Agreement,Agreement
You'd better turn that off I think.,Statement Opinion,Command
Why?,Question,Question
It's very late and it will annoy the people upstairs.,Answer,Statement Opinion
There is no one upstairs.  It's a photographer's studio.,Statement Non Opinion ,Statement Non Opinion
There are people downstairs I suppose.,Question,Statement Opinion
They're away in Tunis.,Answer,Statement Non Opinion
This is no time of year for Tunis.,Statement Opinion,Statement Opinion
"Turn it on again, please.",Command,Command
I'll do no such thing.,Disagreement,Disagreement
Very well if you insist on being boorish and idiotic.,Disagreement,Disagreement
Turn it off.  It's driving me mad.,Command,Command
You're far too temperamental.  Try to control yourself.,Statement Opinion,Command
Turn it off.,Command,Command
"Go away, go away.  I hate you.",Command,Command
"Amanda, listen.",Command,Command
Listen? Listen indeed.  I'm sick and tired of listening to you.  You damn sadistic bully.,Statement Opinion,Disagreement
Stop.,Command,Command
Very amusing.,Statement Opinion,Statement Opinion
"Stop, stop.  I hate you.  Do you hear?  You're conceited and overbearing and utterly impossible.",Statement Opinion,Disagreement
"You're a vile tempered, loose living, wicked little beast. And I hope I never see you again as long as I live.",Statement Opinion,Disagreement
"This is the end do you understand?  The end,",Statement Non Opinion ,Command
You're not going like this.,Command,Command
finally and forever,Statement Non Opinion ,Statement Non Opinion
"Oh, I am.  Let go of me.",Disagreement,Command
You're not.,Disagreement,Disagreement
"Oh, I hate you. It's a good thing that I found out in time what you're really like. Marry you again?  Never, never, never.",Statement Opinion,Disagreement
Shut up.  Shut up. I wouldn't marry you again if you came crawling to me on your bended knees.,Statement Non Opinion ,Command
"You're a mean, evil minded, little tempered witch. I hope to God I never set eyes on you again as long as I live. Whore.",Statement Opinion,Disagreement
I'd rather die in torment. Beast.  Brute.  Calf swine.,Statement Opinion,Disagreement
"Yeah, hi.  Um, look, I -- all I'm trying to do right now is renew my license plate.  That's all.  I just need to get one of those little stickers.",Statement Non Opinion ,Greeting
Okay.  What's the problem?,Question,Question
"And I've- I've- some lady -- I got in line.  I waited for about two hours um, and, I gave her this form",Answer,Statement Non Opinion
"that she gave to me earlier. And she said oh, I gave you the wrong one by accident.  So I was hoping I could just fill out a new one, give it to you and sort of skip this whole line business.",Statement Non Opinion ,Statement Non Opinion
"Okay, um.  Do you have your photo ID with you?",Question,Question
"Yes, I do.",Answer,Agreement
Okay.  This is the wrong form.  I'm sorry.,Statement Non Opinion ,Apology
"This is -- okay, then just can I have the form that I need.",Question,Question
"I don't have the form.  You're going to have to go get in that line over there and they will give you the right form.  And after you fill it out, you can bring it back to me.",Answer,Command
Don't you -- you don't have-,Statement Non Opinion ,Question
are you telling me you don't have a stack of them behind the desk?,Question,Question
I don't have any of,Answer,Disagreement
I don't have any of them over here.  You're gonna have to go get in that line over there.  And they will give you a copy of the form.,Statement Non Opinion ,Command
"But you're -- it's the same -- I mean, you can -- like I can't go behind your desk--",Statement Non Opinion ,Statement Opinion
"Nope, I don't. I don't have-",Disagreement,Disagreement
or I can't go behind there- you can go behind this person's desk and just grab the form. So if you could just do that; that would help me out a lot.,Statement Non Opinion ,Command
"No, I can't. That's-",Disagreement,Disagreement
I'm sorry.  You have to do things the way you have to do things here.  We have rules.,Statement Non Opinion ,Statement Non Opinion
"Look, can you please just-- --make this -- look, I look--",Command,Command
"Go get in that-- Sir-- Sir, there are people in line behind you. you need",Statement Non Opinion ,Command
look-- It's  been- it's been two hours.  Can you please just make this easier on me and just go and get the form?  It's not- it's really not,Question,Command
"I'm sorry.  I'm sorry you're having a hard time,",Apology,Apology
but you're gonna have to go get in  that line to,Statement Non Opinion ,Command
What if I pay you money?,Question,Question
"Can I pay you money?  Can I give you, like, twenty bucks and you'll go back there and get the form?",Question,Question
twenty bucks? Please. Go get in that line over there.,Answer,Command
"Come on.  Will you please?  I just --I look, I  cannot-- --just if I --",Question,Command
"Look, I'm having a really bad day.  I'm off in twenty minutes and I just really don't need this right now, okay.",Statement Non Opinion ,Statement Opinion
"I don't care, well- You're having a bad -- I just waited in line for two hours.",Statement Non Opinion ,Disagreement
"And you're gonna have to go wait again, because that's the line you need.",Statement Non Opinion ,Command
Well I just -- I can't do that right -- can you please just grab the form? All you have to do is grab the form.  I'm not gonna ask anything else of you.,Statement Non Opinion ,Command
I can't do that. It's against our rules. You can go get in that line over there or you can just go ahead and leave and come back another day.  Maybe there will be a shorter line.,Statement Opinion,Command
That's all I- I just- That's all i want you to-,Statement Non Opinion ,Acknowledge
"Rules, you just have to grab a piece of paper behind from somebody's desk",Statement Non Opinion ,Command
It's not rocket science.,Statement Opinion,Disagreement
"Come -- just, please, just grab the form.  It's right over there.",Statement Non Opinion ,Command
I can't do that.,Disagreement,Disagreement
I know it's right over there.,Statement Non Opinion ,Statement Non Opinion
Why are you being such a bitch?,Question,Question
"I'm sorry, but I can't do that.",Apology,Apology
"Please, will you please -- will you please just grab the form?",Question,Command
So go get in the other line or leave.  Or I will have you escorted out by security.,Statement Non Opinion ,Command
Would you like to be kicked out of the D.M.V.?  You don't think that'll be a little embarrassing?,Question,Question
"Fine, which line is it?",Question,Command
The one you just came from.,Answer,Answer
"Okay, fine.  I'll go over there.  Thanks, a lot.  You've been really helpful.",Statement Opinion,Answer
Yeah.  Thank you.  Have a pleasant day.,Greeting,Acknowledge
There's really -- there's nothing I can do.,Statement Non Opinion ,Statement Opinion
You're just fine with this?,Question,Disagreement
There's nothing I --,Answer,Statement Non Opinion
You're just going to pick up and leave me and our baby and miss a year of our lives?,Question,Question
"It's -- look, it's only a year.  It'll go by quickly.  Okay.",Answer,Statement Opinion
"When you get back, think of all of the things that you're going to have missed.",Statement Non Opinion ,Command
"I know, but I'll be back then.  And - and- and we'll have -- we have the rest of our lives.",Agreement,Acknowledge
Don't go.,Command,Command
I can't do that.  I have to go.,Disagreement,Disagreement
"Do you want to -- do you want to leave us behind?  I mean, I don't understand why you have to do this.",Question,Question
I've made a pledge.  I can't not do this at this point.,Answer,Statement Opinion
I'm not going to stay more than a year.  I've  agreed to a year,Answer,Disagreement
Then why do you have to go a year at all?,Question,Question
Well unagree.  Tell them that you can't leave right now.  I can't do this by myself.  I can't do this without you.,Command,Command
"Yes, you can.  Yes, you can.  You know you can.  You're a strong person.",Disagreement,Agreement
This is supposed to be a partnership.  We're supposed to do this together. I'm not supposed to be left here to do this by myself while you leave.,Statement Opinion,Statement Opinion
It is. It is. It is. It is. I'm going to write you every day.,Agreement,Statement Non Opinion
"What am I supposed to do, read your letters?",Question,Question
What else can we do?  I -- we don't have a choice in this.  Do you understand?  You can't come with me and I can't stay here.  That's all there is to it.,Answer,Command
"There has to be something.  I mean, we can't just live with this.  It's not -- it just won't work this way.",Statement Opinion,Statement Opinion
We don't have a choice.  I have to do this.,Disagreement,Statement Opinion
Just tell them no.,Command,Command
"I can't do it.  I'd love to.  I mean, I don't - if you understand, I don't want to stay.",Disagreement,Disagreement
"I mean, I don't want to -- I don't want to leave.  I want to stay here with you.",Statement Opinion,Statement Opinion
"Then, can't you please try something?  If you go and ask them and they say no, then I would understand, but you're not even willing to ask.",Statement Opinion,Command
Can't you just make an effort?  Can't you just try?,Question,Command
I've asked already.  I can't go back.,Answer,Statement Non Opinion
"It can't happen.  I have to go.  I want to stay really bad, but I can't.  There's just no -- I don't have an option.",Statement Opinion,Disagreement
When do you leave?,Question,Question
Next week.,Answer,Statement Non Opinion
A week.  You're giving me a week to be okay with this.,Question,Disagreement
"You can't make it out like I'm happy about this.  I mean, I didn't -- I didn't want to put you in this situation.",Answer,Statement Opinion
Well it doesn't seem like you're that bothered by it.,Statement Opinion,Statement Opinion
"I am.  I mean, I don't know.  I don't know what else to tell -- you know, I mean, I can tell you.  I don't know what else to do. I mean, I've been forced into this situation.",Disagreement,Statement Opinion
"If you really cared so much, you'd find a way out.",Statement Opinion,Disagreement
There's nothing I can do.  I-- I,Statement Non Opinion ,Apology
"Fine, fine.  We have to be together.  If you can't stay here, then I'll go with you.  I don't care where you go.  We'll go, too.  I'm not staying behind.",Statement Opinion,Agreement
They won't let you come along.  It's not going to happen.,Disagreement,Disagreement
"It's a free world.  I can go where I want.  Wherever you are, that's where we're going to go.",Statement Opinion,Statement Opinion
Are you kidding? Please don't be difficult about this.,Question,Command
Difficult.  You're leaving for a year. We have a newborn child and you're leaving.  I don't think I'm being difficult.,Answer,Disagreement
[BREATHING],Others,Others
"I'm finding a way to make it work.  And I will go wherever you go.  Whatever I have to do, I will make this work.",Statement Opinion,Statement Opinion
"Look, I--",Statement Non Opinion ,Acknowledge
You're not really giving me a lot of options.,Statement Opinion,Disagreement
Where I'm going is not the safest place on the earth.  Okay.,Statement Opinion,Statement Opinion
But I'm supposed to be okay with you going there.,Statement Opinion,Statement Opinion
But I've been trained.  You have no training.,Statement Non Opinion ,Disagreement
I'm not going to stay here and wait.,Statement Non Opinion ,Disagreement
You have to.  Do you understand me?  You have to.,Disagreement,Command
I can't do it.,Disagreement,Disagreement
"Well I guess we're at a stalemate then, aren't we?",Question,Disagreement
"So, um, well, I just -- I kind of wanted to, you know, tell you that I'm actually -- I proposed to Kate and we're going to get married.",Statement Non Opinion ,Statement Opinion
"Oh, my God.  Congratulations.",Statement Non Opinion ,Acknowledge
"Yeah, it's pretty amazing, huh?",Agreement,Agreement
I can't -- how did you do it?  What happened?,Question,Question
[LAUGHTER] Well you paint a romantic picture.,Statement Opinion,Statement Opinion
"Well I didn't want it to be like cheesy, you know.",Statement Opinion,Statement Opinion
Did she cry?,Question,Question
"She didn't cry, but she was laughing a lot and it was very exciting, so...",Answer,Statement Non Opinion
"Oh, my God.  How long have you been planning on doing this?",Question,Question
"Honestly, it was kind of quickly.  It was actually only in the past couple months.",Answer,Statement Opinion
I can't believe this.  You're getting married. It's crazy!,Statement Opinion,Statement Opinion
"Yeah. Yeah. So- I know.  I know. I know.  It's weird 'cause it's like the beginning of the rest of my life, you know.",Statement Opinion,Backchannel
"Yeah, it is.",Agreement,Agreement
"But uh- no, I mean, you know.  You know, I really want you to like, you know, sort of",Statement Opinion,Backchannel
"help Kate out with like planning stuff. I mean, if you want to.  I mean, you guys are good friends anyway so I figured, you know, if you guys want to like -- I mean, you know, I'm sure you enjoy that kind of thing.",Statement Opinion,Command
"Yeah, I would love to. Thanks. [LAUGHTER]",Agreement,Agreement
Okay. Well there you go.,Acknowledge ,Acknowledge
"Oh, my God, where -- have you guys talked about where you're going to get married or--",Question,Question
I think we're going to -- we're going to -- we want to do it in Hawaii and just fly everybody in.,Answer,Statement Opinion
"Oh, my God.",Statement Non Opinion ,Acknowledge
"I just -- 'cause, I mean, Hawaii just has like the best fruit buffets.  And so I'm just going to say forget, you know, all like kind of meats and all that stuff.",Statement Non Opinion ,Statement Opinion
"It's just going to be like a all fruit--fruit buffet wedding, plus a cake.",Statement Non Opinion ,Statement Non Opinion
Are you going to get married like on the beach barefoot or like fancier?  Like in a church.,Question,Question
Barefoot?,Question,Statement Non Opinion
Well I don't know.  Throwing it out there.,Answer,Disagreement
"Um, no, no, no.  It'll be in like a park near the beach.",Statement Non Opinion ,Disagreement
Okay.,Agreement,Acknowledge
Yeah.  But I'm really excited.  So and everybody's going to come out and it'll be a great time.  And--,Statement Opinion,Statement Opinion
"Are you going to have a big wedding or like keep it really small like just, you know, family and really close friends?  Or, I mean--",Question,Question
"It'll be kind of small, but not, you know, not tiny, you know.  I want to have, you know, as many people as we can afford to fly out to Hawaii and put up there for--",Answer,Statement Opinion
It's so exciting.  What's the ring look like?,Question,Question
It's big and shiny.  I don't know.  It's silver and--,Answer,Statement Opinion
Big and shiny.  You're such a guy. [LAUGHTER],Statement Opinion,Statement Opinion
"Yeah, I don't know. [LAUGHTER] But, yeah, so anyway -- well I wanted to tell you that, you know, 'cause you're one of my good friends and you're Kate's- one of her best friends and-",Statement Non Opinion ,Acknowledge
I'm so excited for you. That's great. I'm so-,Statement Opinion,Acknowledge
"Yeah, yeah. She was actually -- she was going to tell you but I told her that I wanted to tell you and she had to work today anyway, so I decided to-",Statement Non Opinion ,Acknowledge
Well I'm glad you told me.,Statement Opinion,Acknowledge
"Yeah, yeah.",Agreement,Backchannel
It's fantastic.  I -- congratulations. It's amazing.,Statement Opinion,Statement Opinion
"Thank you.  I'm really -- I'm really excited.  And it's -- I don't know, it's like a little -- it's like a little scary, 'cause I'm like, ah, you know, it's the first time I've ever done anything like this.",Statement Opinion,Acknowledge
"But, you know, it's like I really love her and I really just -- I can't imagine spending my life with anybody else but her.  So, you know, it's like I know that's the right thing.  And if you have to, you know, if you have to question that, you know, don't- don't do it.  So we're going to do it.",Statement Opinion,Statement Opinion
"And it's going to -- the -- you know, I told her that I just -- I want the color brown to be as an integral in the wedding.  And, um, maybe some greens and blues.",Statement Non Opinion ,Statement Opinion
And how did she feel about that?,Question,Question
She's okay with it.,Answer,Statement Opinion
Well that's good.  It'll be a great wedding.  You're willing to compromise on things.,Statement Opinion,Agreement
"Exactly, exactly, exactly.  So--",Agreement,Backchannel
She's going to let you have say in the wedding choices?  That's pretty impressive. Very forward-thinking woman. [LAUGHTER],Statement Opinion,Statement Opinion
"Well, I mean I just told her--Well I just said, you know, hey, these are my suggestions.",Statement Non Opinion ,Statement Opinion
And brown.,Others,Statement Non Opinion
All fruit and the color brown. Just that. That's all- that's my only request.,Statement Non Opinion ,Command
This is why men don't plan weddings. [LAUGHTER],Statement Opinion,Statement Opinion
Yeah.  Well maybe--maybe you're right. Maybe there's something to that.,Agreement,Agreement
All fruit and brown. [LAUGHTER],Statement Non Opinion ,Statement Non Opinion
"So, um, anyway, do you want to order now?   So, um I mean--",Question,Question
"Oh, man, I just -- I don't know what to do.  I don't know what to do.  It's like every job, you know, I go to; every job I apply to,",Statement Non Opinion ,Statement Opinion
"I-I'm not kidding.  I've tried everything.  Like I've gone to every business and local, you know,",Answer,Statement Opinion
"local business in- in the area and I can't- I can't get anything.  Like, nobody -",Statement Non Opinion ,Statement Non Opinion
What about like a temp agency?,Question,Question
"Yeah, I tried that.  And there was like, yeah, like I did like one thing once.  But, like, that's not -- it doesn't last very long.  And it's not enough to live on.",Answer,Acknowledge
"Right, but you have -- I mean, you have to keep on them.  You have to keep calling and reminding them that you're still looking and",Statement Non Opinion ,Command
"I mean, you have to be really aggressive about it.",Statement Opinion,Command
"Yeah, I do.  I do.  You don't understand.",Agreement,Agreement
I- You don't understand. I don't have a job.  All- My job is to look for a job.  I don't do anything else.,Statement Opinion,Disagreement
"No, no, no, no, no.  I can't- I can't do that.  I can't, I- because if I'm not- if I'm not- if I'm not doing something that I love, then I can't -- I can't- I mean it's- what's the point?",Disagreement,Disagreement
"Well then you're choosing to be unemployed, really.",Statement Opinion,Disagreement
I'm not choosing. I'm not-,Disagreement,Disagreement
"If you're not willing to try and work with it and find something and, you know, I mean, there are things you could do.",Statement Opinion,Statement Opinion
"No, but I'm try- but like all the things that I-it's like I apply to all these places and none of them",Statement Non Opinion ,Disagreement
"-- I mean, I don't understand.  It's like -- I mean, I feel like I'm qualified enough.  I just don't understand.  Like, I mean, it's just like a matter of circumstance, but it's been three years, you know, three years.",Statement Non Opinion ,Statement Opinion
"Well maybe, you know, your luck it is just down and the market for your particular field is down and maybe you just need to look into doing something else for a while.",Statement Opinion,Statement Opinion
This is stupid.,Statement Opinion,Statement Opinion
"I mean, I'm not saying that you should, you know--",Statement Non Opinion ,Statement Opinion
"You know what, this is your fault.",Statement Opinion,Disagreement
Excuse me?,Question,Question
It's your fault 'cause -cause you always told me to- to do this and I did that instead.  And I didn't take your advice and - and- but you sort of were like were telling--,Answer,Disagreement
It's my fault 'cause you didn't do what I told you to?,Question,Apology
"Yeah, exactly.",Answer,Agreement
Well that sounds like your fault.,Statement Opinion,Disagreement
Yeah.,Agreement,Acknowledge
You didn't do what I told you to do.,Statement Non Opinion ,Disagreement
That's 'cause you always tell me to do the wrong thing.  And I thought this time it was -- I was gonna be right by going with the opposite thing. So it's your fault because,Statement Non Opinion ,Disagreement
"-because you were always wrong and-and-and this time you were right. And-and I didn't -- yeah, that's why.",Statement Opinion,Disagreement
That's amazing logic that you managed to turn that around and make it my fault.,Statement Opinion,Disagreement
"Well, I mean, it makes sense, doesn't it, hmm?",Question,Statement Opinion
I think maybe you can't get employed because you aren't willing to take responsibility for your own actions.,Answer,Statement Opinion
That's not true.  I take responsibility for my own actions.,Disagreement,Disagreement
Really?  Whose fault is it you don't have a job?,Question,Disagreement
Yours.  I don't--,Answer,Acknowledge
[LAUGHTER],Others,Backchannel
"You see what you just did there, though?",Question,Question
"I had- No, I don't.  I'm sorry.  I just totally screwed this one up.  You can stop it I guess.",Answer,Apology
Just arrived from London--,Statement Non Opinion ,Statement Non Opinion
Mmhmm.,Backchannel,Backchannel
Right.,Backchannel,Acknowledge
"lost my luggage. I didn't lose it. No, it's not like I left it somewhere and somebody took it.",Statement Non Opinion ,Disagreement
"Oh, oh, you didn't.",Agreement,Disagreement
I thought you lost your luggage.,Statement Opinion,Statement Opinion
"And he told me to come to this desk here so I can, uh, at least get, uh, the hundred- hundred and fifty dollars that- that I'm owed for my loss.",Statement Non Opinion ,Statement Opinion
Cause that's roughly how much the bag plus all its contents was worth.,Statement Non Opinion ,Statement Non Opinion
"Uh. Okay.  I -- first of all, I'm very sorry you lost your bag.",Apology,Apology
"Um, but, actually, our policy is a fifty dollar",Statement Non Opinion ,Statement Non Opinion
fifty dollars?,Question,Question
refund--coverage of the bag that was lost. yes,Answer,Answer
"I don't but the thing is, I don't care about your policy.",Statement Opinion,Disagreement
You understand?,Question,Question
"What I want you to do is I want you to write three of those, as if I were three people.  Okay.  You can write -- you can just put my name on all --",Statement Non Opinion ,Command
I can't do that.,Disagreement,Disagreement
But what I'm telling you is that's what you're going to do.,Statement Non Opinion ,Command
"Uh, no, actually, no I'm not.",Disagreement,Disagreement
"No, no, because, look, I don't care what your policy says.  I mean--",Statement Opinion,Disagreement
I'm very sorry.  I understand you're frustrated. You just got off of a flight.,Apology,Apology
We'll cover fifty.,Statement Non Opinion ,Command
No.  No.  No.  What I need you to do -- I need you to write checks for -- I need you to write three of them. That'll be satisfactory.,Disagreement,Command
We only cover fifty do-,Statement Non Opinion ,Command
"Just -- you can fill out the form--We can fill out - no, no, no, we can fill out the form three times.",Disagreement,Command
We only cover fifty dollars worth of lost items.,Statement Non Opinion ,Statement Non Opinion
And then that'll be that. It's going to be fine. Just-,Statement Non Opinion ,Statement Opinion
"I'm going to get very upset.  Like, I mean, I'm- I'm upset right now but I'm going to get really upset if you- if you don't do the check thing.",Statement Opinion,Statement Opinion
I'm very sorry.,Apology,Apology
I'm very sorry.  I understand you're upset.  You just got off a long flight.,Apology,Apology
"You don't understand. You don't understand, actually.  You don't understand because it was my luggage that was lost.  Okay.",Disagreement,Disagreement
"Yeah.  If it was yours, but it's not. It's mine.  Okay. So just--",Statement Non Opinion ,Disagreement
But it's not.  It's yours.  I understand.,Apology,Disagreement
I know.  We want to work with you.  We will give you the fifty dollars but I'm--,Statement Non Opinion ,Agreement
"No, it's not going to be -- but it's not going to be fifty, it's going to be a hundred and fifty.  You're going to write three, you understand, three of- of the forms.  You're going to write three of them out and then give it to me.",Disagreement,Command
"Yeah, we don't do that.  I can go ahead and send you--",Disagreement,Disagreement
You- you- you- you're misunderstanding me.  You're going to do that.,Command,Disagreement
"We will definitely keep an eye out for your bag. We will try to find it.  We will, you know, fill out the form for missing items.",Statement Non Opinion ,Statement Non Opinion
"Look, can I just -- can I speak to your manager, please?  'Cause I- I really -- I don't, um -- I mean, I just don't want to deal with -- I know that -- I mean, I know this isn't your fault,",Question,Command
No one can make the three check thing happen 'cause we don't do that.,Answer,Statement Opinion
I can write you the one check.,Statement Non Opinion ,Statement Non Opinion
but I need to speak to somebody who can make the three check thing happen.,Statement Non Opinion ,Command
All- all that my supervisor could do is the exact same thing that I'm offering to do.,Statement Non Opinion ,Statement Opinion
"But what I'm talk -- but I'm just,just- please let me--",Statement Non Opinion ,Command
But if I could just speak directly -- if I could just speak directly to your-- to your superior person,Statement Non Opinion ,Command
"I'd be happy to give you a cup of coffee, too.",Statement Opinion,Statement Opinion
We'll just throw that in--gratuitously.,Statement Opinion,Statement Non Opinion
then that would be helpful to me because I just feel like if- you don't think you have the power to write three checks but you actually do. see?,Statement Non Opinion ,Statement Opinion
"No, I don't. See, I could lose my job if I did that.",Statement Opinion,Disagreement
But your job is not my concern. My concern is getting my luggage.,Statement Opinion,Statement Opinion
And your bag is not my concern.,Statement Opinion,Disagreement
The fifty dollars I'm going to give you for your bag is really all I'm concerned with.,Statement Opinion,Statement Opinion
"Look, I don't -- look, can we just not argue about this.  Like--",Question,Apology
I'm more than happy to not argue about it.  I will give you your fifty dollar certificate.,Answer,Agreement
You can go ahead and go fill out the form. We'll look for your bag.,Statement Non Opinion ,Command
So what if- what if we- what if we do three forms,Question,Question
with different names on them? That-,Question,Question
Then that would be lying.,Answer,Disagreement
"but, no. See, 'cause",Statement Non Opinion ,Disagreement
if we have three forms then I can get the hundred and fifty.,Statement Non Opinion ,Answer
I'm sorry.  We can only issue one fifty dollar certificate to cover the lost bag for one person.,Statement Non Opinion ,Apology
"Just please, will you please just work with me here? Just -- all I'm asking you to do is just work with me. I know -- I know that you get lots of people all day long who give you shit, give you crap, but",Statement Non Opinion ,Command
"I understand you're frustrated, but--",Agreement,Acknowledge
"um, you know, I -- this is my bag and I need the hundred and fifty dollars. Please.",Statement Non Opinion ,Command
I know. I understand it's personal-- It's personal to you. I get that.,Agreement,Acknowledge
Please.,Command,Command
"But if you want to just sit down, you know, maybe have a cup of tea, calm down a little bit, we'll go ahead and we'll do what we can for you. you okey",Statement Non Opinion ,Command
"I'm already calm. Okay, I'm calm. I'm calm.",Statement Non Opinion ,Acknowledge
"Just all I need you to do is just fill out three forms and I'll leave you alone forever, forever.  I'll never -- we'll never see each other again.",Statement Non Opinion ,Command
"And I'm looking forward to that.  However, I can't do that. I would lose my job.",Disagreement,Statement Opinion
But that's not going to-- But you don't understand. You're looking forward to never seeing me again.,Statement Opinion,Disagreement
"Oh, yes.",Agreement,Acknowledge
But never seeing me again is not going to happen until you give me the three checks.,Statement Opinion,Command
"I'm sorry, really.  But--",Apology,Apology
I don't -- I'm not- I'm not convinced.,Statement Opinion,Disagreement
That I'm sorry?,Question,Apology
"Yeah.  If you were really sorry, you'd give me the three checks.",Answer,Disagreement
"So why don't we just do that and stop this nonsense, hmm?  Hmm?",Question,Command
"Hey, how you doing?",Question,Greeting
"I know- I know there's nothing I can say that will really help, but--",Statement Opinion,Acknowledge
"I know.  I just -- I don't know.  It's just weird because you have somebody who's, you know,",Statement Opinion,Statement Opinion
a major part of your life and then they're gone.  And I don't know.  That's not really -- it's never really happened to me before.,Statement Non Opinion ,Statement Opinion
"But, I'm here if there's anything you need.  I mean, you just have to ask.  I know --",Statement Non Opinion ,Statement Opinion
Thanks.,Greeting,Acknowledge
--it doesn't really do anything.  But--,Statement Opinion,Disagreement
I just -- it's just not fair.,Statement Opinion,Statement Opinion
I know.  It never is.,Agreement,Acknowledge
feel the same way everybody else does.,Statement Opinion,Statement Opinion
"I mean, what do you want to do?  Do you want to- do you want to talk about it?  Do you-",Question,Question
"[BREATHING] I mean, there's nothing really to talk about.  He's gone and I'll never see him again.",Answer,Statement Opinion
"Well I know it's not a lot of help or anything, but at least you got to know him.  I mean, at least you had the time with him that you did.",Statement Opinion,Acknowledge
Yeah.,Agreement,Acknowledge
"I mean, we can be grateful for that.",Statement Opinion,Statement Opinion
"Yeah, I don't know.  Sometimes I wish I didn't know him.  So I wouldn't--",Statement Opinion,Statement Opinion
This is just -- this is a terrible life.  I just don't understand.,Statement Opinion,Statement Opinion
"Just life, in general?",Question,Question
"I mean, it's just not fair.  Like, I don't know.  Why people -",Answer,Statement Opinion
"there should just be some sort of rule that people don't die until they're older, 'cause then, at least, it's expected.",Statement Opinion,Statement Opinion
"I agree.  If I knew how to make that happen, I would certainly help you.",Agreement,Agreement
I don't know what to do.,Statement Non Opinion ,Statement Opinion
"When's the service? Can- can we help?  Is there anything, I mean--",Question,Question
"I mean, you- you can go.  I don't know.  I don't know what else.",Answer,Statement Opinion
I hope it rains.  Somehow that'll make me feel more comfortable.,Statement Opinion,Statement Opinion
"Seems like if the whole world's sad, then it's okay for you to be.",Statement Opinion,Statement Opinion
Yeah.,Agreement,Acknowledge
I just wish there was some way to just bring him back to life magically.,Statement Opinion,Statement Opinion
I know.,Agreement,Acknowledge
"Just, you know, some thing; some genie. I need to find a genie bottle.",Statement Opinion,Statement Opinion
"I don't have any magic answers.  But,",Statement Non Opinion ,Statement Opinion
"I mean, as- as cliche as it is, as long as people who loved him remember him, then it's not a waste, you know.",Statement Opinion,Statement Opinion
I know.,Agreement,Acknowledge
"Alright, so you're not going to believe this.  But I went home today. I looked through the mail.  And I got an acceptance letter from U.S.C..",Statement Non Opinion ,Statement Non Opinion
Really?,Question,Question
"Yeah, yeah.",Answer,Backchannel
I didn't even,Statement Non Opinion ,Disagreement
it's a really good school.  So,Statement Opinion,Statement Opinion
"Um, um- yeah, I'm just -- I'm really excited 'cause I don't know.  It's like a whole -- I mean, it's just like, I've been really -- I wanted to go there ever since I was a kid.  So now I actually am and it's awesome.  It's a really nice campus.  Oh, you've been there.",Statement Opinion,Statement Opinion
"That's amazing.  I've seen it on TV. Um, Wow.  I mean, well what are you going to major in?  What are you going to do?",Question,Question
"Um, I'm thinking a history and geology minor.",Answer,Statement Opinion
Wow.,Acknowledge ,Acknowledge
Yeah.,Backchannel,Acknowledge
Yes.,Backchannel,Agreement
"And, uh-",Backchannel,Backchannel
Is U.S.C. known for its history program?,Question,Question
"Um, you know, I don't think so.  But I think that, you know, it's still a private school",Answer,Disagreement
"and right you know it's still- and then, you know, I mean-",Statement Non Opinion ,Backchannel
I know.  It's a great school and you know,Agreement,Acknowledge
"So -- and like the geology just is awesome.  It rocks, no pun intended. [LAUGHTER]",Statement Opinion,Statement Opinion
"Oh, you did not just say that.",Statement Non Opinion ,Disagreement
"Um, but, uh- anyway -- yeah, so that's awesome, though, because you live here and then we're not going to be separated by me going to some other school",Statement Opinion,Backchannel
I know.  You're going to be so close.,Agreement,Acknowledge
"And, uh, it's just really exciting.  I- You know, I'm -- just I want to- I want to share this special happy moment with you. It's awesome",Statement Opinion,Statement Opinion
I'm glad you did.,Agreement,Agreement
So um,Backchannel,Backchannel
"That's great.  I mean, I'm really glad you're not going to go anywhere.  You'll still be here.",Statement Opinion,Agreement
"Yeah, yeah, yeah.  We're only going to be like twenty minutes apart.",Agreement,Agreement
Give or take. [LAUGHTER],Statement Non Opinion ,Command
"But, uh, yeah, so I'm really excited. I can't wait- can't wait to go.  I have to go to orientation,",Statement Opinion,Statement Opinion
Well congratulations.,Statement Non Opinion ,Statement Non Opinion
"umm, and I'm going to check out school and get, you know, check out the courses",Statement Non Opinion ,Statement Non Opinion
find out all this stuff.  And- and I don't know.  I think I'm going to try to live in a dorm.,Statement Non Opinion ,Statement Opinion
Yeah.,Backchannel,Acknowledge
"Cause, you know, it's like you get to know a lot of people in the dorms and.",Statement Opinion,Statement Opinion
"Yeah, and then you got that whole communal shower thing which is really appealing.",Statement Opinion,Statement Opinion
Well I'll have flip flops for that.  That's not  some- It's not a problem.,Statement Non Opinion ,Statement Opinion
"Okay. Well, that's a good plan. Shower shoes. Two thumbs up.",Statement Opinion,Agreement
"Yeah, yeah.  But um, so, yeah.  So it's pretty sweet, huh?  You should go there, too.",Statement Opinion,Backchannel
Wow. I- I was looking at U.C.L.A.,Statement Non Opinion ,Statement Non Opinion
"Ouch.  That's, um -- oh, wow.",Statement Opinion,Acknowledge
"But, congrats on the U.S.C. thing.",Statement Non Opinion ,Acknowledge
"No, no, I mean, I didn't know -- I didn't know that about you. Um, I feel like --",Statement Non Opinion ,Disagreement
"The -- what, the- I mean--",Backchannel,Backchannel
"No, I'm just messing with you. I mean, I'm not going to, you know, I mean, I'm not even really a football fan anyway.  So or- or a basketball-",Statement Non Opinion ,Disagreement
"You're not going to -- you're going to go to games, though, right? I mean, you can't go to U.S.C. and not go to a football game.",Question,Question
No. Football's boring.,Answer,Disagreement
"Just one game, though?  I mean, for the experience.  I mean, you don't have to go to all of the games but you gotta go to a game.",Question,Question
I'll go to basketball games.,Answer,Statement Non Opinion
"Okay.  Well that's cool, too, but like--",Statement Opinion,Backchannel
Maybe some golf matches.,Statement Non Opinion ,Statement Opinion
"Wow, you are a winner and a half. [LAUGHTER]",Statement Opinion,Statement Opinion
Do they even have any golf matches? I don't even know.,Question,Question
I don't know.  Do they have golf?  Do they have- Does U.S.C. have a -- I don't know if they have a golf team.,Answer,Question
I don't know. Women's volleyball.,Statement Opinion,Statement Non Opinion
"That I'll go to.  Definitely go to women's volleyball.  Women's volleyball, swimming, tennis.",Agreement,Statement Opinion
Basically anything women do.,Statement Opinion,Statement Opinion
"And then men's basketball.  And -- oh, well not women's basketball.",Statement Non Opinion ,Statement Non Opinion
You have to go to a football game.  Come on.,Statement Opinion,Command
"No, I'm not going to go to a football game.",Disagreement,Disagreement
"Paint some red and yellow S C on your face. And like get one of those big you know, number one hand things.",Statement Opinion,Command
Forget it. Forget it. Forget it. No way.,Disagreement,Disagreement
Maybe one of those megaphones. Pompom.,Statement Opinion,Statement Opinion
I do -- I will need to get a gun-,Statement Non Opinion ,Command
"There are cheerleaders at football games.  That's girls, scantily clad sexy girls.",Statement Non Opinion ,Statement Opinion
You've got a point there.,Statement Non Opinion ,Agreement
I know.,Agreement,Acknowledge
I'll take that in consideration.  Alright.,Statement Opinion,Acknowledge
I'm just -- I'm watching your back.,Statement Non Opinion ,Command
"Okay.  Um, but, no, I, uh, I do need to get a gun soon, though, 'cause I mean",Statement Non Opinion ,Statement Opinion
Excuse me?,Question,Question
I need to get like a -- just a small little gun just 'cause -- or like a taser or something or just like a butterfly knife,Answer,Command
No.,Disagreement,Disagreement
"cause, you know, I mean, it's like If I ever want to go south of campus",Statement Non Opinion ,Backchannel
Well just don't go south of campus.  Don't get a gun. That's stupid. I mean-,Statement Opinion,Command
Well I need to defend myself from,Statement Opinion,Statement Opinion
Why don't you take kung fu?,Question,Question
Thank you for calling Sprint.  We care about everybody.  How can I help you?,Question,Greeting
I'm positive.  They came from like another state.,Answer,Statement Opinion
"Can I get your phone number, please?",Question,Question
"Uh. Yeah, I just gave it to the automated thing like five times.",Answer,Acknowledge
Okay.,Answer,Acknowledge
"Okay, cool.",Backchannel,Acknowledge
"Umm, Miss Aruckman",Statement Non Opinion ,Backchannel
Yes.,Backchannel,Agreement
I am seeing the two hundred dollar charge.,Statement Non Opinion ,Statement Non Opinion
"take off the charges that came from like Nebraska or wherever because, obviously, I didn't make those.",Statement Non Opinion ,Command
So can you please refund the mischarged charges,Question,Command
So you're saying that you didn't make these calls.,Question,Question
I did not make the calls from B.F.E. Nebraska.,Answer,Statement Non Opinion
"Well I mean, I'm supposed to use discretion in the situation and, um--",Statement Non Opinion ,Statement Opinion
So could you discretion it back?,Question,Question
All I can do for you right now is give you a hundred dollars.,Answer,Statement Non Opinion
of the money that I was charged that I didn't make those calls.,Statement Non Opinion ,Statement Opinion
What I can do for you is give you a hundred dollars right now and fill out complaint form,Statement Non Opinion ,Statement Non Opinion
which you- which you'll have to go into a local Verizon dealer--  or Sprint.,Statement Non Opinion ,Question
"Okay, no, look, I- I- I- I'm really -- I'm trying to be patient.  I know this isn't your fault.  I know that you didn't do it",Statement Non Opinion ,Apology
"but, at the same time, I have been through an hour of little robot voices telling me what I needed to do.",Statement Non Opinion ,Disagreement
"Ma'am, I understand that.",Agreement,Acknowledge
And I did everything they said.  And now i'm talking to you and you're supposed to put the money back on my account because I didn't make the calls and I'm really tired of dealing with this because I didn't even,Statement Non Opinion ,Statement Opinion
"Ma'am, I - I - I understand that. I understand that. What I can do for you right now is what I'm telling you is that I can do- I can give you a hundred dollars back and then you'll have to fill out a complaint form and then you'll get -- there'll be some investigation. Some men will show up at your house and go through your things.",Statement Non Opinion ,Answer
Excuse me?,Question,Apology
A few weeks.  You won't even know that they were there.,Answer,Statement Non Opinion
I have to wait a few weeks for people come go through my things to get the money back that I didn't spend?,Question,Statement Non Opinion
"Okay.  You know what?  I just don't feel like doing this anymore.  Um, you can have all the money back, two hundred dollar, right now.",Answer,Statement Opinion
Really?,Question,Backchannel
"Yeah.  That's fine.  I just -- that's fine. Yeah, I mean, it doesn't make any difference to me.  I mean, it's not like it's going to cost my job or anything.",Answer,Agreement
You're just going to put it back on my account.,Question,Statement Non Opinion
"I mean, technically, that's policy.  But, like, I mean, I don't really care about -- nobody really cares about policy here.",Answer,Statement Opinion
So you're just going to take care of this for me?,Question,Question
Sure.,Answer,Acknowledge
"Oh, my God, thank you so much.",Acknowledge ,Acknowledge
You're welcome.,Statement Non Opinion ,Acknowledge
make my life a lot easier.,Statement Opinion,Command
"You know, so- I mean, are you doing anything later?  Or um",Question,Question
Really?,Question,Question
"Oh, I don't know.  I mean, I don't know.  I just thought, you know, maybe you want to get some co--I mean, I'm actually -- wait, where do you live?  Oh, you're in Los Angeles, I see.  Oh, no, that sucks 'cause I'm in, actually in Alabama.",Statement Non Opinion ,Statement Opinion
"Right. Um, Thanks for asking, though. I mean, you sound nice, you know.",Statement Opinion,Acknowledge
"God, that's like a whole problem with like-- But, no, I mean, hey-- if you ever",Statement Non Opinion ,Statement Opinion
"if you ever come out to Montgomery, I mean, you know, just -- just call up, you know, call up the operator and I'll-- I'll be here. So, um.",Statement Non Opinion ,Command
I'll,Agreement,Statement Non Opinion
"call up the Sprint call center and, uh, you know. cool",Agreement,Command
"Wow, alright. Well, thanks. And, uh, you- you have a good one.",Greeting,Acknowledge
Alright. Take Care.,Statement Non Opinion ,Command
You too.,Statement Non Opinion ,Acknowledge
What's he going to say?  Maybe we ought to tell him before he sees it.,Statement Opinion,Question
He was out here when it broke.,Answer,Statement Non Opinion
When?,Question,Question
About four this morning.  I heard it cracking and I woke up and looked out.  He was standing right there when it cracked.,Answer,Statement Non Opinion
Did you talk to him?,Question,Question
No.  I - I figured the best thing was to leave him alone.,Answer,Disagreement
He cried hard?,Question,Question
I heard him right through the floor of my room.,Answer,Statement Non Opinion
What was he doing out here at that hour?  He's dreaming about him again.  He's walking around at night.,Statement Opinion,Question
"I don't know the meaning of it, mom.  But I know one thing; we made a terrible mistake with dad.",Answer,Statement Opinion
What?,Question,Question
Being dishonest with him.  That kind of thing always pays off and now it's paying off.,Answer,Statement Opinion
"What do you mean, dishonest?",Question,Question
You know that Larry's not coming back.  And I know it.  Why do we allow him to go on thinking that we believe with him?,Question,Disagreement
What do you want to do?  Argue with him?,Question,Question
I don't want to argue with him but it's time he realized that nobody believes Larry's alive anymore.,Answer,Statement Opinion
You can't say that to him.,Answer,Disagreement
We've gotta say it to him.,Command,Command
How are you going to prove it?  Can you prove it?,Question,Question
"For God's sake, three years.  Nobody comes back after three years.  It's insane.",Answer,Statement Opinion
"To you it is and to me, but not to him.  You can talk yourself blue in the face, but there's no body and no grave, so where are you?",Question,Disagreement
"Sit down, mom.  I want to talk to you.",Command,Command
"The trouble is the Goddamn newspapers.  Every month some boy turns up from nowhere, so the next boy is going to be Larry.  So we have to keep--",Statement Non Opinion ,Statement Opinion
"Alright, alright, alright.  Listen.  You know why I asked Annie here don't you?",Question,Command
Why?,Question,Question
Going to ask her to marry me.,Answer,Statement Non Opinion
"Well that's only your business, Chris.",Statement Opinion,Disagreement
You know it's not only my business.,Disagreement,Statement Opinion
What do you want me to do?  You're old enough to know your own mind.,Statement Opinion,Command
Then it's alright.  I'll go ahead with it?,Statement Non Opinion ,Agreement
Well you want to make sure your father isn't going to have --,Statement Non Opinion ,Command
"Well, then you know it's not only my business.",Statement Non Opinion ,Statement Opinion
I'm just saying.,Statement Non Opinion ,Statement Non Opinion
"Sometimes you infuriate me, you know that?  Isn't it your business, too, if I tell this to father and he throws a fit about it?  You have such a talent for ignoring things.",Statement Opinion,Statement Opinion
I ignore what I got to ignore.  The girl is Larry's girl.,Statement Non Opinion ,Statement Opinion
She's not Larry's girl.,Disagreement,Statement Non Opinion
Now what can I do for you?,Question,Question
"I don't know why it is but every time I reach out for something I want, I have to pull back because other people will suffer.  My whole bloody life, time after time after time.",Statement Opinion,Statement Opinion
You're a considerate fellow.  There's nothing wrong in that.,Statement Opinion,Statement Opinion
To hell with that.,Disagreement,Disagreement
Did you ask Annie yet?,Question,Question
I wanted to get this settled first.,Answer,Statement Non Opinion
How do you know she'll marry you?  Maybe she feels the same way father does.,Question,Question
"Well if she does, then that's the end of it.  From her letters, I think she's forgotten him.  We'll find out.  Then we'll thrash it out with dad. Right, mom?  Don't avoid me.",Answer,Command
"The trouble is, you don't see enough women.  You never did.",Statement Opinion,Statement Opinion
So what?  I'm not fast with women.,Agreement,Disagreement
I don't see why it has to be Annie.,Statement Non Opinion ,Disagreement
Because it is.,Statement Non Opinion ,Statement Non Opinion
"Well that's a good answer, but it don't answer anything.  He thinks he's coming back, Chris.  You marry that girl, you're pronouncing him dead.  Now what happens to your father?  Do you know?  Because I don't.",Statement Non Opinion ,Disagreement
"Alright, then, mom.  Did we skip something?  No.  Alright, then, mom.",Question,Question
Yes we did. Do you want to keep going?,Question,Answer
"Yeah, let's keep going.",Answer,Agreement
Just give it some more thought.,Command,Command
I've given it three years' of thought.  I'd hope that if,Statement Non Opinion ,Statement Opinion
"father forgot about Larry, we'd have a regular wedding and everything happy.  If I can't get that here, then I'll have to get out.",Statement Non Opinion ,Statement Opinion
What the hell is this?,Question,Question
I'll get out.  I'll get married and live someplace else.  Maybe New York.,Answer,Command
Are you crazy?,Question,Question
I've been a good son too long; a good sucker.  I'm through with it.,Answer,Statement Opinion
You've got a business here.  What the hell is this?,Question,Question
The business?  The business doesn't inspire me.,Answer,Statement Opinion
Must you be inspired?,Question,Question
"Yes.  I like getting an hour a day.  If I have to grub for money all day long, at least at evening, I want it beautiful.",Answer,Statement Opinion
I want a family.  I want some kids.  I want to build something I can give myself to.  Annie's in the middle of that.  Now where do I find it?,Statement Non Opinion ,Statement Opinion
You mean -- tell me something.  You mean you'd really leave the business?,Question,Command
"Yes, on this I would.",Answer,Agreement
You don't want to think like that.,Statement Opinion,Command
Then you help me stay here.,Command,Command
"Alright.  But just don't think like that because what the hell did we work for?  That's all for you, Chris.  The whole shooting match is just for you.",Statement Non Opinion ,Statement Opinion
I know that.  Just you help me stay here.,Agreement,Command
"But don't think that way, you hear me?",Question,Command
I am thinking that way.,Answer,Statement Opinion
"I don't understand you, do I?",Question,Disagreement
"No, you don't.  I'm a pretty tough guy.",Answer,Disagreement
"Yeah, I can see that.",Statement Non Opinion ,Acknowledge
Why did he invite her here?,Question,Question
"Why does- why, does that bother you?",Question,Question
"She's been in New York three and a half years.  Why, all of a sudden--",Question,Statement Opinion
"Well, maybe- maybe he just wanted to see her.",Answer,Statement Opinion
Don't look at me like that.  He didn't tell me anymore than he told you.,Command,Command
He's not going to marry her.,Command,Disagreement
How do you know he's even thinking about it?,Question,Question
It's got that about it.,Answer,Statement Opinion
Well so what?,Question,Disagreement
"Now listen, kid. Now, listen.",Command,Command
"Oh.  Now listen, kid.",Command,Command
"She's not his girl, Joe.  She knows she's not.",Statement Opinion,Statement Opinion
You can't read her mind.,Statement Opinion,Statement Non Opinion
"Then why is she still single?  New York is full of men.  Why hasn't she married?  Probably a hundred people told her she's foolish, but she's waited.",Statement Opinion,Question
How do you know why she waited?,Question,Question
"Because she knows what I know, that's why.  She's faithful as a rock.  In my worst moments, I think of her waiting and I know, again, that I'm right.",Answer,Statement Opinion
What do you want me to do? What do you want?,Question,Question
"I want you to act like he's coming back, both of you.  Don't think I haven't noticed you since he invited her here.  I won't stand for any nonsense.",Answer,Command
"But, Kate--",Backchannel,Disagreement
"Because if he's not coming back, I'll kill myself.",Statement Opinion,Statement Opinion
Laugh.  Laugh at me.  But why did that happen the very night that she came here?,Statement Non Opinion ,Command
She goes to sleep in his bed and his memorial breaks in pieces.  Look.  Look at it.  Joe--,Statement Non Opinion ,Command
Calm yourself.,Command,Command
"Believe with me, Joe.  I can't stand all alone",Statement Non Opinion ,Command
Calm yourself.,Command,Command
"You, above all, have got to believe.  You.",Command,Command
Why me above all?,Question,Question
Just don't stop believing.,Answer,Command
"What does that mean, me above all?  Look at you.  You're shaking.",Statement Non Opinion ,Question
I can't help it.,Statement Opinion,Statement Non Opinion
"What have I got to hide?  What the hell is the matter with you, Kate?",Question,Question
You're the only one I know who loves his parents.,Statement Non Opinion ,Statement Opinion
So you're not sorry you came?,Question,Question
"No, not sorry, but I'm not going to stay.",Answer,Disagreement
Why?,Question,Question
What?,Question,Question
"I knew they would, your mother, anyway.",Agreement,Statement Opinion
How did you know?,Question,Question
I guess you know this is why I asked you to come.,Answer,Statement Opinion
I guess this is why I came.,Statement Opinion,Statement Opinion
"Ann, I love you.  I love you a great deal.  I love you.",Statement Opinion,Statement Opinion
I have no imagination.  That's all I know to tell you.  I'm embarrassing you.,Statement Non Opinion ,Statement Non Opinion
I didn't want to tell it to you here.  I wanted someplace we'd never been; someplace where we'd be brand new to each other.,Statement Non Opinion ,Statement Opinion
"You think this is wrong, don't you; this yard, this chair?  I want you to be ready for me.  I don't want to win you away from anything.",Statement Opinion,Question
"Chris, I've been ready a long, long time.",Statement Non Opinion ,Statement Opinion
Why didn't you?,Question,Question
You started to write me.,Answer,Statement Non Opinion
You felt something that far back?,Question,Question
Every day since.,Answer,Statement Non Opinion
"Anne, give me a kiss.  Give me a -",Command,Command
"I kissed you.  I kissed Annie.  How long, how long I've waited to kiss you.",Statement Opinion,Statement Non Opinion
I'll never forgive you.  Why did you wait all these years?  All I've done is sit around and wonder if I was crazy for thinking of you.,Statement Opinion,Disagreement
I kissed you.,Statement Non Opinion ,Statement Non Opinion
"Like Larry's brother.  Do it like you, Chris.  What is it, Chris?",Question,Question
Let's drive somewhere.  I want to be alone with you.,Statement Non Opinion ,Command
"No, what is it, Chris?  Your mother?",Question,Question
"No, no, nothing like that.",Answer,Disagreement
"Then what's wrong.  Even in your letters, there was something ashamed.",Question,Question
"Yes, I suppose there has been.  But it's going from me.",Answer,Agreement
You've got to tell me.,Command,Command
I don't know where to start.,Statement Non Opinion ,Statement Non Opinion
It wouldn't work this way.,Statement Non Opinion ,Disagreement
"It's all mixed up with so many other things.  You remember overseas, I was in command of a company?",Question,Statement Opinion
How many?,Question,Question
It takes a little time to toss that off because they weren't just men.,Statement Opinion,Statement Opinion
"For instance, one time it'd been raining several days.  And this kid came to me and gave me his last pair of dry socks; put them in my pocket.  That's only a little thing, but that's the kind of guys I had.",Statement Non Opinion ,Statement Opinion
They didn't die.  They killed themselves for each other.  I mean that exactly.  A little more selfish and they'd have been here today.,Statement Opinion,Statement Opinion
"And I got this idea watching them go down, everything was being destroyed, see?  But, to me, it seemed there was one new thing that was made,",Statement Opinion,Statement Opinion
a kind of responsibility.  Man for man.  You understand me?  And then I went home and it was incredible.,Statement Opinion,Question
"There was no meaning in it here.  The whole thing to them was some sort of bus accident.  Then I went to work for dad and that whole rat race again.  I felt, what you said, ashamed somehow",Statement Non Opinion ,Statement Opinion
because nobody was changed.  It seemed to make suckers out of a lot of guys.  I felt wrong to be alive;,Statement Non Opinion ,Statement Opinion
"to open that bank book; to drive the new car; to see the new refrigerator.  I mean, you can take these things out of a war, but when you drive the new car, you have to know that it came out of the love a man can have for a man.",Statement Opinion,Command
"You have to be a little better because of that.  Otherwise, we have is really loot and there's blood on it.  I don't want to take any of it.  I guess that included you.",Statement Opinion,Command
And do you still feel that way?,Question,Question
"And your money, there's nothing wrong in your money.  Your father put hundreds of planes in the air.  You should be proud.  A man should be paid for that.",Statement Opinion,Statement Opinion
"Annie, Annie, I'm going to make you a fortune.",Statement Opinion,Command
What'll I do with a fortune?,Question,Question
"What time is it?  They're supposed to run around midnight.  This is great, isn't it?  Look at this night we've got here; couldn't be better.",Question,Others
"Is that, is that - is that just foam?  I can't even tell.  Although, if you can't tell, it's probably isn't them.  It'll probably be unmistakable, don't you think?",Statement Non Opinion ,Question
"How you doing?  Oh, no, you know what I did?  I forgot to bring my flashlight.  How could I be so stupid?  I should have brought my flashlight.",Statement Non Opinion ,Question
What flashlight?,Question,Question
Whose is it?,Question,Question
"It's ours.  It's mine, too.",Answer,Agreement
"Well, sure.",Agreement,Agreement
You kept saying my flashlight as if it's somehow just yours.  How is that supposed to make me feel?,Question,Disagreement
"No, of course, our flashlight; yours and mine.  Me flashlight es su flashlight, naturally.  How could we not think to bring it?  I hope the moon stays out.",Answer,Disagreement
"Are you cold?  Do you want my jacket?  We should have brought the blanket, our blanket.",Statement Non Opinion ,Question
"Oh, man.  This is great.  I didn't even think to bring a six pack.  Six pack would be just the ticket right about now.  I can't believe I forgot.  I'm like a kid.  It's amazing I got out of the house with my fly zipped.  Oh.",Statement Opinion,Statement Opinion
I wonder if they can hear me talk or feel the vibrations in the sand when we move around.,Question,Question
It's after eleven; let's go home.,Statement Non Opinion ,Command
Are you kidding?  We'd miss it.  We just got here.  What's the point of coming down here if we just turn around and go home?,Question,Disagreement
That's my point.,Statement Non Opinion ,Statement Opinion
"That's my point, too.",Agreement,Agreement
So let's go home.,Command,Command
"No, no, no.  That's not my point.  My point is is that there's no point in coming down here if we just leave.  Don't you want to see it?",Question,Disagreement
Not particularly.,Answer,Disagreement
Why not?,Question,Question
I just don't.  It's stupid.,Answer,Disagreement
"Honey, this is a natural phenomenon.  I mean, this only happens once a year.  It's a great opportunity.  Think about the people in Kansas.  They'd have to get plane tickets and hotel reservations to come see this.  We're just forty minutes away.  It's too good to pass up.",Statement Non Opinion ,Statement Opinion
"Pass up what?  These little fish swim onto the beach, flop around and then they swim away.  And then they die.",Statement Non Opinion ,Question
What are you so excited about?,Question,Question
"Oh, it's a big night for these guys.  Uh, life's last orgy.",Answer,Statement Opinion
This isn't a moon landing we're talking about.  It's fish.  It's fish nobody even eats.,Statement Opinion,Disagreement
"Yeah, they do. Okay.  But it's fish who do something none of the other fish do; like the swallows are returning to Capistrano; or the lemmings throwing themselves off the cliffs, like that.",Disagreement,Statement Opinion
There's mystery here and magic; a little bit of the unexplainable.  I don't see how you can not be interested.,Statement Opinion,Statement Opinion
I'm just not.,Statement Non Opinion ,Statement Non Opinion
"I don't get it.  First time we came here to see it, you said it was the best night of your life.  And last year, I remember distinctly you were so excited to get here, you stubbed your toe rushing me out the door and didn't even notice until we were in the car.",Statement Non Opinion ,Disagreement
"Last year, you will also remember, our shoes got wet.  I got sand in my panties.  We got into a big fight over nothing.  You got a sore throat and we did not see the grunions.",Statement Non Opinion ,Statement Non Opinion
We weren't in a good spot.,Statement Opinion,Statement Opinion
"no, it's just seaweed, isn't it?  Oh, man, this is great.  I wouldn't miss this for anything.  I mean, think about this.  I know you're not interested, but just think about this for a minute.",Command,Disagreement
Out there someplace is this huge mass of silver fish heading this way.  They don't know why.  We don't know why.  It wasn't a decision.  They didn't take a vote.  No one sent them an invitation or a map;,Statement Non Opinion ,Statement Opinion
"just some little instinctual time release firecracker went off in their little bodies and all as one, they turned and formed a line as long as the California coast and started swimming.",Statement Non Opinion ,Statement Non Opinion
They're swimming right now as if that's the only thing that matters.  It's single mindedness with no mind.  Urgency that's pure urge.,Statement Non Opinion ,Statement Opinion
"They don't know what drives them.  They don't give it a name or ask a question.  They just turn, as one, and start the swim that brings them here; to this place, where we stand, for a massive celebration of sex and death.  Oh, man, I'm giving myself goose bumps.  All my hairs are popping up.",Statement Non Opinion ,Statement Opinion
That's the wind.,Statement Non Opinion ,Statement Non Opinion
Well so what did you think?,Question,Question
About what?,Question,Question
"Look at this, goose bumps.",Command,Statement Non Opinion
What I said.,Answer,Question
It's ridiculous.,Statement Opinion,Statement Opinion
Certainly is not.  It's slightly exaggerated scientific fact.,Disagreement,Disagreement
Sure.  They're all told the same story.  It's what keeps us coming back for more; keeps us excited; keeps us thinking that life is going to start any minute now if we could just find the right spot; get in on the action.,Statement Opinion,Statement Opinion
"Carla, can I ask you something?  Don't take this the wrong way, but are you having your period?",Question,Question
"Goddamn it, Augie, don't ask me that.  I hate it when you ask me that.  You always ask me that.  It's insulting.",Answer,Disagreement
"There's nothing to it.  We come down here.  The grunions arrive.  They do their little fish business.  We go ooh, ah, look at the fish.  They go home.  We go home.",Statement Non Opinion ,Statement Non Opinion
"For heaven's sake, we are not going to see the grunions.",Statement Opinion,Statement Opinion
Why not?,Question,Question
"We never do, do we?  Have we ever?",Question,Question
We've missed them twice.,Answer,Statement Non Opinion
That's not ever.,Statement Non Opinion ,Disagreement
Twice is every time we've tried.  That's ever.,Statement Non Opinion ,Statement Non Opinion
I thought you wanted to see them.,Statement Opinion,Statement Opinion
You don't have any idea what I'm saying.,Statement Non Opinion ,Disagreement
"No, of course, not.",Disagreement,Disagreement
"I did want to see it.  I always do.  I keep thinking this time will be the time, but it never is.",Statement Opinion,Statement Opinion
It's just fish; nothing to get traumatized over.,Statement Opinion,Statement Opinion
"For heaven's sake, this is not about fish.",Statement Non Opinion ,Disagreement
"Uh,okay.  So I'm putting on my jacket; putting out the animals;",Statement Non Opinion ,Acknowledge
Uh.,Backchannel,Backchannel
"It was about four years ago, right after we got married.  We thought I was pregnant and we had a bottle of champagne but no glasses.  You asked me to dance.  So we took off our shoes and you popped the cork.",Statement Non Opinion ,Statement Non Opinion
"And while we were dancing, you said the softest, most intimate things to me, right into my ear so that I could feel them as much as hear them.  And I remember thinking this is it.  At last, at last I'm as happy as I'm supposed to be.",Statement Non Opinion ,Statement Opinion
"Wait a minute, I've got it.",Command,Command
Dancing barefoot in the sand; drinking champagne from the bottle.,Statement Non Opinion ,Statement Non Opinion
"It was in the car, right?  Driving past the Knickerbocker Liquor Locker?  You said let's get some champagne and I said times a wasting or something like that.  Right?  That's it, right?  You want this to be like the other time.  That's it.  Of course.",Statement Opinion,Question
I'd rather not remember some things.  I'd rather not hope for some things.,Statement Opinion,Statement Opinion
Sure.  Okay.  Alright.  I've got it.  Listen do you want to dance?,Question,Backchannel
No.,Answer,Disagreement
You want to get some champagne?,Question,Question
No.,Answer,Disagreement
You want to get married again?,Question,Question
No.,Answer,Disagreement
"What, you want a divorce?",Question,Question
No.,Answer,Disagreement
A vacation?,Question,Question
I want something to turn out the way it's supposed to.,Answer,Statement Opinion
"Well welcome to the human race.  You think this is what I had in mind?  You think that when I proposed, I had this great fantasy going that four years down the line, we'd come to the beach and yell at each other over fish?  No.",Statement Opinion,Statement Opinion
"No, I'm just like you.  I thought it was going to be all peaches and roses and wind in our hair and sand in our toes and the fish will always come and the bills will always pay themselves.",Statement Opinion,Disagreement
"And we'll have three fat rosy kids and ha, ha, ha, baby, the joke's on us, 'cause you know what you get, Carla?  You know what you get?  This.",Statement Non Opinion ,Statement Opinion
This what?  What is this?  This isn't even anything.,Statement Non Opinion ,Question
"Yes, it is.",Disagreement,Agreement
But this isn't anything like I thought anything would be like.,Statement Opinion,Disagreement
"No, I know, me neither.",Agreement,Disagreement
"This is just this.  I mean, it includes a lot and everything, but it's just not, you know, something else.  Do you have any idea what I'm trying to say?",Question,Question
I'm doing the best I can.,Answer,Statement Non Opinion
"I know you are, Augie.  Really, I do.  I know you meant for this to be special and nice and it's the full moon and the sand and everything.  But I just couldn't help thinking about being somewhere else.",Agreement,Acknowledge
"Maybe if you were with somebody else, too, huh?",Statement Opinion,Statement Opinion
I didn't say that.,Disagreement,Disagreement
"No, I know.  But still.  I know I don't make you happy.",Agreement,Disagreement
"For heaven's sake, whatever I'm doing, I'd rather be doing it with you.",Statement Opinion,Statement Opinion
Yeah?,Question,Backchannel
Well don't be ridiculous.  Don't you know that?  You're the one who probably wishes you were with somebody else; somebody who knew how to enjoy herself and didn't take everything so hard.,Answer,Disagreement
"Actually, now that you mention it, no.  I don't.",Disagreement,Disagreement
"Okay, fine.  So we're in the wrong spot, but we're with the right person.",Statement Opinion,Agreement
Or not.,Agreement,Disagreement
Good God.,Statement Non Opinion ,Statement Non Opinion
"Nobody knows we're here, except Freda and she wouldn't ring up.",Statement Non Opinion ,Statement Non Opinion
"It must be them, then.",Statement Non Opinion ,Statement Opinion
What are we to do?,Question,Question
"I don't care, then.",Statement Non Opinion ,Disagreement
It was bound to come sooner or later.,Statement Non Opinion ,Statement Opinion
"Hello, hello.  What?  Wrong number.",Statement Non Opinion ,Statement Non Opinion
"Oh, it sent shivers up my spine.",Statement Non Opinion ,Statement Opinion
What shall we do if they suddenly walk in on us?,Question,Question
Certainly.  I shall probably do a court curtsey.,Answer,Answer
"Ah.  Things that ought to matter dreadfully don't matter when one's happy, do they?",Question,Statement Opinion
But what's so horrible is that one can't stay happy.,Answer,Statement Opinion
"Don't say that, darling.",Command,Command
It's true.  The whole business is a very poor joke.,Statement Opinion,Disagreement
"Meaning that sacred and beautiful thing, love?",Question,Statement Opinion
"Yes, meaning just that.",Answer,Agreement
All the futile moralists who try to make life unbearable.  Laugh at them.  Be flippant.  Laugh at everything.  All their sacred shibboleths.  Flippancy brings out the acid- acid in their damn sweetness and light.,Answer,Command
"If I laugh at everything, I must laugh at us, too.",Statement Opinion,Statement Opinion
Certainly you must.  We're figures of fun alright.,Agreement,Statement Opinion
"How long will it last, this ludicrous and overbearing love of ours?",Question,Question
Who knows.,Answer,Question
Shall we always want to bicker and fight?,Question,Question
No.  That fire will fade along with our passion.,Answer,Disagreement
"What happens if one of us dies?  Does the one that's left, still laugh?",Question,Question
"Yes.  Yes, with all his might.",Answer,Agreement
"Well that's serious enough, isn't it?",Question,Statement Opinion
"No, no, it isn't.  Death's very laughable; such a cunning little mystery, all done with mirrors.",Answer,Disagreement
"Darling, I believe you're talking nonsense.",Statement Opinion,Disagreement
"So is everyone else in the long run.  Let's be superficial and pity the poor philosophers.  Let's blow trumpets and squeakers and- and enjoy the party as much as we can, like very small, quite idiotic little school children.",Statement Opinion,Statement Opinion
"Let's savor the delight of the moment.  Come and kiss me, darling, before your body rots and worms pop in and out of your eye sockets.",Statement Opinion,Command
"Elliot, worms don't pop.",Statement Non Opinion ,Statement Non Opinion
"I don't mind what you do, see?  You can paint yourself bright green all over and dance naked in the Place Vendome and rush off madly with all the men in the world and I shan't say a word as long as you love me best.",Statement Opinion,Statement Opinion
"Thank you, dear.  The same applies to you, except that if I catch you so much as looking at another woman, I will kill you.",Statement Opinion,Statement Opinion
Do you remember that awful scene we had in Venice?,Question,Question
"Oh, Charles; that was his name, Charles.  Oh, he did wriggle so beautifully.",Statement Non Opinion ,Statement Non Opinion
How long did that row last?,Question,Question
It went on intermittently for days.,Answer,Statement Non Opinion
The worst one was in Cannes when your curling irons burnt holes in my dressing gown.,Statement Non Opinion ,Statement Opinion
"It burnt my comb, too, and all the towels in the bathroom.",Statement Non Opinion ,Statement Non Opinion
Line?,Question,Command
How -- that was a rouser wasn't it?,Question,Question
That was the first time you ever hit me.,Answer,Statement Non Opinion
I didn't hit you very hard.,Statement Opinion,Statement Non Opinion
"The manager came in and found is rolling about on the floor, biting and scratching like panthers.  Oh, dear.",Statement Non Opinion ,Statement Non Opinion
"Ah, I shall never forget his face.",Statement Non Opinion ,Statement Opinion
And very much sillier.,Statement Opinion,Statement Opinion
"As a matter of fact, the real cause of that row was Peter Burden.",Statement Non Opinion ,Statement Opinion
"That was a rouser, wasn't it?",Question,Question
"The manager came in and found us rolling about on the floor, biting and scratching like panthers.  Oh, dear.",Statement Non Opinion ,Acknowledge
I shall never forget his face.,Statement Non Opinion ,Statement Non Opinion
"How ridiculous.  How utterly, utterly ridiculous.",Statement Opinion,Disagreement
"As a matter of fact, the real cause of that row was Peter Burden.",Statement Non Opinion ,Statement Opinion
You knew there was nothing in that.,Disagreement,Statement Opinion
I knew nothing of the sort.  You took presents from him.,Statement Non Opinion ,Disagreement
Presents?  A trivial little brooch.,Statement Non Opinion ,Question
"I remember it well, bristling with diamonds in the worst possible taste.",Statement Non Opinion ,Statement Opinion
"Just a little, perhaps, nothing serious.",Answer,Statement Opinion
Line?,Question,Command
What of it?,Question,Question
What about me?,Question,Question
"If you hadn't been so nosey, you never would have known a thing about it.",Answer,Statement Opinion
"That's a nice point of view, I must say.",Statement Opinion,Statement Opinion
"Oh, dear.  I'm bored with this conversation.",Statement Opinion,Statement Opinion
So am I; bored stiff.,Agreement,Disagreement
You want some brandy?,Question,Question
"No, thanks.",Answer,Disagreement
"I'll have a little myself, I think.",Statement Non Opinion ,Statement Opinion
I don't see why you want it.  You've already had two glasses.,Statement Non Opinion ,Disagreement
You can hardly call three liquor glasses in a whole evening going on and on and on.,Statement Opinion,Disagreement
It's become a habit with you.,Statement Opinion,Statement Opinion
You needn't be so grand just because you don't happen to want any at the moment.,Statement Opinion,Disagreement
"Oh, don't be so stupid.",Statement Opinion,Disagreement
"Really, Amanda",Disagreement,Disagreement
What?,Question,Question
Nothing.,Answer,Acknowledge
Oh.  That reply has broken my heart.,Statement Non Opinion ,Disagreement
"The woman's job is to allure the man.  Watch me a minute, will you?",Statement Opinion,Statement Opinion
"Yes, it is.",Disagreement,Answer
"Oh, be quiet.",Command,Command
Line?,Question,Command
It's a pity you didn't- It's a pity you didn't have more brandy.,Statement Opinion,Statement Opinion
It's a pity you didn't have any more brandy.  It might have made you a little less disagreeable.,Statement Opinion,Statement Opinion
It doesn't seem to have worked such wonders with you.,Statement Opinion,Disagreement
Line?,Question,Question
"Snap.  Oh, snap, snap, snap, like a little adder.",Statement Opinion,Statement Non Opinion
"Adders don't snap, they sting.",Disagreement,Statement Non Opinion
"They -- nonsense, they have a little bag of venom behind their fangs and they snap.",Disagreement,Statement Opinion
They sting.,Disagreement,Statement Non Opinion
They snap.,Disagreement,Command
I don't care.  Do you understand?  I don't care.  I don't mind if they bark and roll about like hoops.,Statement Opinion,Disagreement
"I suppose you let him kiss you a good deal more then, hmm?",Statement Opinion,Statement Opinion
Mind your own business.,Command,Command
You must have had a riotous time.,Statement Opinion,Statement Opinion
"No restraint at all, very enjoyable.  You never had much anyhow.",Statement Opinion,Statement Opinion
You always had a weak head.,Statement Opinion,Statement Opinion
I think I mentioned once before that I've only had three minute liquor glasses of brandy this whole evening.  That's hardly enough to get a child of two drunk.,Statement Opinion,Statement Opinion
"On the contrary, a child of two could get violently drunk on only one glass of brandy.",Statement Opinion,Disagreement
Very interesting.  And how about a child of four and a child of six and a child of nine?,Question,Question
"Oh, shut up.",Command,Command
"We might get up a splendid little- a splendid little debate about this, you know, intemperate tots.",Statement Opinion,Statement Opinion
"Not very funny, dear.  You'd better have some more brandy.",Statement Opinion,Command
Very good idea.  I will,Agreement,Agreement
You better turn that off I think.,Statement Opinion,Command
There aren't any people upstairs.  It's a photographer's studio.,Statement Non Opinion ,Statement Non Opinion
"There are people downstairs, I suppose",Question,Statement Opinion
They're away in Tunis.,Answer,Statement Non Opinion
This is no time of year for Tunis.,Statement Opinion,Statement Opinion
"Turn it on again, please.",Command,Command
I will do no such thing.,Disagreement,Disagreement
"Very well, if you insist on being boorish and idiotic.",Disagreement,Disagreement
Turn it off.  It's driving me mad.,Command,Command
Go away.  Go away.  I hate you.,Command,Command
Turn it off.,Command,Command
You are far too temperamental.  Try to control yourself.,Statement Opinion,Command
We swapped. Listen.,Command,Command
"You're a vile tempered, loosed living",Statement Opinion,Statement Opinion
Stop.,Command,Command
wicked little beast. And I- I hope I never see you again as long as live.,Statement Opinion,Disagreement
You're not going like this.,Command,Command
"Oh, yes, I am.",Disagreement,Agreement
"No, you're not.",Disagreement,Disagreement
"Let go of me.  You're a cruel fiend and I hate and loath you.  Thank God, I discovered in time what you're really like.",Statement Opinion,Disagreement
Shut up. Shut up.,Command,Command
"You're a mean, evil minded",Statement Opinion,Statement Opinion
Marry you again? Huh.,Statement Non Opinion ,Disagreement
little vampire And I hope to God I never set eyes on you as long as I live.,Statement Opinion,Disagreement
"Never, never, never.  I'd rather die in torment. Beast brute.",Statement Opinion,Disagreement
Whore.,Statement Opinion,Statement Non Opinion
Swine.,Statement Opinion,Statement Non Opinion
"Hi, I need an ID.",Statement Non Opinion ,Greeting
"ahh Yeah, this is the wrong line.  I'm sorry.  You need to go back over to line two B.  That's where you should have started from.",Statement Non Opinion ,Apology
No.,Backchannel,Disagreement
"Okay, I'm sorry, but I just stood in this line for an hour.  can I Is there any way I can-",Question,Apology
"I mean, there's really nothing I can do for you in this line.  This is not the line for new I.D.  This is the line for registration.",Answer,Statement Non Opinion
"No, they told me-I'm sorry, but they told me to be in this line.",Statement Non Opinion ,Apology
"Yeah, I understand that ma'am.  I don't know what they said to you, but you need to be in a different line.",Statement Non Opinion ,Acknowledge
"What, I mean what... what's the difference?  What do I need to do there that I can't do here?",Question,Question
"Well, I have no camera here.  I can't help you at all here, ma'am.  I have forms for something completely different.  You need to go to a different place.",Answer,Statement Non Opinion
Can you just-can I just get the right-,Question,Question
"Simply step to line two A, ma'am, I'm sorry.",Apology,Command
Would you be able to put me at the front of that line?,Question,Command
There is a large line of people behind you waiting to be--,Answer,Command
I know.  I've been in line with these people.  I understand.  I understand what it's like.  Could you please like call over and-,Question,Acknowledge
"I don't want to be rude here, ma'am, but line two B is where you need to be.  This is the line for registration.",Statement Non Opinion ,Statement Opinion
"I hear that.  I hear that.  Thank you, but I've waited in line for so long, and I don't want to have to be here all day.",Statement Non Opinion ,Disagreement
I don't have those-,Statement Non Opinion ,Disagreement
"So could I maybe get the form from you, fill it out here- and maybe you could-",Question,Question
"I don't have those forms, ma'am.  I can't help you.  That's why you need to go to line two A.",Answer,Answer
And how long is that going to take?,Question,Question
"Ma'am, obviously I have no idea how long it's taking.  There seems to be a bit of a line there.  It looks like thirty forty people.  It could take four to five hours.  I'm sorry.",Answer,Apology
I don't-,Statement Non Opinion ,Disagreement
"There's nothing I can do for you, ma'am.",Statement Non Opinion ,Answer
"I don't have time for this today, and-",Statement Non Opinion ,Statement Opinion
"But, obviously I don't have time for you to stand here and waste my time in this line.  There are other people who need service behind you who are waiting for the right things.",Statement Non Opinion ,Command
"Is there anything you can do?  Please, have some compassion.  Is there something you can do?",Question,Question
"I am a very compassionate person, and I'm offended that you imply that I'm not.  Of course, I'm compassionate.  Look, I work in the D.M.V..  What do you think I am?  Go wait in line two A.",Answer,Disagreement
Don't ask me to have somebody else come over here and move you myself.  I can't come back over there.  I'll get security if you need me to.,Statement Opinion,Command
"Please, I don't think that's necessary.  I'm just asking, maybe you could call over and say that somebody miss informed her because I didn't pick to stand in this line.  I asked them where to stand, and they told me here.",Statement Non Opinion ,Disagreement
"what, no, I'm sure they did not tell you here.",Disagreement,Disagreement
"No, they did.  The lady over there told me to stand in this line and I've been here for an hour.",Disagreement,Disagreement
"what The lady, what? the janitor?",Question,Question
No.,Answer,Disagreement
"You asked the janitor what line to stand in?  Obviously, that's not going to be the right thing.",Statement Non Opinion ,Statement Opinion
"No, I'm not, I'm sorry.I'm not stupid.",Disagreement,Disagreement
"I'm not saying that you're stupid, ma'am.  I think you just said that you were stupid.",Statement Non Opinion ,Disagreement
Isn't there anything you can do?  Just call over and ask them if I can go to the front of the line in the other line.,Question,Question
"It doesn't work that way here, ma'am.",Answer,Disagreement
Why not?,Question,Question
There is a strict system here.  You need to wait in the right line for the right thing.  This is the line for registration.,Answer,Statement Non Opinion
"Except they're going tell, are you going to tell me the right line to stand in this time at least?",Question,Question
I told you it was line two A.,Answer,Answer
"Right, well, last time they told me, it was this line, and obviously, it's not true.",Statement Non Opinion ,Disagreement
I don't know who told you that but they were wrong.  I'm sorry.,Apology,Disagreement
Do you have a manager I could speak with?,Question,Question
I am the manager.,Answer,Statement Non Opinion
Are you being straight with me?,Question,Question
"I'm being very straight with you, ma'am.  There is nothing I can do for you.  You need to stand in line two A.",Answer,Statement Non Opinion
Fine.,Agreement,Acknowledge
Thank you very much.  You have a wonderful day.,Greeting,Acknowledge
"baby, I need you to sit down.",Statement Non Opinion ,Command
What is it?,Question,Question
um.,Backchannel,Backchannel
You can say it.,Statement Non Opinion ,Command
I'm sorry.  It's just a lot ahh to explain. ahh I got a call--,Statement Non Opinion ,Apology
Are you all right?,Question,Question
"Yeah, um everything's fine so far. um",Answer,Acknowledge
"I got a call today,",Statement Non Opinion ,Statement Non Opinion
And um--,Backchannel,Backchannel
okay.,Backchannel,Acknowledge
I'm going to need to go overseas for a while.,Statement Non Opinion ,Statement Non Opinion
You got called up.,Statement Non Opinion ,Statement Non Opinion
Iraq.,Statement Non Opinion ,Statement Non Opinion
I thought you said this wasn't going to happen for at least a year.,Statement Opinion,Disagreement
"I'm sorry.  I thought so. ""sigh""",Apology,Apology
What am I going to do?,Question,Question
"I don't know ""sigh"".",Answer,Disagreement
I can't do this by myself. I I don't know how to do this.  You know how to do this.,Statement Opinion,Statement Opinion
The kids-,Statement Non Opinion ,Statement Non Opinion
I know.  I know.,Agreement,Acknowledge
Nobody's even here.  Your parents live on the other side of the country.,Statement Non Opinion ,Statement Non Opinion
"I know.  Well, we'll have to figure all that out.  I mean, I think the Army's going to provide childcare and help us out with that. um.",Statement Opinion,Statement Opinion
Where do you have to go?  Where are you going?,Question,Question
Iraq.,Answer,Statement Non Opinion
What are you going to do there?  Is it going to be dangerous?  What are you-?,Question,Question
I think infantry.  I'm not sure.,Answer,Statement Opinion
It's--,Statement Non Opinion ,Statement Non Opinion
Can we do something else?  Can you tell them that you just had two kids?,Question,Question
"It's going to be at least six months, probably a year. I tried.",Answer,Statement Non Opinion
I don't understand why they would just do something like this?,Question,Statement Opinion
"I know, I know.  It's really, really messed up.",Answer,Acknowledge
It doesn't make any sense.  It's stupid.  I told you you shouldn't go in the Army.,Statement Opinion,Disagreement
"Believe me, if I had a choice, I wouldn't have chosen this.",Statement Opinion,Statement Opinion
I don't know I don't know what I'm going to do.  I don't know how to-,Statement Opinion,Statement Opinion
"You don't know how to what?  You'll be fine. I mean, you're a great parent. I know.",Statement Opinion,Statement Opinion
"They're six months old. Six months old, they're tiny.",Statement Non Opinion ,Statement Non Opinion
I can't do this.  I've never done this before.  I don't know anything about this.,Statement Non Opinion ,Disagreement
"Well, maybe you should move in with my mom and she can help.",Statement Opinion,Command
"Your Your mom, you want me to move in with your mom?",Question,Question
"I don't know, I'm just--I'm trying to think of something.",Answer,Statement Opinion
She doesn't even like me.  She's never liked me. No.,Statement Opinion,Disagreement
"She likes you. Of course, she likes you.",Disagreement,Statement Opinion
...,Others,Others
She likes you.  She likes the kids.,Statement Opinion,Statement Non Opinion
"I no I can't- ""sigh""",Statement Non Opinion ,Disagreement
You can't what?,Question,Question
I can't let you go.  I can't let you go.  I'll call them.  I'll say something.  I'll do anything.  I'll tell them something different.,Answer,Command
I don't think there's anything we can do.,Statement Opinion,Statement Opinion
I'll tell them I'm sick and that you can't leave something.,Statement Non Opinion ,Command
"Well, we can try it.  Baby, don't beg me.  I mean, if there were anything that I could do, I would do it.  Believe me.  This is not what I want.",Statement Opinion,Statement Opinion
It's not fair.,Statement Opinion,Disagreement
I know.  I know it's not fair.,Agreement,Acknowledge
Why has to be you?  There's all those other people.  Somebody else can go instead.  It's not right.,Statement Opinion,Disagreement
"Well, apparently nobody else can go.",Statement Opinion,Statement Opinion
What are you going to do that's any different than anybody else?,Question,Question
"I don't know.  Baby, why are you asking me this?  It's just as hard for me.  Please, try to understand that.",Answer,Disagreement
"I don't know.  It's not me, so I'm the one who has to stay here.  I'm the one who has to take care of them, and I don't have-I don't have anybody else.  You're all I have.",Statement Non Opinion ,Statement Opinion
"I understand, baby.  I'm sorry. I mean try to understand I'm I'm scared myself.",Agreement,Apology
I understand.  I'm worried about you.  I don't know what's going to happen to you.,Statement Opinion,Statement Opinion
I know.,Agreement,Acknowledge
Iraq of all-come on.  People die every day.,Statement Non Opinion ,Statement Non Opinion
I know.,Agreement,Acknowledge
I jus-,Backchannel,Others
We'll figure something out.  We just have to ... we just have to think about this.  Could any of your family help us?,Question,Question
I don't know.,Answer,Answer
Maybe we should call your parents.,Statement Opinion,Statement Opinion
Yeah.  I guess.  I don't know what they're going to say.,Agreement,Acknowledge
"Yeah, we'll call them.  We'll figure something out.  I'm sorry, I'm sorry, I'm sorry.  You're right.",Apology,Apology
I'm going to miss their first words.,Statement Opinion,Statement Opinion
I know.,Agreement,Acknowledge
You'll have to send me pictures and letters everyday.,Statement Non Opinion ,Command
"All the time, every day, every day.  They have e-mail over there and stuff like that, right? I can send you pictures.",Agreement,Question
I don't know. I hope so.,Statement Opinion,Statement Opinion
You have to call me all the time whenever you can.  You have to tell me what you're doing and how you're doing.  Okay?,Question,Command
"Yeah, as much as I can.",Answer,Acknowledge
How long do we have?  When do you leave?,Question,Question
sigh Three weeks.,Answer,Statement Non Opinion
Three weeks?,Question,Statement Non Opinion
Yeah.,Answer,Acknowledge
"I don't Okay.  Okay, we can do this.  We can do this.  It's okay.  We'll make it work.",Statement Opinion,Statement Opinion
Yeah.,Agreement,Acknowledge
I love you.,Statement Opinion,Statement Opinion
"I love you.  I'm going to miss you so much. ""sigh""",Statement Opinion,Statement Opinion
"Okay, so big news.",Statement Non Opinion ,Statement Non Opinion
What?,Question,Question
"Come on, what?",Question,Question
I'm getting married.,Answer,Statement Non Opinion
Shut up.,Command,Command
Yeah.,Agreement,Acknowledge
No way.,Statement Non Opinion ,Disagreement
Yeah.,Agreement,Acknowledge
He asked you?,Question,Question
Uh-huh.,Answer,Backchannel
"No way, when? when,when, When did it happen?",Question,Disagreement
Just a couple days ago.,Answer,Statement Non Opinion
Oh my gosh.,Statement Non Opinion ,Acknowledge
[LAUGHTER],Others,Backchannel
And you actually said yes.  I can't believe it.  I never thought you would get married.,Statement Opinion,Statement Opinion
I know me neither.,Agreement,Acknowledge
Oh my gosh.,Statement Non Opinion ,Acknowledge
"Right, I thought I would be way older too. I thought I would be I be at least thirty something.",Statement Opinion,Statement Opinion
Oh absolutely.,Agreement,Agreement
"Well, we always said we'd be in our thirtieth when we got married. And we were going to get married to each other if we didn't by then",Statement Non Opinion ,Statement Opinion
Yeah.,Agreement,Acknowledge
"I know, right. What'd we say, when we were thirty nine?",Question,Agreement
"Thirty nine, yeah.  I can't believe it.  So you broke our pact. Thanks a lot.",Answer,Disagreement
Sorry.,Apology,Apology
"Thanks a lot.  Well, okay, you've got to tell me the details.  What did he say?  Where was it?  What happened?",Question,Question
"Um, Well, uh, I don't-I don't know how much planning he had done.",Answer,Statement Opinion
"Okay.  That's okay, spontaneous is great.  Spontaneous is awesome.",Statement Opinion,Agreement
"Actually, but--",Backchannel,Disagreement
It was really beautiful.,Statement Opinion,Statement Opinion
You've got to love that.,Statement Opinion,Statement Opinion
"Yeah, we went to a really great jazz show, and um-",Statement Non Opinion ,Acknowledge
"Nice, you love the jazz.",Statement Opinion,Acknowledge
"Yeah, and after, we went up to this um, this place like a restaurant on the roof kind of thing.",Statement Non Opinion ,Statement Non Opinion
"Oh, okay, yeah.",Backchannel,Backchannel
So you know like late dinner and champagne and what not.,Statement Non Opinion ,Statement Non Opinion
Were you in Chicago?,Question,Question
Mm-hmm.,Answer,Backchannel
"Downtown, was it beautiful? of course it was beautiful",Question,Question
yeah--,Answer,Backchannel
"so beautiful, full moon.",Statement Opinion,Statement Opinion
"What a guy.  I can't believe it.  So okay, so do you know any details?  When's it going to be?  Anything?",Question,Question
I don't know.  I guess next summer.,Answer,Statement Opinion
Am I in it?,Question,Question
"Yeah.  Yeah, of course.",Answer,Backchannel
"Okay, I certainly hope so, of course.",Agreement,Agreement
So next fall I guess.,Statement Opinion,Statement Non Opinion
Next fall.,Statement Non Opinion ,Statement Non Opinion
"Yeah, I like the autumn.",Statement Opinion,Statement Opinion
Are you going to do it in town or are you out of town?,Question,Question
"oh, We'll do it in town.",Answer,Command
"Oh, okay.",Agreement,Acknowledge
"Yeah, his family doesn't live too far away, so I think-",Statement Non Opinion ,Statement Opinion
"Yeah, where's he from again?",Question,Question
He's from Chicago as well.,Answer,Statement Non Opinion
"Oh he is, okay.",Agreement,Backchannel
Yeah.,Backchannel,Acknowledge
"Cool, perfect.  Another Chicagoite, got to love it.",Statement Opinion,Agreement
"It's so weird too, right, that like you can grow up so near somebody and never know them until you travel hundreds of miles away.",Statement Opinion,Statement Opinion
Yeah.,Agreement,Acknowledge
"Exactly, yeah.  I can't believe you met him in Africa.",Statement Opinion,Agreement
I know,Agreement,Acknowledge
"And the chances, what are the chances of meeting somebody in Africa and then coming back to Chicago?",Question,Question
"Right, being like oh, where are you from?  The U.S.  Where in the U.S.?  Chicago.  Where in Chicago?",Answer,Question
[LAUGHTER] I am sil,Others,Backchannel
"Knowing the neighborhood.  Yeah, it's pretty bizarre.",Statement Opinion,Statement Opinion
And now you're getting married.,Statement Non Opinion ,Statement Non Opinion
Yeah.,Agreement,Acknowledge
That is amazing.  You must be so excited.  Did you tell your mom?,Question,Statement Opinion
Mm-hmm.,Answer,Backchannel
"Oh, did she cry?",Question,Question
"Yeah, she loves him.",Answer,Agreement
"I knew it.  I knew it, of course she does.  How could you not love Mr. Peace Corps worker man?  He's the nicest guy ever.",Agreement,Statement Opinion
"Yeah, she-yeah, that's my type.",Statement Non Opinion ,Acknowledge
[BREATHING],Others,Others
you.. I can't believe it.  I'm so happy for you.  This is exactly what you wanted.  It's your dream come true.,Statement Opinion,Statement Opinion
Thank you.,Greeting,Acknowledge
"The exact right guy, I fully approve.  He's a wonderful guy.  We have a great time.  He can drink.  That's awesome.",Statement Opinion,Agreement
[LAUGHTER],Others,Backchannel
[LAUGHTER],Others,Backchannel
"Yeah, we all have to hang out now.",Statement Non Opinion ,Agreement
"Of course, of course she will ... of course she will.  Yeah, don't go and disappear like everyone else after they get married and I never see them again.  That'll make me mad.  You don't want to make me mad.  You know how I get when I get mad.",Statement Opinion,Command
No.,Agreement,Disagreement
No.,Agreement,Disagreement
"I mean, I I have I have some duty to the man I was going to marry if nobody else came up.",Statement Opinion,Statement Opinion
Exactly.,Agreement,Agreement
"Exactly, ""laugh"".",Agreement,Agreement
Sorry.,Apology,Apology
"ahh I was always worried you'd be a little bit jealous of me, but I was never quite that lucky.",Statement Opinion,Statement Opinion
There's still time for that.,Statement Non Opinion ,Statement Non Opinion
"Oh, thanks. move here before you get married [LAUGHTER]",Statement Non Opinion ,Command
[BREATHING],Others,Others
"Perfect, okay, good. ""sigh""",Statement Opinion,Backchannel
"I don't feel so bad then.  Well, I'm excited for you.",Statement Opinion,Statement Opinion
I know. I can't believe it.,Agreement,Acknowledge
I can't believe it.,Statement Opinion,Statement Opinion
I am very excited,Statement Opinion,Statement Opinion
Who else have you told?,Question,Question
Just a few people.,Answer,Statement Non Opinion
Really?,Question,Backchannel
Just close friends so far.,Answer,Statement Non Opinion
So I was one of the first ones? That makes me feel so important.,Statement Opinion,Statement Opinion
Yeah.,Agreement,Acknowledge
I have to think about moving now.  We're going to move in together,Statement Non Opinion ,Statement Opinion
"Oh yeah, of course.",Agreement,Agreement
I think it's a good idea to live together before you get married.,Statement Opinion,Statement Opinion
"I think so, too.  Are you going to get a house or-",Question,Agreement
"I don't want a house, I mean just-",Answer,Disagreement
No?,Question,Disagreement
L.A. apartment is fine.,Answer,Statement Non Opinion
"Oh, nice.",Statement Opinion,Backchannel
yeah.,Agreement,Acknowledge
A good apartment. [BREATHING],Statement Opinion,Statement Non Opinion
"Two artists, though.  We're bound to be poor forever.",Statement Opinion,Statement Opinion
"Yeah, how are you going to survive?",Question,Question
Exactly. Are you going to have kids?,Question,Question
"Yeah, I think so.  I mean, not for a while.",Answer,Agreement
yeah.,Backchannel,Acknowledge
yeah.,Agreement,Acknowledge
Definitely not for a while,Statement Non Opinion ,Disagreement
yeah.,Agreement,Acknowledge
"So now, I'm going to have to find somebody else to bear my children.",Statement Opinion,Statement Opinion
[LAUGHTER] Good luck.,Statement Non Opinion ,Acknowledge
[LAUGHTER],Others,Backchannel
"Oh, thanks.  I'll need it.",Statement Opinion,Acknowledge
"You won't have trouble, You won't have trouble.",Statement Opinion,Statement Non Opinion
"Oh thanks, you're too nice",Statement Opinion,Acknowledge
just being polite now,Statement Opinion,Acknowledge
"You should just approach her like that.  Hey, will you bear my children?",Statement Opinion,Command
because I am not getting married.,Statement Opinion,Statement Non Opinion
"Exactly, [LAUGHTER] I think that'll go over great, don't you?",Question,Agreement
"Yeah, totally.",Answer,Agreement
"That's what girls like, right?",Question,Question
Total turn on.,Answer,Statement Opinion
Would you mind popping out a few for me?,Question,Command
[LAUGHTER],Others,Backchannel
"That'd be great, thanks.",Statement Opinion,Agreement
"Brian, I need help.",Statement Non Opinion ,Command
"Babe, I don't know what to tell you.  Don't give up.",Statement Non Opinion ,Command
I don't--I'm just--I'm thinking maybe I should move back home or something.  I don't I don't know what to do.  I can't - I cant keep living the way I'm living.,Statement Opinion,Statement Opinion
"Well, of course not, but what are you going to do if you move back home?  Are you going to be able to find a job there?",Question,Question
"I don't know.  I mean, what am I supposed to do? I've It's not for lack of effort.  I've been trying.",Answer,Statement Opinion
"I wish I had some answers for you, babe.  I mean-I don't know what to tell you.",Statement Non Opinion ,Apology
How did you get a job?  What am I - What am I supposed to do?,Question,Question
I went to school and I got my degree.  And I got a job.,Answer,Statement Non Opinion
"I mean, I just don't--I don't know.  If you don't have a lot of qualification, where do you - where do you find work?  It's like L.A. is so frustrating because if you don't know somebody, you can't -you can't get a job.  It's impossible.  It's totally discriminatory.  You have to know somebody.",Statement Opinion,Statement Opinion
Nothing's impossible.,Disagreement,Statement Non Opinion
It's not fair.,Statement Opinion,Disagreement
You have to be willing - You have to be willing to start you know at the bottom and work your way up. and,Statement Opinion,Command
That's fine.  I'd be willing to start anywhere.  I can't get a job.,Statement Opinion,Agreement
I,Backchannel,Statement Non Opinion
"I mean, on six seven and five an hour does not - does not pay the bills I mean.",Statement Non Opinion ,Statement Opinion
"No, it doesn't pay the bills, but it would pay something.  And it would help you get somewhere else.",Statement Opinion,Disagreement
I still can't live on in six seven and five.  It's not possible in Los Angeles.  Housing is too expensive.,Statement Non Opinion ,Statement Opinion
"and No, I understand, but you've got to start somewhere.  It's better than nothing and that's all you have.  You have nothing right now.",Statement Opinion,Disagreement
"I mean I can do the McDonald's thing for a while as humiliating as that is, but I mean then what?  I mean You can't exactly move up in that kind of industry.",Statement Opinion,Statement Opinion
"Wait, You can move up.  There's management programs in McDonalds and things like that.",Disagreement,Command
"Oh come on, that's not what I envisioned for myself. Honestly, would you settle for being a manager at McDonalds?",Question,Disagreement
"Well, of course not--",Disagreement,Disagreement
"[GARBAGE] No, I wouldn't, but I--",Answer,Disagreement
This is humiliating.,Statement Opinion,Statement Opinion
"Well, you know what?  Life gets humili... humiliating at times.",Statement Opinion,Statement Opinion
"No, I don't I don't want to accept that.  I think that's bullshit.",Disagreement,Disagreement
"Well, what are you going to do about it to make it different?",Question,Question
I don't know.  I feel like I've tried everything.,Answer,Statement Opinion
Have you?  There's got to be something else.,Question,Question
Three years of going out every day--every day--and looking for a job and being constantly denied everywhere I go.,Answer,Statement Non Opinion
"I don't know what to tell you, babe. Maybe- Maybe you're right.  Maybe you do have to go someplace else.  I don't know, maybe it's just not meant to be here.  I mean I want you to-I don't want you to give up, but I mean I don't want you to move away, but at the same time, I don't like seeing you like this.",Statement Opinion,Statement Opinion
I'm just so scared to start over I mean.  I put so much time and energy into being here.,Statement Non Opinion ,Statement Opinion
"Where am I supposed to go?  I mean, like what?",Question,Question
"If it's rent or something like that, I mean I can help you out a little bit, if- if that will help you you know stick with it.",Answer,Statement Opinion
I don't know. Maybe I can take out a loan. I just- I need prospects and I don't feel like I have any.,Statement Opinion,Statement Opinion
"Well, just don't give up. And there's- you know, You never know, something might be around the corner tomorrow.",Statement Opinion,Command
But that doesn't help me when I'm hungry now.,Statement Opinion,Statement Opinion
"Well, you know I'm not going to let you starve.",Statement Opinion,Statement Opinion
I'm just worried.,Statement Opinion,Statement Opinion
"Of course, you're worried.  We're all worried.  I'm worried for you.  Everyone's always worried.  You know, I don't-maybe I have a job and yeah, it's a good job whatever and I'm happy, but it doesn't mean I'm going to have it tomorrow or the next day.  You never know what's going to happen.  Something crazy could happen tomorrow.",Statement Opinion,Statement Opinion
It's three years.,Statement Non Opinion ,Statement Non Opinion
"I understand, but you know what, you've been negative for three years.",Statement Opinion,Disagreement
Is that honestly what you think?,Question,Question
"It's the way it seems to me.  You started complaining about not being able to find a job the first day you went out and didn't find a job.  And I'm not saying like and not trying to you know put you down or anything, it's just that-",Answer,Statement Opinion
That's really hard to hear.,Statement Opinion,Acknowledge
"But it's true, babe.  You've got to be more positive about things.  Like- Have some faith in yourself.",Statement Opinion,Command
I feel like I have faith and now faith is running thin because there is no money.,Statement Opinion,Statement Opinion
"Well, exactly.  Money is not everything.",Statement Opinion,Agreement
"Brian, I don't think you have a concept of what I mean by- by money.  I don't mean money like oh, I can't go get my hair and my nails done today, I mean like I can't eat.",Statement Opinion,Statement Opinion
You can.,Disagreement,Command
"No, no, really, if I can't pay to live somewhere, I'm going to end up living in my car.",Statement Non Opinion ,Disagreement
You know I would never let that happen.  I wouldn't let that happen.,Statement Opinion,Statement Opinion
I just-- I,Statement Non Opinion ,Backchannel
"You can always stay with me if you- if you have to stay with me for a while and get yourself back up on your feet again.  You know I'm not just going to you know just throw you to the wolves or something like that.  If there's any way I can help you, I will.",Statement Opinion,Statement Opinion
"Well, thank you.",Greeting,Acknowledge
But you have to keep trying.  You can't give up.,Statement Opinion,Command
"Yeah, I don't intend to stop trying.  I just--I don't when is when enough is enough.",Statement Opinion,Agreement
"And you've got to think--well, ask yourself why are they not hiring you?",Question,Statement Opinion
I don't know.,Answer,Answer
I mean are you going in for interviews?,Question,Question
"Yeah, and I look nice and I'm you know--",Answer,Backchannel
Are you presenting-,Question,Question
charismatic.,Answer,Statement Opinion
putting your best foot forward? or you,Question,Command
"yah, to-totally, and I'm not--",Answer,Backchannel
"Do they seem to like you? I mean, Can you get any read from them?",Question,Question
"Yeah, I always think so, but I- I just feel like it's a lot of lip service everywhere I go.",Answer,Agreement
Have you ever called them back and asked why you didn't get the job?,Question,Question
"Yeah, I follow up.",Answer,Acknowledge
Do they give you any specifics as to why they didn't go with you?,Question,Question
It's just like- it's a matter of-,Answer,Statement Non Opinion
"not tall enough, not pretty enough, not--you know how this place is.",Statement Non Opinion ,Statement Opinion
"Yeah, I understand. maybe What jobs are we talking about?",Question,Question
"I mean, anything.",Answer,Statement Opinion
Like- What's your ideal job?  What do you want to do?,Question,Question
"Well, I'd like to be a working actor.",Answer,Statement Opinion
Of course.,Agreement,Agreement
But um--,Backchannel,Backchannel
"Everyone wants to be a working actor, but they all work at something else.",Statement Opinion,Statement Opinion
Yeah.,Agreement,Acknowledge
So what's the something else?,Question,Question
"Bartending, catering.",Answer,Statement Non Opinion
"You can't get a catering gig?  Well, I can call some friends.  I- Well, I did call some friends before, but you went in once and then never went back.",Statement Non Opinion ,Disagreement
Would you be willing to make some more calls on my behalf? I won't--I won't make you look bad.,Question,Question
If I- If you- Will you stick with it?,Question,Question
yeah.,Answer,Acknowledge
"Okay.  Okay, I'll call some people.",Statement Non Opinion ,Agreement
Thank you.,Greeting,Acknowledge
"But you've got to keep looking for other stuff. You've got to do it on your own, too.  Okay?",Question,Command
"I will, I will.",Answer,Agreement
"Yeah, thank you.",Greeting,Acknowledge
You know I'll always help you.,Statement Opinion,Statement Opinion
"Hi,um- I think my baggage was lost, and I need to I guess file a claim or I don't know what.",Statement Non Opinion ,Statement Opinion
"Okay, what flight were you on?",Question,Question
Um-Seventeen. Coming from --,Answer,Backchannel
On what airline?,Question,Question
It was Virgin Atlantic coming from London.,Answer,Statement Non Opinion
"From London, okay. Um- And you went through all your proper checkpoints?",Question,Question
"Yeah, I don't know where it was lost.  I was coming from Africa, so.",Answer,Statement Non Opinion
So you haven't seen your bags since Africa. You flew threw Heath Row to here.,Question,Question
Right.,Answer,Acknowledge
Yeah.,Agreement,Acknowledge
"Okay.  Well, let me see here. I-",Statement Non Opinion ,Backchannel
It seems like it went through Heath Row.  I see it here. uh-,Statement Non Opinion ,Statement Opinion
That's good.,Statement Opinion,Agreement
But uh- I don't see it here in the airport yet. uh,Statement Non Opinion ,Statement Opinion
I'm not sure where it is.  We can absolutely keep an eye out for for it for you.,Statement Non Opinion ,Agreement
"Well, I can't leave without it. I mean, Could you find out?",Question,Question
"Well, I'm not a miracle worker.  I don't know what I can do for you.  I don't have the bag right here.",Answer,Statement Opinion
"Right, well can you get on the computer maybe and like track it down and see when it's going to get here?",Question,Command
"Well, as I told you, it left Heath Row and it seems to have arrived here.  But if you can't find it, then-are you sure you know what your bag looks like?",Question,Question
"Yes, sir, I know what my bag looks like.",Answer,Answer
"Okay, and what is that?  What kind of bag is it?",Question,Question
Um- It's a travel backpack.  It's green and gray.  It's got my name on it and my information.,Answer,Statement Non Opinion
And you couldn't find it?,Question,Question
"No, it didn't turn up at the baggage claim.",Answer,Disagreement
Are you sure?,Question,Question
I mean we've gone through all of this.  I've been to five people already who--,Answer,Statement Opinion
"Well, obviously, that wasn't me, so I'm going to have to ask you the same questions they asked you just so we can get to the same point.",Statement Non Opinion ,Statement Opinion
Okay.,Agreement,Acknowledge
"All right?  Now, um- it's green, travel bag, you couldn't find it.  And was there something important in it that you need it?",Question,Question
"Yes, lots of really like -- sentimental value only, but--",Answer,Statement Opinion
Sentimental value.,Statement Non Opinion ,Statement Non Opinion
 --really important stuff.,Statement Non Opinion ,Statement Non Opinion
"Right.  Well, I don't know what to tell you. Um- What I can offer you is a fifty dollar voucher on your next flight.",Statement Non Opinion ,Others
"That's not going to cut it. Like, Really, I really need to get this bag back.",Statement Opinion,Disagreement
"No, I understand. I mean. It's got to be tough all those sentimental things, but um- this is all I can do for you.",Statement Non Opinion ,Acknowledge
Does this happen often?  Do they--you just lose baggage and you just offer people money for it?,Question,Question
"Well, you know, sometimes that's--really, I mean what else could we do?",Question,Statement Opinion
Uh- Not lose the baggage in the first place. I mean You're offering a service here. I paid so much money for that ticket.,Answer,Disagreement
"Well,",Backchannel,Backchannel
Obviously ma'am.,Agreement,Agreement
"I am sorry, ma'am.",Apology,Apology
"Let's- Let's just relax for a moment, ma'am.  You understand, obviously, we're going to do everything we can to keep all of your luggage here.",Statement Non Opinion ,Command
"Obviously, we're not trying to lose your luggage.  Do you really believe that we're trying to lose your luggage ma'am?",Question,Disagreement
"No, but I mean like why can't- why can't you find it?  Where did it go?  Who lost it?",Question,Question
"Well, if I knew that, then I'd know where it was, wouldn't I?",Answer,Statement Opinion
"Well, I just-I paid so much money for this ticket.  I feel like you guys should be able to get-to offer me more than a fifty dollar voucher.",Statement Opinion,Statement Opinion
"Well, we're talking about one bag.  You personally made it here, didn't you?",Question,Question
"Yeah, meaning I didn't die in a fiery plane crash.  How convenient, but um- I paid two thousand dollar to ride your airline, and I would really appreciate getting my bags there to my destination in one place.",Answer,Disagreement
That's what the cost of the ticket was for.,Statement Non Opinion ,Statement Non Opinion
"Ma'am, international flights are not cheap and there's many reasons for that.  It does not have solely to do with your baggage or-",Statement Non Opinion ,Statement Opinion
"Right, but part of the agreement is that I'm paying so that I can take myself and my belongings with me.",Statement Non Opinion ,Disagreement
"Right. Yes, ma'am.",Agreement,Acknowledge
And that you're going to transport them safely from one place to another.,Statement Non Opinion ,Command
"Right, and also if you'll read the fine print of your agreement you'll see that while we do bear some responsibility for lost luggage, it is a fifty dollar voucher.",Statement Non Opinion ,Statement Non Opinion
"That's all you can offer me? I mean, my the stuff in there is worth way more than fifty dollar.",Statement Non Opinion ,Disagreement
"Well, I understand that.  Did you buy flight insurance?",Question,Question
No.,Answer,Disagreement
"Well, my hands are really tied then.",Statement Non Opinion ,Statement Opinion
Why do I need flight insurance?  Why don't you guys just guarantee that you're going to get the stuff that I leave with to my destination?,Question,Question
"Well, it's like any kind of insurance.  You don't-when you get it, then you get more. You know, Like if you--",Answer,Statement Opinion
"Right, but if I'm riding a bus, I don't need to buy luggage insurance that the backpack I take on is going to get to my destination with me.",Statement Non Opinion ,Disagreement
"Well, of course not because you've got your backpack with you the whole time.  Now, if you--you said this was a travel bag.  Why weren't you carrying it on if it was so important?",Question,Disagreement
Because they made me check it.  It's too heavy.,Answer,Answer
"Uh, so it was really heavy.",Statement Non Opinion ,Statement Opinion
"So I would have carried it on, but they made me check it and then they lost it.",Statement Non Opinion ,Statement Opinion
"Well, you know what, it could still turn up, but until then I can offer you this fifty dollar voucher.",Statement Non Opinion ,Statement Opinion
There's nothing else you can do?,Question,Disagreement
"I'm sorry, ma'am, there's nothing else I can do.  My hands are really tied here.  I really wish there was something else I could do for you.",Answer,Apology
I don't believe that for a second.,Statement Opinion,Disagreement
Well I don't know why you wouldn't believe that.,Statement Non Opinion ,Disagreement
"Obviously, I'm doing everything that I can here.",Statement Non Opinion ,Statement Opinion
"No, I don't think you are. I mean If you were doing everything you could, you'd either give me more money or you'd figure out where my bag is.",Statement Opinion,Disagreement
"Well, I have no way to give you more money.  I'm giving you as much money as I can, and figuring- as far as figuring out where you bag is-",Statement Non Opinion ,Statement Opinion
What do you mean as you can?  Who makes up these rules?,Question,Question
makes up?,Question,Question
You're an autono- autonomous human being.  You could- You could go into the com-,Statement Non Opinion ,Statement Non Opinion
"The airline makes these rules, mom ma'am.",Answer,Answer
You could go into the computer and- you know- print-,Question,Statement Opinion
I've gone into the computer.  I told you exactly what I can see in the computer that your luggage did arrive here.,Answer,Statement Non Opinion
"So I'm just supposed to oh, well, oops, my luggage is gone and be fine with that and take your stinking fifty dollar voucher?",Question,Disagreement
"Well, you can take my stinking fifty dollar voucher and go home and wait and see if your luggage turns up. And if it does, then we'll deliver it to you.",Answer,Command
And you have no guarantee.,Question,Statement Non Opinion
"I have no guarantee, absolutely not.",Answer,Disagreement
This is ridiculous.,Statement Opinion,Statement Opinion
How can I guarantee finding your luggage when it's lost?,Question,Question
"Uh- Because you guys lost it, so it should be your responsibility to find it, too.",Answer,Disagreement
"Right, well, when you're at home and you lose something, do you guarantee that you're going to find it later on?",Question,Question
"Oh, come on.  Would you cut it out?  This is ridiculous.",Answer,Disagreement
"Well, it sounds to me like you're being ridiculous",Statement Opinion,Statement Opinion
"No, I don't think I am.  I like have a whole bunch of stuff that means a lot to me, and I brought it you know from Africa.  It's not like I can just go back and get it whenever I want.",Disagreement,Disagreement
Right.,Agreement,Acknowledge
It's not like I can go to Kmart and buy another.,Statement Opinion,Statement Opinion
"I understand that, ma'am, but things get lost.  There's nothing I can do about that.  Things happen.  Accidents happen.",Statement Opinion,Acknowledge
"And while I really would love to be able to hand you your bag right now, obviously I can't do that.",Statement Non Opinion ,Apology
okay fine.,Agreement,Acknowledge
So you'd like the fifty dollar voucher?,Question,Question
"Yeah, I'll take your fifty dollar voucher.",Answer,Agreement
"Okay, just fill out these three forms, and um- you'll- we'll have that sent to you within the next three weeks and, of course, we'll definitely keep an eye out for your bag.",Statement Non Opinion ,Command
Thanks.,Greeting,Acknowledge
You have a wonderful day.,Statement Non Opinion ,Statement Opinion
What's wrong Melissa?,Question,Question
A good friend of mine passed away the other day.,Answer,Statement Non Opinion
"Oh no, I'm so sorry. What happened?",Question,Apology
"Oh they had some pretty progressive cancer,",Answer,Statement Opinion
"metastasized and it was old and they knew that it wasn't looking good, but-",Statement Non Opinion ,Statement Non Opinion
That's the worst.  I'm so sorry.  Did you know him well?,Question,Apology
Yeah.  We were.  Pretty close.,Answer,Acknowledge
[BREATHING],Others,Others
"I am so sorry,  It's-",Apology,Apology
It's the worst when they go like that. [GARBAGE] Was he young?,Question,Question
Kind of.,Answer,Statement Non Opinion
"It's hard to watch when it's painful for them, you know.",Statement Opinion,Statement Opinion
"Absolutely, absolutely.",Agreement,Agreement
It's the think,Statement Non Opinion ,Statement Non Opinion
"I just, I don't know.",Statement Non Opinion ,Disagreement
There's no reason for it.,Statement Opinion,Disagreement
I know.,Agreement,Acknowledge
And he could of...  He was pretty awesome,Statement Opinion,Statement Opinion
Yeah?  What'd he do?  What did they do?  How'd you know him?,Question,Question
"Uh,  We grew up together.",Answer,Statement Non Opinion
yeah.,Backchannel,Acknowledge
"Is he an actor too, or-?",Question,Question
"Yeah, he kind of did a lot of things, but we acted together, sometimes.",Answer,Acknowledge
"I feel really bad for his family, you know.",Statement Opinion,Statement Opinion
"Yes of course, of course.",Agreement,Agreement
"It must be really, really hard to lose a child.",Statement Opinion,Statement Opinion
Was he very close to his family?,Question,Question
"Yeah.  And they were really supportive, like through the whole process, but-",Answer,Acknowledge
yeah.,Backchannel,Acknowledge
[BREATHING],Others,Others
I can't imagine what his- what his parents are going through.,Statement Opinion,Statement Opinion
Of course not.  You have no idea what it's like to lose a kid.,Statement Opinion,Disagreement
"Yeah, I'm just going to miss him.",Statement Opinion,Statement Opinion
"Of course. If there's anything I can do, you just let me know.  Okay?",Statement Non Opinion ,Agreement
Thank you.,Greeting,Acknowledge
Of course.,Agreement,Agreement
Is there a funeral planned? or-,Question,Question
"Yeah, they're going to do some sort of memorial service or something.",Answer,Acknowledge
"Cool, Well, If you want me to go with you, I will.",Statement Non Opinion ,Agreement
Thanks.,Greeting,Acknowledge
No problem.,Statement Non Opinion ,Acknowledge
"It's really bizarre, you know, when you know somebody really well, and then...",Statement Opinion,Statement Opinion
something happens and they die and it's like-,Statement Non Opinion ,Statement Opinion
"really hard to imagine that like you're going to continue to live, and that person's just going to have stopped.",Statement Opinion,Statement Opinion
"Right, it just doesn't make any sense, it's not real.  It doesn't feel real.",Statement Opinion,Disagreement
yeah.,Backchannel,Acknowledge
[BREATHING],Others,Others
"Do you know what, it's going to pass,eventually, I mean it'll never pass, it'll always be there, and you'll always remember and everything like that, but you know.  It'll get easier I guess.",Statement Opinion,Statement Opinion
yeah.,Agreement,Acknowledge
That's the best way to put it.,Statement Opinion,Agreement
It's hard to say good-bye.,Statement Opinion,Statement Opinion
Absolutely.,Agreement,Agreement
[BREATHING],Others,Others
"Do you know what, if it was me that died, I'd really want you to be crying and being really upset too any way. So, I think you should definitely do this, because it's trying what it's supposed to be.",Statement Opinion,Statement Opinion
[LAUGHTER],Others,Backchannel
yeah yeah.,Agreement,Backchannel
So guess what.,Statement Non Opinion ,Question
what,Question,Question
I got into college.,Statement Non Opinion ,Statement Non Opinion
"Shut up.  What'd you get, where'd you get accepted to? please",Question,Command
U.S.C..,Answer,Statement Non Opinion
"Oh, sweet.",Statement Opinion,Acknowledge
yeah.,Agreement,Acknowledge
So you're not going to leave me.,Question,Agreement
No.,Answer,Disagreement
"oh, good good good good good good.",Statement Opinion,Backchannel
I'll stay in town.,Statement Non Opinion ,Statement Non Opinion
Are you going to live on campus?  Where are you going to live?,Question,Question
Uh- I don't know.,Answer,Disagreement
Uh! stay over here.  Like travel to school. because you are so close to me,Statement Non Opinion ,Command
"Well, I don't want to, I don't want to live with my mom.",Statement Opinion,Disagreement
"Okay, you're right, you're right, you're right,  right.  Maybe we should get a place together.",Statement Opinion,Agreement
Whoa.  What an idea.  Where would you want to live?,Question,Question
That'll be awesome.,Statement Opinion,Agreement
"I don't know.  Well.  I wouldn't mind living by the U.S.C. campus, you know, but I'm not going to go to school right now, so.",Answer,Statement Opinion
That's fine.  You don't have to go to school to live near U.S.C..,Agreement,Acknowledge
I know.,Agreement,Acknowledge
But I'd love to go all the US- all the U.S.C. parties and do all that crazy stuff with you.,Statement Opinion,Statement Opinion
Fair enough.,Statement Opinion,Acknowledge
"Whoa, this is going to be so much fun.",Statement Opinion,Statement Opinion
it is going to be so much fun. Yes.,Statement Opinion,Agreement
Uh! I'm so happy that you're not going to go away.,Statement Opinion,Statement Opinion
"Thank you. I know, I'm really, really, really excited.",Statement Opinion,Acknowledge
"Oh, I bet you're going to love it too.  You always wanted to go to U.S.C..",Statement Opinion,Statement Opinion
"I know they have a really, really great program for what I want to do.",Statement Non Opinion ,Statement Opinion
"You're going to have so much fun.  And there's lo- tons of people, you're going to meet so many people, I'm going to meet so many people too, because we're going to be there together.",Statement Opinion,Statement Opinion
Can we for real live together?,Question,Question
"Sure, why not.  I don't know why not, I'm not doing anything I have no plans, I could live anywhere I want.",Answer,Agreement
awesome.,Statement Opinion,Acknowledge
So should we get a place near campus? or-,Question,Question
That'll be great. That'll be great.,Answer,Agreement
"We should try to find, like, a party spot though, like you know where there's going to be a lot of parties, where there are cool people, though.  Do you know any people that might be out there?",Question,Question
okay.,Backchannel,Acknowledge
not yet.,Answer,Answer
"Yeah, me either.",Statement Non Opinion ,Agreement
"[garbage] I know, I know, I know, we'll figure it out.  Right?  [garbage] it is going to be so much fun.",Statement Opinion,Agreement
That happens. That happens at time,Statement Opinion,Acknowledge
yeah.,Backchannel,Acknowledge
It's going to be ridiculous.  It's going to be so cool.,Statement Opinion,Statement Opinion
"You can't make fun of me because I'm not going to school, though, because I'm going to be working though.",Statement Non Opinion ,Disagreement
I'm not going to make fun of you.,Statement Non Opinion ,Disagreement
I'll have to make money and support us.,Statement Opinion,Statement Non Opinion
"[LAUGHTER] Oh, I'm going to be working too, I mean.",Statement Non Opinion ,Statement Non Opinion
"Well, yeah, of course, but you're going to be working on your school stuff too, and partying that takes up a lot of time, right, especially at U.S.C., I hear it's a big party college.",Statement Opinion,Statement Opinion
I- I hear the same.,Agreement,Acknowledge
Woo- I I do.,Statement Non Opinion ,Agreement
"I don't know how I feel about that, but-",Statement Opinion,Statement Opinion
I know exactly how you feel about that. I think you feel really excited about it.  I know you are. I can tell. I know you.,Statement Opinion,Agreement
oh yeah.,Backchannel,Backchannel
oh yeah.,Backchannel,Backchannel
You're a wild and crazy woman.,Statement Opinion,Statement Opinion
"[LAUGHTER] Oh, it'll be awesome, that's for sure.",Statement Opinion,Statement Opinion
"Uh huh, it will be awesome.",Agreement,Agreement
Better than if I'd picked up and moved to Boston.,Statement Non Opinion ,Statement Opinion
"Oh, man, I'd have been so mad at you.  I'd have been so mad at you, because, what could I have done,",Statement Opinion,Statement Opinion
"living near the U.S.C. campus by myself, not going to school there. just really pathetic and sad.",Statement Opinion,Statement Opinion
[LAUGHTER] by yourself.,Statement Non Opinion ,Backchannel
you'd be that kid,Statement Opinion,Statement Opinion
"living near campus, and not going to school.",Statement Non Opinion ,Statement Non Opinion
"Exactly.  Mooching off of all like the college experiences, that would've been me but you have saved me from that disaster. Thank you. Thank you very much.",Statement Opinion,Agreement
[LAUGHTER],Others,Backchannel
"Oh, it's going to be so much fun.",Statement Opinion,Statement Opinion
yeah.,Agreement,Acknowledge
"Well, congratulations. and to me too, because now I get to-have-",Statement Non Opinion ,Acknowledge
We should go apartment shop-er-hunting.,Statement Opinion,Statement Opinion
That's a good idea.,Agreement,Agreement
Let's go tomorrow.,Statement Non Opinion ,Command
"Tomorrow, tomorrow, tomorrow-",Statement Non Opinion ,Statement Non Opinion
yeah.,Agreement,Acknowledge
"Good.  We'll have to have one soon, you're going to have to go to school in a couple of months.",Statement Non Opinion ,Agreement
Woo-,Backchannel,Backchannel
"Oh God, it's awesome... There's going to be tons of places. [garbage]",Statement Opinion,Statement Opinion
exciting.,Statement Opinion,Statement Opinion
"Hi, sir.  How can I help you?",Question,Question
"Oh, thank God.  Do you know how long I've been on the phone for half an hour trying to talk to a freaking human being.",Answer,Statement Opinion
"All I want to do is put my, pay for my freaking credit card, and there's something wrong in my bill, Like I swear, it says I didn't paid last month, but I know I paid last month.",Statement Non Opinion ,Statement Opinion
Okay.,Backchannel,Acknowledge
"I put- I've been typing my number in millions of times, it won't listen to me, it's not working, and I can't get a single human being, and finally-",Statement Non Opinion ,Statement Opinion
"you are a real human being.  Thank you very, very much.",Statement Non Opinion ,Acknowledge
"[LAUGHTER] All right.  I'm sorry, sir that you've been having a hard time.",Apology,Apology
"This is ridiculous.  I- I seriously, I don't understand why you think these automated systems are supposed to like work for anybody.  They have never, ever work for me.",Statement Opinion,Statement Opinion
"I kwon, it is ridiculous",Agreement,Disagreement
"yeah, I understand.",Agreement,Acknowledge
"Can you like talk to somebody about this, can you like can you tell them that this is ridiculous and can they change it from now on, is there a phone number you have that I can call that will like automatically be talking to somebody a human being.",Question,Command
Uh- when's when's-,Backchannel,Question
Sir-,Backchannel,Command
"If yeah, well if you just slow down we'll um, we'll definitely have your problem solved and after we have your problem solved, then I can transfer you to a manager, someone who can you know, you can voice your complaint to, who will be able to something about it.",Answer,Answer
"Well, okay ,well First off, fine, fine, fine.  Let's see, first off, um- yeah my bill's wrong.",Statement Non Opinion ,Statement Opinion
"Like I know I paid last month, but it hasn't been paid and you charged me a late fee.",Statement Non Opinion ,Statement Opinion
"Okay, so where?, okay, all right, so where did you uh- locate your your bill?",Question,Question
I got it in the mail.,Answer,Answer
In the mail?,Question,Answer
yeah,Answer,Acknowledge
"So is it, is- is it at all possible that maybe this statement is just old and that the transaction hadn't been processed yet?",Question,Question
"Well, when I look online, it says, it says that I was charged a late fee so I'm assuming that I paid on your web site-",Answer,Statement Opinion
Okay.,Backchannel,Acknowledge
"like I paid right through your own company before my due date but it's still and it even shows my payment there, and then it charged me the late fee afterwards.",Statement Non Opinion ,Statement Opinion
Okay.,Backchannel,Acknowledge
All right. I-,Backchannel,Acknowledge
"Okay so, I'll just look it up and you know see what's going on, maybe we can...",Statement Non Opinion ,Statement Non Opinion
Okay.,Agreement,Acknowledge
if I call it up on the screen.,Statement Non Opinion ,Command
"Okay, great, go ahead.",Agreement,Agreement
"So in the database, it looks as though um, there is a there is like a glitch in the transaction where it hadn't gone through before, but I do see that you paid the, what can you tell me the amount, what was the amount?",Question,Question
It was one ninety eight sixty three. I paid the minimum.,Answer,Statement Non Opinion
"Okay, I do see that on here, and it says that um, it had some trouble clearing for some reason.  And I think that was the problem on our end.  So um-",Statement Non Opinion ,Acknowledge
Wow.  I can't believe you're actually admitting to having a problem on your end.  That's a first.,Statement Opinion,Disagreement
"Well you know sometimes-- just with online transactions, things happens. so um-",Statement Opinion,Statement Opinion
"No, No, No, I am grateful.",Statement Opinion,Disagreement
Absolutely.,Agreement,Agreement
"Yeah, we- Somebody went in and- and cleared the problem and it looks like you're all paid.",Statement Non Opinion ,Acknowledge
Did they take-,Question,Question
"You do the direct the direct it um- it's taking right out of your bank account, correct?",Question,Question
"Yes, yes, exactly.",Answer,Agreement
Yeah so- That --that did go through.,Statement Non Opinion ,Acknowledge
Are you taking the late fee off of my account then?,Question,Question
"Um- I can try to do that for you, certainly.",Answer,Answer
Because I paid it on time.,Statement Non Opinion ,Answer
"Right, right, and since--yeah, since it was just a computer glitch, then that's that should be cleared up as well.  So I'm going to go ahead and try and put that into the computer.  And if for some reason you notice on your statement in a few days that you've been charged and an overdue fee, then you should just call back and we'll have that.",Statement Non Opinion ,Acknowledge
Right.,Backchannel,Acknowledge
"Yeah, but if I call back, I'll have to go through this whole rigmarole again. and try to get a hole or someone.",Statement Opinion,Disagreement
Well I'll give you my direct line and my number so you can- you can  get directly to me.,Statement Non Opinion ,Command
Really?,Question,Backchannel
yeah.,Answer,Acknowledge
"That would be wonderful, that would be great seriously.",Statement Opinion,Agreement
No problem.,Statement Non Opinion ,Acknowledge
"thank you, what's the number?",Question,Question
ahh one eight hundred three two three,Answer,Statement Non Opinion
three two three,Statement Non Opinion ,Command
six four nine four,Statement Non Opinion ,Statement Non Opinion
"six four nine four. That would be so great, thank you so much.",Statement Opinion,Agreement
"Yep, So--",Backchannel,Agreement
You're welcome,Statement Non Opinion ,Answer
oh.,Backchannel,Backchannel
I'm sorry that it was an inconvenience.,Apology,Apology
"It was horrible, but you've made it much better, thank you very much. Absolutely",Statement Opinion,Agreement
I am glad.,Statement Opinion,Statement Opinion
Have a good day.,Statement Non Opinion ,Command
"You too, thank you so much, have a wonderful day.",Statement Non Opinion ,Acknowledge
bye bye,Greeting,Greeting
bye,Greeting,Greeting
What's he going to say? Maybe we should tell him before he sees it.,Statement Opinion,Question
He saw it.,Statement Non Opinion ,Statement Non Opinion
How could he see it?  I was the first one up.  He was still in bed.,Question,Question
He was out here when it broke.,Answer,Statement Non Opinion
When?,Question,Question
"Around Four this morning, and there was a crack and I looked out.  We're standing right there when I cracked.",Answer,Statement Non Opinion
What was he doing out here at four in the morning?,Question,Question
I don't know.  but When it cracked he ran back into the house and start to cry in the kitchen.,Answer,Statement Non Opinion
Did you talk to him?,Question,Question
No.  I figured it was best to leave him alone.,Answer,Disagreement
He cried hard.,Question,Statement Non Opinion
I could hear him right through the floor of my room.,Answer,Statement Non Opinion
He is thinking about him again.,Statement Opinion,Statement Non Opinion
"It's getting just like after Larry died, he's having dreams, he's walking around at night.",Statement Opinion,Statement Opinion
"I guess, he is.",Agreement,Statement Opinion
What's the meaning of that?,Question,Question
I don't know the meaning of it.  But I know one thing mom did.  We made a terrible mistake with dad.,Answer,Statement Opinion
What?,Question,Question
Being dishonest with him.  It's the kind of thing that pays off and now it's paying off.,Answer,Statement Opinion
"What do you mean, dishonest?",Question,Question
"You know that Larry's not coming back, and I know it.  So why do we go on letting him think that we believe with him?",Answer,Question
"What are you going to do, argue with him?",Question,Question
"No um, I don't want to argue with him, but it's time we realized that nobody else believes that Larry is alive.",Answer,Disagreement
"Why shouldn't he dream about him, walk around during the night, looking for him um.  Do we contradict him?  Do we say outright that we don't have any hope anymore, that we haven't had any for years now?",Question,Question
You can't just say that to him.,Answer,Disagreement
We have to say it to him!,Command,Command
"How are you going to prove it, I mean, there's no body and there's no grave.  So what are you going to do? Do you have proof?",Question,Question
"For God's sake, mom, three years.  Nobody comes back after three years!  It's insane!",Answer,Statement Opinion
"To you it is, and to me, but not to your father.  Now look, you can talk yourself  blue in the face, but there's no body, and there's no grave, so where are you?",Question,Disagreement
"Sit down, mom.  I want to talk to you.",Command,Command
"The trouble with the god damned newspapers, I mean every week, they do a story about some boy's been gone longer than Larry and he comes back, so the next one is gonna--",Statement Non Opinion ,Statement Opinion
"All right, All right mom.  Listen!",Command,Command
"You know why I asked Annie here, don't you?",Question,Question
why?,Question,Question
You know.,Answer,Backchannel
Well I got an idea.  But what's the story?,Question,Statement Opinion
I'm going to ask her to marry me.,Answer,Statement Non Opinion
"Well that's nobody's business but yours, Chris.",Statement Opinion,Statement Opinion
You know that's not just my business.,Disagreement,Disagreement
"What- What am - what are you going to do, I mean you're old enough to make up your own mind?",Statement Opinion,Question
So it's all right.  I can go ahead with it then?,Question,Question
Well you're want to make sure your father isn't you know going to--lose them,Answer,Statement Opinion
Then it's not only my business.  Sometimes you infuriate me.  You know that?,Statement Opinion,Statement Opinion
"You know that?  Isn't it your business too, if I tell dad, and he gets, throws a fit about it?   you have such a talent for ignoring things!",Statement Opinion,Disagreement
I ignore what I got to ignore.  The girl is Larry's girl.,Statement Non Opinion ,Statement Opinion
She's not Larry's girl!,Disagreement,Disagreement
"As far as your father is concerned, he's not dead and you've no right to take his girl.",Statement Non Opinion ,Statement Opinion
"Now Chris you can go on from there, but I don't know what to do.  I mean do you know what to do, because I don't.",Statement Non Opinion ,Question
"I don't know why it is.  But every time I reach out for something I want, I have to pull back because other people will suffer.  My whole bloody life, time after time, after time.",Statement Opinion,Statement Opinion
"Well you're a considerate fellow, there's nothing wrong with that.",Statement Opinion,Statement Opinion
To hell with that!,Disagreement,Disagreement
Have you asked Annie yet to marry you?,Question,Question
I want to get this settled first.,Answer,Command
"Well how did you know that she will go along with it, I mean maybe she feels the same way as your father?",Question,Question
"Well, if she does, then that's the end of it, but from her letters it sounds like she's forgotten about it.  I'll find out and then we'll thrash it out with Dad, all right?  Mom, don't avoid me.",Answer,Command
"The trouble is you don't see enough women, you never have",Statement Opinion,Statement Opinion
"So what, I'm not fast with women.",Agreement,Statement Opinion
Well I just don't see why it has to be Annie.,Statement Non Opinion ,Disagreement
Because it is.,Statement Non Opinion ,Statement Non Opinion
"well, that's a good reason, but it doesn't answer a thing.",Statement Non Opinion ,Disagreement
"I can't help it.  I know her best.  I was brought up next door to here, the easiest, when I think of somebody for my wife, I think of Annie.  Do you want a diagram?",Question,Statement Opinion
"No, I don't want a diagram, but, Chris, your father thinks Larry's coming back.",Answer,Disagreement
"You marry his girl, and you're pronouncing him dead.  Now what's going to happen to your father, do you know?  I don't.",Statement Non Opinion ,Command
"All right, then, Mom.",Acknowledge ,Acknowledge
Give it some more thought.,Command,Command
"I've given it three years of thought.  And hope by now that he wouldn't.  Can you forget about Larry an-- and we can have a regular wedding and have everybody be happy.  But that can't happen here, I'm set to get out.",Statement Non Opinion ,Statement Opinion
What the hell is this?,Question,Question
"I'll get out. I'll get married and live some place else.  Maybe, maybe New York?",Answer,Statement Opinion
Are you crazy?,Question,Question
"I've been a good son for too long, a big sucker.  I'm through with it.",Answer,Statement Opinion
Wait a minute.  Tell me this.  Do you mean to say that you would leave the business?,Question,Question
The business?  The business?  It doesn't inspire me?,Answer,Question
Must you be inspired?,Question,Question
"Yes!  I like it an hour a day.  If I had to grub for money all day long, I like to come home to something beautiful.  I want a family.  I want- I want kids.  I want to build something I can give myself to. and Annie is in the center of that, and now where do I find it?",Answer,Statement Opinion
"Don't- you, you can't think like that!  Don't think like that!",Statement Non Opinion ,Disagreement
Then help me stay here.,Command,Command
"All right!  But don't think like that, because I mean, what the hell did we do all this for, Chris?  The whole business it's all for you!  The whole shooting match is for you!",Statement Non Opinion ,Disagreement
I know that Mom. I know.  Just you help me stay here.,Agreement,Acknowledge
"All right, but don't think like that.",Statement Non Opinion ,Command
I am thinking like that.,Disagreement,Statement Opinion
"I don't understand you, do I?",Question,Disagreement
No.  You don't.  I'm a pretty tough guy.,Answer,Disagreement
"Yeah, I can see that.",Statement Non Opinion ,Acknowledge
Why did you invite her here?,Question,Question
Why does that bother you?,Question,Question
She's been in New York three and a half years.  Why all of the sudden?,Question,Question
Well maybe.  Maybe she just wanted to see her again.,Answer,Statement Opinion
Nobody comes seven hundred miles just to see.,Statement Non Opinion ,Statement Non Opinion
"What did you mean? He lived next door to the girl all of his life, why wouldn't he want to see her again? Don't look at me like that, he didn't tell me any more than he told you.",Question,Question
He's not going to marry her.,Command,Disagreement
How do you know he is even thinking about it?,Question,Question
It's got that about it.,Answer,Statement Opinion
"Well, so what.",Question,Disagreement
"What's going on here, Joe?",Question,Question
"Now, listen, Kate, just-",Command,Command
She's not his girl.  She knows she's not.,Statement Opinion,Statement Opinion
You can't read her mind.,Statement Opinion,Statement Non Opinion
"She's . . . Then why is she still single.  New York is full of men, why isn't she married?  Probably a hundred people told her she's foolish, but she's waited.",Statement Opinion,Question
How do you know why she's waited?,Question,Question
Because she knows what I know - she's faithful as a rock and my worst moments I think of her waiting and I know again that I'm right.,Answer,Statement Opinion
Look.  It's a nice day.  Why are we arguing?,Question,Question
"Nobody in her- this house dares shake her faith.  Strangers might, but not his father, and not his brother.",Statement Opinion,Statement Opinion
What do you want me to do? What do you want--,Question,Question
I want you to pretend like he's coming back!,Answer,Command
"But, Kate...",Backchannel,Disagreement
"Because if he's not coming back, then I'll kill myself.",Statement Opinion,Statement Opinion
[LAUGHTER],Others,Backchannel
"Laugh.  Laugh at me, but what happens the night that she goes to sleep in his bed, and his memorial breaks in pieces?",Statement Non Opinion ,Statement Opinion
Calm yourself.,Command,Command
"Believe with me, Joe.  I can't stand alone.",Statement Non Opinion ,Command
Calm yourself!,Command,Command
"Only last week, another boy turned up in Detroit, been missing longer than Larry, you read it yourself.",Statement Non Opinion ,Statement Non Opinion
"All right, all right.  Calm yourself.",Command,Command
"You above all, have got to believe, Joe.",Command,Statement Opinion
"Why me, above all?",Question,Question
You've got to believe. You've got to--,Answer,Command
What do you mean me above all?  Look at you.  You're shaking!,Statement Non Opinion ,Question
I can't help it!,Statement Opinion,Statement Non Opinion
"What have I got to hide?  What the hell is the matter with you, Kate?",Question,Question
You're the only one I know who loves his parents.,Statement Non Opinion ,Statement Opinion
I know.  It's going out of style isn't it?,Question,Statement Opinion
"No, it's good.",Answer,Disagreement
It's so lovely here.  The air is sweet.,Statement Opinion,Statement Opinion
So you're not sorry you came?,Question,Question
No.  But I'm not going to stay.,Answer,Disagreement
Why?,Question,Question
Well your mother has much as told me to leave.,Answer,Statement Opinion
Well--,Backchannel,Backchannel
"Well, you saw that! And you.  You've been-",Statement Non Opinion ,Statement Opinion
What?,Question,Question
Well sort of embarrassed soon as I came.,Answer,Statement Opinion
Well the plan was to kind of sneak up on you over a period of a week or so.  But uh- they take it for granted that we're all set.,Statement Non Opinion ,Statement Opinion
I figured they would- your mother at least.,Agreement,Statement Opinion
How did you know?,Question,Question
"Well, from her point of view why else would I come?",Answer,Statement Opinion
"Well, would you want to?  I guess you know this is why I asked you to come.",Question,Question
I guess this is why I came.,Answer,Statement Opinion
"Anne, I love you.  I love you a great deal.  I love you!",Statement Opinion,Statement Opinion
"I- I -I have no imagination, that's all I know what to say, I-I'm embarrassing you. I I didn't want to tell you here.  I wanted it to be some place different, some place where we could be new to each other you know.",Statement Non Opinion ,Apology
"You feel it's wrong here, don't you- this yard, this chair?  I want you to be ready for me Annie.  I don't want to win you away from anything.",Statement Opinion,Statement Opinion
"Chris, I've been ready for a long time.",Statement Non Opinion ,Command
"Then, he's gone forever-you're sure?",Question,Question
I almost got married two years ago.,Answer,Statement Non Opinion
Why didn't you?,Question,Question
You started to write me.,Answer,Statement Non Opinion
You felt something that far back?,Question,Statement Non Opinion
Every day since.,Answer,Statement Non Opinion
"Annie, why didn't you say something to me?",Question,Question
Well I was waiting for you!  I mean I didn't-until then you hadn't written and when you write- when you wrote what did you say?  I mean you sure can be ambiguous Chris.,Answer,Statement Opinion
"Give me a kiss, Ann. Give me a-",Command,Command
Oh God- I kissed Annie! I can't believe I kissed Annie!  How long I've wanted to do this.,Statement Opinion,Statement Opinion
I'll never forgive you.  Why did you wait so long?  All this time I've been wondering if I was a fool for thinking of you!,Statement Opinion,Disagreement
"Oh Annie, we're going to live now.  I'm going to make you so happy.",Statement Opinion,Statement Opinion
"Not like that, you're not.",Statement Opinion,Disagreement
I kissed you.,Statement Non Opinion ,Statement Non Opinion
"Like Larry's brother.  Do it like you, Chris.  Chris, what's the matter?",Question,Question
Let's Let's drive someplace.  I- I want to be alone with you.,Statement Non Opinion ,Command
"No, what is it, your mother?",Question,Disagreement
"No, nothing like that.",Answer,Disagreement
"What is it?  Even in your letters, there is something ashamed.",Question,Question
"Yeah, I suppose I have been.  But it's going from me.",Answer,Acknowledge
I don't know how to start.,Statement Non Opinion ,Statement Opinion
It wouldn't work like this.,Statement Non Opinion ,Disagreement
"It's- It's mixed up with so many other things, I-",Statement Non Opinion ,Statement Opinion
Remember when I was overseas?  I was in command of the company.,Question,Statement Non Opinion
yeah sure.,Answer,Agreement
Yeah.  I lost them.,Statement Non Opinion ,Acknowledge
how many?,Question,Question
just about all.,Answer,Acknowledge
Oh gee.,Backchannel,Acknowledge
Takes a little time to toss something like that off you know because they weren't just men-,Statement Opinion,Statement Opinion
"for instance, there's this one time.  It had been raining for several days.  And this kid came up to me and gave me his last pair of dry socks. you know, He just put them in my pocket.",Statement Non Opinion ,Statement Non Opinion
"I know that- that's not a big thing, but it's just the kind of guys I had. They didn't die. They- They killed themselves for each other.",Statement Opinion,Statement Opinion
I mean that exactly that-a little more selfish and they would have still been here today.,Statement Opinion,Statement Opinion
"And I got an ideal, watching them all go down.  Everything was being destroyed see and-",Statement Opinion,Statement Opinion
"but it seemed to me that something new was being created at the same time, a kind of responsibility, man for man.  Do you understand me?",Statement Opinion,Statement Opinion
And to show that-to-to bring that back onto the earth again like a- like a monument.  And everyone would have it standing behind them and- and it would make a difference for them.,Statement Opinion,Statement Opinion
And then I went home and it was incredible.  It had no meaning here.,Statement Non Opinion ,Statement Opinion
"It was all like some kind of bus accident to them.  I went back to work with my dad, in that whole rat race again.",Statement Non Opinion ,Statement Opinion
And I felt what you said- ashamed somehow-because nobody had changed at all.  It seemed to make suckers out of a whole lot of guys. and,Statement Opinion,Statement Opinion
"It felt wrong to be alive-to open that bank-book; to buy that new car; to look at that new refrigerator.  I mean, you can take those things out of the war, but if you drive that car, you have to know that that comes from the love that a man has for a man.  And you've got to be a little bit better than that!",Statement Non Opinion ,Statement Opinion
"And if you're not, then it's all just loot and it's got blood on it, and I don't want any of it!  And, I guess that included you.",Statement Opinion,Statement Opinion
Do you still feel like that?,Question,Question
"I I want you now, Annie.",Answer,Command
"Because you can't feel like that anymore Chris, you hear me?  I mean everything that you have, you deserve.  And that includes me.  And your father?  Your father put hundreds of planes in the air, you should be proud.  A man should be paid for that.",Statement Opinion,Command
"Oh Annie.  Annie, I am going to make you a fortune!",Statement Opinion,Statement Opinion
What would I do with a fortune?,Question,Question
"What time is it?  Isn't it supposed to start running around midnight?  This is great, isn't it?  Look at this great night we got here.  Couldn't be better--",Statement Opinion,Question
actually I was hoping to go a little bit further up the coast to get away from the lights and the people but I was afraid I will miss it.  How are you doing?,Question,Question
Fine.,Answer,Acknowledge
"Is that--no, no no is that foam?  I can't even tell, although if I- if I can't tell, it probably isn't it?  Right It'll probably be unmistakable, but don't you think?  How you doing?",Question,Question
"Oh no, you know what I did.  I forgot my flashlight.  How could I be so stupid?  I can't believe I forgot my flashlight.",Statement Non Opinion ,Apology
What flashlight?,Question,Question
"The flashlight, the silver one, there's only one, isn't there?",Answer,Question
It's not your flashlight.,Statement Non Opinion ,Disagreement
Whose is it?,Question,Question
It's ours- our flashlight.  It's yours and mine.,Answer,Statement Opinion
"Well, Sure.",Agreement,Acknowledge
"I mean you keep saying ,my flashlight, as if it's somehow just yours.  How's that suppose to make me feel?",Question,Disagreement
"No, Of course, you are right.  Our flashlight.  Me flashlight is you flashlight naturally.  How can we not think to bring it?",Agreement,Agreement
"Well, I hope the moon stays out.  Well, I wonder do they always wander during a full moon?  I can't remember, wasn't it full last year?  Do you remember?",Question,Question
yes.,Answer,Answer
"Are you cold?  You want my jacket?  We should have bought a blanket.  Our blanket-.  This is great, isn't it?",Statement Non Opinion ,Question
"I didn't even think to bring a six-pack.  A six-pack would be just the thing right about now. I can't believe I forgot.  And look at kid, I am surprise I make it out of the house about flies it.",Statement Non Opinion ,Statement Opinion
[LAUGHTER] I wonder if they can hear me talk or if they can feel the vibration in the sand when we are moving around,Statement Opinion,Question
I am cold.,Statement Non Opinion ,Statement Non Opinion
you want my jacket?,Question,Question
"It's after eleven, let's go home.",Statement Non Opinion ,Command
"Are you kidding?  We'd miss it. We just got here, what's the point of coming out here if we are just going to leave.",Question,Disagreement
There is no point in coming out here.,Answer,Statement Opinion
Right.,Backchannel,Acknowledge
That's my point.,Statement Non Opinion ,Statement Opinion
That's my point too.,Agreement,Agreement
So let's go.,Command,Command
"No, no, no.  That's not my point.  My point is what's the point in coming down here if we are just going to turn around and go home.  Don't you want to see it?",Disagreement,Disagreement
Not particularly.,Answer,Disagreement
Why not?,Question,Question
I just don't.,Answer,Disagreement
"Honey, this is a natural phenomenon. I mean,  It happens like once a year.  It's a great opportunity.",Statement Non Opinion ,Statement Opinion
"Think about people in Kansas, they have to get a- a plane reservation and a hotel reservation just to see this uh- but we are just forty minutes away.  Too good to pass up.",Statement Non Opinion ,Statement Opinion
"Pass up what?  Its little fish, one month on the beach and they flop around and they swim away and then they die.",Statement Non Opinion ,Question
"Yeah but that moment on the beach is the highlight of their little lives, all that flopping around is laying eggs or what you- mating or spawning or something like that.",Statement Non Opinion ,Disagreement
This is a big night for these guys.  Life's last orgy. Yeah,Statement Opinion,Statement Opinion
"What are you so excited about?  I mean it's not--it's not rocket science we are talking about, its fish.  Its fish nobody even eats.",Statement Opinion,Disagreement
Yeah they do.,Disagreement,Agreement
Augie.,Backchannel,Statement Non Opinion
"Okay, but they are fish that do something that no other fish do.  Like the swallows returning to Capistrano, or the lemmings jumping off a cliff you know like that.",Statement Non Opinion ,Statement Opinion
There's There's mystery here and magic.  A little bit of the unexplainable.  I can't understand how you could not be interested.,Statement Opinion,Statement Opinion
I am just not.,Statement Non Opinion ,Disagreement
For real?,Question,Question
Yes.,Answer,Agreement
"I don't get it, the first time we came out here, you said it was the best night of your life and last year I remember distinctly you were so excited that you stuff your toe pushing me out of the door and you didn't notice it until you got into the car.",Statement Non Opinion ,Disagreement
"Last year you also remember, our shoes got wet and I got sand in my panties and we got into a big fight.  You had a sore throat and we did not see the grunions.",Statement Non Opinion ,Statement Non Opinion
We weren't in a good spot.,Statement Opinion,Statement Non Opinion
We didn't see them the first time either.,Statement Non Opinion ,Statement Non Opinion
We just weren't in a good spot.  This is a much better spot.  I got a great instinct for these things.,Statement Opinion,Statement Opinion
"Look there, what's that?  Is it?  Is that a--Ah, it's a seaweed isn't it?",Question,Question
"Oh, this is great.  I wouldn't miss this for the world.  I mean think about this. I know you are not interested but think about this for a second.",Command,Statement Opinion
"Somewhere out there, is a giant mass of silver fish all swimming in this direction.  They don't know why and we don't know why. They didn't get an invitation.  And it wasn't a vote- it wasn't a decision.  And nobody sent them a map or anything like that.",Statement Non Opinion ,Statement Non Opinion
It's just some little instinctual time-release firecracker that went off inside them and all this one they turn around and form a line as long as the California coast and just started swimming.,Statement Non Opinion ,Statement Non Opinion
"They are swimming right now as if it's the only thing that matters.  It's- It's single mindedness with no mind, urgency that's pure urge. It's- They don't know what drives them.  They- They don't give any name or ask any question. They just turn as one and started to swim to the very point we are standing right now for a massive celebration of sex and death.  God, it's giving me goose bumps all over my hairs on my arm. popping up.",Statement Non Opinion ,Statement Opinion
That's the wind.,Statement Non Opinion ,Statement Non Opinion
"Well, So what do you think?",Question,Question
"Well, so?  What do you think?",Question,Question
About what?,Question,Question
What I was just saying.,Answer,Question
It's ridiculous.,Statement Opinion,Statement Opinion
It certainly is not. It's slightly exaggerated scientific fact.,Disagreement,Disagreement
"It's PR, somebody sold you a bill of goods that this wonderful event is going to occur on the beach.",Statement Opinion,Statement Opinion
"I am not the only one, look at all these people.",Disagreement,Disagreement
"Yeah, they are all told the same thing.  They are all told that you know.  Gets them excited and they can't wait and that if they just get in on the right spot, than you than maybe life will start",Statement Opinion,Statement Opinion
Are we talking about the same thing?,Question,Question
I am sorry.  It's just fish to me.,Answer,Apology
"Carla, can I ask you a question?  Now don't be upset, are you having a period?",Question,Question
"God damn it, Augie.  Why do you always ask things like that?  It's so insulting.",Answer,Disagreement
What's bugging you?,Question,Question
I just had a different idea of what this evening is going to look like.,Answer,Statement Opinion
"There's nothing to it.  We come down here.  The grunion arrives and they do their little fish thing.  And we say, Oh, wow.  Look at the little fish.  They go home, we go home.",Statement Non Opinion ,Statement Non Opinion
"For heaven's sake Augie, grow up we are not going to see the grunions.",Statement Opinion,Command
Why not?,Question,Question
We never do.  Have we ever?  We never have.,Question,Disagreement
"We miss them twice, it's not ever.",Answer,Statement Non Opinion
"Twice is every time we tried, that's ever.",Statement Non Opinion ,Statement Non Opinion
Well We will see them this year.,Statement Opinion,Statement Non Opinion
"No, we won't.  Augie it's like waiting for Santa Claus to come.  I feel like I am going to spend my entire life standing on the beach with my eyes wide open and my hands clasp expectantly in front of me waiting for the fish to show up and the fish will not show up.",Disagreement,Disagreement
I thought you wanted to see it.,Statement Opinion,Statement Opinion
"I did, I do want to see it.  I always want to see it, Augie.",Statement Opinion,Statement Opinion
"It's just fish, it's nothing to get traumatize over.",Statement Opinion,Statement Opinion
"For heaven's sake, this is not about fish.",Statement Non Opinion ,Disagreement
"Okay, I been trying to work this backwards but I can't seem to pinpoint a moment when we took a turn for the worst here.",Statement Non Opinion ,Statement Opinion
"When you are on the phone with Marge, everything was fine.  Dinner was okay.  Doing the dishes was no problem. Let's see, I took a shower and you were watching the news and you said the grunions are running tonight and I said, great, let's go I am feeling lucky.",Statement Non Opinion ,Statement Non Opinion
"Right, so I am putting on my jacket and putting up the animals and pulling the car out of the garage.",Statement Non Opinion ,Statement Non Opinion
"Augie, do you remember the first time we came to see it?  It was about four years ago right after we got married and we thought I was pregnant.",Statement Non Opinion ,Question
"We had a bottle of champagne but no glasses and you ask me to dance so we took off our shoes and while we were dancing, you said the most intimate things right in my ears so I could feel them as much as hear them.",Statement Non Opinion ,Statement Non Opinion
"And I remember thinking, Finally, finally.  I am as happy as I am supposed to be.",Statement Non Opinion ,Statement Opinion
"Wait a minute, I got it.",Command,Answer
"Dancing barefoot in the sand, drinking champagne from the bottle.",Statement Non Opinion ,Statement Non Opinion
"It was in the car, right?  When we were passing Knickerbocker Liquor Locker, you said, Let's get some champagne.  And I said time wasting or something like that.  Right? of course.",Question,Question
I rather not remember some things.  I rather not hope for some things.,Answer,Statement Opinion
"Okay, all right I got it.  You wanted it to be like the other time, okay no problem. Listen, You want to dance?",Question,Command
No.,Answer,Disagreement
You want me to go get some champagne?,Question,Question
No.,Answer,Disagreement
Take off our shoes?,Question,Question
No.,Answer,Disagreement
"What, you want me to whisper in your ear?",Question,Question
No.,Answer,Disagreement
You want to get married again?,Question,Question
No.,Answer,Disagreement
What? What You want a divorce?,Question,Question
No no.,Answer,Disagreement
"A vacation? A new carpet, a poodle?  A bag of ice cream, a suicide pack, what what Carla?  What the hell do you want?",Question,Question
No.,Answer,Disagreement
I want something to turn out the way it is suppose to turn out.,Statement Opinion,Statement Opinion
What.  Welcome to the human race.,Statement Non Opinion ,Question
"You think this is what I had in mind?  You think that when I propose I had this great fantasy going that four years down the road, we will end up on a beach arguing over fish. You think that I knew that there would be times when you will look at me like I am used Kleenex?  Or that I will look at you and think, holy hell what's the next flight to Alaska.",Statement Non Opinion ,Question
"No, no I was just like you, I thought it will be all peaches and roses and- and sand in our toes and wind in our hair and the fish will always come. And the bills will always magically pay themselves and we will have three fat rosy kids and we will be, HAHA baby the joke is on us.",Statement Opinion,Disagreement
Because you know what Carla?  You know what you get?  This.,Statement Non Opinion ,Question
This what?  What is this?  This isn't even anything.,Statement Non Opinion ,Question
Yes it is.,Disagreement,Agreement
"Sure, this is standing.  This is waiting.  This is fighting.",Statement Opinion,Statement Non Opinion
Right.,Agreement,Acknowledge
But this isn't anything like I thought it would be.,Statement Opinion,Disagreement
"No, I know me either.",Agreement,Disagreement
"I mean it is just this , I mean it includes a lot and everything and you know it's the sand and it's the full moon and I just-I am sorry but I couldn't help wishing I was somewhere else.",Statement Opinion,Apology
Maybe if you are with somebody else too?,Statement Opinion,Statement Opinion
I didn't say that.,Disagreement,Disagreement
"No, I know, but.  I know I don't make you happy.",Agreement,Disagreement
"For heaven's sake Augie, wherever I am I always wanted to be with you.",Statement Opinion,Statement Opinion
Yeah?,Question,Backchannel
"For heaven's sake, don't you know that?",Question,Command
"Whatever I am doing, I wanted to be with you.  I mean you are probably the one who wishes you were with somebody else, somebody who didn't take everything so hard and who knows how to enjoy herself.",Statement Opinion,Statement Opinion
"Actually, now that you mention it.  No, I don't.",Disagreement,Acknowledge
Good.  So maybe we are on the wrong spot but we are with the right person.,Statement Opinion,Statement Opinion
I don't know.  Seems like a pretty good spot to me I mean look at the view of the moon you got from here.,Statement Opinion,Statement Opinion
"Yes, I did notice that.  It does look really beautiful on the water.  The gold white moon.",Statement Opinion,Acknowledge
"Well, look what we have got here.",Statement Non Opinion ,Statement Non Opinion
"Augie, you bought refreshments.",Statement Non Opinion ,Statement Non Opinion
"Well, it's not champagne.",Statement Non Opinion ,Statement Non Opinion
Well than we don't need glasses.,Statement Non Opinion ,Disagreement
Are you still cold?  You still want to go home?,Question,Question
"No, I am beginning to think that maybe this is the spot after all.",Answer,Disagreement
"Shh, If we're very quiet, the fish might come.",Statement Opinion,Command
Or not.,Statement Opinion,Disagreement
Or not.,Agreement,Disagreement
Good God.,Statement Non Opinion ,Statement Opinion
You think it's them?,Question,Question
I wonder.,Answer,Statement Opinion
"Freda is the only one who knows we're up here, and she wouldn't call up.",Statement Non Opinion ,Statement Non Opinion
It must be them then.,Statement Non Opinion ,Statement Opinion
What will be do?,Question,Question
"We're all right, darling, aren't we whatever happens?",Statement Non Opinion ,Statement Opinion
Now and always my sweet.,Agreement,Statement Opinion
I don't care then.,Statement Non Opinion ,Disagreement
It was bound to happen sooner or later.,Statement Non Opinion ,Statement Opinion
Hello?  Hello?  What?  Wrong number.,Statement Non Opinion ,Greeting
"Oh, it sent shivers up my spine.",Statement Non Opinion ,Statement Opinion
"Oh, what shall we do if they suddenly walk in on us?",Question,Question
Behave exquisitely.,Answer,Command
With the most perfect poise.,Question,Statement Non Opinion
"Yes, I shall probably do a Court Curtsey.",Answer,Agreement
"[LAUGHTER] Oh, the things that ought to matter most dreadfully don't seem to matter at all when one's happy, do they?",Question,Statement Opinion
Um... It's a pity that one can't stay this way forever.,Answer,Statement Opinion
"Darling, don't say that.",Command,Command
"Well, it's true.",Statement Opinion,Statement Opinion
The whole business is really rather ridiculous.,Statement Opinion,Statement Opinion
"Meaning that sacred and beautiful thing, love?",Question,Statement Opinion
Meaning exactly that.,Answer,Answer
"What does it all mean?  That's what I asked myself in my ceaseless quest for ultimate truth.  Dear God, what does it all mean?",Question,Question
Don't laugh at me; I'm serious.,Command,Command
"You mustn't be serious my dear one, that's just what they want.",Statement Opinion,Command
Who's they?,Question,Question
"All the futile mortals who try to make life unbearable.  Laugh at them.  Be flippant.  Laugh at everything, all their sacred shibboleths.  Flippancy brings out the acid in their damned sweetness and light.",Answer,Command
"Well, if I laugh at everything, I must laugh at us, too.",Statement Opinion,Statement Opinion
Certainly you must.  We're figures of fun alright [LAUGHTER].,Agreement,Statement Opinion
"Well, what if-what happens when our love-",Question,Question
"How long will it last, this overbearing love of ours?",Question,Question
Who knows?,Answer,Question
"Well, shall we always want to bicker and fight?",Question,Question
"No, that fire will fade along with our passion.",Answer,Disagreement
"Oh, dear, shall we like that?",Question,Statement Opinion
It all depends on how well we played.,Answer,Statement Opinion
"Well, what if one of us dies, does the other laugh then?",Question,Question
"Yes, yes, with all his might.",Answer,Agreement
"Well, that's rather serious, isn't it?",Question,Statement Opinion
"No, no it isn't.  Death is very laughable.  Come such a cunning little mystery all done with mirrors.",Answer,Disagreement
"My dear, I do believe you're talking nonsense.",Statement Opinion,Disagreement
"no, So is everyone else in the long run.  Let's be superficial and pity the poor philosophers.  Let's blow trumpets and squeakers and --",Statement Opinion,Disagreement
enjoy the party as long as we can like very little quite idiotic schoolchildren. [garbage] Let's savor the delight of the moment.,Statement Opinion,Statement Opinion
"Darling, come here and kiss me before your body rots and worms pop in and out of your eye sockets.",Statement Opinion,Command
"Elliot, worms don't pop.",Statement Non Opinion ,Command
"I don't mind what you do, see, you could paint your body green all over and dance naked through the Place Vendome and run off with every man in the world.  And I shan't say a word as long as I know that you love me best.",Statement Opinion,Statement Opinion
"Oh, thank you dear.  And the same goes for you except that if I so much as see you looking at another woman, I'll kill you.",Statement Opinion,Agreement
Do you remember that awful scene we had in Venice?,Question,Question
Which particular one?,Question,Question
The one where you bought that little painted wooden snake and put it on my bed.,Answer,Statement Non Opinion
Charles.  That was his name.  He did wriggle so beautifully.,Statement Non Opinion ,Statement Non Opinion
"Horrible thing, I hate it.",Statement Opinion,Statement Opinion
I know.  You threw him out the window into the canal.  I don't think I'll ever forgive you for that.,Agreement,Disagreement
How long did that row last?,Question,Question
It went on intermittently for days.,Answer,Statement Non Opinion
The worst one was in Cannes when your curling irons burnt a hole in my new dressing gown.,Statement Non Opinion ,Statement Opinion
"Uh- It burned all the towels in the bathroom, too.",Statement Non Opinion ,Statement Non Opinion
"Oh, that was quite a rouser, wasn't it?",Question,Statement Opinion
That was the first time you ever hit me.,Answer,Statement Non Opinion
"Oh, I didn't hit you very hard.",Statement Opinion,Apology
And then the manager came in and found us rolling around on the floor biting and scratching like panthers.,Statement Non Opinion ,Statement Non Opinion
[LAUGHTER] I shall never forget his face.,Statement Non Opinion ,Statement Opinion
"Oh, ridiculous. utterly ridiculous",Statement Opinion,Disagreement
"Oh, we were very much younger then.",Statement Non Opinion ,Statement Non Opinion
And very much sillier.,Statement Opinion,Statement Opinion
"Oh, As a matter of fact, the real cause of that row was Peter Burden.",Statement Non Opinion ,Statement Opinion
You knew there was nothing.,Disagreement,Statement Non Opinion
"As a matter of fact, the real cause of that row was Peter Burden.",Statement Non Opinion ,Statement Opinion
You knew there was nothing in that.,Disagreement,Statement Non Opinion
I knew nothing of the sort.  You accepted presents from him.,Statement Non Opinion ,Disagreement
Only a trivial little broach.,Statement Non Opinion ,Statement Non Opinion
"I remember it well, covered in diamonds in the worst possible taste.",Statement Non Opinion ,Statement Opinion
"No, not at all.  I-I still have it.  I wear it quite often.",Disagreement,Disagreement
You went out of your way to torture me over Peter Burden.,Statement Non Opinion ,Statement Opinion
You worked the whole thing up in your jealous imagination.,Disagreement,Disagreement
"You must admit that he was in love with you, wasn't he?",Question,Statement Opinion
"maybe just a little, but--",Answer,Acknowledge
You let him kiss you.  You said you did.,Statement Non Opinion ,Command
And what of it?,Question,Question
What of it?,Backchannel,Question
"Well, I- he got a lot of pleasure out of it and it didn't hurt me.",Statement Non Opinion ,Statement Opinion
What about me?,Question,Question
"Well, if you hadn't been so nosey and suspicious, you never would have heard about it.",Answer,Disagreement
"Well, that's a nice point of view I must say.",Statement Opinion,Agreement
I'm growing quite tired and bored of this conversation.,Statement Opinion,Statement Opinion
"So am I, bored stiff.  Would you like some brandy?",Question,Question
No.,Answer,Disagreement
I'll have a little I think.,Statement Non Opinion ,Statement Opinion
I don't see why you want any.  You've already had three glasses.,Statement Non Opinion ,Disagreement
"No particular reason, besides, they were very small ones.",Statement Non Opinion ,Statement Non Opinion
"Well, it seems silly to go on and on in such a thing.",Statement Opinion,Statement Opinion
You can hardly call three liqueur glasses of brandy in a whole evening going on and on.,Statement Opinion,Statement Opinion
It's becoming a habit with you.,Statement Opinion,Statement Opinion
You needn't be so grand simply because you don't happen to want any at the moment.,Statement Opinion,Disagreement
Don't be so stupid.,Statement Opinion,Command
"Really, Amanda.",Disagreement,Disagreement
"Going out somewhere, dear?",Question,Question
Just making myself fascinating for you.,Answer,Statement Non Opinion
"Oh, that reply has broken my heart.",Statement Non Opinion ,Statement Opinion
It's the woman's job to allure the man.  Why don't you watch me for a moment?,Statement Opinion,Statement Opinion
"As a matter of fact, that is perfectly true.",Agreement,Agreement
"No, it's not.",Disagreement,Disagreement
"Oh, yes it is.",Disagreement,Agreement
"Oh, Do shut up.",Command,Command
It's a pity you didn't take a little more brandy.  It might have made you a little less disagreeable.,Statement Opinion,Statement Opinion
"Um, It doesn't seem to have worked such wonders with you.",Statement Opinion,Disagreement
"Well, snap, snap, snap like a little adder.",Statement Opinion,Command
"adder don't snap, they sting.",Disagreement,Command
"Nonsense, they have a little bag of venom behind their fangs and they snap.",Disagreement,Disagreement
They sting.,Disagreement,Statement Non Opinion
They snap.,Disagreement,Statement Non Opinion
"I don't care if they bark and roll around like hoops, okay.",Statement Opinion,Disagreement
[BREATHING],Others,Others
Did you see much of Peter Burden after the divorce?,Question,Question
"Yes, I did quite a bit.",Answer,Answer
I suppose you let him kiss you a good deal more then.,Statement Opinion,Statement Opinion
Mind your own business.,Command,Command
"You must have a riotous time, no restraint at all, very enjoyable.  I mean, you never had much anyway.",Statement Opinion,Statement Opinion
"Oh dear, you really are becoming quite insufferable.  I would imagine it's because you're drunk.",Statement Opinion,Disagreement
I'm not the least bit drunk.,Disagreement,Disagreement
I think I mentioned once before that I had only three-minute liqueur glasses of brandy the entire evening long.  A child of two could not be drunk on that.,Statement Opinion,Statement Opinion
"Oh no, on the contrary, a child of two could get violently drunk on only one glass.",Statement Opinion,Disagreement
"Oh, very interesting.  How about a child of three or a child of six?  How about a child of nine?",Question,Question
"Oh, You are so insufferable.  Do you stop.",Statement Opinion,Disagreement
"Oh, This is very interesting.  We- we might get a splendid debate going about this intemperate tots.",Statement Opinion,Statement Opinion
"Not very funny, dear, you better have some more brandy.",Statement Opinion,Disagreement
"Oh, very good idea.  I will.",Agreement,Agreement
Ugh.,Backchannel,Acknowledge
You better turn that off I think.,Statement Opinion,Command
Why?,Question,Question
It's very late and it will disturb the people upstairs.,Answer,Statement Opinion
There aren't any people upstairs; it's a photographer's studio.,Statement Non Opinion ,Statement Non Opinion
"Well, there are people downstairs I suppose.",Question,Statement Opinion
They're away in Tunis.,Answer,Statement Non Opinion
It is not time of year for Tunis.,Statement Opinion,Statement Non Opinion
Turn it on again.,Command,Command
I'll do no such thing.,Disagreement,Disagreement
"Fine, if you insist on being completely insolent.",Disagreement,Disagreement
Turn it off.  It is driving me mad.,Command,Command
"Well, do try to control yourself darling.",Statement Opinion,Command
Turn it off.,Command,Command
You really do need to develop uh a clearer head.,Statement Opinion,Command
Turn it off.,Command,Command
I- I hate you.,Statement Opinion,Disagreement
Amanda-- Listen- Listen-,Command,Command
I hate you.,Statement Opinion,Disagreement
"No, no.  I'm tired of listening to you.  You're boorish and idiotic and completely overbearing.",Statement Opinion,Disagreement
Very music- amusing indeed.,Disagreement,Statement Opinion
"Yeah, very amusing.  Let me go.  I'm getting out of here.  I can't believe I intended to marry you.",Statement Opinion,Disagreement
"You are a vile tempered, loose living, wicked little beast, and I never want to set eyes on you again.",Statement Opinion,Disagreement
"Oh, marry you again?  I must have been insane.  What was I thinking?  I mean, you're completely outrageous.",Statement Opinion,Disagreement
"Shut up, shut up.  I wouldn't marry you again if you came crawling to me on bended knee. You're a mean, evil-minded little vampire and I hope to God I never set eyes on you again.",Statement Non Opinion ,Command
Beast; brute; cad; whore,Statement Opinion,Statement Opinion
Can I help you?,Question,Question
"Yes, I'm um- just getting my I.D.  I need a new I.D.",Answer,Answer
"Oh, this- this form that you have is the wrong form.  You need to go over to the other line on the other side of the D.M.V..",Statement Non Opinion ,Command
What do you mean?  I filled out my forms and I rushed to get my I.D.,Statement Non Opinion ,Question
"Right, but this is the wrong form.  Somebody gave you the wrong form.",Statement Non Opinion ,Disagreement
The wrong form?,Question,Apology
"Yeah.  So, I can't -- I can't do anything-",Answer,Acknowledge
What's wrong about this form?  It says new I.D. on it.,Question,Question
"No, but this is for um- replacements and you need a new -- whole new license as a California --",Answer,Disagreement
What's the difference?  What's the difference between that form and this form?,Question,Question
"Sir, don't get an attitude with me.",Answer,Command
"I'm not getting a -- well, you wait in this line and not get an attitude.",Statement Non Opinion ,Command
"No, I understand and there are a lot of people here.  But what I'm telling you is that it's different for different states and since your getting a new license in the state of California -- You have to fill out a different form than you did.",Statement Non Opinion ,Disagreement
yeah.,Backchannel,Acknowledge
right.,Backchannel,Acknowledge
"Well then, when I showed them my I.D. before and I said I had to get a new I.D, why didn't they tell me to fill out the right form?",Question,Question
I don't know.  I don't know who told you.  It wasn't me.,Answer,Disagreement
"Well, it was this girl standing right next to you.  Can we ask her why she didn't let me fill out the right form?",Question,Question
"You- You can ask her if you want, but she's busy and she probably won't answer you.",Answer,Statement Opinion
This is ridiculous.  I've been here for forty five minutes. Just standing in this one line. I took fifteen minutes to fill out that form.,Statement Opinion,Statement Opinion
I know.,Agreement,Acknowledge
"Sir, you- I mean",Backchannel,Backchannel
Do you know how long it's gonna take me to start all over and fill out the new form?,Question,Question
You can waist as much as you want,Statement Non Opinion ,Command
Yeah.  I know it's gonna take a minute.  But you-- so you might as well get started now.,Answer,Agreement
Might as well get started now? but Just take this one.,Command,Command
"I can't take this one, sir. this is the wrong form.",Disagreement,Statement Opinion
Why can't we just -- you know what?  How about if we just pretend that I'm getting a -- renewing my California I.D. and we just don't tell anybody -- That I'm getting a new one from a different state?,Question,Question
"Sir, please don't waste my time.",Answer,Command
There is nothing I can do about it.  You need to take this other form and fill it out and go stand in the other line.,Statement Non Opinion ,Command
"Come on!  You know -- you can't just take -- make a little exception to the rule?  I know that you guys make exceptions.  I see -- you know, if I was-if I was your friend and you knew me, or something like that, you'd probably make a little exception for me wouldn't you?",Question,Question
"They're different forms, we process them all different-",Answer,Statement Opinion
"Wouldn't you? Oh, come on.  you just tell me.  You would make an exception for me.",Question,Command
I -- there's no way I'd make an exception.,Answer,Command
"Sir, don't patronize me.  I can't make an exception.  I don't- I don't have the power to do that.  It's a different form.",Statement Opinion,Disagreement
Shh...I know you've got the power to do that.,Disagreement,Command
They're processed differently.,Statement Non Opinion ,Answer
That's crap- You're crap.  I don't buy it.,Statement Opinion,Disagreement
"Sir, you're gonna have to go stand in the other line.",Statement Non Opinion ,Command
I'm not leaving this line until I get my new I.D.  That's as simple as it is.  I'm not leaving this line until I get my new I.D.,Statement Opinion,Statement Opinion
I'm gonna- I'm gonna bring security over and have them escort you out.,Statement Non Opinion ,Command
"Well, then you're just gonna look stupid because I'm just waiting for an I.D. and you're gonna make security take me out because I want my I.D.",Statement Opinion,Disagreement
That's just dumb.,Statement Opinion,Disagreement
But you filled out the wrong form and you're in the wrong line and you're wasting both of our times.,Statement Non Opinion ,Disagreement
I filled out the wrong form because they made me fill out the wrong form!,Statement Non Opinion ,Statement Opinion
"Well, that's unfortunate, sir.  You're gonna have to go stand in the other line now.",Statement Non Opinion ,Statement Opinion
"This is crap.  You know, I don't even know why I'm in this state.  Screw California.  I'm out of here.",Statement Opinion,Statement Opinion
What is it?,Question,Question
"Sweetheart, I've got to tell you something.  I just got a call.  I'm going to Iraq.",Answer,Statement Non Opinion
What?,Question,Question
"I know it's really crappy timing, but I don't have a choice.",Answer,Apology
"What?  No, you can't!",Statement Non Opinion ,Disagreement
I know. I have to go-,Agreement,Acknowledge
You didn't- Did you tell them you have two young children at home?,Question,Question
"You think they'd listen to me?  No.  Of course, I told them that.",Answer,Disagreement
And they didn't care?,Question,Statement Non Opinion
No.,Answer,Disagreement
I don't know what to do.  I'm - Sorry,Apology,Apology
They can't do that to you.,Statement Opinion,Disagreement
I know.,Agreement,Acknowledge
"I don't have a choice.  I have to go.  If I don't go, they'll come and take me.",Statement Opinion,Statement Opinion
"No, we have- There's got to be something you can do.  You can't go.",Disagreement,Disagreement
I've tried everything.  I've called everyone I know.  I've tried everything. No one can do anything for me or they won't do anything for me.,Statement Non Opinion ,Statement Opinion
How long do you have to go for?,Question,Question
At least a year.,Answer,Answer
What?,Question,Question
I know.,Agreement,Acknowledge
I don't want to -- the kids.  You've got to take care of them.  You've got- you've got to-,Statement Opinion,Command
"tell them about me and show them pictures of me and everything like that, because they are not going to see me for such a long time.  And it's such an important time and I just don't want to miss it.",Statement Opinion,Command
There's got to be something we can do.  You can't just go.,Statement Opinion,Statement Opinion
I don't know what to-,Statement Non Opinion ,Disagreement
I don't have -- I know.  What are we gonna- What are we- just run away?  What can I do?  Where can we go?,Question,Question
Why don't we do that- Can we- Can we just leave the country?,Question,Question
Where are we gonna go?,Question,Question
Where are we gonna go?,Question,Question
I don't know.,Answer,Acknowledge
They'll find me anyway.  You know they will.,Statement Opinion,Statement Opinion
What would be the worst that would happen if they found you somewhere else?,Question,Question
"They'd put me in jail and then how long- when will I get to see the kids?  What, ten years?  I don't know.",Answer,Question
"Well, they're so young.",Statement Non Opinion ,Statement Opinion
I know.  But I'll-I'll send the pictures all the time and I'll write them emails and you can read them the emails that I send them.,Statement Non Opinion ,Acknowledge
Where are you gonna be stationed?  What are you gonna be doing?,Question,Question
"I'm gonna be in Bagdad, just doing security.",Answer,Statement Non Opinion
"Are you gonna be like in tanks running around?  What- I mean, what does that mean?",Question,Question
"Yeah, it's gonna be everything.  I'm gonna be in the front.  I'll be -- it's not gonna be safe.",Answer,Statement Opinion
"Oh, my God.",Statement Non Opinion ,Acknowledge
I just want to be honest with you.  I don't want you to .,Statement Opinion,Statement Opinion
"but, it's gonna be fine.  I'm gonna be fine.  You know I'm good at this.  I can do this.  That's why I trained all this time.  I'm good at this.  Okay?",Statement Opinion,Statement Opinion
But so many people have died.,Statement Non Opinion ,Statement Non Opinion
"I know.  I know.  I know.  But, you know what?  That doesn't mean it's gonna be me; does it?",Question,Acknowledge
"I know.  I know.  I know I know. You're good You're good at what you do, but there's just so much chance involved.",Answer,Acknowledge
No.  It doesn't.  And you can't think like that.,Statement Opinion,Disagreement
"I mean, I-I know that you're a good soldier, but not everybody else is. and what if",Statement Opinion,Statement Opinion
I don't want you to -- I know.  I know. You can't worry about me.  You've got to worry about the kids.  And you've got to take care of the kids for me.  Okay?  Take care of the kids for me; all right?,Statement Opinion,Command
"And you know my mom's here.  She'll come over and she'll be with you all the time, whenever you need her.",Statement Non Opinion ,Statement Non Opinion
It's just so much.,Statement Opinion,Statement Opinion
"I'll miss you, baby.",Statement Opinion,Statement Opinion
[GARBAGE] You have to write me everyday.,Statement Non Opinion ,Command
"All- I'll write you everyday, all the time.  And I'll send you pictures and you send me pictures. I know We've got email out there.  We've got email and I can see stuff and you can send me stuff all the time.  Okay?",Statement Non Opinion ,Statement Opinion
"Can I send you, like videos and stuff? What about when they start walking.",Question,Question
yeah yeah yeah.,Answer,Backchannel
You you record every second.  You record every second because I want to see it all.  Okay?,Statement Non Opinion ,Command
"If I don't get to see it now, I get to see it later at least, you know?  You've got to keep it all for me; all right?",Question,Command
okay.,Answer,Acknowledge
I love you.  Okay?,Statement Opinion,Statement Opinion
[GARBAGE],Others,Others
Guess what?,Question,Question
what?,Question,Question
"I did it, I asked her to marry me.",Answer,Statement Non Opinion
What? you did?,Question,Question
"Yes, I did it.",Answer,Answer
When?,Question,Question
"Oh my god, it was just last weekend.",Answer,Statement Non Opinion
"Oh, what, how- where how did you do it?",Question,Question
"She--,well, she said yes, first of all, let me say that right off the bat. Well, I would like to assume, too.  But you never know these things, right?",Answer,Statement Opinion
Okay good. I I assumed.,Statement Opinion,Acknowledge
"Um-, but no- It was It was great.  It was really great.  I think she was really surprised and she was really happy. um-",Statement Non Opinion ,Statement Opinion
oh-,Backchannel,Backchannel
"I did it up at Yosemite.  We went camping right like we usually do.  You know we go camping up there all the time.  But, um- the waterfalls had died down a little bit, you know. And so uh- we-I had her climb up.",Statement Non Opinion ,Statement Non Opinion
"You know- we did some- you know some rock climbing up the waterfalls and went up to this little pool that was up there.  And then, I- it's great. Um- You have to climb this little rock-",Statement Non Opinion ,Statement Non Opinion
uh-huh,Backchannel,Backchannel
"and you can climb it and it's covered in algae you know. So, I wanted her to climb it to go take a picture, like, back in this little waterfall area, and she got back there and she took her picture. And then, I had her come back.  And I was going to do the same thing.",Statement Non Opinion ,Statement Non Opinion
"Well, instead I climb up on the rock and like I- I didn't do it -- well, I did it on purpose. I made it look like I accidentally did it.  I slipped down into this pool of water, right?  And she freaks out because I slide all the way down this rock.  And um-",Statement Non Opinion ,Statement Opinion
uh-huh,Backchannel,Backchannel
"And I pop up out of the water -- and I had planned it already, you know? I pop up out of the water and I [BREATHING] and I like, grab her hand, you know.  and that In my hand, I've got the ring.",Statement Non Opinion ,Statement Non Opinion
"And she's like- she feels it you know and she doesn't know what it is.  And she you know helps me get out and I won't let go of her hand.  And she's like, what are you doing?  I and said, You saved my life, now will you marry me?",Statement Non Opinion ,Statement Opinion
"Oh, my God.  That's so dramatic.",Statement Opinion,Statement Opinion
Wasn't that great? I didn't want it to be too hokey.but- but- She liked it.She liked it.,Statement Non Opinion ,Question
so cute.,Statement Opinion,Acknowledge
"No, it's totally original, though.",Statement Opinion,Disagreement
oh.,Backchannel,Backchannel
"Yeah.  And she said yes.  And she cried, of course.",Statement Non Opinion ,Statement Non Opinion
"Oh, Then you had a whole weekend of camping?",Question,Question
"Yes.  We did that in the beginning, exactly.  So we had, so we just had, you know, good times the rest of the weekend, yeah.",Answer,Agreement
"Oh, right. sure [LAUGHTER]",Agreement,Acknowledge
It was a lot of fun- It was a lot of fun.  She's great.  And I'm so happy.,Statement Opinion,Statement Opinion
So where are you going to have your wedding?,Question,Question
"We're going to do it back in the Midwest where her family all is.  They're all out there. you know so, Um  And so, just gonna have a small, small wedding. But, um- you know, of course, you're going to come, right?",Answer,Statement Opinion
Yeah. of course.,Agreement,Agreement
Okay good. And uh- I want you to be in it actually.,Statement Non Opinion ,Command
Okay Okay.,Agreement,Backchannel
"Um- And she wants you to be in it, too.  She loves you so much. She thinks you're the sweetest.  Of course, you are.  You're You're my best friend so-",Statement Non Opinion ,Statement Opinion
Awe.,Backchannel,Statement Opinion
Where is she right now?,Question,Question
"oh, She's back at work. yeah.",Answer,Acknowledge
"Yeah,I'll hang out with the both of you.",Statement Non Opinion ,Agreement
Of course.  We'll go out to dinner later this week.,Agreement,Agreement
yes.,Agreement,Answer
It will be perfect.,Statement Opinion,Statement Opinion
Oh I'm so excited for you.,Statement Opinion,Acknowledge
"Yes, me too. Oh I am so in love.",Statement Opinion,Agreement
oh.,Backchannel,Backchannel
She's the one.,Statement Non Opinion ,Statement Opinion
"Oh, my gosh.  You told your parents already? and everything",Question,Question
Of course.  I told them right away.  We called them all right them.,Answer,Agreement
Are they so excited?,Question,Question
"Oh, yeah.  My mom's freaking out. Oh yeah, She's so happy. this is you know  It's her dream come true.  She always wanted her little boy -- she wants kids, you know.",Answer,Statement Opinion
She wants grandkids. So we'll be working on that right away.,Statement Non Opinion ,Statement Opinion
right right.,Agreement,Backchannel
Are you guys gonna have kids?,Question,Question
"Of course, we're gonna have kids, like three at least.",Answer,Agreement
Yeah?,Question,Backchannel
"Whoa, right away?.",Question,Question
"She wants like eight- She wants like eight kids and I'm like, no, no, no, no, no.  I am like what Let's do maybe three and we'll go with that.",Answer,Disagreement
Are you going to start right away?,Question,Question
"Well, we're going to take a little bit of time, you know, we need to get acclimated and you know start our lives, make money, you know be comfortable.",Answer,Statement Opinion
"Yeah, have you ever like lived with someone else before?",Question,Question
"Oh, yeah, yeah, yeah, yeah I mean, actually we lived together awhile back when we -- Yeah, back in college for a little while. yeah.",Answer,Backchannel
"Oh, did you?  I didn't know that.",Statement Non Opinion ,Acknowledge
oh.,Backchannel,Backchannel
But that- so we are really used to each other. We took the time apart and now we're going to get back together.  We're going to move in soon.,Statement Non Opinion ,Statement Opinion
Oooh,Backchannel,Backchannel
it's great. I'm a lucky man.,Statement Opinion,Statement Opinion
"That's incredible yeah ,Congratulations.",Statement Opinion,Agreement
Thank you.,Greeting,Acknowledge
"Uh, God.  I don't know what to do anymore.  Like I said --",Statement Non Opinion ,Statement Opinion
What do you mean?,Question,Question
"I don't know.  There's nothing for me out there.  I can't get a job.  I haven't gotten a job in a year, three years.  What is it, three years now; right? That I haven't been able to have a job.",Answer,Statement Opinion
Really? It's been that long?,Question,Question
"Something like that.  I can't even remember anymore. I don't know what to do anymore.  I just get out there everyday -- well, not everyday, almost everyday.",Answer,Statement Opinion
Wow.,Backchannel,Acknowledge
And try to do something. I mean-,Statement Non Opinion ,Command
What have you been trying?,Question,Question
"Well, everything.  I'll do temping, you know, office work.  You know, whatever to pay the bills.  You know, I'll do anything.",Answer,Statement Opinion
"But, I mean, I don't want to keep those jobs.  I don't want those jobs.It's not what I want to do.",Statement Non Opinion ,Disagreement
Right.,Agreement,Acknowledge
"But, I don't know.  God, what am I going to do?  Should I go back to school?  I can't- I can't afford to go back to school.",Statement Non Opinion ,Disagreement
What do you do?,Question,Question
"Well, I mean, right now I'm just doing a little bit of everything.  And I don't- I don't think that I'm in like a profession, like career oriented place.",Answer,Statement Opinion
"You plan on being there forever? I mean, Like, what do you --",Question,Question
"No.  I'm just working in restaurants and stuff. But, I'm also trying to audition and what not.  So, it's --",Answer,Answer
yeah.,Backchannel,Acknowledge
right.,Backchannel,Acknowledge
"Yeah, yeah.  Well, hello.  That's what I'm doing too.  But I can't get the restaurant job.  I can't get -- -- the restaurant gig.  No one will give me anything.",Statement Non Opinion ,Statement Opinion
Really?,Question,Backchannel
"I go in for these interviews, and they're all cool and everything, you know.  Their nice and I'm nice to them, you know, give and take, back and forth, and whatever.",Answer,Statement Opinion
But they always go with somebody else.,Statement Non Opinion ,Statement Non Opinion
"L.A. is really hard.  I mean, have you tried like just going into a bar a couple of times to make friends with people who work there? and",Question,Statement Opinion
"Yeah, absolutely.  Hello?  You know me.  I go to bars all the time.  Like, they all know me, you know.  But no one wants to hire me.",Answer,Statement Opinion
"but Maybe they don't want to hire me because they know me. I don't know, what's wrong with me, Is there something wrong with me?",Question,Statement Opinion
"I was just going to say that's your issue. Maybe you are going in too much. No, I mean, just",Answer,Disagreement
are you going into the bars every night?,Question,Question
"I mean, You can tell me what.  Why is no one hiring me?  Is it me?  Be honest.  You can tell me. you know I can take it.  I can take it, you just tell me. Why?",Question,Question
"Well, I don't really know.  I don't I don't know you in like a job situation, so.",Answer,Statement Opinion
"Yeah, but I'm -- okay, well how about personality wise?  I mean, people who know me won't hire me.  Why?",Question,Question
"Wow.  I don't -- I mean, do you- do you have an attitude problem when you're on the job?",Question,Disagreement
"I don't think I have an attitude problem when I'm on the job, no- I have an attitude problem right now because I don't have a job.",Answer,Statement Opinion
Maybe [garbage].,Statement Non Opinion ,Statement Opinion
"Right.  Maybe you have, like, you know a little bit of an abrasive vibe or something.",Statement Opinion,Statement Opinion
An abrasive vibe?,Question,Statement Opinion
I don't know.  I'm I'm just trying --,Answer,Statement Non Opinion
"Let me know that's -- that's fine.  You think I have an abrasive vibe, whatever.  You're entitled to your opinion, of course.  Maybe that's why I don't have a job.",Statement Opinion,Disagreement
Are you getting defensive?,Question,Question
"No.  I'm not getting defensive.  I'm not getting defensive.  No. I asked you a question, you told me.  What?",Answer,Disagreement
Yeah.  That might be something you want to look at.  I mean --,Statement Opinion,Agreement
"I'm not like this all the time.  I mean, I don't -- I'm just frustrated right now, all right.  I just want to do --",Statement Opinion,Statement Opinion
Okay.,Backchannel,Acknowledge
"I want to make some money.  I need to make some money.  I've got to pay some bills, I owe people money.  I owe lots of people money.  I need to make some money.",Statement Opinion,Statement Non Opinion
I understand.,Agreement,Acknowledge
"Yeah, it's stressful.  I recognize that.",Statement Opinion,Acknowledge
"Do you have any idea how I can make money?  I mean, what can I do to make some quick money, something?  Anything, that's relatively within the you know law.",Question,Question
ah.,Backchannel,Acknowledge
"Not- Not selling pot, right?",Question,Question
"Right, probably not selling pot. I don't want to go to jail.",Answer,Disagreement
Okay so.,Statement Non Opinion ,Backchannel
Fair enough.,Statement Opinion,Acknowledge
Because that would just really be a topper for me.,Statement Opinion,Statement Opinion
Yeah.  [LAUGHTER] It's a joke.,Statement Non Opinion ,Acknowledge
Thank you.  Ha ha.,Greeting,Acknowledge
"Sorry.  So, let's see.  What else?  What's available? What? Um.  Hmm.",Question,Backchannel
See what I mean?  You can't even think of anything.,Statement Opinion,Question
"Well, not off the top of head.  It will just take you know take a minute.  But do you have any, like, special skills?",Question,Statement Non Opinion
I can juggle.,Answer,Statement Non Opinion
"Well, maybe we can find you something with juggling.",Statement Opinion,Statement Opinion
I've tried.,Statement Non Opinion ,Statement Non Opinion
Have you checked out Craig's List and stuff?,Question,Question
Yes!  Nobody wants a juggler.  I am not going to -- I'm not going to dress up like a clown. I'm not going to dress up like a freaking clown. No.,Answer,Disagreement
"What if you do kids parties? oh, come on.",Question,Question
"No, it's demeaning.  I am not a clown.  I have talent.  Clowns don't have talent.",Answer,Disagreement
Okay.  All right.,Agreement,Backchannel
It's that simple.,Statement Opinion,Statement Non Opinion
"Okay.  Well, fine. we won't- I won't argue with you about that.",Statement Non Opinion ,Disagreement
yeah.,Backchannel,Acknowledge
What else?  I can't -- uh.  I'm drawing a blank here.,Question,Question
You and me both.,Agreement,Agreement
"That's rough.  I'm really sorry, Ryan.",Statement Opinion,Apology
"Yeah, life sucks.",Statement Opinion,Disagreement
"Well, um, is that kinda like the side of you that you let people see when you go into these job interviews?",Question,Question
"No, I just showed that for you [garbage].",Answer,Disagreement
"Okay.  Well, that's good.  Yeah, I mean, you're you're- when you're happy you're a pretty personable guy.  And I don't --I don't",Statement Opinion,Statement Opinion
I like to think so.,Statement Opinion,Statement Opinion
I can't see where the issue would be. so,Statement Non Opinion ,Disagreement
see.,Statement Non Opinion ,Backchannel
"Yeah, well thanks for your help.",Greeting,Acknowledge
"I'm sorry.  Good luck, man.",Apology,Apology
I'll need it.,Statement Non Opinion ,Command
Hi. Um-  My luggage didn't come out of the conveyor thingy.,Statement Non Opinion ,Greeting
Hmm. Hmm.,Backchannel,Backchannel
"So, um, what do I do?",Question,Question
How long ago was that?,Question,Question
"Uh- Like, an hour and a half ago.  I talked to somebody who was standing out there and they said wait.  Sometimes like random butt- pieces come out late.",Answer,Statement Non Opinion
Uh-Hmm.,Backchannel,Backchannel
"And so I waited there, but nothing came.",Statement Non Opinion ,Statement Non Opinion
"Um, okay.  Well, you can fly- file a claim.  Where were you coming from?",Question,Question
"I was coming from um the Midwest, like Iowa.",Answer,Statement Non Opinion
"So, within the country, though? umm",Question,Backchannel
"Yeah, I know I was in the country.  I mean, it's not that complicated.",Answer,Statement Opinion
"Yeah, well the chances of it being lost forever, you know, are slight because -- -- you were in the --",Statement Non Opinion ,Acknowledge
"Well, I would hope so.",Statement Opinion,Agreement
"Well, I mean, you know that happens pretty often that sometimes baggage -- -- gets lost.",Statement Non Opinion ,Statement Opinion
People lose --,Statement Non Opinion ,Statement Non Opinion
forever?,Question,Question
yeah.,Answer,Acknowledge
"You know, this is actually, I mean it's -- it's a really important piece of luggage.",Statement Non Opinion ,Statement Opinion
Okay.,Backchannel,Acknowledge
"I mean, it's not big or anything like that.  I mean, it's not worth a lot of money or anything.",Statement Non Opinion ,Statement Opinion
Did you have insurance on your flight?,Question,Question
"No.  I mean, don't you get insurance when you buy your ticket or something?",Answer,Disagreement
"No, you have to buy it now.  It's like thirty dollar extra.",Statement Non Opinion ,Command
"Well, no one even told me about that.  Like, why would I think to buy insurance?  I was- It's like a three hour flight.",Question,Disagreement
"well, it's something that worth",Statement Non Opinion ,Statement Opinion
"yeah, I don't know.",Answer,Disagreement
"How can you lose my luggage like from like, in --",Question,Question
Chances are it's probably just you know -- taking time being um- unloaded from the airplane.,Answer,Statement Opinion
 -- four hundred miles?,Question,Question
"I should hope so.  You know, I need that today.",Statement Non Opinion ,Agreement
"Um, well, there's not much I can do.  I can, you can file this report and we'll call you when it comes in.",Statement Non Opinion ,Statement Non Opinion
"Let me explain to you what the problem is.  My grandfather's remains are in that bag.  And I have to, like, distribute them today.  We're suppose to, you know, throw them out to the sea today.",Statement Non Opinion ,Statement Non Opinion
wow.,Statement Non Opinion ,Backchannel
"Wow.  Well, that's really important, obviously.  But, um --",Agreement,Acknowledge
"Yeah.  I mean, if you have a suggestion, like, it would be great to help me out here.",Statement Non Opinion ,Agreement
"Uh- Actually, I don't know that that's legal. Um- it is the issue",Statement Non Opinion ,Disagreement
"Well, I don't care if it's legal.  It's happened.  It's already done.",Statement Non Opinion ,Disagreement
"Yeah I mean, Your bag might have been confiscated because it's --",Statement Non Opinion ,Acknowledge
"Well, could you tell me if it's been confiscated then.",Question,Question
-- it's a biohazard. so- um,Statement Non Opinion ,Statement Opinion
"I mean, some information here would be great.  Some help.  Can you, like, type something in and find out?",Question,Question
Yeah.  Let me just call security.,Answer,Command
That would be great.  Thank you very much.,Statement Opinion,Agreement
[LAUGHTER] Okay.  Hold on.,Command,Acknowledge
Thank you,Greeting,Acknowledge
"Ryan, what's wrong?",Question,Question
I just got some bad news.,Answer,Statement Non Opinion
What?,Question,Question
"My friend, Shotty, passed away.",Answer,Statement Non Opinion
"Oh, I'm so sorry",Apology,Apology
"The end, he's been sick for awhile.  He had cancer.",Statement Non Opinion ,Statement Non Opinion
"Oh, my gosh.",Statement Non Opinion ,Acknowledge
"Yeah.  It's just, I never thought it would actually happen, you know? I mean- He's such a fighter and he's always so positive about everything.",Statement Opinion,Statement Opinion
Yeah.,Backchannel,Acknowledge
"You know, he was gonna, and we -- all the way up to the end we were just talking about how- you know all the stuff we were gonna do and, you know.  When he finally kicked this stupid cancer, you know, and we were gonna --",Statement Opinion,Statement Opinion
"he wanted to travel, you know.  And he's so talented.  Probably the most talented person I have ever met in my entire life.",Statement Opinion,Statement Opinion
Yeah.,Backchannel,Acknowledge
What did he do?,Question,Question
"He was a designer, you know.  But he did everything. You know, He painted and he- and he did costume design, he did set design, he did lighting, he was --",Answer,Statement Opinion
"he just did everything.  He was literally, literally the most talented guy I have ever met in my entire life.",Statement Opinion,Statement Opinion
And he's gone now and I  -- I just can't believe it.,Statement Opinion,Statement Opinion
Yeah.  I'm so sorry.,Apology,Apology
"I mean, one second you think, you know, you're just having a conversation and then --",Statement Opinion,Statement Non Opinion
"you know, sometimes you think you want to make that phone call, or you think you want to tell somebody something, or something like that.  Do you know what I mean?  Like that's -- he was the person that I did that with.  You know, like, that's the person who I needed to call to tell things to all the time.",Statement Opinion,Question
You guys have been-,Statement Non Opinion ,Statement Non Opinion
"And now I don't have that person anymore, you know.  And it's -- -- it's just, you.",Statement Opinion,Statement Opinion
Yeah.,Agreement,Acknowledge
"You think that things get easier, you know, as you as you get older and you -",Statement Opinion,Statement Opinion
"and it just gets worse.  It just gets worse, everything is bad all the time; people die, your friends die, family dies, your best friends die. it's-",Statement Opinion,Statement Opinion
I'm sorry. I-,Apology,Apology
"You always think, you know when you were- you know when you were a little kid and you think something is gonna happen, like, it will all be better when I am older, you know?",Statement Opinion,Statement Opinion
"And I don't know why people don't just tell you off the bat that it's just gonna suck anyway.  You know, like, what's the point?",Statement Opinion,Statement Opinion
"All the best people die, all the bad people live and they make life shitty for you anyway.",Statement Opinion,Statement Opinion
"Wow, Ryan I know that you are hurting right now but I don't think you always feel like that.",Statement Opinion,Statement Opinion
"No, you're right.  I don't.  You're right.",Agreement,Disagreement
"Even, yeah -- he doesn't he would never feel that way, he would never want me to feel that way.  Of course not, but that's just where I am right now and -- -- I don't know what else to do with it.",Statement Opinion,Statement Opinion
Yeah. I understand.  I think it's really healthy to grieve.,Agreement,Agreement
I just miss him.,Statement Opinion,Statement Opinion
If there's anything I can do to be there for you.,Statement Non Opinion ,Statement Opinion
Thanks.,Greeting,Acknowledge
Guess what?,Question,Question
What?,Question,Question
I got it.  I got accepted to U.S.C..,Answer,Answer
"Oh, for real?",Question,Backchannel
Yes! I just found out today.  I just got the letter.,Answer,Answer
That's awesome!,Statement Opinion,Agreement
"oh,I'm so glad.",Statement Opinion,Acknowledge
I know. I know.  I'm so excited.,Statement Opinion,Acknowledge
What are you gonna study?,Question,Question
"oh, Theater. yeah, yeah.",Answer,Backchannel
Really? Are you doing the M.F.A. program?,Question,Question
yes.,Answer,Answer
"Oh, my gosh.",Statement Non Opinion ,Acknowledge
oh-,Backchannel,Backchannel
I heard it's so tough to get into.,Statement Opinion,Statement Opinion
It's exactly what I wanted.,Statement Non Opinion ,Agreement
"Oh, of course.  No.  I didn't know it was that tough.  I'm just happy that I made it.",Statement Opinion,Acknowledge
That's awesome.,Statement Opinion,Agreement
"I worked really hard, I'll say, I worked really hard. You know, I I'm not bragging or anything like that. But-",Statement Non Opinion ,Statement Opinion
"Yeah, that's awesome.",Statement Opinion,Agreement
No.,Backchannel,Disagreement
"No, No, I'm really looking forward to it.  You know how long -- I have been talking about this forever, right? right?",Question,Disagreement
"Uh huh.  Yes, seriously, for years.",Answer,Acknowledge
"Finally.  I'm so excited.  We're gonna -- well, I'll be here.  We're still gonna be able to see each other.",Statement Non Opinion ,Statement Opinion
I know.  I know.  I'm- I'm definitely -- I realize [LAUGHTER].,Agreement,Acknowledge
"We're gonna hang out, right?",Question,Question
"What are you, wait, what are you doing?",Question,Question
"Um- I'm gonna be studying at U.S.C., too.",Answer,Statement Opinion
"Perfect!  Oh, my God.  Are you staying, are you going to live on campus?",Question,Question
"Not on campus, but um- I probably won't live too far.  Maybe, I don't know, I might go to Silver Lake or something.",Answer,Statement Opinion
We are gonna party all the time.,Statement Opinion,Statement Non Opinion
Yeah.  Totally- Well where are you going to live?,Question,Question
We are gonna have a great time.,Statement Opinion,Statement Opinion
"[garbage] I'm going to live on campus.  I mean, well, around campus, anyway.  Yeah, housing around campus.",Answer,Statement Non Opinion
Oh yeah.,Backchannel,Acknowledge
Good tradeoff,Statement Opinion,Statement Opinion
"I just want to be really close to things, you know.  I know it's not exactly the best neighborhood in the entire world. But uh-",Statement Opinion,Statement Opinion
I don't- I don't think it's that bad.,Statement Opinion,Statement Opinion
"I don't- you know ,I feel the same way, you know what I mean.  And everybody says a lot of other crap you know, they don't know what they are talking about anyway.",Statement Opinion,Agreement
yeah.,Backchannel,Acknowledge
"They don't live here.  They don't know, right?",Question,Question
"Yeah. I think it's really also if you- if you consider yourself like, us and them, kind of thing- If you think you're part of your community then --you going to like it more",Answer,Statement Opinion
yeah.,Backchannel,Acknowledge
Exactly.  You make it what you make it. You know? Right? And I'm gonna make it so freaking awesome.,Statement Opinion,Agreement
"Right, Exactly.",Agreement,Acknowledge
Oh I'm so glad.,Statement Opinion,Acknowledge
yeah.,Backchannel,Acknowledge
"So when do you know, like, where you're gonna live? and-",Question,Question
"Well, I don't know.  I've got to go look for a place.",Answer,Statement Opinion
"Oh, wow.",Statement Non Opinion ,Backchannel
"Yeah, yeah.  I- I don't- I don't know.  Do you have any suggestions?",Question,Question
Um-,Backchannel,Backchannel
You know the area better than I do.,Statement Non Opinion ,Agreement
"Yeah.  I mean, I know, I know, like the- the housing surrounding the campus pretty well.",Answer,Acknowledge
"yeah, yeah?",Backchannel,Backchannel
Um- How many people do you want to live with?,Question,Question
"Not a lot.  I mean, I wouldn't want to live with more than three other people.  So, like four of us total, right?",Answer,Statement Opinion
All dudes?,Question,Question
I don't care. I don't care.,Answer,Disagreement
Um- I think I have some friends.,Statement Non Opinion ,Statement Opinion
yeah?,Question,Backchannel
yeah.,Answer,Acknowledge
That would be perfect.,Statement Opinion,Agreement
"There's actually, a friend of mine is um- moving out of her place and her place is amazing-- And it's really cheap.",Statement Non Opinion ,Statement Opinion
Really?,Question,Backchannel
Really?,Question,Question
yeah.,Answer,Acknowledge
Cheap is exactly what I need- Because I have no money at all.,Statement Non Opinion ,Statement Opinion
Okay.,Backchannel,Acknowledge
Okay.,Agreement,Acknowledge
"But, uh--",Backchannel,Backchannel
How are you going to pay for school? Did- did you--?,Question,Question
"Loans, scholarships, I've got a lot of scholarships-- Yeah, yeah. I'm- I'm half Native American so I get all those scholarships, too. yeah.",Answer,Statement Opinion
"You've got a lot- oh, awesome.",Statement Opinion,Backchannel
Oh cool.,Statement Opinion,Backchannel
"So it comes Indian like. And you know I'm kind of smart, so.",Statement Opinion,Statement Opinion
Yeah.,Agreement,Acknowledge
"That helps, right?  Get some academic scholarships. And uh-",Statement Non Opinion ,Command
totally.,Agreement,Agreement
good for you.,Statement Opinion,Acknowledge
"And yeah, well, I mean, basically I just applied for any and every possible scholarship and grant that could come by, so I can go.",Statement Non Opinion ,Statement Opinion
the way to do it.,Statement Opinion,Command
"Yeah, yeah, yeah.  And it's gonna work out.  I'm gonna be able to pay for it, I'm gonna go, I mean, I'll have a little debt in the end.  But I don't care.",Statement Non Opinion ,Statement Opinion
"Wow, are you so excited?",Question,Question
Right.,Answer,Acknowledge
It's just you know a dream come true.  How could you not be excited about a dream come true?,Statement Opinion,Statement Opinion
"You're gonna be so busy, too. You're going to have to work so hard.",Statement Opinion,Statement Opinion
"Oh I know, I know.",Agreement,Acknowledge
"But I'm so looking forward to being so busy. You know what I mean?  It's the kind of busy you've got to love, right?",Statement Opinion,Statement Opinion
Oh good.,Acknowledge ,Acknowledge
Oh totally.,Agreement,Agreement
Because you're doing something you love.  That's the kind of busy you want.  I want to be able to do that for the rest of my life.  Be that kind of busy.,Statement Opinion,Statement Opinion
All right.  Wow.  So exciting.,Statement Opinion,Acknowledge
I had to tell you right away.  I knew you'd be excited.,Statement Opinion,Statement Opinion
We'll have fun.,Statement Opinion,Statement Non Opinion
Yeah.  We'll have so much fun.,Agreement,Agreement
Great.  Okay.,Statement Opinion,Backchannel
cool,Backchannel,Acknowledge
"D.S.L. Extreme, can I help you?",Question,Question
"Hi, I need- I need some help.  I've been transferred to, like, eight different departments and I've told my problem to every single department, and then they just send me to another one and say they are going to send all my information so I won't have to repeat it, and then that person doesn't know what's going on.  And I've restated my story about eight different times and I just want somebody to help me get my connection back, because this happens every two weeks.  And I want to know what to do to stop it from happening again.",Answer,Greeting
This happens every two weeks?,Question,Question
Yeah.  That my service just goes out.,Answer,Acknowledge
You've lost your connection.,Question,Statement Non Opinion
yeah.,Answer,Acknowledge
okay.,Agreement,Acknowledge
"And I'll reset the IP address.  I will do like, you know, direct connect the modem to my computer, and then reset everything, and then put the router back in. And-",Statement Non Opinion ,Command
Hmm.  Mmm.,Backchannel,Backchannel
"Is not, It it It will work again for like a week and then it goes out again.",Statement Non Opinion ,Disagreement
Has somebody tried to pin your site?,Question,Question
"Uh, yeah.  We've pinned it a couple of times.",Answer,Acknowledge
"Okay. Um-  Well, I don't know.  And it consistently happens every two weeks?",Question,Disagreement
"Pretty much, yeah - I don't know if it's, like, bad phone lines or something.",Answer,Statement Opinion
Okay.,Backchannel,Acknowledge
"Well, you know what, does your D.S.L. cable -- you have D.S.L., right?",Question,Question
Hmm. Mmm.,Answer,Backchannel
"Okay.  Does your D.S.L. cable, you know, travel a long distance by any chance? - Does it go through any windows?  I mean, is it --",Question,Question
yeah.,Backchannel,Acknowledge
"It goes- It goes, like, through doorways.  But it goes a long distance.",Answer,Statement Non Opinion
"Okay.  Is it being- Is it being compressed between anything by any chance?  Because sometimes your connection can be you know, disrupted by, you know, the cable being squished.",Question,Question
Oh really?,Question,Backchannel
"Yeah. That can be- That can create a bad connection.  And it won't always be a bad connection, but it will be bad off and on.",Answer,Disagreement
"Well, I- I can check that.  Is there anything else we can do, too?  Like, I'll go through and check the line throughout the house, but --",Question,Question
"Yeah, well, absolutely.  What we can -- let's just go ahead and just do a basic diagnostic of your system first off, okay.  Can you go down to your start button?",Answer,Command
Uh huh.,Backchannel,Backchannel
"Okay, And uh- go ahead and click on run.",Statement Non Opinion ,Command
All right.,Backchannel,Acknowledge
Okay.  We're gonna get your -- a little black box is going to come up.  Do you see that?,Question,Command
"Yeah, I see that.",Answer,Acknowledge
"Okay Uh- You've got your C calling, go ahead and type in directory list.",Statement Non Opinion ,Command
Okay.,Agreement,Acknowledge
And hit enter.,Statement Non Opinion ,Command
Okay.,Agreement,Acknowledge
Okay?  Can you tell me what that says?,Question,Question
"Uh, it it's like a bunch of different letter and numbers and stuff.",Answer,Statement Opinion
"Okay Okay, And Um- letters and numbers and stuff.  Uh- Can you - Can you just type in IP address search? And hit enter.",Question,Command
"Uh huh, Okay.",Agreement,Backchannel
Okay?  Does it list your IP address there?,Question,Question
"Uh, yeah looks -- no, no.  It's set to zeros.",Answer,Acknowledge
"It's set to zeros.  Okay, maybe that's our problem.  That could very well be our problem there.  Somehow you've lost your IP address.  I'm not sure why that would happen every week.  It could be a cycling issue, something like that.  But let's go ahead and type your IP address in again.",Statement Opinion,Statement Opinion
Okay.,Backchannel,Acknowledge
"what happening - So if we reset this, how will I know it's not going to happen again every other week?",Question,Question
"Well, if it does happen again, let me give you my direct number and you can call me.  Actually, I'll give you my cell number. Um- It's --",Answer,Command
Wow.  That would be amazing.  Really?,Question,Acknowledge
"Of course.  we seriously- Yeah, I mean, obviously you've worked- you know -- I don't want to hassle you anymore.",Answer,Acknowledge
"Oh, my God.  I can't even tell you how much of a relief that is.  I literally call and talk to five different people.  Like last week it went off and I spent an hour and a half on the phone with different people.  And I've been doing that like every, every other week for months now.",Statement Opinion,Statement Opinion
I completely understand.,Agreement,Acknowledge
It's so frustrating.,Statement Opinion,Statement Opinion
Absolutely. And I just don't want that to happen to you anymore.,Agreement,Agreement
Thank you so much.,Greeting,Acknowledge
Absolutely.  It's a new service we are offering.,Statement Non Opinion ,Agreement
"Yeah, accountability.  It's awesome.",Statement Opinion,Agreement
Uh huh Uh huh We want you to be happy.  You're our customer.  You're the most important thing. Okay?,Question,Backchannel
"Wow.  You know I was thinking about changing internet providers, but but that- that really is enough to change my mind.",Answer,Agreement
"Great.  Well, that makes me very happy.  That makes us all happy here at D.S.L. Extreme.  Is there anything else I can help you with?",Question,Agreement
No.  I'm just gonna go have a fantastic day now.,Answer,Disagreement
All right.  You have a wonderful day.  Call us anytime.,Statement Non Opinion ,Greeting
Okay.  Thanks.,Greeting,Acknowledge
"All right.  Bye, bye.",Greeting,Greeting
What's he going to say?  Maybe we should tell him before he sees it.,Statement Opinion,Question
He saw it.,Statement Non Opinion ,Statement Non Opinion
When?  I was the first one up.  He was still in bed.  How could he have seen it?,Question,Question
He was out here when it broke.,Answer,Statement Non Opinion
When?,Question,Question
"I don't know, like, four o'clock this morning.  I heard a crack, and I woke up, and I looked out the window and he was standing right there when it broke.",Answer,Statement Non Opinion
What was he doing out here at four in the morning?,Question,Question
"I don't know, but after it broke he ran back inside and started crying in the kitchen.",Answer,Statement Non Opinion
Did you talk to him?,Question,Question
No.  I figured it was best to leave him alone.,Answer,Disagreement
He cried hard?,Question,Question
I could hear him right through the floor in my room.,Answer,Statement Non Opinion
"What was he doing out there at that hour?  He's getting just like after Larry died, walking around at night.  He dreams.",Statement Opinion,Question
I guess he is.,Agreement,Statement Opinion
What's the meaning of that?,Question,Question
"I don't know the meaning of it, but you know one thing Mom, we made a terrible mistake with dad.",Answer,Disagreement
What?,Question,Question
Being dishonest with him.  It's the kind of thing that pays off and now it's paying off.,Answer,Statement Opinion
What do you mean dishonest?,Question,Question
You know that Larry's not coming back and I know it.  So why do we go on letting him think that we believe with him?,Answer,Question
"What do you want to do, argue with him?",Question,Question
I don't want to argue with him.  But it's time he knows that nobody else thinks that Larry's alive anymore.,Answer,Disagreement
"Why should he dream about him, walking around looking for him at night?  Do we contradict him?  Do we say straight out that we don't have any hope anymore, that we haven't had any hope for years now?",Question,Question
You can't say that to him.,Answer,Disagreement
We have to say it to him.,Command,Command
how are you gonna prove it?  Can you prove it?,Question,Question
For Gods sake!  Three years!  Nobody comes back after three years.  That's insane!,Answer,Statement Opinion
"To you it is and to me, but not to him.  Now you can talk yourself until you're blue in the face, Chris, but there's no body and there's no grave.  So where are you?",Question,Disagreement
"Sit down, mom.  I want to talk to you.",Command,Command
"The trouble is the God damn newspapers.  I mean every every week a kid turns up, missing like longer than Larry.",Statement Non Opinion ,Statement Opinion
"All right.  All right, mom.  Just listen.  You know why I invited Annie her, don't you?",Question,Command
Why?,Question,Question
You know.,Answer,Backchannel
"Well, I have an idea.  But what's the story?",Question,Question
I'm going to ask her to marry me.,Answer,Statement Non Opinion
"Well, that's your business, Chris.",Statement Opinion,Statement Non Opinion
It's not just my business.,Disagreement,Disagreement
"Well, what do you want me to do?  You're old enough to make- to know your own mind.",Statement Opinion,Command
So it's okay then?  I should just go ahead and do it?,Question,Question
"Well, you want to make sure that your father isn't --",Answer,Statement Opinion
"Oh, so it isn't just my business?",Disagreement,Acknowledge
I'm just saying.,Statement Non Opinion ,Statement Non Opinion
You infuriate me sometimes.  Do you know that?  God.,Statement Opinion,Statement Opinion
"Isn't it your business, too, if dad -- if I tell dad and he throws a fit about it?  I mean, you have such a talent for ignoring things.",Statement Opinion,Question
"I ignore what I got to ignore.  I mean, the girl is Larry's girl.",Statement Non Opinion ,Statement Opinion
She is not Larry's girl!,Disagreement,Disagreement
"From your father's point of view he's not dead and she's still his girl.  Now, you can go on from there if you know where to go, Chris, but I don't know.  So what can I do for you?",Statement Non Opinion ,Statement Opinion
"I don't know why it is but everytime I reach out for something I- that I want, I have to pull back because I might hurt somebody else.  My whole bloody life; time after time after time.",Statement Opinion,Statement Opinion
"Well, you're a considerate fella, there's nothing wrong in that",Statement Opinion,Statement Opinion
To hell with that!,Disagreement,Disagreement
Have you asked Annie yet?,Question,Question
I wanted to get this taken care of first.,Answer,Statement Non Opinion
"Well, what if she feels like your father?  And how do you know she will marry you?",Question,Question
"Well, if that's the case, then that's the end of it.  But from her letters it sounds like she has forgotten him.  I'll find out.  And then we'll thrash it out with dad, all right?  Mom, don't avoid me.",Answer,Command
"Well, the trouble is you never saw enough women.",Statement Opinion,Statement Opinion
So what?  I'm not fast with women.,Agreement,Disagreement
"Well, I just don't see why it has to be Annie.",Statement Non Opinion ,Statement Opinion
Because it is.,Statement Non Opinion ,Statement Non Opinion
"Well, that's a good reason.  But that doesn't mean anything at all.  I mean, you haven't seen her in five years.",Statement Non Opinion ,Disagreement
"I know her best, all right?  I don't know.  I grew up next to her.  When I think of somebody for my wife these days, I think of Annie.  What do you want, a diagram?",Question,Statement Opinion
"No.  I don't want a -- look, your father thinks he's coming back, Chris.  You marry that girl and you're pronouncing him dead.  Now, what's going to happen to your father; do you know?  Because, I don't.",Answer,Disagreement
"All right then, mom.",Acknowledge ,Acknowledge
Just give it some more thought.,Command,Command
"I've given it three years of thought.  I hoped that if I'd waited, dad would have forgotten about it by now.  And we could have like a normal wedding and everybody happy.",Statement Non Opinion ,Statement Opinion
"But if that can't happen, I'll just have to get out.",Statement Non Opinion ,Statement Opinion
What the hell is this?,Question,Question
"I'll get out.  I'll go get married and live someplace else.  I don't know, maybe New York.",Answer,Statement Opinion
Are you crazy?,Question,Question
I have been a good son for too long.  A good sucker.  I'm through with it.,Answer,Statement Opinion
"What?  You mean?  Tell me something, you mean that you would leave the business?",Question,Question
"Yes.  On this, I would.",Answer,Agreement
You can't think like that.,Statement Non Opinion ,Disagreement
"Well, you help me stay here.",Command,Command
"All right.  But don't think like that.  Because what the hell did we work for, Chris?  I mean, this whole thing, it's all for you.",Statement Non Opinion ,Command
"I know that, mom.  Just, you help me stay here.",Agreement,Acknowledge
Just don't think that way.  Do you hear me?,Question,Command
I am thinking that way.,Answer,Statement Opinion
"I don't understand you, do I?",Question,Disagreement
"No, you don't.  I'm a pretty tough guy.",Answer,Disagreement
"Yeah, I can see that.",Statement Non Opinion ,Acknowledge
What's he going to say?  Maybe we ought to tell him before he sees it.,Statement Opinion,Question
He saw it.,Statement Non Opinion ,Statement Non Opinion
"What do you mean?  I was the first one up, he was still in bed.",Question,Question
He was out here when it broke.,Answer,Statement Non Opinion
When?,Question,Question
About four this morning.  I heard it crack and I looked out the window and he was standing right there when it cracked.,Answer,Statement Non Opinion
What was he doing out here four in the morning?,Question,Question
"I don't know.  But after he saw it, he ran back into the house and started crying in the kitchen.",Answer,Statement Non Opinion
Did you talk to him?,Question,Question
No.  I figured it was best to leave him alone.,Answer,Disagreement
He's dreaming about him again.  He's getting just like after Larry died. What's the meaning of that?,Question,Statement Opinion
"Yes, yes he is.  I don't know the meaning in it.  But I know one thing, mom, we made a terrible mistake with Dad.",Answer,Statement Opinion
What?,Question,Question
Being dishonest with him.  It's the kind of thing that pays off and now it's paying off.,Answer,Statement Opinion
What do you mean dishonest?,Question,Question
You know that Larry's not coming back and I know it.  So why do we go on letting him think that we believe with him?,Answer,Question
"What are you gonna do, argue with him?",Question,Question
I don't want to argue with him.  But it's time that he knows that nobody else believes that Larry's alive. I mean,Answer,Disagreement
"Why shouldn't he dream about him, walk the nights waiting for him?  Do we contradict him?  Do we say outright that we don't have any hope anymore?  That we haven't had any hope for a long time?",Question,Question
"Well, how are you gonna prove it?  Can you prove it?",Question,Question
"For Gods sake, three years!  Nobody comes back after three years.  It's insane!",Answer,Statement Opinion
"To you it is and to me, but not to him.",Statement Non Opinion ,Disagreement
You can talk yourself blue in the face but there's no body and there's no grave.  So where are you?,Question,Statement Opinion
"Sit down, mom.  I want to talk to you.",Command,Command
"The trouble is the God damn newspapers, I mean, ea- each week a new boy turns up out of nowhere.  So the next one is gonna be Larry.  So you--",Statement Non Opinion ,Statement Opinion
"All right.  All right, just listen.",Command,Command
"You know why I invited Annie, right?",Question,Question
Why?,Question,Question
You know.,Answer,Backchannel
"Well, I've got an idea but what's the story?",Question,Question
I'm gonna ask her to marry me.,Answer,Statement Non Opinion
"Well, that's your business, Chris.",Statement Opinion,Statement Non Opinion
You know it's not just my business.,Disagreement,Statement Opinion
"What do you want me to do?  I mean, You're old enough to know your own mind.",Statement Opinion,Question
So it's all right then?  I should just go ahead with it?,Question,Question
"Well, you want to make sure that your father isn't gonna --",Answer,Statement Opinion
"So it isn't just my business?  You infuriate me sometime, you know that.",Statement Opinion,Disagreement
"Isn't it your business, too, if I tell dad and he throws a fit about it?  You have such a talent for ignoring things.",Statement Opinion,Question
"I ignore what I got to ignore.  I mean, the girl is Larry's girl.",Statement Non Opinion ,Statement Opinion
She's not Larry's girl.,Disagreement,Disagreement
"As far as your father is concerned, he's not dead.  And she's still his girl.",Statement Non Opinion ,Statement Opinion
"Now, you can go on with this if you know where to go, but I don't know where to go.",Statement Non Opinion ,Statement Opinion
"I don't know why it is but every time I reach out for something that I want, I have to pull back because it might hurt somebody else, my whole bloody life, time after time, after time.",Statement Opinion,Statement Opinion
"Well, you're a considerate fella.  There's nothing wrong with that.",Statement Opinion,Statement Opinion
what to hell with that!,Disagreement,Disagreement
Have you asked Annie yet?,Question,Question
I wanted to get this settled first.,Answer,Statement Non Opinion
"Well, how do you know she'll marry you?  Maybe she feels like your father does.",Question,Question
"Well, if she does then that's the end of it.  But from her letters it seems like she's forgotten him.",Answer,Statement Opinion
"I'll find out and then we'll thrash it out with dad, all right?  Mom, don't avoid me.",Command,Command
The trouble is you don't see enough women.  You never did.,Statement Opinion,Statement Opinion
"So what, I'm not fast with women?",Agreement,Statement Opinion
I just don't see why it has to be Annie.,Statement Non Opinion ,Statement Opinion
Because it is.,Statement Non Opinion ,Answer
"Well, that's a good reason.  But it don't mean a thing. I mean, You haven't seen her since you went to war.  It's been five years.",Statement Non Opinion ,Disagreement
"[garbage] I don't know.  It's just,",Statement Non Opinion ,Statement Non Opinion
"she's who I know best. I know her since I- I was a kid I grew up with her.  When I think of somebody for my wife these days, I I think of Annie.  What do you want, a diagram?",Statement Non Opinion ,Statement Opinion
"No I don't want a-  Your father thinks he's coming back, Chris.  If you marry that girl, you're pronouncing him dead.",Statement Non Opinion ,Disagreement
"Now, what's going to happen to your father, do you know?  I don't.",Statement Non Opinion ,Question
"All right then, mom.",Acknowledge ,Acknowledge
Just give it some more thought.,Command,Command
"I've given it three years of thought.  I had hoped if I waited, dad would've forgotten him by now and we could have a- a regular wedding and everybody happy.",Command,Statement Opinion
But if that can't happen then I'll just get out.,Statement Non Opinion ,Statement Opinion
What the hell is this?,Question,Question
"I'll get out.  I'll go get married someplace else, I- I'll live someplace else, maybe New York.",Answer,Command
Are you crazy?,Question,Question
"I've been a good son for too long, a good sucker.  I'm through with it.",Answer,Statement Opinion
But you have a business here.  What the hell is this?,Question,Question
The business?  The business doesn't inspire me.,Answer,Statement Opinion
Must you be inspired?,Question,Question
"Yeah, I'd like one hour a day.  If I have to grub for money all day long, I'd like to go home to something beautiful.  I'd like a family.  I'd like some kids.",Answer,Statement Opinion
"I'd like to build something that's my own.  And Annie is in the center of that.  Now, where do I find it?",Statement Opinion,Statement Opinion
You don't want to think like that.,Statement Non Opinion ,Command
"Well, you help me stay here.",Command,Command
"All right.  But don't think like that because what the hell did we work for, Chris?  All of this, all of it, it's all just for you.",Statement Non Opinion ,Disagreement
"I know that, mom.  Just you help me stay here.",Agreement,Command
"Don't think like that, do you hear me?",Question,Command
"Well, I am thinking like that.",Answer,Statement Opinion
"I don't understand you, do I?",Question,Disagreement
"No, you don't.  I'm a pretty tough guy.",Answer,Disagreement
"Yeah, I can see that.",Statement Non Opinion ,Acknowledge
Why did you invite her here?,Question,Question
Why does that bother you?,Question,Question
"She's been in New York three and a half years, why all of a sudden?",Question,Statement Opinion
"Well, maybe maybe he just wanted to see her again.",Answer,Statement Opinion
Nobody comes seven hundred miles just to see.,Statement Non Opinion ,Statement Non Opinion
"What are you talking about?  He grew up next to the girl his whole life, why wouldn't he want to see her again?  Don't look at me like that.  He hasn't told me anything he didn't told you.",Question,Question
He's not going to marry her.,Command,Disagreement
Why do you think he's even thinking that?,Question,Question
He's got that about it.,Answer,Statement Opinion
"Well, so what?",Question,Disagreement
"What's going on here, Joe?",Question,Question
Now listen.,Command,Command
"No.  She's not his girl, Joe.  She knows she's not.",Statement Opinion,Disagreement
You don't know.  You can't read her mind.,Statement Opinion,Disagreement
"Then why is she still single? I mean, New York is full of men.  Why isn't she married?  Probably a hundred people told her she's foolish but she's waited.",Statement Opinion,Question
How do you know why she's waited?,Question,Question
"Because she knows what I know, that's why.  She's faithful as a rock.  In my worst moments I think of her waiting and I know again that I'm right.",Answer,Statement Opinion
"Look, it's a beautiful day outside, why are we arguing?",Question,Statement Opinion
"Nobody in this house dares takes her faith away, Joe.  Strangers might, but not his father, not his brother.",Statement Opinion,Statement Opinion
"Well, what do you want me to do about it?  What do you want?",Question,Question
"I want you to pretend like he's coming back.  Both of you, don't think I haven't noticed you and Chris since she's gotten here.  I don't want any nonsense.",Answer,Command
But Kate?,Backchannel,Question
"No, because if she- he's not coming back then I'll kill myself. Laugh!  Laugh at me!",Statement Opinion,Disagreement
But why did that happen the very night she came back?  She goes to sleep in his bed and his memorial breaks in pieces.  Look at it.,Statement Non Opinion ,Question
Calm yourself.,Command,Command
"Believe with me, Joe.  I can't stand alone.",Statement Non Opinion ,Command
Calm yourself.,Command,Command
Only last week a man turned up in Detroit missing longer than Larry.  You read it yourself.,Statement Non Opinion ,Statement Non Opinion
All right.  All right.,Acknowledge ,Acknowledge
You above all have got to believe.,Command,Command
"What do you mean, me above all?",Question,Question
Just don't stop believing.,Answer,Command
"What's that suppose to mean, me above all?  Look at you, you're shaking.",Statement Non Opinion ,Disagreement
I can't help it.,Statement Opinion,Statement Non Opinion
"What have I got to hide, Kate?  What the hell is the matter with you?",Question,Question
You're the only one I know who loves his parents.,Statement Non Opinion ,Statement Opinion
"I know.  It's going out of style, isn't it?",Question,Statement Opinion
It's all right.  It's a good thing.  It's lovely here.  The air is sweet.,Answer,Statement Opinion
"So, you're not sorry I came?",Question,Question
No.  But I'm not going to stay.,Answer,Disagreement
Why?,Question,Question
"Well, your mother, first of all, pretty much told me to leave.",Answer,Statement Opinion
Well-,Backchannel,Backchannel
You saw that.  And well you've been --,Statement Non Opinion ,Statement Non Opinion
What?,Question,Question
You've been sort of embarrassed since I got here.,Answer,Statement Opinion
"Well, I planned on kind of sneaking up on you in a period of a week or so, but they all take it for granted that we're set.",Statement Non Opinion ,Statement Opinion
"I figured they would, your mother at least.",Agreement,Statement Opinion
How did you know?,Question,Question
"Well, from her perspective, I mean, why else would I come here?",Answer,Statement Opinion
"Well, so would you want to?  I mean, I guess you know that's why I asked you to come.",Question,Question
"Yes, that's why I came.",Answer,Agreement
"Annie, I love you.  I love you a great deal.  I love you. -I",Statement Opinion,Statement Opinion
"I don't know what to say.  I have no imagination.  That's all I have to say to you.  God, I'm embarrassing you. I-I didn't want to do this here. I- I wanted to do it someplace different, someplace where we could be new to each other.",Statement Non Opinion ,Apology
"You feel it's wrong here, don't you; this yard, this chair?  I want you to be ready for me, Annie. I- I don't want to win you away from anything.",Statement Opinion,Question
"Oh, Chris I've been ready for a long time.",Statement Non Opinion ,Statement Opinion
So he's gone forever then?  You sure?,Question,Question
I almost got married two years ago.,Answer,Statement Non Opinion
Why didn't you?,Question,Question
You started to write me.,Answer,Statement Non Opinion
You felt something that far back?,Question,Statement Non Opinion
Everyday since.,Answer,Statement Non Opinion
"Annie, why didn't you call me or tell me?",Question,Question
"Well, I mean, until then you never wrote and when you did, what did you say?  I mean, you sure can be ambiguous.",Answer,Statement Opinion
"Give me a kiss, Annie.  Give me a --",Command,Command
"oh, God I kissed Annie.  I kissed Annie. I can't How long have I waited to do that?",Statement Opinion,Statement Opinion
I'll never forgive you.  Why did you wait so long?  All this time I've sat around wondering if I was crazy for thinking of you.,Statement Opinion,Statement Opinion
"Oh, Annie, we're gonna live now.  I'm going to make you so happy.",Statement Opinion,Statement Opinion
Not like that you're not.,Statement Opinion,Disagreement
I kissed you.,Statement Non Opinion ,Statement Non Opinion
"Like Larry's brother.  Do it like you, Chris.  What's the matter?",Question,Command
Lets go for a ride.  I I- I want to be alone with you.,Statement Non Opinion ,Command
"No.  Chris, what is it?  Is it your mother?",Question,Question
"No, nothing like that.",Answer,Disagreement
You have to tell me.,Command,Command
Even in your letters there was something ashamed.,Statement Non Opinion ,Statement Opinion
"Yeah, I suppose I have been.  But it's going for me.",Agreement,Acknowledge
You have to tell me.,Command,Command
I don't I don't know where to start.,Statement Non Opinion ,Statement Non Opinion
It wouldn't work like this.,Statement Non Opinion ,Disagreement
It's so mixed up with so many other things.,Statement Non Opinion ,Statement Opinion
"You remember when I was overseas, I was in command of a company?",Question,Statement Non Opinion
"Yeah, sure.",Answer,Agreement
I lost them.,Statement Non Opinion ,Statement Non Opinion
How many?,Question,Question
Just about all.,Answer,Acknowledge
"It- It takes time to toss something like that off,I mean, because they weren't just men.",Statement Opinion,Statement Opinion
"For instance, there was this time, and it had been raining for several days, and this kid came up to me and he gave me his last pair of dry socks, just put them in my pocket.",Statement Non Opinion ,Statement Non Opinion
I know it's it's just a little thing but that's just the kind of guys I had.  They didn't die.  They killed themselves for each other.,Statement Opinion,Statement Opinion
"I mean that exactly, anymore selfish -- just a little bit more selfish and they would have been here today. And it gave me an idea as I was watching them all go down.",Statement Opinion,Statement Opinion
"Everything was being destroyed see, but I felt like something new was being created at the same time.  Like it kind of -- responsibility.  You know, man to man.  Do you understand what I'm saying?",Statement Opinion,Statement Opinion
"And and to see that again, to to bring that back on the earth again, like- like a monument that that would stand behind these men and and and it would make a difference to them.",Statement Opinion,Statement Opinion
It was and then I went home.  And it was incredible.  It didn't have any meaning there.,Statement Non Opinion ,Statement Opinion
"I mean, the whole thing was like some kind of bus accident to them.",Statement Non Opinion ,Statement Opinion
So I went back to work for my dad and that whole rat race again.,Statement Non Opinion ,Statement Non Opinion
"I felt what you said, ashamed somehow because nobody had changed at all.",Statement Non Opinion ,Statement Opinion
"It seemed to make suckers out of so many guys.  And I-I felt wrong to be alive; to to open that bank book, to to drive that car, the new car, and look at that new refrigerator. I mean,",Statement Non Opinion ,Statement Opinion
"you can take those things out of the war, but if you're gonna drive that car you've got to know that that came from the love a man can have from a man. And you've got to be a little bit better because of that.  Because if you're not, then it's all just loot and there's blood on it and I didn't want any of it.",Statement Opinion,Statement Opinion
And I guess that included you.,Statement Opinion,Statement Opinion
Do you still feel like that?,Question,Question
"I want you now, Annie.",Answer,Command
"Because you can't feel like that anymore, Chris.  Because everything you have, you have a right to, me included.",Statement Opinion,Command
"And you father, he put hundreds of planes in the air and you should be proud.  A man should be paid for that.",Statement Non Opinion ,Statement Opinion
"Oh, Annie,",Agreement,Greeting
[LAUGHTER] What will I do with a fortune?,Question,Question
Annie I am going to make you a fortune.,Statement Opinion,Command
"What time is it?  They're supposed to run around midnight.  Oh, this is great, isn't it?  Look at the night we've got here.  It couldn't be better.  Actually, I wanted to go a little further up the coast you know to get away from all the lights and the people.  I was afraid we might miss it though, so how are you doing?",Question,Question
Fine.,Answer,Acknowledge
"What's that? Is that- Wait, is that foam?  I can't even tell.  Oh Actually, I guess if I can't tell then it probably isn't it, is it?  It will probably be unmistakable, don't you think?",Question,Question
"This is great.  How are you doing?  Oh, no.  Oh, do you know what I did?  I forgot the flashlight.  How could I be so stupid?  I forgot the flashlight.",Statement Non Opinion ,Statement Opinion
What flashlight?,Question,Question
"The flashlight.  The silver one.  There's only one, isn't there?  Stupid.",Answer,Question
You mean our flashlight?,Question,Question
Well-,Backchannel,Backchannel
"I mean, you kept saying my flashlight, the flashlight like it was only somehow yours.  How is that supposed to make me feel?",Question,Disagreement
"Oh, no, of course, our flashlight.  Me flashlight is to you flashlight, naturally.",Agreement,Agreement
"How could we have forgotten it? Well, I hope the moon stays out.  I wonder, do they always run during a full moon?  I can't remember, was the moon full last year, do you remember?",Question,Question
Yes.,Answer,Agreement
"Are you cold?  Do you want my jacket?  We should have brought the blanket, our blanket.  Oh, this is great.  I didn't even think to bring a six pack.  Oh, a six pack would be just the ticket right about now.",Statement Non Opinion ,Statement Non Opinion
"I can't believe I forgot.I'm like a little kid.  I'm surprised I made it out of the house with my fly zipped. Oh, [LAUGHTER]",Statement Non Opinion ,Apology
"Oh, I wonder if they can hear me or if they can feel the vibrations when we move around in the sand. or something",Statement Opinion,Question
I'm cold.,Statement Non Opinion ,Statement Non Opinion
Do you want my jacket?,Question,Question
It's after eleven.  Let's just go home.,Statement Non Opinion ,Command
"Are you kidding?  We just got here, we'd miss it.  What's the point of coming all the way out here if we're just going to turn around and go home?",Question,Disagreement
There is no point in coming out here.,Answer,Statement Opinion
Right.,Backchannel,Acknowledge
That's my point.,Statement Non Opinion ,Agreement
"That's my point, too.",Agreement,Agreement
So let's go.,Command,Command
"Oh, no, no, no.  no That's not my point.  My point is what's the point coming out here if we're just going to leave?  Don't you want to see it?",Disagreement,Disagreement
Not particularly.,Answer,Disagreement
Why not?,Question,Question
I just don't.,Answer,Disagreement
Oh,Backchannel,Acknowledge
it's stupid.,Statement Opinion,Disagreement
"Honey, it's a natural phenomenon.  I mean, this kind of thing only happens once a year.  It's a great opportunity.",Statement Non Opinion ,Statement Opinion
"I mean, Think about people in Kansas, they've got to get like you know plane tickets and hotel reservations just to see this.  We're just forty minutes away.  It's just too good of an opportunity to pass up.",Statement Non Opinion ,Statement Opinion
Pass what up?  It's It's just little fish and they swim up on the beach and they flop around and they swim away and then they die.,Statement Non Opinion ,Question
"Yeah, but all that time on the beach is the highlight of their little lives.  You know,",Statement Non Opinion ,Statement Opinion
"and all that about flopping around, it's like laying eggs or what do you -- spawning or mating or something like that.",Statement Non Opinion ,Statement Opinion
"I mean, this is a big night for these guys.  You know, life's last orgy.",Statement Opinion,Statement Opinion
"What are you so excited about.  This isn't rocket science, this is just fish.  Fish nobody even eats.",Statement Opinion,Disagreement
"Yeah, they do.",Disagreement,Agreement
Augie.,Backchannel,Greeting
"All right.  But they are fish that do something no other fish do.  Like the swallows were turning into Capistrano or Lemmings jumping off the cliffs, you know like that. There's- There's magic here and mystery.  And a little bit of the unexplainable.  You know, I can't see how you could not be interested.",Statement Opinion,Statement Opinion
I'm just not.,Statement Non Opinion ,Statement Non Opinion
For real?,Question,Question
Yes.,Answer,Agreement
"I don't get it.  I mean, the first time we came you said it was the best night of your life. And last year I remember distinctly you were so excited about coming that you stubbed your toe toe pushing me out the door and you didn't even notice until you got in the car.",Statement Non Opinion ,Disagreement
"Well, if you also remember last year we- our shoes got wet, I got sand in my panties, we had a big argument, you had a sore throat, and we didn't see the grunion.",Statement Non Opinion ,Statement Non Opinion
We weren't in a good spot.,Statement Opinion,Statement Non Opinion
We didn't see them the first time either.,Statement Non Opinion ,Statement Non Opinion
We just weren't in a good spot.  This is a much better spot.  I've got a great sense for these things.,Statement Opinion,Statement Opinion
"Look there.  What is that?  Is that -- Oh No, that's seaweed.",Statement Non Opinion ,Question
"Oh, this is great.  I wouldn't miss this for the world. I mean, think about this, I know you're not interested but just think about this for a second;",Command,Statement Opinion
somewhere out there is a giant mass of silver fish all swimming in this direction.  They don't know why they're doing it.  We don't know why they're doing it.  They didn't- It wasn't a decision.  No one took a vote.  Nobody sent them an invitation or a map or anything like that.  It was just some internal time release fire cracker that went off. And all as one they turned around and formed this giant line as long as the California coastline and they just started swimming.  They are swimming right now at this very moment.   And And-,Statement Non Opinion ,Statement Non Opinion
"And it's single mindedness with no mind. It- It's urgency, it's pure urge.  I mean, they didn't make any decisions.  They don't ask any questions.  They don't give it a name,",Statement Opinion,Statement Opinion
"they just all as one turn around and start swimming to this very point where we are standing now for one last celebration of sex and death. God, it's giving me Goosebumps.  Look at all the hairs that are standing up.",Statement Non Opinion ,Statement Opinion
That's the wind.,Statement Non Opinion ,Statement Non Opinion
"Well, so what do you think?",Question,Question
"Well, so, what do you think?",Question,Question
About what?,Question,Question
What I was just saying.,Answer,Question
It's ridiculous.,Statement Opinion,Statement Opinion
It certainly is not.  It's slightly exaggerated scientific fact.,Disagreement,Disagreement
It's P.R. somebody sold you a bill of goods that this magical thing would be happening on the beach.,Statement Opinion,Statement Opinion
"I'm not the only one, look at all these people.",Disagreement,Disagreement
"Sure.  Everybody is told the same thing, it keeps us all excited.  It keeps us all coming back for more.  It keeps us thinking that life is gonna start now any minute if we can just find the right spot and get in on the action.",Statement Opinion,Statement Opinion
Are we talking about the same thing?,Question,Question
"I'm sorry.  It's just, it's it's just fish to me.",Answer,Apology
"uh, Carla Can I ask you a question?  no, don't get upset, but are you having your period?",Question,Question
"God damn it, Augie.  Seriously, you always ask me that.  Why do you ask me that?  I hate it.  It's so insulting.",Answer,Disagreement
What's bugging you then?,Question,Question
I just - We just have different ideas of what this night is suppose to look like.,Answer,Disagreement
"It's not that complicated.  We come down here, the grunions arrive, they do their little fish thing.  We say ooh, awe, look at the little fish.  And then they go home and we go home.",Statement Non Opinion ,Statement Opinion
"For God's sake, Augie.  It's- Grow up, we're not going to see the grunion.",Statement Opinion,Command
Why not?,Question,Question
We We don't ever.  Have we ever?,Question,Disagreement
We've missed them twice.  That's hardly ever.,Answer,Statement Non Opinion
"Twice is every time we've tried, that's ever",Statement Non Opinion ,Statement Non Opinion
"Well, we'll see them this year.",Statement Opinion,Statement Non Opinion
"No, we won't.  It's like waiting up for Santa Clause or something.  I feel like as though my whole life is going to be standing on the beach waiting with my eyes opened expectantly, my hands clasped neatly in front of me, waiting for fish to show up.  And the fish will not show up.",Disagreement,Disagreement
"Okey, They're just fish.  It's nothing to get traumatized over.",Statement Opinion,Disagreement
You don't understand anything I am saying.,Statement Non Opinion ,Disagreement
"No, of course not.",Agreement,Disagreement
I did want to see it.  I always want to see it.  I just- I keep thinking this will be the time and it never is.,Statement Opinion,Statement Opinion
"I'm trying to work this backwards.  But I can't seem to pinpoint the time where everything went wrong here.  Okay, so --",Statement Non Opinion ,Statement Opinion
"you were fine on the phone call with Marge, eating dinner was fine,talking- uh washing the dishes, no problem.  All right.  So, I'm taking a shower, you're watching TV, the news and you say the grunions are running tonight and I say, Great, let's go.  I'm feeling lucky.  And so, all right, and I'm putting on my coat, I'm putting out the animals, I'm pulling the car out of the garage.",Statement Non Opinion ,Statement Non Opinion
Do you remember the first time that we came to see the grunion?  It was about four years ago right after we got married.  We thought I was pregnant.  We had a bottle of champagne and no glasses.  You asked me to dance.  We took off our shoes.  And while we were dancing you said the most intimate things to me right in my ear so I could feel them as much as hear them.,Statement Non Opinion ,Question
"And I remember thinking to myself, finally.  I am as happy as I am supposed to be.",Statement Non Opinion ,Statement Opinion
Wait a minute.  I've got it.,Command,Command
"Dancing barefoot in the sand, drinking champagne out of the bottle.",Statement Non Opinion ,Statement Non Opinion
"It was in the car, right?  When we were passing Knickerbocker Liquor Locker, you said, Let's stop and get champagne. and I said that times a wasting or something like that, right?  You wanted it to be like it was before, right?",Question,Question
I would rather not remember some things.  I'd rather not hope for something.,Answer,Statement Opinion
"Okay.  All right No problem.  I totally understand. okey  um, listen.  Do you want to dance?",Question,Question
No.,Answer,Disagreement
Do you want me to go get some champagne?,Question,Question
No.,Answer,Disagreement
Take off our shoes?,Question,Question
No.,Answer,Disagreement
"What, you want me to blow in your ear?",Question,Question
[LAUGHTER] No.,Answer,Disagreement
"Do you want to get married again?- What?  What, do you want a divorce?",Question,Question
No.,Answer,Disagreement
No.,Statement Non Opinion ,Disagreement
A vacation?,Question,Statement Non Opinion
No.,Answer,Disagreement
"A poodle, a backrub, a spa, a suicide pack?  What, Carla, what the hell do you want?",Question,Question
I just want- I just want things to turn out the way they are supposed to.,Answer,Statement Opinion
"Well, welcome to the human race.  Do you think this is what I had planned?  Do you think that when I proposed that I had this great fantasy going that four years down the road we would end up arguing on the beach over some fish?",Question,Statement Opinion
"Do you think that I thought there would be times when you would look at me like I was used Kleenex or I would look at you and think, good God, when's the next flight to Alaska?  No.  No, I'm just like you. I thought it would all be like peaches and roses, and sand in our toes, and wind in our hair, and the fish would always come.  And the bills would magically pay themselves.  And we'd have three fat rosy kids.  But, ha ha, baby, the jokes on us!",Question,Question
"Because you know what you get, Carla?  You know what you get?  This.",Statement Non Opinion ,Question
This?  What is this?  This isn't even anything.,Statement Non Opinion ,Question
"Yes, it is.",Disagreement,Agreement
"Sure, this is standing on the beach.  This is waiting.  This is fighting.",Statement Opinion,Statement Non Opinion
Right.,Agreement,Acknowledge
But this isn't at all what I wanted it to be.,Statement Opinion,Disagreement
"Now, I know.  Me either",Agreement,Acknowledge
"This is just this.  I mean, it's a lot and everything.  But it's not, you know, something else.  Am I making any sense?",Statement Opinion,Statement Opinion
I'm trying the best I can.,Statement Opinion,Statement Non Opinion
"I know that, Augie.  I do.  I know that. And and I know that this meant a lot to you and and it's special, you know, with the sand and the moon but.",Agreement,Acknowledge
But I just couldn't help thinking about being somewhere else.,Statement Opinion,Statement Opinion
"Maybe if you're with somebody else, too?",Statement Opinion,Statement Opinion
I didn't say that.,Disagreement,Disagreement
"No, I know.  But I know I don't make you happy.",Agreement,Disagreement
"For heavens sake, Augie, whatever I am doing, I'd rather it be with you.",Statement Opinion,Statement Opinion
Really?,Question,Backchannel
"Yes.  Don't you know that? I mean, You're probably the one you wishes you were with somebody else, somebody who didn't take everything so hard and who knew how to enjoy herself.",Answer,Disagreement
"Actually, now that you mention it, no.  I don't.",Disagreement,Disagreement
"Okay.  Well, we're in the wrong spot but we're with the right person.",Statement Opinion,Statement Opinion
"I don't know.  I think this is a pretty good spot.  I mean, look at the view of the moon from here.",Statement Opinion,Statement Opinion
"Yes, I did notice that.  It does look really beautiful over the water.  Big old white moon.",Statement Opinion,Acknowledge
"Oh, well look what we've got here.",Statement Non Opinion ,Statement Non Opinion
"Augie, you brought refreshments.",Statement Non Opinion ,Statement Non Opinion
"Well, it isn't champagne.",Statement Non Opinion ,Statement Non Opinion
"Well, then we don't need glasses.",Statement Non Opinion ,Agreement
Are you still cold?  Still want to go home?,Question,Question
"No.  I'm beginning to think you might be right. I think  this might be the spot after all.  Augie, I'm sorry.",Answer,Agreement
"Shh.  If we're really quiet, the fish might come.",Statement Opinion,Command
Or not.,Statement Opinion,Disagreement
Or not.,Agreement,Disagreement
Oh Good God.,Statement Non Opinion ,Statement Non Opinion
Do you think it's them?,Question,Question
I wonder.,Answer,Statement Opinion
"what, Nobody knows we are here except Freda and she wouldn't ring up.",Statement Non Opinion ,Question
Must be them then?,Statement Non Opinion ,Question
What do we do?,Question,Question
"We're all right, aren't we, darling, whatever happens?",Statement Non Opinion ,Question
"Now and always, my sweet.",Agreement,Statement Opinion
I don't care then.,Statement Non Opinion ,Disagreement
It was bound to happen sooner or later.,Statement Non Opinion ,Statement Opinion
Hello?  Hello?  What?  Wrong number.,Statement Non Opinion ,Statement Non Opinion
"Oh, it sent shivers up my spine.",Statement Non Opinion ,Statement Opinion
"Oh, what shall we do if they suddenly walk in on us.",Question,Question
Behave exquisitely.,Answer,Command
With the worst- with the most perfect poise?,Question,Statement Non Opinion
I shall probably do a Court Curtsey.,Answer,Statement Opinion
"Uhh, It's amazing how once you feel--",Statement Opinion,Statement Opinion
"things that ought to matter most dreadfully don't matter at all when one's happy, do they?",Question,Question
What's so horrible is that one can't stay happy.,Answer,Statement Opinion
"Uhh, You mustn't say that, my darling.",Statement Opinion,Command
"Well, it's true.  The whole business is a very poor joke.",Statement Opinion,Statement Opinion
"Being that sacred and wonderful thing, love.",Question,Statement Opinion
Meaning just that.,Answer,Answer
"Um What does it all mean?  That's what I ask myself in my endless quest for ultimate truth.  Dear God, what does it all mean?",Question,Question
Don't laugh at me.  I'm serious.,Command,Command
"You mustn't be serious, darling.  That's just what they want.",Statement Opinion,Command
Who's they?,Question,Question
"All the futile mortals who try to make life unbearable.  Laugh at them, Be flippant.  Laugh at everything, all their sacred shibboleths.",Answer,Command
uh- the- Being flippant brings out the acid in their damned beauty and light.,Statement Opinion,Statement Opinion
"If I laugh at everything, then I must laugh at us too.",Statement Opinion,Statement Opinion
Certainly you must.  We are figures of fun all right.,Agreement,Statement Opinion
"Oh, how long will it last, this ludicrous, overbearing love of ours?",Question,Statement Opinion
[garbage] who knows?,Answer,Question
"Well, will we always bicker and fight?",Question,Question
No.  That fire will fade along with our passion.,Answer,Disagreement
"Oh, dear.  Shall we like that?",Question,Question
"Well, it depends on how well we played.",Answer,Statement Opinion
"What if one of us dies, does the other one laugh then?",Question,Question
"Yes, yes, with all his might.",Answer,Agreement
"That's rather serious, isn't it?",Question,Statement Opinion
"No, no that is quit laughable.  The cutting little mystery all done with mirrors.",Answer,Disagreement
"Darling, I do believe you're talking nonsense.",Statement Opinion,Disagreement
"So is everyone else in the long run.  Let's be superficial and pity the poor philosophers.  Let's blow trumpets and squeakers and enjoy the party as long as we can, like little quiet idiotic school children.",Statement Opinion,Statement Opinion
"[garbage] Darling, kiss me before your body rots and worms start popping in and out of your eye sockets.",Statement Opinion,Command
"Elliott, worms don't pop.",Statement Non Opinion ,Statement Non Opinion
"I don't care what you do.  See, you could paint your body bright green and and run naked through the Place Vendome and run with every man in the world and I shan't say a word.  As long as I know that you love me best.",Statement Opinion,Disagreement
"Uhh, Thank you, darling.  And the same goes for you, except that if I ever see you so much as look at another woman, I'll kill you.",Statement Opinion,Statement Opinion
Do you remember that awful scene we had in Venice?,Question,Question
Which particular one?,Question,Question
The one where you bought that little painted wooden stake and you put it on my bed.,Answer,Statement Non Opinion
"Awe, Charles.  That was his name.  He did wriggle so beautifully.",Statement Non Opinion ,Statement Non Opinion
Horrible thing.  I hated it.,Statement Opinion,Statement Opinion
I know you did.  You threw it out the window into the Canal below.  I don't think I'll ever forgive you for that.,Agreement,Disagreement
How long did that roue last?,Question,Question
It went on intermittently for days.,Answer,Statement Non Opinion
"Oh, The worst one was in Cannes when your curling iron burnt a hole in my new dressing gown?",Statement Non Opinion ,Statement Opinion
"Oh, It burnt my comb and all the towels in the bathroom.",Statement Non Opinion ,Statement Non Opinion
"[LAUGHTER] That was quit a rouser, wasn't it?",Question,Statement Opinion
That was the first time you hit me.,Answer,Statement Non Opinion
"Oh, I didn't hit you very hard.",Statement Opinion,Apology
"And then the manager came in and saw us all rolling all over the floor, biting and scratching one another. [LAUGHTER]",Statement Non Opinion ,Statement Non Opinion
I should never forget his face. [LAUGHTER],Statement Non Opinion ,Statement Opinion
"How ridiculous, utterly ridiculous",Statement Opinion,Statement Opinion
We were very much younger then.,Statement Non Opinion ,Statement Non Opinion
Very much sillier.,Statement Opinion,Disagreement
"Come to think of it, the real cause of that roues was Peter Burden.",Statement Non Opinion ,Statement Opinion
You knew there was nothing in that.,Disagreement,Statement Opinion
Come to think of it the real cause of that roue was Peter Burden.,Statement Non Opinion ,Statement Opinion
Oh You knew there was nothing in that.,Disagreement,Statement Opinion
I knew nothing of the sort.  You accepted presents from him.,Statement Non Opinion ,Disagreement
Only a trivial little broach.,Statement Non Opinion ,Statement Non Opinion
"I remember it well, covered in diamonds and the worst possible taste.",Statement Non Opinion ,Statement Opinion
Not at all.  I quite like it.  I wear it often.,Disagreement,Agreement
You went out of your way to torture me over Peter Burden.,Statement Non Opinion ,Statement Opinion
"[garbage], No, I didn't.  You worked the whole thing up in your jealous imagination.",Disagreement,Disagreement
You must admit that he was in love with you. wasn't he?,Question,Command
"Oh, maybe a little.  Nothing serious.",Answer,Statement Opinion
He let him kiss you.  You said you did.,Statement Non Opinion ,Statement Non Opinion
"Well, what of it.",Question,Statement Non Opinion
what of it?,Backchannel,Question
Well it gave him a lot of pleasure and it didn't hurt me.,Statement Non Opinion ,Statement Opinion
What about me?,Question,Question
"Well, if you hadn't been so nosey and suspicious you never would have known about it.",Answer,Disagreement
"Well, that's a nice point of view I must say.",Statement Opinion,Statement Opinion
I'm getting very bored with this conversation.,Statement Opinion,Statement Opinion
"Me, too, bored stiff.",Agreement,Agreement
Do you want some brandy?,Question,Question
No thanks.,Answer,Acknowledge
I think I'll have a little.,Statement Non Opinion ,Statement Opinion
I don't see why you want it; you've already had two glasses.,Statement Non Opinion ,Disagreement
"No particular reason.  Besides, they were little ones.",Statement Non Opinion ,Statement Non Opinion
"Well, it seems silly to go on and on with such a thing.",Statement Opinion,Statement Opinion
You can hardly say- You can hardly call three little liquor glasses of brandy for the entire evening going on and on.,Statement Opinion,Disagreement
It's becoming a habit with you.,Statement Opinion,Statement Opinion
You needn't be so grand simply because you don't happen to want me at the moment.,Statement Opinion,Disagreement
Don't be stupid.,Statement Opinion,Command
"Amanda, really.",Disagreement,Disagreement
What?,Question,Question
"Nothing.  Are you going out somewhere, darling?",Question,Question
Just making myself fascinating for you.,Answer,Statement Non Opinion
"Um- Well, that reply has just broken my heart.",Statement Non Opinion ,Disagreement
"It's a woman's job to allure the man.  Watch me a moment, won't you?",Statement Opinion,Statement Opinion
"Oh, as a matter of fact, that's perfectly true.",Agreement,Agreement
"No, it isn't.",Disagreement,Disagreement
"Yes, it is.",Disagreement,Agreement
"No, it it is not, be quiet.",Command,Disagreement
It's a pity you didn't have a little bit more brandy.  It might have made you a little less disagreeable.,Statement Opinion,Statement Opinion
"hum, It doesn't seem to have worked such wonders with you.",Statement Opinion,Disagreement
"oh, Snap, snap, snap.  Like a little Adder.",Statement Opinion,Backchannel
"Adders don't snap, they sting.",Disagreement,Statement Non Opinion
"Nonsense, they've got a little bag of venom behind their fangs and they snap!",Disagreement,Disagreement
They sting.,Disagreement,Statement Non Opinion
They snap.,Disagreement,Statement Non Opinion
"Okay, I don't care if they roll about like hoops and bark, okay?",Statement Opinion,Statement Opinion
"So, did you see much of Peter Burden after the divorce?",Question,Question
"Yes, I did quite a lot.",Answer,Answer
"You must have let him kiss you quite a good deal more then, huh?",Statement Opinion,Question
[LAUGHTER] Mind your own business.,Command,Command
"I'm sure you had a riotous time, no restrain at all, very enjoyable.  You never had much anyway.",Statement Opinion,Statement Opinion
You're quite insufferable.  I do imagine it's because you're drunk.,Statement Opinion,Disagreement
I am not the slightest bit drunk.,Disagreement,Disagreement
You always had a weak head.,Statement Opinion,Statement Opinion
I do believe that I have said already that I had three minuet liquor glasses of brandy in the entire evening.  A child of two couldn't get drunk of that.,Statement Opinion,Statement Opinion
"Oh, no on the contrary, a child of two could get violently drunk on only one glass.",Statement Opinion,Disagreement
"Oh, really?  How about a child of three, or child of six, what about a child of nine?",Question,Question
Not- Would you shut up.,Answer,Command
"You know, we could get a really good debate going on about this.  You know intemperate tots.",Statement Opinion,Statement Opinion
"You're not very funny, dear.  You better have some more brandy.",Statement Opinion,Disagreement
You know what?  That's a very good idea.  I think I will.,Agreement,Agreement
"You better turn that off, I think.",Statement Opinion,Command
Why?,Question,Question
Because it's very late and you'll disturb the people upstairs.,Answer,Statement Non Opinion
There aren't any people upstairs.  It's a photography studio.,Statement Non Opinion ,Statement Non Opinion
"Well, there are people downstairs, I suppose.",Question,Statement Opinion
They're away in Tunis.,Answer,Statement Non Opinion
This is no time of the year for Tunis.,Statement Opinion,Statement Opinion
"Turn it on again, please.",Command,Command
I do I shall do no such thing.,Disagreement,Disagreement
Very well.  If you have to be boorish and idiotic.,Disagreement,Disagreement
Turn it off.  It's driving me mad.,Command,Command
You are far too temperamental.  Try to control yourself.,Statement Opinion,Command
Turn it off!,Command,Command
Go away!  Go away!  I- I hate you.,Statement Opinion,Command
Very amusing indeed.,Disagreement,Acknowledge
"You know what, I'm sick and tire of listening to you.  You're a-- You're a total sadistic bully.",Statement Opinion,Disagreement
Ja! Very funny.,Statement Opinion,Disagreement
"Stop.  Would you just go away?  I mean, you're conceited, and overbearing, and utterly impossible.",Statement Opinion,Disagreement
"You are a vile tempered, wicked living, evil little beast.  And I hope I never set eyes on you ever again.",Statement Opinion,Disagreement
This is the end! Do you understand me? This is the end.,Statement Non Opinion ,Command
"Oh, you're not going like this.",Disagreement,Disagreement
"Yes, I am. Let go with me",Disagreement,Agreement
"[GARBAGE] No, you're not.",Disagreement,Disagreement
"You are a cruel fiend and I-I loath you.  I thank God I realized who you are before I decided to marry you again.  Oh my God, never!",Statement Opinion,Disagreement
oh! Marry you again? I wouldn't marry you again if you came crawling to me on bended knee.,Statement Non Opinion ,Disagreement
Beast,Statement Opinion,Command
You're a wicked little vampire.  And I pray to God I never set eyes on you again as long as I live.,Statement Opinion,Statement Opinion
Brute,Statement Opinion,Statement Non Opinion
pig,Statement Opinion,Others
